geoid,year,sf,du,mf34,mf5p,units_total
1700113,2000,1,0,0,0,1
1700113,2001,2,0,0,0,2
1700113,2002,2,0,0,0,2
1700113,2003,0,0,0,0,0
1700113,2004,0,0,0,0,0
1700113,2005,0,0,0,0,0
1700113,2006,0,0,0,0,0
1700113,2007,2,0,0,0,2
1700113,2008,0,0,0,0,0
1700113,2009,0,0,0,0,0
1700113,2010,1,0,0,0,1
1700113,2011,1,0,0,0,1
1700113,2012,0,0,0,0,0
1700113,2013,0,0,0,0,0
1700113,2014,0,0,0,0,0
1700113,2015,0,0,0,0,0
1700113,2016,0,0,0,0,0
1700113,2017,0,0,0,0,0
1700113,2018,0,0,0,0,0
1700113,2019,0,0,0,0,0
1700113,2020,0,0,0,0,0
1700113,2021,0,0,0,0,0
1700113,2022,0,0,0,0,0
1700113,2023,0,0,0,0,0
1700113,2024,0,0,0,0,0
1700113,2025,0,0,0,0,0
1700243,2000,59,0,0,16,75
1700243,2001,66,0,0,36,102
1700243,2002,119,0,0,136,255
1700243,2003,35,0,0,70,105
1700243,2004,32,0,0,20,52
1700243,2005,81,0,0,48,129
1700243,2006,27,0,0,52,79
1700243,2007,29,0,0,5,34
1700243,2008,10,0,0,0,10
1700243,2009,17,0,0,0,17
1700243,2010,1,0,0,0,1
1700243,2011,0,0,0,0,0
1700243,2012,1,0,0,0,1
1700243,2013,3,0,0,0,3
1700243,2014,6,0,0,0,6
1700243,2015,4,0,0,0,4
1700243,2016,3,0,0,0,3
1700243,2017,16,0,0,0,16
1700243,2018,30,0,0,0,30
1700243,2019,28,0,0,0,28
1700243,2020,24,0,3,0,27
1700243,2021,35,0,0,0,35
1700243,2022,41,0,0,5,46
1700243,2023,19,0,4,6,29
1700243,2024,14,0,0,80,94
1700243,2025,4,0,4,12,20
1700516,2000,3,0,0,0,3
1700516,2001,9,0,0,0,9
1700516,2002,0,0,0,0,0
1700516,2003,3,0,0,0,3
1700516,2004,5,0,0,0,5
1700516,2005,5,0,0,0,5
1700516,2006,5,0,0,0,5
1700516,2007,1,2,0,0,3
1700516,2008,2,0,0,0,2
1700516,2009,2,0,0,0,2
1700516,2010,1,0,0,0,1
1700516,2011,0,0,0,0,0
1700516,2012,2,0,0,0,2
1700516,2013,4,0,0,0,4
1700516,2014,2,0,0,0,2
1700516,2015,1,0,0,0,1
1700516,2016,0,0,0,0,0
1700516,2017,2,0,0,0,2
1700516,2018,0,0,0,0,0
1700516,2019,1,0,0,0,1
1700516,2020,0,0,0,0,0
1700516,2021,1,0,0,0,1
1700516,2022,1,0,0,0,1
1700516,2023,0,0,0,0,0
1700516,2024,0,0,0,0,0
1700516,2025,0,0,0,0,0
1700555,2000,13,0,0,0,13
1700555,2001,15,0,0,0,15
1700555,2002,8,0,0,0,8
1700555,2003,9,0,0,0,9
1700555,2004,15,0,0,0,15
1700555,2005,22,0,0,0,22
1700555,2006,13,0,0,0,13
1700555,2007,7,0,0,0,7
1700555,2008,5,0,0,0,5
1700555,2009,3,0,0,0,3
1700555,2010,1,0,0,0,1
1700555,2011,0,0,0,0,0
1700555,2012,1,0,0,0,1
1700555,2013,3,0,0,0,3
1700555,2014,1,0,0,0,1
1700555,2015,0,0,0,0,0
1700555,2016,1,0,0,0,1
1700555,2017,0,0,0,0,0
1700555,2018,0,0,0,0,0
1700555,2019,0,0,0,0,0
1700555,2020,0,0,0,0,0
1700555,2021,1,0,0,0,1
1700555,2022,1,0,0,0,1
1700555,2023,1,0,0,0,1
1700555,2024,0,0,0,0,0
1700555,2025,0,0,0,0,0
1700646,2000,0,2,0,0,2
1700646,2001,1,0,0,0,1
1700646,2002,5,0,0,0,5
1700646,2003,5,0,0,0,5
1700646,2004,5,0,0,0,5
1700646,2005,7,0,0,66,73
1700646,2006,5,0,0,0,5
1700646,2007,2,0,0,0,2
1700646,2008,1,0,0,0,1
1700646,2009,0,0,0,0,0
1700646,2010,1,0,0,0,1
1700646,2011,0,0,0,0,0
1700646,2012,41,0,0,0,41
1700646,2013,0,0,0,0,0
1700646,2014,0,0,0,0,0
1700646,2015,1,0,0,0,1
1700646,2016,0,0,0,0,0
1700646,2017,0,0,0,0,0
1700646,2018,0,0,0,0,0
1700646,2019,0,0,0,0,0
1700646,2020,0,0,0,0,0
1700646,2021,0,0,0,0,0
1700646,2022,0,0,0,0,0
1700646,2023,2,0,0,0,2
1700646,2024,1,0,0,0,1
1700646,2025,3,0,0,0,3
1700672,2000,1,0,0,0,1
1700672,2001,2,0,0,0,2
1700672,2002,1,0,0,0,1
1700672,2003,3,0,0,0,3
1700672,2004,1,0,0,0,1
1700672,2005,0,0,0,0,0
1700672,2006,0,0,0,0,0
1700672,2007,0,0,0,0,0
1700672,2008,0,0,0,0,0
1700672,2009,0,0,0,0,0
1700672,2010,0,0,0,0,0
1700672,2011,0,0,0,0,0
1700672,2012,0,0,0,0,0
1700672,2013,0,0,0,0,0
1700672,2014,0,0,0,0,0
1700672,2015,0,0,0,0,0
1700672,2016,1,0,0,0,1
1700672,2017,0,0,0,0,0
1700672,2018,0,0,0,0,0
1700672,2019,0,0,0,0,0
1700672,2020,0,0,0,0,0
1700672,2021,0,0,0,0,0
1700672,2022,0,0,0,0,0
1700672,2023,0,0,0,0,0
1700672,2024,0,0,0,0,0
1700672,2025,0,0,0,0,0
1700685,2000,387,4,7,0,398
1700685,2001,594,0,0,0,594
1700685,2002,455,0,0,0,455
1700685,2003,220,0,0,0,220
1700685,2004,279,0,8,0,287
1700685,2005,246,0,48,0,294
1700685,2006,119,0,8,0,127
1700685,2007,33,0,0,0,33
1700685,2008,18,0,0,0,18
1700685,2009,4,0,0,0,4
1700685,2010,2,0,0,0,2
1700685,2011,0,0,0,0,0
1700685,2012,0,0,0,220,220
1700685,2013,4,0,0,0,4
1700685,2014,18,0,0,63,81
1700685,2015,24,0,0,186,210
1700685,2016,27,0,0,0,27
1700685,2017,33,0,0,0,33
1700685,2018,86,0,0,0,86
1700685,2019,49,0,0,0,49
1700685,2020,29,0,0,90,119
1700685,2021,105,0,0,0,105
1700685,2022,112,0,0,0,112
1700685,2023,137,0,0,0,137
1700685,2024,178,0,0,0,178
1700685,2025,164,0,0,0,164
1700737,2000,4,0,0,0,4
1700737,2001,0,0,0,0,0
1700737,2002,2,0,0,0,2
1700737,2003,1,0,0,0,1
1700737,2004,1,0,0,0,1
1700737,2005,1,0,0,0,1
1700737,2006,2,0,0,0,2
1700737,2007,0,0,0,0,0
1700737,2008,1,0,0,0,1
1700737,2009,1,0,0,0,1
1700737,2010,1,0,0,0,1
1700737,2011,0,0,0,0,0
1700737,2012,1,0,0,0,1
1700737,2013,0,0,0,0,0
1700737,2014,0,0,0,0,0
1700737,2015,0,0,0,0,0
1700737,2016,0,0,0,0,0
1700737,2017,0,0,0,0,0
1700737,2018,0,0,0,0,0
1700737,2019,0,0,0,0,0
1700737,2020,0,0,0,0,0
1700737,2021,0,0,0,0,0
1700737,2022,0,0,0,0,0
1700737,2023,0,0,0,0,0
1700737,2024,3,0,0,0,3
1700737,2025,0,0,0,0,0
1700815,2000,0,0,0,0,0
1700815,2001,1,0,0,0,1
1700815,2002,0,0,0,0,0
1700815,2003,1,0,0,0,1
1700815,2004,0,0,0,0,0
1700815,2005,0,0,0,0,0
1700815,2006,0,0,0,0,0
1700815,2007,0,0,0,0,0
1700815,2008,0,0,0,0,0
1700815,2009,0,0,0,0,0
1700815,2010,1,0,0,0,1
1700815,2011,1,0,0,0,1
1700815,2012,0,0,0,0,0
1700815,2013,1,0,0,0,1
1700815,2014,0,0,0,0,0
1700815,2015,0,0,0,0,0
1700815,2016,0,0,0,0,0
1700815,2017,0,0,0,0,0
1700815,2018,6,0,0,0,6
1700815,2019,3,0,0,0,3
1700815,2020,0,0,0,0,0
1700815,2021,0,0,0,0,0
1700815,2022,0,0,0,0,0
1700815,2023,0,0,0,0,0
1700815,2024,0,0,0,0,0
1700815,2025,0,0,0,0,0
1700867,2000,0,0,0,0,0
1700867,2001,0,0,0,0,0
1700867,2002,0,0,0,0,0
1700867,2003,0,0,0,0,0
1700867,2004,0,0,0,0,0
1700867,2005,0,0,0,0,0
1700867,2006,0,0,0,0,0
1700867,2007,0,0,0,0,0
1700867,2008,0,0,0,0,0
1700867,2009,0,0,0,0,0
1700867,2010,0,0,0,0,0
1700867,2011,0,0,0,0,0
1700867,2012,0,0,0,0,0
1700867,2013,0,0,0,0,0
1700867,2014,0,0,0,0,0
1700867,2015,0,0,0,0,0
1700867,2016,0,0,0,0,0
1700867,2017,0,0,0,0,0
1700867,2018,0,0,0,0,0
1700867,2019,0,0,0,0,0
1700867,2020,0,0,0,0,0
1700867,2021,0,0,0,0,0
1700867,2022,0,0,0,0,0
1700867,2023,0,0,0,0,0
1700867,2024,0,0,0,0,0
1700867,2025,0,0,0,0,0
1700880,2000,0,0,0,0,0
1700880,2001,0,0,0,0,0
1700880,2002,0,0,0,0,0
1700880,2003,1,0,0,0,1
1700880,2004,0,0,0,0,0
1700880,2005,0,0,0,0,0
1700880,2006,0,0,0,0,0
1700880,2007,0,0,0,0,0
1700880,2008,0,0,0,0,0
1700880,2009,0,0,0,0,0
1700880,2010,0,0,0,0,0
1700880,2011,0,0,0,0,0
1700880,2012,0,0,0,0,0
1700880,2013,1,0,0,0,1
1700880,2014,0,0,0,0,0
1700880,2015,0,0,0,0,0
1700880,2016,0,0,0,0,0
1700880,2017,0,0,0,0,0
1700880,2018,0,0,0,0,0
1700880,2019,0,0,0,0,0
1700880,2020,0,0,0,0,0
1700880,2021,0,0,0,0,0
1700880,2022,0,0,0,0,0
1700880,2023,0,0,0,0,0
1700880,2024,0,0,0,0,0
1700880,2025,0,0,0,0,0
1700919,2024,0,0,0,0,0
1700919,2025,0,0,0,0,0
1700971,2000,1,0,0,0,1
1700971,2001,0,0,0,0,0
1700971,2002,1,0,0,0,1
1700971,2003,0,0,0,0,0
1700971,2004,0,0,0,0,0
1700971,2005,1,0,0,0,1
1700971,2006,1,0,0,0,1
1700971,2007,0,0,0,0,0
1700971,2008,0,0,0,0,0
1700971,2009,0,0,0,0,0
1700971,2010,0,0,0,0,0
1700971,2011,0,0,0,0,0
1700971,2012,0,0,0,0,0
1700971,2013,0,0,0,0,0
1700971,2014,0,0,0,0,0
1700971,2015,0,0,0,0,0
1700971,2016,0,0,0,0,0
1700971,2017,0,0,0,0,0
1700971,2018,0,0,0,0,0
1700971,2019,0,0,0,0,0
1700971,2020,0,0,0,0,0
1700971,2021,0,0,0,0,0
1700971,2022,0,0,0,0,0
1700971,2023,0,0,0,0,0
1700971,2024,0,0,0,0,0
1700971,2025,0,0,0,0,0
1701010,2000,0,2,0,0,2
1701010,2001,2,0,0,20,22
1701010,2002,13,0,0,20,33
1701010,2003,13,0,0,6,19
1701010,2004,18,0,0,0,18
1701010,2005,15,0,16,0,31
1701010,2006,14,0,0,0,14
1701010,2007,8,2,0,0,10
1701010,2008,0,0,0,0,0
1701010,2009,0,0,0,0,0
1701010,2010,2,0,0,0,2
1701010,2011,6,0,0,0,6
1701010,2012,1,0,0,0,1
1701010,2013,0,0,0,0,0
1701010,2014,1,0,0,0,1
1701010,2015,0,0,0,0,0
1701010,2016,0,0,0,0,0
1701010,2017,0,0,0,0,0
1701010,2018,0,0,0,0,0
1701010,2019,0,0,0,0,0
1701010,2020,0,0,0,0,0
1701010,2021,0,0,0,0,0
1701010,2022,6,0,0,0,6
1701010,2023,9,0,0,0,9
1701010,2024,5,0,0,0,5
1701010,2025,7,0,0,0,7
1701049,2000,9,0,0,0,9
1701049,2001,3,0,0,0,3
1701049,2002,3,0,0,0,3
1701049,2003,5,0,0,0,5
1701049,2004,4,0,0,0,4
1701049,2005,6,0,0,0,6
1701049,2006,8,0,0,0,8
1701049,2007,6,0,0,0,6
1701049,2008,0,0,0,0,0
1701049,2009,7,0,0,0,7
1701049,2010,5,0,0,0,5
1701049,2011,2,0,0,0,2
1701049,2012,0,0,0,0,0
1701049,2013,1,0,0,0,1
1701049,2014,3,0,0,0,3
1701049,2015,0,0,0,0,0
1701049,2016,2,0,0,0,2
1701049,2017,1,0,0,0,1
1701049,2018,1,0,0,30,31
1701049,2019,0,0,0,0,0
1701049,2020,0,0,0,0,0
1701049,2021,2,0,0,0,2
1701049,2022,3,0,0,0,3
1701049,2023,2,0,0,0,2
1701049,2024,1,0,0,0,1
1701049,2025,2,0,0,0,2
1701114,2000,12,2,0,60,74
1701114,2001,10,0,0,16,26
1701114,2002,7,0,0,42,49
1701114,2003,5,0,0,38,43
1701114,2004,23,0,0,16,39
1701114,2005,48,0,0,20,68
1701114,2006,11,0,0,92,103
1701114,2007,16,0,0,28,44
1701114,2008,4,0,0,0,4
1701114,2009,1,0,0,0,1
1701114,2010,4,0,0,0,4
1701114,2011,0,0,0,0,0
1701114,2012,37,0,0,0,37
1701114,2013,1,0,0,12,13
1701114,2014,1,0,0,0,1
1701114,2015,6,0,0,0,6
1701114,2016,2,0,0,0,2
1701114,2017,0,0,0,0,0
1701114,2018,1,0,0,0,1
1701114,2019,1,0,0,0,1
1701114,2020,0,0,0,0,0
1701114,2021,0,0,0,0,0
1701114,2022,0,0,0,0,0
1701114,2023,0,0,0,0,0
1701114,2024,0,0,40,0,40
1701114,2025,1,0,0,0,1
1701270,2000,5,0,0,0,5
1701270,2001,8,0,0,0,8
1701270,2002,4,0,0,0,4
1701270,2003,3,0,0,0,3
1701270,2004,4,0,0,0,4
1701270,2005,7,0,0,0,7
1701270,2006,1,0,4,0,5
1701270,2007,8,0,0,0,8
1701270,2008,2,0,0,0,2
1701270,2009,0,0,0,0,0
1701270,2010,1,0,0,0,1
1701270,2011,1,0,0,0,1
1701270,2012,0,0,0,0,0
1701270,2013,0,0,0,0,0
1701270,2014,0,0,0,0,0
1701270,2015,0,0,0,0,0
1701270,2016,0,0,0,0,0
1701270,2017,0,0,0,0,0
1701270,2018,0,0,0,0,0
1701270,2019,0,0,0,0,0
1701270,2020,1,0,0,0,1
1701270,2021,0,0,0,0,0
1701270,2022,0,0,0,0,0
1701270,2023,0,0,0,0,0
1701270,2024,0,0,0,0,0
1701270,2025,0,0,0,0,0
1701361,2000,1,0,0,0,1
1701361,2001,0,0,0,0,0
1701361,2002,0,0,0,0,0
1701361,2003,0,0,0,0,0
1701361,2004,1,0,0,0,1
1701361,2005,0,0,0,0,0
1701361,2006,0,0,0,0,0
1701361,2007,0,0,0,0,0
1701361,2008,0,0,0,0,0
1701361,2009,0,0,0,0,0
1701361,2010,0,0,0,0,0
1701361,2011,0,0,0,0,0
1701361,2012,0,0,0,0,0
1701361,2013,0,0,0,0,0
1701361,2014,0,0,0,0,0
1701361,2015,0,0,0,0,0
1701361,2016,0,0,0,0,0
1701361,2017,0,0,0,0,0
1701361,2018,0,0,0,0,0
1701361,2019,0,0,0,0,0
1701361,2020,0,0,0,0,0
1701361,2021,0,0,0,0,0
1701361,2022,0,0,0,0,0
1701361,2023,0,0,0,0,0
1701361,2024,0,0,0,0,0
1701361,2025,0,0,0,0,0
1701426,2000,2,0,0,0,2
1701426,2001,3,0,0,0,3
1701426,2002,3,0,0,0,3
1701426,2003,4,0,0,0,4
1701426,2004,4,0,0,0,4
1701426,2005,4,0,0,0,4
1701426,2006,8,0,0,0,8
1701426,2007,5,0,0,0,5
1701426,2008,3,0,0,0,3
1701426,2009,5,0,0,0,5
1701426,2010,5,0,0,0,5
1701426,2011,5,0,0,0,5
1701426,2012,0,0,0,0,0
1701426,2013,0,0,0,0,0
1701491,2000,1,0,0,0,1
1701491,2001,1,0,0,0,1
1701491,2002,0,0,0,0,0
1701491,2003,0,0,0,0,0
1701491,2004,0,0,0,0,0
1701491,2005,0,0,0,0,0
1701491,2006,0,0,0,0,0
1701491,2007,0,0,0,0,0
1701491,2008,0,0,0,0,0
1701491,2009,0,0,0,0,0
1701491,2010,1,0,0,0,1
1701491,2011,1,0,0,0,1
1701491,2012,1,0,0,0,1
1701491,2013,1,0,0,0,1
1701491,2014,1,0,0,0,1
1701491,2015,1,0,0,0,1
1701491,2016,1,0,0,0,1
1701491,2017,1,0,0,0,1
1701491,2018,1,0,0,0,1
1701491,2019,0,0,0,0,0
1701491,2020,0,0,0,0,0
1701491,2021,0,0,0,0,0
1701491,2022,0,0,0,0,0
1701491,2023,0,0,0,0,0
1701491,2024,0,0,0,0,0
1701491,2025,0,0,0,0,0
1701543,2000,13,0,0,0,13
1701543,2001,19,0,0,0,19
1701543,2002,11,0,0,0,11
1701543,2003,7,0,0,0,7
1701543,2004,5,2,0,0,7
1701543,2005,3,0,0,0,3
1701543,2006,0,0,0,0,0
1701543,2007,0,0,0,0,0
1701543,2008,0,0,0,0,0
1701543,2009,0,0,0,0,0
1701543,2010,4,0,0,0,4
1701543,2011,1,0,0,0,1
1701543,2012,2,0,0,0,2
1701543,2013,1,0,0,0,1
1701543,2014,2,4,0,0,6
1701543,2015,0,0,0,0,0
1701543,2016,3,0,0,0,3
1701543,2017,2,0,0,0,2
1701543,2018,1,0,0,0,1
1701543,2019,0,0,0,0,0
1701543,2020,0,0,0,0,0
1701543,2021,0,0,0,0,0
1701543,2022,2,0,0,0,2
1701543,2023,3,0,0,0,3
1701543,2024,0,0,0,0,0
1701543,2025,0,0,0,0,0
1701569,2000,3,0,0,0,3
1701569,2001,6,0,0,0,6
1701569,2002,15,0,0,0,15
1701569,2003,8,0,0,0,8
1701569,2004,5,0,0,0,5
1701569,2005,6,0,0,0,6
1701569,2006,0,0,0,0,0
1701569,2007,0,0,0,0,0
1701569,2008,0,0,0,0,0
1701569,2009,2,0,0,0,2
1701569,2010,1,0,0,0,1
1701569,2011,0,0,0,0,0
1701569,2012,0,0,0,0,0
1701569,2013,1,0,0,0,1
1701569,2014,1,0,0,0,1
1701569,2015,1,0,0,0,1
1701569,2016,0,0,0,0,0
1701569,2017,0,0,0,0,0
1701569,2018,0,0,0,0,0
1701569,2019,1,0,0,0,1
1701569,2020,0,0,0,0,0
1701569,2021,0,0,0,0,0
1701569,2022,0,0,0,0,0
1701569,2023,0,0,0,0,0
1701569,2024,0,0,0,0,0
1701569,2025,0,0,0,0,0
1701595,2000,129,2,0,38,169
1701595,2001,180,0,0,0,180
1701595,2002,239,0,0,13,252
1701595,2003,270,0,4,0,274
1701595,2004,438,0,4,0,442
1701595,2005,437,2,6,0,445
1701595,2006,133,0,0,0,133
1701595,2007,90,0,0,0,90
1701595,2008,1,0,0,0,1
1701595,2009,0,0,0,0,0
1701595,2010,1,0,0,0,1
1701595,2011,0,0,0,0,0
1701595,2012,1,0,0,0,1
1701595,2013,0,0,0,0,0
1701595,2014,0,0,0,0,0
1701595,2015,2,0,0,0,2
1701595,2016,3,0,0,0,3
1701595,2017,55,0,0,0,55
1701595,2018,21,0,0,0,21
1701595,2019,35,0,0,0,35
1701595,2020,41,24,40,0,105
1701595,2021,24,0,0,0,24
1701595,2022,45,0,0,0,45
1701595,2023,40,0,0,0,40
1701595,2024,2,0,0,0,2
1701595,2025,4,0,0,0,4
1701881,2000,4,0,0,0,4
1701881,2001,6,0,0,0,6
1701881,2002,4,0,0,20,24
1701881,2003,8,0,0,0,8
1701881,2004,5,0,0,0,5
1701881,2005,2,2,4,0,8
1701881,2006,3,0,0,0,3
1701881,2007,3,2,0,0,5
1701881,2008,2,0,4,0,6
1701881,2009,1,0,0,0,1
1701881,2010,2,0,0,0,2
1701881,2011,1,0,0,0,1
1701881,2012,3,0,0,0,3
1701881,2013,1,0,0,0,1
1701881,2014,3,0,0,0,3
1701881,2015,7,0,0,0,7
1701881,2016,2,0,0,0,2
1701881,2017,2,0,0,0,2
1701881,2018,2,0,0,0,2
1701881,2019,2,0,0,0,2
1701881,2020,2,0,0,0,2
1701881,2021,2,0,0,0,2
1701881,2022,0,0,0,0,0
1701881,2023,4,0,0,0,4
1701881,2024,7,0,0,0,7
1701881,2025,7,0,0,0,7
1701972,2000,0,0,0,0,0
1701972,2001,0,0,0,0,0
1701972,2002,1,0,0,0,1
1701972,2003,1,0,0,0,1
1701972,2004,1,0,0,0,1
1701972,2005,2,0,0,0,2
1701972,2006,2,0,0,0,2
1701972,2007,2,0,0,0,2
1701972,2008,0,0,0,0,0
1701972,2009,3,0,0,0,3
1701972,2010,1,0,0,0,1
1701972,2011,0,0,0,0,0
1701972,2012,1,0,0,0,1
1701972,2013,0,0,0,0,0
1701972,2014,0,0,0,0,0
1701972,2015,0,2,0,0,2
1701972,2016,0,0,0,0,0
1701972,2017,0,0,0,0,0
1701972,2018,0,0,0,0,0
1701972,2019,0,0,0,0,0
1701972,2020,0,0,0,0,0
1701972,2021,0,0,0,0,0
1701972,2022,0,0,0,0,0
1701972,2023,0,0,0,0,0
1701972,2024,1,0,0,0,1
1701972,2025,0,0,0,0,0
1702154,2000,56,0,7,251,314
1702154,2001,33,2,4,0,39
1702154,2002,39,0,0,48,87
1702154,2003,78,10,0,0,88
1702154,2004,115,2,0,0,117
1702154,2005,83,0,0,64,147
1702154,2006,64,0,4,34,102
1702154,2007,109,0,0,0,109
1702154,2008,42,0,0,55,97
1702154,2009,18,2,0,0,20
1702154,2010,13,0,0,0,13
1702154,2011,74,0,8,0,82
1702154,2012,36,0,0,0,36
1702154,2013,55,0,0,0,55
1702154,2014,96,0,4,0,100
1702154,2015,140,0,8,0,148
1702154,2016,127,0,28,0,155
1702154,2017,172,0,8,5,185
1702154,2018,62,0,4,23,89
1702154,2019,37,0,8,15,60
1702154,2020,42,0,0,0,42
1702154,2021,29,0,0,76,105
1702154,2022,23,0,0,0,23
1702154,2023,30,0,0,0,30
1702154,2024,20,0,0,301,321
1702154,2025,18,0,0,25,43
1702206,2000,1,0,0,0,1
1702206,2001,0,0,0,0,0
1702206,2002,0,0,0,0,0
1702206,2003,0,0,0,0,0
1702206,2004,0,0,0,0,0
1702206,2005,0,0,0,0,0
1702206,2006,0,0,0,0,0
1702206,2007,0,0,0,0,0
1702206,2008,0,0,0,0,0
1702206,2009,0,0,0,0,0
1702206,2010,0,0,0,0,0
1702206,2011,0,0,0,0,0
1702206,2012,0,0,0,0,0
1702206,2013,0,0,0,0,0
1702206,2014,0,0,0,0,0
1702206,2015,0,0,0,0,0
1702206,2016,0,0,0,0,0
1702206,2017,0,0,0,0,0
1702206,2018,0,0,0,0,0
1702206,2019,0,0,0,0,0
1702206,2020,0,0,0,0,0
1702206,2021,0,0,0,0,0
1702206,2022,0,0,0,0,0
1702206,2023,0,0,0,0,0
1702206,2024,0,0,0,0,0
1702206,2025,0,0,0,0,0
1702258,2000,1,0,0,0,1
1702258,2001,1,0,0,0,1
1702258,2002,1,0,0,0,1
1702258,2003,1,0,0,0,1
1702258,2004,1,0,0,0,1
1702258,2005,5,0,0,0,5
1702258,2006,1,4,0,0,5
1702258,2007,1,2,0,0,3
1702258,2008,0,0,0,0,0
1702258,2009,0,0,0,0,0
1702258,2010,0,0,0,0,0
1702258,2011,0,0,0,0,0
1702258,2012,0,0,0,0,0
1702258,2013,0,0,0,0,0
1702258,2014,0,0,0,0,0
1702258,2015,0,0,0,0,0
1702258,2016,0,0,0,0,0
1702258,2017,0,0,0,0,0
1702258,2018,0,0,0,0,0
1702258,2019,0,0,0,0,0
1702258,2020,0,0,0,0,0
1702258,2021,0,0,0,0,0
1702258,2022,0,0,0,0,0
1702258,2023,2,0,0,0,2
1702258,2024,6,0,0,0,6
1702258,2025,0,0,0,0,0
1702342,2000,1,0,0,0,1
1702342,2001,0,0,0,0,0
1702342,2002,0,0,0,0,0
1702342,2003,0,0,0,0,0
1702342,2004,0,0,0,0,0
1702342,2005,0,0,0,0,0
1702342,2006,0,0,0,0,0
1702342,2007,0,0,0,0,0
1702342,2008,0,0,0,0,0
1702342,2009,0,0,0,0,0
1702342,2010,0,0,0,0,0
1702342,2011,0,0,0,0,0
1702342,2012,0,0,0,0,0
1702342,2013,0,0,0,0,0
1702342,2014,0,0,0,0,0
1702342,2015,0,0,0,0,0
1702342,2016,0,0,0,0,0
1702342,2017,0,0,0,0,0
1702342,2018,0,0,0,0,0
1702342,2019,0,0,0,0,0
1702342,2020,0,0,0,0,0
1702342,2021,0,0,0,0,0
1702342,2022,0,0,0,0,0
1702342,2023,0,0,0,0,0
1702342,2024,0,0,0,0,0
1702342,2025,0,0,0,0,0
1702414,2000,3,0,0,0,3
1702414,2001,3,0,0,0,3
1702414,2002,3,0,0,0,3
1702414,2003,6,0,0,0,6
1702414,2004,10,0,0,0,10
1702414,2005,3,0,0,0,3
1702414,2006,4,0,0,0,4
1702414,2007,4,0,0,0,4
1702414,2008,5,0,0,0,5
1702414,2009,2,0,0,0,2
1702414,2010,2,2,0,0,4
1702414,2011,3,0,0,0,3
1702414,2012,3,0,0,0,3
1702414,2013,2,0,0,0,2
1702414,2014,5,2,0,0,7
1702414,2015,3,2,0,0,5
1702414,2016,1,0,0,0,1
1702414,2017,2,0,0,0,2
1702414,2018,1,0,0,0,1
1702414,2019,0,2,0,0,2
1702414,2020,3,0,0,0,3
1702414,2021,3,0,0,0,3
1702414,2022,0,14,18,0,32
1702414,2023,1,2,4,0,7
1702414,2024,5,0,0,0,5
1702414,2025,2,0,0,0,2
1702479,2000,3,0,0,0,3
1702479,2001,1,0,0,0,1
1702479,2002,0,0,0,0,0
1702479,2003,1,0,0,0,1
1702479,2004,1,0,0,0,1
1702479,2005,1,0,0,0,1
1702479,2006,0,0,0,0,0
1702479,2007,1,0,0,0,1
1702479,2008,2,0,0,0,2
1702479,2009,1,0,0,0,1
1702479,2010,0,0,4,0,4
1702479,2011,0,0,0,0,0
1702479,2012,0,0,0,0,0
1702479,2013,2,0,0,0,2
1702479,2014,0,0,0,0,0
1702479,2015,0,0,0,0,0
1702479,2016,0,0,0,0,0
1702479,2017,0,0,0,0,0
1702479,2018,0,0,0,0,0
1702479,2019,1,0,0,0,1
1702479,2020,1,0,0,0,1
1702479,2021,0,0,0,0,0
1702479,2022,0,0,0,0,0
1702479,2023,0,0,0,0,0
1702479,2024,0,0,0,0,0
1702479,2025,0,0,0,0,0
1702505,2000,0,0,0,0,0
1702505,2001,2,0,0,0,2
1702505,2002,4,0,0,0,4
1702505,2003,6,0,0,0,6
1702505,2004,2,0,0,0,2
1702505,2005,0,0,0,0,0
1702505,2006,0,0,0,0,0
1702505,2007,0,0,0,0,0
1702505,2008,0,0,0,0,0
1702505,2009,2,0,0,0,2
1702505,2010,0,0,0,0,0
1702505,2011,0,0,0,0,0
1702505,2012,3,0,0,0,3
1702505,2013,0,0,0,0,0
1702505,2014,0,0,0,0,0
1702505,2015,0,0,0,0,0
1702505,2016,0,0,0,0,0
1702505,2017,1,0,0,0,1
1702505,2018,0,0,0,0,0
1702505,2019,0,0,0,0,0
1702505,2020,0,0,0,0,0
1702505,2021,0,0,0,0,0
1702505,2022,0,0,0,0,0
1702505,2023,0,0,0,0,0
1702505,2024,0,0,0,0,0
1702505,2025,0,0,0,0,0
1702531,2000,0,0,0,0,0
1702531,2001,0,0,0,0,0
1702531,2002,3,0,0,0,3
1702531,2003,0,0,0,0,0
1702531,2004,0,0,0,0,0
1702531,2005,0,0,0,0,0
1702531,2006,2,0,0,0,2
1702531,2007,1,0,0,0,1
1702531,2008,0,0,0,0,0
1702531,2009,1,0,0,0,1
1702531,2010,0,0,0,0,0
1702531,2011,0,0,0,0,0
1702531,2012,0,0,0,0,0
1702531,2013,0,0,0,0,0
1702531,2014,0,0,0,0,0
1702531,2015,0,0,0,0,0
1702531,2016,0,0,0,0,0
1702531,2017,0,0,0,0,0
1702531,2018,0,0,0,0,0
1702531,2019,0,0,0,0,0
1702531,2020,1,0,0,0,1
1702531,2021,0,0,0,0,0
1702531,2022,0,0,0,0,0
1702531,2023,0,0,0,0,0
1702531,2024,0,0,0,0,0
1702531,2025,0,0,0,0,0
1702557,2000,2,0,0,0,2
1702557,2001,0,0,0,0,0
1702557,2002,0,0,0,0,0
1702557,2003,0,0,0,0,0
1702557,2004,0,0,0,0,0
1702557,2005,1,0,0,0,1
1702557,2006,0,0,0,0,0
1702557,2007,0,0,0,0,0
1702557,2008,0,0,0,0,0
1702557,2009,0,0,0,0,0
1702557,2010,1,0,0,0,1
1702557,2011,1,0,0,0,1
1702557,2012,0,0,0,0,0
1702557,2013,0,0,0,0,0
1702557,2014,0,0,0,0,0
1702557,2015,0,0,0,0,0
1702557,2016,0,0,0,0,0
1702557,2017,0,0,0,0,0
1702557,2018,0,0,0,0,0
1702557,2019,0,0,0,0,0
1702557,2020,0,0,0,0,0
1702557,2021,0,0,0,0,0
1702557,2022,0,0,0,0,0
1702557,2023,0,0,0,0,0
1702557,2024,0,0,0,0,0
1702557,2025,0,0,0,0,0
1702583,2000,2,2,0,12,16
1702583,2001,2,2,0,17,21
1702583,2002,1,0,0,0,1
1702583,2003,1,0,0,0,1
1702583,2004,1,0,0,0,1
1702583,2005,0,0,0,0,0
1702583,2006,0,0,0,0,0
1702583,2007,0,0,0,0,0
1702583,2008,0,0,0,0,0
1702583,2009,0,0,0,0,0
1702583,2010,0,0,0,0,0
1702583,2011,0,0,0,0,0
1702583,2012,0,0,0,0,0
1702583,2013,0,0,0,0,0
1702583,2014,0,0,0,0,0
1702583,2015,0,0,0,0,0
1702583,2016,0,0,0,0,0
1702583,2017,0,0,0,0,0
1702583,2018,0,0,0,0,0
1702583,2019,0,0,0,0,0
1702583,2020,0,0,0,0,0
1702583,2021,0,0,0,0,0
1702583,2022,0,0,0,0,0
1702583,2023,0,0,0,0,0
1702583,2024,0,0,0,0,0
1702583,2025,1,0,0,0,1
1702609,2003,1,0,0,0,1
1702609,2004,2,0,0,0,2
1702609,2005,2,0,0,0,2
1702609,2006,1,0,0,0,1
1702609,2007,1,0,0,0,1
1702609,2008,1,0,0,0,1
1702609,2009,1,0,0,0,1
1702609,2010,0,0,0,0,0
1702609,2011,0,0,0,0,0
1702609,2012,1,0,0,0,1
1702609,2013,2,0,0,0,2
1702609,2014,0,0,0,0,0
1702609,2015,0,0,0,0,0
1702609,2016,0,0,0,0,0
1702609,2017,0,0,0,0,0
1702609,2018,0,0,0,0,0
1702609,2019,0,0,0,0,0
1702609,2020,0,0,0,0,0
1702609,2021,0,0,0,0,0
1702609,2022,2,0,0,0,2
1702609,2023,1,0,0,0,1
1702609,2024,0,0,0,0,0
1702609,2025,0,0,0,0,0
1702635,2000,1,0,0,0,1
1702635,2001,1,0,0,0,1
1702635,2002,1,0,0,0,1
1702635,2003,0,0,0,0,0
1702635,2004,2,0,0,0,2
1702635,2005,1,0,0,0,1
1702635,2006,2,0,0,0,2
1702635,2007,0,0,0,0,0
1702635,2008,0,0,0,0,0
1702635,2009,1,0,0,0,1
1702635,2010,1,0,0,0,1
1702635,2011,1,0,0,0,1
1702635,2012,1,0,0,0,1
1702635,2013,1,0,0,0,1
1702635,2014,1,0,0,0,1
1702635,2015,1,0,0,0,1
1702635,2016,1,0,0,0,1
1702635,2017,0,0,0,0,0
1702635,2018,0,0,0,0,0
1702635,2019,0,0,0,0,0
1702635,2020,0,0,0,0,0
1702635,2021,0,0,0,0,0
1702635,2022,0,0,0,0,0
1702635,2023,0,0,0,0,0
1702635,2024,0,0,0,0,0
1702635,2025,0,0,0,0,0
1702674,2000,18,0,0,0,18
1702674,2001,20,0,0,0,20
1702674,2002,10,0,0,0,10
1702674,2003,15,0,0,0,15
1702674,2004,6,0,0,0,6
1702674,2005,19,0,0,0,19
1702674,2006,6,0,0,0,6
1702674,2007,5,0,0,0,5
1702674,2008,1,0,0,0,1
1702674,2009,1,0,0,0,1
1702674,2010,1,0,0,0,1
1702674,2011,1,0,0,0,1
1702674,2012,2,0,0,0,2
1702674,2013,2,0,0,0,2
1702674,2014,2,0,0,0,2
1702674,2015,4,0,0,0,4
1702674,2016,4,0,0,0,4
1702674,2017,4,0,0,0,4
1702674,2018,0,0,0,0,0
1702674,2019,0,0,0,0,0
1702674,2020,0,0,0,0,0
1702674,2021,0,0,0,0,0
1702674,2022,0,0,0,0,0
1702674,2023,0,0,0,0,0
1702674,2024,0,0,0,0,0
1702674,2025,0,0,0,0,0
1702726,2000,1,0,0,0,1
1702726,2001,0,0,0,0,0
1702726,2002,2,0,0,0,2
1702726,2003,2,0,0,0,2
1702726,2004,0,0,0,0,0
1702726,2005,0,0,0,0,0
1702726,2006,2,2,0,0,4
1702726,2007,2,0,0,0,2
1702726,2008,0,0,0,0,0
1702726,2009,2,0,0,0,2
1702726,2010,0,0,0,0,0
1702726,2011,1,0,0,0,1
1702726,2012,1,0,0,0,1
1702726,2013,0,0,0,0,0
1702726,2014,0,0,0,0,0
1702726,2015,1,0,0,0,1
1702726,2016,4,0,0,0,4
1702726,2017,2,0,0,0,2
1702726,2018,2,0,0,0,2
1702726,2019,2,0,0,0,2
1702726,2020,0,0,0,0,0
1702726,2021,0,0,0,0,0
1702726,2022,0,0,0,0,0
1702726,2023,0,0,0,0,0
1702726,2024,0,0,0,0,0
1702726,2025,0,0,0,0,0
1702752,2000,5,2,0,0,7
1702752,2001,11,0,3,0,14
1702752,2002,6,2,0,0,8
1702752,2003,9,2,0,0,11
1702752,2004,5,0,0,0,5
1702752,2005,2,0,0,0,2
1702752,2006,5,0,0,0,5
1702752,2007,5,0,0,0,5
1702752,2008,2,0,0,0,2
1702752,2009,2,0,0,0,2
1702752,2010,3,0,0,0,3
1702752,2011,1,2,0,0,3
1702752,2012,1,0,0,0,1
1702752,2013,0,0,0,0,0
1702752,2014,0,0,0,0,0
1702752,2015,0,0,0,0,0
1702752,2016,0,0,0,0,0
1702752,2017,0,0,0,0,0
1702752,2018,0,0,0,0,0
1702752,2019,0,0,0,0,0
1702752,2020,0,0,0,0,0
1702752,2021,0,0,0,0,0
1702752,2022,1,0,0,0,1
1702752,2023,0,0,0,0,0
1702752,2024,0,0,0,0,0
1702752,2025,0,0,0,0,0
1702882,2000,2,0,0,0,2
1702882,2001,2,0,0,0,2
1702882,2002,0,0,0,0,0
1702882,2003,0,0,0,0,0
1702882,2004,0,0,0,0,0
1702882,2005,1,0,0,0,1
1702882,2006,0,0,0,0,0
1702882,2007,0,0,0,0,0
1702882,2008,1,0,0,0,1
1702882,2009,0,0,0,0,0
1702882,2010,1,0,0,0,1
1702882,2011,1,0,0,0,1
1702882,2012,0,0,0,0,0
1702882,2013,2,0,0,0,2
1702882,2014,0,0,0,0,0
1702882,2015,0,0,0,0,0
1702882,2016,0,0,0,0,0
1702882,2017,0,0,0,0,0
1702882,2018,0,0,0,0,0
1702882,2019,0,0,0,0,0
1702882,2020,0,0,0,0,0
1702882,2021,0,0,0,0,0
1702882,2022,0,0,0,0,0
1702882,2023,1,0,0,0,1
1702882,2024,1,0,0,0,1
1702882,2025,2,0,0,0,2
1702921,2000,13,2,0,0,15
1702921,2001,19,0,0,0,19
1702921,2002,21,0,0,0,21
1702921,2003,24,0,0,0,24
1702921,2004,16,0,0,0,16
1702921,2005,13,2,0,0,15
1702921,2006,16,10,0,0,26
1702921,2007,11,4,6,0,21
1702921,2008,7,0,0,0,7
1702921,2009,3,0,0,0,3
1702921,2010,3,0,0,0,3
1702921,2011,2,0,0,0,2
1702921,2012,5,0,0,0,5
1702921,2013,3,0,4,0,7
1702921,2014,3,0,0,0,3
1702921,2015,4,0,0,0,4
1702921,2016,1,0,0,0,1
1702921,2017,6,0,0,0,6
1702921,2018,2,0,0,0,2
1702921,2019,3,0,0,0,3
1702921,2020,2,0,0,0,2
1702921,2021,2,0,0,0,2
1702921,2022,0,0,0,0,0
1702921,2023,2,0,0,0,2
1702921,2024,3,0,0,0,3
1702921,2025,1,0,0,0,1
1703012,2000,1030,2,146,789,1967
1703012,2001,1156,0,197,682,2035
1703012,2002,1067,0,260,777,2104
1703012,2003,836,0,159,564,1559
1703012,2004,843,0,39,41,923
1703012,2005,989,0,0,0,989
1703012,2006,696,0,0,0,696
1703012,2007,338,0,0,0,338
1703012,2008,127,0,0,0,127
1703012,2009,49,0,0,0,49
1703012,2010,71,0,0,0,71
1703012,2011,67,0,0,0,67
1703012,2012,74,0,0,0,74
1703012,2013,154,0,0,0,154
1703012,2014,101,0,0,0,101
1703012,2015,95,0,0,327,422
1703012,2016,155,0,0,0,155
1703012,2017,127,0,0,0,127
1703012,2018,121,0,0,0,121
1703012,2019,72,2,0,0,74
1703012,2020,91,2,0,0,93
1703012,2021,55,0,16,0,71
1703012,2022,113,0,0,0,113
1703012,2023,316,48,0,0,364
1703012,2024,464,2,0,22,488
1703012,2025,385,0,0,0,385
1703181,2000,6,10,0,0,16
1703181,2001,10,0,0,0,10
1703181,2002,17,0,0,0,17
1703181,2003,21,0,0,0,21
1703181,2004,21,0,0,0,21
1703181,2005,43,0,0,0,43
1703181,2006,28,0,0,0,28
1703181,2007,15,4,0,0,19
1703181,2008,12,0,0,0,12
1703181,2009,29,0,0,0,29
1703181,2010,19,0,0,0,19
1703181,2011,13,0,0,0,13
1703181,2012,17,0,0,0,17
1703181,2013,8,0,0,0,8
1703181,2014,7,0,0,0,7
1703181,2015,11,0,0,0,11
1703181,2016,12,0,0,0,12
1703181,2017,9,0,0,0,9
1703181,2018,11,0,0,0,11
1703181,2019,20,0,0,0,20
1703181,2020,21,0,0,0,21
1703181,2021,13,2,0,0,15
1703181,2022,11,0,0,0,11
1703181,2023,0,0,0,0,0
1703181,2024,12,2,0,0,14
1703181,2025,5,2,0,0,7
1703207,2000,0,0,0,0,0
1703207,2001,0,0,0,0,0
1703207,2002,0,0,0,0,0
1703207,2003,0,0,0,0,0
1703207,2004,0,0,0,0,0
1703207,2005,0,0,0,0,0
1703207,2006,0,0,0,0,0
1703207,2007,0,0,0,0,0
1703207,2008,0,0,0,0,0
1703207,2009,0,0,0,0,0
1703207,2010,0,0,0,0,0
1703207,2011,0,0,0,0,0
1703207,2012,0,0,0,0,0
1703207,2013,0,0,0,0,0
1703207,2014,0,0,0,0,0
1703207,2015,0,0,0,0,0
1703207,2016,0,0,0,0,0
1703207,2017,0,0,0,0,0
1703207,2018,0,0,0,0,0
1703207,2019,0,0,0,0,0
1703207,2020,0,0,0,0,0
1703207,2021,0,0,0,0,0
1703207,2022,0,0,0,0,0
1703207,2023,0,0,0,0,0
1703207,2024,0,0,0,0,0
1703207,2025,0,0,0,0,0
1703454,2000,0,0,0,0,0
1703454,2001,0,0,0,0,0
1703454,2002,0,0,0,0,0
1703454,2003,0,0,0,0,0
1703454,2004,0,0,0,0,0
1703454,2005,0,0,0,0,0
1703454,2006,0,0,0,0,0
1703454,2007,0,0,0,0,0
1703454,2008,0,0,0,0,0
1703454,2009,0,0,0,0,0
1703454,2010,0,0,0,0,0
1703454,2011,0,0,0,0,0
1703454,2012,0,0,0,0,0
1703454,2013,0,0,0,0,0
1703454,2014,0,0,0,0,0
1703454,2015,0,0,0,0,0
1703454,2016,0,0,0,0,0
1703454,2017,0,0,0,0,0
1703454,2018,0,0,0,0,0
1703454,2019,0,0,0,0,0
1703454,2020,0,0,0,0,0
1703454,2021,0,0,0,0,0
1703454,2022,0,0,0,0,0
1703454,2023,0,0,0,0,0
1703454,2024,0,0,0,0,0
1703454,2025,1,0,0,0,1
1703610,2000,4,0,0,0,4
1703610,2001,3,0,0,0,3
1703610,2002,2,0,0,0,2
1703610,2003,5,0,0,0,5
1703610,2004,4,0,0,0,4
1703610,2005,2,0,0,0,2
1703610,2006,4,0,0,0,4
1703610,2007,4,0,0,0,4
1703610,2008,4,0,0,0,4
1703610,2009,2,0,0,0,2
1703610,2010,0,0,0,0,0
1703610,2011,0,0,0,0,0
1703610,2012,0,0,0,0,0
1703610,2013,0,0,0,0,0
1703610,2014,2,0,0,0,2
1703610,2015,3,0,0,0,3
1703610,2016,2,0,0,0,2
1703610,2017,4,0,0,0,4
1703610,2018,1,0,0,0,1
1703610,2019,3,0,0,0,3
1703610,2020,2,0,0,0,2
1703610,2021,0,0,0,0,0
1703610,2022,0,0,0,0,0
1703610,2023,0,0,0,0,0
1703610,2024,1,0,0,0,1
1703610,2025,2,0,0,0,2
1703844,2000,2,0,0,30,32
1703844,2001,13,0,0,0,13
1703844,2002,11,0,0,0,11
1703844,2003,13,0,0,0,13
1703844,2004,19,0,0,18,37
1703844,2005,17,0,0,51,68
1703844,2006,19,24,0,45,88
1703844,2007,16,2,0,5,23
1703844,2008,7,0,0,0,7
1703844,2009,2,0,0,0,2
1703844,2010,1,0,0,0,1
1703844,2011,3,0,0,0,3
1703844,2012,4,0,0,0,4
1703844,2013,11,0,0,0,11
1703844,2014,16,0,0,0,16
1703844,2015,12,0,0,0,12
1703844,2016,13,0,0,0,13
1703844,2017,25,0,10,0,35
1703844,2018,9,0,6,0,15
1703844,2019,8,2,15,0,25
1703844,2020,4,0,34,0,38
1703844,2021,4,0,0,0,4
1703844,2022,3,0,0,0,3
1703844,2023,1,0,0,0,1
1703844,2024,4,0,0,0,4
1703844,2025,1,0,0,8,9
1703883,2000,36,0,0,0,36
1703883,2001,21,0,0,0,21
1703883,2002,53,0,0,0,53
1703883,2003,27,0,0,0,27
1703883,2004,29,0,0,0,29
1703883,2005,28,0,0,0,28
1703883,2006,22,0,0,0,22
1703883,2007,11,0,0,0,11
1703883,2008,7,0,0,0,7
1703883,2009,4,0,0,0,4
1703883,2010,2,0,0,0,2
1703883,2011,3,0,0,0,3
1703883,2012,5,0,0,0,5
1703883,2013,11,0,0,0,11
1703883,2014,5,0,0,0,5
1703883,2015,2,0,0,0,2
1703883,2016,5,0,0,0,5
1703883,2017,5,0,0,0,5
1703883,2018,4,0,0,0,4
1703883,2019,5,0,0,0,5
1703883,2020,4,0,0,0,4
1703883,2021,3,0,0,0,3
1703883,2022,12,0,0,0,12
1703883,2023,7,0,0,0,7
1703883,2024,8,0,0,0,8
1703883,2025,7,0,0,0,7
1703948,2000,0,0,0,0,0
1703948,2001,2,0,0,0,2
1703948,2002,7,0,0,0,7
1703948,2003,2,0,0,0,2
1703948,2004,1,0,0,0,1
1703948,2005,4,0,0,0,4
1703948,2006,2,0,0,0,2
1703948,2007,2,0,0,0,2
1703948,2008,1,0,0,0,1
1703948,2009,1,0,0,0,1
1703948,2010,2,0,0,0,2
1703948,2011,2,0,0,0,2
1703948,2012,0,0,0,0,0
1703948,2013,0,0,0,0,0
1703948,2014,0,0,0,0,0
1703948,2015,0,0,0,0,0
1703948,2016,3,0,0,0,3
1703948,2017,0,0,0,0,0
1703948,2018,1,0,0,0,1
1703948,2019,1,0,0,0,1
1703948,2020,1,0,0,0,1
1703948,2021,2,0,0,0,2
1703948,2022,0,0,0,0,0
1703948,2023,0,0,0,0,0
1703948,2024,0,0,0,0,0
1703948,2025,1,0,0,0,1
1704013,2000,121,0,0,0,121
1704013,2001,123,0,0,0,123
1704013,2002,226,0,0,0,226
1704013,2003,133,0,0,24,157
1704013,2004,354,0,0,16,370
1704013,2005,511,0,0,238,749
1704013,2006,342,0,0,170,512
1704013,2007,252,0,0,144,396
1704013,2008,144,0,0,111,255
1704013,2009,2,0,0,0,2
1704013,2010,1,0,0,0,1
1704013,2011,2,0,0,6,8
1704013,2012,1,0,0,0,1
1704013,2013,3,0,0,0,3
1704013,2014,16,0,0,0,16
1704013,2015,4,0,0,0,4
1704013,2016,9,0,0,0,9
1704013,2017,29,0,0,0,29
1704013,2018,13,0,0,0,13
1704013,2019,19,0,0,0,19
1704013,2020,13,0,0,0,13
1704013,2021,24,0,0,0,24
1704013,2022,12,0,0,0,12
1704013,2023,53,0,0,0,53
1704013,2024,112,0,0,0,112
1704013,2025,88,0,0,0,88
1704039,2000,16,0,12,0,28
1704039,2001,12,0,0,0,12
1704039,2002,7,0,0,0,7
1704039,2003,13,0,0,0,13
1704039,2004,9,0,0,0,9
1704039,2005,16,0,0,0,16
1704039,2006,10,0,0,0,10
1704039,2007,10,0,0,0,10
1704039,2008,5,0,0,0,5
1704039,2009,1,0,0,0,1
1704039,2010,1,0,0,0,1
1704039,2011,2,0,0,0,2
1704039,2012,2,0,0,0,2
1704039,2013,4,0,0,0,4
1704039,2014,4,0,0,0,4
1704039,2015,1,0,0,0,1
1704039,2016,1,4,0,0,5
1704039,2017,3,0,0,0,3
1704039,2018,0,0,0,0,0
1704039,2019,0,0,0,0,0
1704039,2020,0,0,0,0,0
1704039,2021,0,0,0,0,0
1704039,2022,0,0,0,0,0
1704039,2023,0,0,0,0,0
1704039,2024,0,0,0,0,0
1704039,2025,0,0,0,0,0
1704078,2000,215,0,0,0,215
1704078,2001,135,0,0,0,135
1704078,2002,187,0,0,44,231
1704078,2003,189,4,0,0,193
1704078,2004,144,0,0,0,144
1704078,2005,103,0,0,0,103
1704078,2006,51,0,0,0,51
1704078,2007,25,0,0,48,73
1704078,2008,12,0,0,0,12
1704078,2009,3,0,0,0,3
1704078,2010,5,0,0,0,5
1704078,2011,6,0,0,0,6
1704078,2012,11,0,0,0,11
1704078,2013,7,0,0,0,7
1704078,2014,22,0,0,0,22
1704078,2015,16,0,0,0,16
1704078,2016,16,0,0,80,96
1704078,2017,11,2,0,0,13
1704078,2018,11,0,0,142,153
1704078,2019,16,0,12,68,96
1704078,2020,24,0,12,41,77
1704078,2021,9,0,12,43,64
1704078,2022,27,0,4,32,63
1704078,2023,39,0,0,0,39
1704078,2024,46,0,0,5,51
1704078,2025,56,0,8,0,64
1704156,2000,0,0,0,0,0
1704156,2001,1,0,0,0,1
1704156,2002,1,0,0,0,1
1704156,2003,1,0,0,0,1
1704156,2004,1,0,0,0,1
1704156,2005,1,0,0,0,1
1704156,2006,1,0,0,0,1
1704156,2007,1,0,0,0,1
1704156,2008,1,0,0,0,1
1704156,2009,0,0,0,0,0
1704156,2010,0,0,0,0,0
1704156,2011,0,0,0,0,0
1704156,2012,0,0,0,0,0
1704156,2013,0,0,0,0,0
1704156,2014,0,0,0,0,0
1704156,2015,0,0,0,0,0
1704156,2016,1,0,0,0,1
1704156,2017,1,0,0,0,1
1704156,2018,1,0,0,0,1
1704156,2019,1,0,0,0,1
1704156,2020,0,0,0,0,0
1704156,2021,0,0,0,0,0
1704156,2022,0,0,0,0,0
1704156,2023,0,0,0,0,0
1704156,2024,0,0,0,0,0
1704156,2025,0,0,0,0,0
1704273,2000,0,0,0,0,0
1704273,2001,0,0,0,0,0
1704273,2002,0,0,0,0,0
1704273,2003,0,0,0,0,0
1704273,2004,0,0,0,0,0
1704273,2005,0,0,0,0,0
1704273,2006,0,0,0,0,0
1704273,2007,0,0,0,0,0
1704273,2008,0,0,0,0,0
1704273,2009,0,0,0,0,0
1704273,2010,0,0,0,0,0
1704273,2011,0,0,0,0,0
1704273,2012,2,0,0,0,2
1704273,2013,3,0,0,0,3
1704273,2014,3,0,0,0,3
1704273,2015,3,0,0,0,3
1704273,2016,4,0,0,0,4
1704273,2017,4,0,0,0,4
1704273,2018,4,0,0,0,4
1704273,2019,0,0,0,0,0
1704273,2020,0,0,0,0,0
1704273,2021,0,0,0,0,0
1704273,2022,0,0,0,0,0
1704273,2023,1,0,0,0,1
1704273,2024,0,0,0,0,0
1704273,2025,0,0,0,0,0
1704303,2000,21,0,0,0,21
1704303,2001,21,0,0,0,21
1704303,2002,163,38,36,65,302
1704303,2003,392,0,0,0,392
1704303,2004,149,0,0,0,149
1704303,2005,183,0,0,0,183
1704303,2006,114,0,0,0,114
1704303,2007,59,0,0,0,59
1704303,2008,13,0,0,0,13
1704303,2009,37,0,0,0,37
1704303,2010,23,0,0,0,23
1704303,2011,26,0,0,0,26
1704303,2012,29,0,0,0,29
1704303,2013,35,0,0,0,35
1704303,2014,32,0,0,0,32
1704303,2015,17,0,0,0,17
1704303,2016,23,0,0,0,23
1704303,2017,0,0,0,0,0
1704303,2018,2,0,0,0,2
1704303,2019,0,0,0,0,0
1704303,2020,0,0,0,0,0
1704303,2021,1,0,0,0,1
1704303,2022,1,0,0,0,1
1704303,2023,1,0,0,0,1
1704303,2024,4,0,0,0,4
1704303,2025,0,0,0,0,0
1704351,2000,0,0,0,0,0
1704351,2001,0,0,0,0,0
1704351,2002,0,0,0,0,0
1704351,2003,1,0,0,0,1
1704351,2004,1,0,16,64,81
1704351,2005,1,0,11,63,75
1704351,2006,6,0,0,0,6
1704351,2007,4,0,0,0,4
1704351,2008,2,0,0,0,2
1704351,2009,1,0,0,0,1
1704351,2010,0,0,0,0,0
1704351,2011,0,0,0,0,0
1704351,2012,1,0,0,0,1
1704351,2013,0,0,0,0,0
1704351,2014,0,0,0,0,0
1704351,2015,1,0,0,0,1
1704351,2016,0,0,0,0,0
1704351,2017,1,0,0,0,1
1704351,2018,4,0,0,0,4
1704351,2019,1,0,0,0,1
1704351,2020,4,0,0,0,4
1704351,2021,1,0,0,0,1
1704351,2022,0,0,0,0,0
1704351,2023,1,0,0,0,1
1704351,2024,0,0,0,0,0
1704351,2025,0,0,0,0,0
1704507,2000,1,0,0,0,1
1704507,2001,1,0,0,0,1
1704507,2002,0,0,0,0,0
1704507,2003,1,0,0,0,1
1704507,2004,0,0,0,0,0
1704507,2005,1,0,0,0,1
1704507,2006,0,0,0,0,0
1704507,2007,3,0,0,0,3
1704507,2008,1,0,0,0,1
1704507,2009,1,0,0,0,1
1704507,2010,1,0,0,0,1
1704507,2011,0,0,0,0,0
1704507,2012,0,0,0,0,0
1704507,2013,1,0,0,0,1
1704507,2014,0,0,0,0,0
1704507,2015,0,0,0,0,0
1704507,2016,0,0,0,0,0
1704507,2017,0,0,0,0,0
1704507,2018,0,0,0,0,0
1704507,2019,0,0,0,0,0
1704507,2020,0,0,0,0,0
1704507,2021,0,0,0,0,0
1704507,2022,0,0,0,0,0
1704507,2023,0,0,0,0,0
1704507,2024,0,0,0,0,0
1704507,2025,0,0,0,0,0
1704533,2000,4,0,0,0,4
1704533,2001,2,2,0,0,4
1704533,2002,4,0,0,0,4
1704533,2003,0,0,8,0,8
1704533,2004,1,0,3,0,4
1704533,2005,5,2,0,0,7
1704533,2006,2,0,0,0,2
1704533,2007,1,0,0,0,1
1704533,2008,1,0,0,0,1
1704533,2009,3,0,0,0,3
1704533,2010,0,0,0,0,0
1704533,2011,1,0,0,0,1
1704533,2012,0,0,0,0,0
1704533,2013,1,0,0,0,1
1704533,2014,2,0,0,0,2
1704533,2015,1,0,0,0,1
1704533,2016,2,0,0,0,2
1704533,2017,6,0,0,0,6
1704533,2018,1,0,0,0,1
1704533,2019,1,0,0,0,1
1704533,2020,2,0,0,0,2
1704533,2021,1,0,0,0,1
1704533,2022,2,0,0,0,2
1704533,2023,3,0,0,0,3
1704533,2024,2,0,0,0,2
1704533,2025,1,0,0,0,1
1704572,2000,0,0,0,0,0
1704572,2001,0,0,0,0,0
1704572,2002,1,0,0,0,1
1704572,2003,0,0,0,0,0
1704572,2004,0,0,0,0,0
1704572,2005,0,0,0,0,0
1704572,2006,0,0,0,0,0
1704572,2007,0,0,0,0,0
1704572,2008,0,0,0,0,0
1704572,2009,0,0,0,0,0
1704572,2010,0,0,0,0,0
1704572,2011,0,0,0,0,0
1704572,2012,0,0,0,0,0
1704572,2013,0,0,0,0,0
1704572,2014,2,0,0,0,2
1704572,2015,1,0,0,0,1
1704572,2016,2,0,0,0,2
1704572,2017,6,0,0,0,6
1704572,2018,3,0,0,0,3
1704572,2019,5,0,0,0,5
1704572,2020,2,0,0,0,2
1704572,2021,2,0,0,0,2
1704572,2022,1,0,0,0,1
1704572,2023,1,0,0,0,1
1704572,2024,2,0,0,0,2
1704572,2025,2,0,0,0,2
1704585,2000,19,0,0,0,19
1704585,2001,51,0,0,0,51
1704585,2002,51,0,0,0,51
1704585,2003,55,0,0,0,55
1704585,2004,56,0,0,0,56
1704585,2005,52,0,0,0,52
1704585,2006,38,0,0,0,38
1704585,2007,29,0,0,0,29
1704585,2008,16,0,0,0,16
1704585,2009,14,0,3,0,17
1704585,2010,15,0,0,0,15
1704585,2011,12,0,0,0,12
1704585,2012,16,0,0,0,16
1704585,2013,6,0,0,0,6
1704585,2014,3,0,0,0,3
1704585,2015,4,0,0,0,4
1704585,2016,12,0,0,0,12
1704585,2017,6,0,0,0,6
1704585,2018,12,0,0,0,12
1704585,2019,1,0,0,0,1
1704585,2020,5,0,0,0,5
1704585,2021,7,4,0,0,11
1704585,2022,10,0,0,0,10
1704585,2023,7,0,0,0,7
1704585,2024,10,0,0,0,10
1704585,2025,41,2,0,0,43
1704598,2013,0,0,0,0,0
1704598,2014,1,0,0,0,1
1704598,2015,1,0,0,0,1
1704598,2016,1,0,0,0,1
1704598,2017,1,0,0,0,1
1704598,2018,1,0,0,0,1
1704598,2019,0,0,0,0,0
1704598,2020,0,0,0,0,0
1704598,2021,1,0,0,0,1
1704598,2022,0,0,0,0,0
1704598,2023,0,0,0,0,0
1704598,2024,1,0,0,0,1
1704598,2025,0,0,0,0,0
1704689,2000,3,0,0,0,3
1704689,2001,3,0,0,0,3
1704689,2002,3,0,0,0,3
1704689,2003,1,0,0,0,1
1704689,2004,1,0,0,0,1
1704689,2005,1,0,0,0,1
1704689,2006,0,0,0,0,0
1704689,2007,0,0,0,0,0
1704689,2008,0,0,0,0,0
1704689,2009,0,0,0,0,0
1704689,2010,0,0,0,0,0
1704689,2011,0,0,0,0,0
1704689,2012,0,0,0,0,0
1704689,2013,0,0,0,0,0
1704689,2014,0,0,0,0,0
1704689,2015,0,0,0,0,0
1704689,2016,0,0,0,0,0
1704689,2017,0,0,0,0,0
1704689,2018,1,0,0,0,1
1704689,2019,0,0,0,0,0
1704689,2020,1,0,0,0,1
1704689,2021,1,0,0,0,1
1704689,2022,0,0,0,0,0
1704689,2023,0,0,0,0,0
1704689,2024,0,0,0,0,0
1704689,2025,0,0,0,0,0
1704845,2000,100,10,4,35,149
1704845,2001,94,8,0,21,123
1704845,2002,97,18,6,72,193
1704845,2003,130,0,0,0,130
1704845,2004,156,0,0,0,156
1704845,2005,274,0,0,0,274
1704845,2006,260,2,0,0,262
1704845,2007,198,0,4,13,215
1704845,2008,71,0,0,0,71
1704845,2009,64,0,0,0,64
1704845,2010,48,0,0,0,48
1704845,2011,44,0,0,0,44
1704845,2012,36,0,0,0,36
1704845,2013,34,0,0,0,34
1704845,2014,28,0,0,0,28
1704845,2015,11,0,0,0,11
1704845,2016,42,0,0,0,42
1704845,2017,34,0,0,0,34
1704845,2018,35,0,0,0,35
1704845,2019,49,0,0,0,49
1704845,2020,43,0,0,0,43
1704845,2021,28,0,0,0,28
1704845,2022,10,0,0,0,10
1704845,2023,19,0,0,0,19
1704845,2024,24,4,0,20,48
1704845,2025,3,0,0,0,3
1704871,2000,0,0,0,0,0
1704871,2001,0,0,0,0,0
1704871,2002,0,0,0,0,0
1704871,2003,0,0,0,0,0
1704871,2004,0,0,0,0,0
1704871,2005,0,0,0,0,0
1704871,2006,0,0,0,0,0
1704871,2007,0,0,0,0,0
1704871,2008,0,0,0,0,0
1704871,2009,2,0,0,0,2
1704871,2010,2,0,0,0,2
1704871,2011,2,0,0,0,2
1704871,2012,0,0,0,0,0
1704871,2013,4,0,0,0,4
1704871,2014,0,0,0,0,0
1704871,2015,0,0,0,0,0
1704871,2016,0,0,0,0,0
1704871,2017,1,0,0,0,1
1704871,2018,0,0,0,62,62
1704871,2019,0,0,0,0,0
1704871,2020,0,0,0,0,0
1704871,2021,0,0,0,0,0
1704871,2022,0,0,0,0,0
1704871,2023,0,0,0,22,22
1704871,2024,0,0,0,0,0
1704871,2025,0,0,0,0,0
1704897,2000,0,0,0,0,0
1704897,2001,0,0,0,0,0
1704897,2002,0,0,0,0,0
1704897,2003,0,0,0,0,0
1704897,2004,0,0,0,0,0
1704897,2005,0,0,0,0,0
1704897,2006,0,0,0,0,0
1704897,2007,0,0,0,0,0
1704897,2008,0,0,0,0,0
1704897,2009,0,0,0,0,0
1704897,2010,0,0,0,0,0
1704897,2011,0,0,0,0,0
1704897,2012,0,0,0,0,0
1704897,2013,0,0,0,0,0
1704897,2014,0,0,0,0,0
1704897,2015,0,0,0,0,0
1704897,2016,0,0,0,0,0
1704897,2017,1,0,0,0,1
1704897,2018,0,0,0,0,0
1704897,2019,0,0,0,0,0
1704897,2020,0,0,0,0,0
1704897,2021,0,0,0,0,0
1704897,2022,1,0,0,0,1
1704897,2023,0,0,0,0,0
1704897,2024,0,0,0,0,0
1704897,2025,0,0,0,0,0
1704975,2000,2,0,0,0,2
1704975,2001,0,0,0,0,0
1704975,2002,0,0,0,0,0
1704975,2003,0,0,0,0,0
1704975,2004,0,0,0,0,0
1704975,2005,14,0,0,0,14
1704975,2006,0,0,0,0,0
1704975,2007,0,0,0,0,0
1704975,2008,0,0,0,0,0
1704975,2009,0,0,0,0,0
1704975,2010,0,0,0,0,0
1704975,2011,0,0,0,0,0
1704975,2012,0,0,0,0,0
1704975,2013,5,0,0,0,5
1704975,2014,0,0,0,89,89
1704975,2015,4,0,0,0,4
1704975,2016,2,0,0,0,2
1704975,2017,13,0,0,0,13
1704975,2018,2,0,0,0,2
1704975,2019,1,0,0,0,1
1704975,2020,0,0,0,0,0
1704975,2021,0,0,0,0,0
1704975,2022,0,0,0,0,0
1704975,2023,0,0,0,0,0
1704975,2024,0,0,0,0,0
1704975,2025,0,0,0,0,0
1705092,2000,152,0,4,0,156
1705092,2001,232,0,16,0,248
1705092,2002,160,0,4,0,164
1705092,2003,171,0,23,8,202
1705092,2004,202,0,20,22,244
1705092,2005,200,2,36,23,261
1705092,2006,196,0,0,6,202
1705092,2007,106,0,0,32,138
1705092,2008,14,0,0,0,14
1705092,2009,12,0,0,0,12
1705092,2010,8,0,0,0,8
1705092,2011,4,0,0,0,4
1705092,2012,21,0,0,0,21
1705092,2013,12,0,0,0,12
1705092,2014,5,0,0,0,5
1705092,2015,0,0,0,0,0
1705092,2016,8,0,0,0,8
1705092,2017,14,0,0,0,14
1705092,2018,7,0,0,0,7
1705092,2019,9,0,0,0,9
1705092,2020,6,0,0,0,6
1705092,2021,61,0,0,0,61
1705092,2022,103,0,0,0,103
1705092,2023,8,0,0,0,8
1705092,2024,24,8,0,0,32
1705092,2025,23,14,0,0,37
1705144,2000,1,0,0,0,1
1705144,2001,2,0,0,0,2
1705144,2002,4,0,0,0,4
1705144,2003,0,0,0,0,0
1705144,2004,2,0,0,0,2
1705144,2005,3,0,0,0,3
1705144,2006,4,0,0,0,4
1705144,2007,0,0,0,0,0
1705144,2008,1,0,0,0,1
1705144,2009,0,0,0,0,0
1705144,2010,1,0,0,10,11
1705144,2011,1,0,0,0,1
1705144,2012,0,0,0,0,0
1705144,2013,0,0,0,0,0
1705144,2014,0,0,0,0,0
1705144,2015,1,0,0,0,1
1705144,2016,2,0,0,0,2
1705144,2017,5,0,0,0,5
1705144,2018,0,0,0,0,0
1705144,2019,0,0,0,0,0
1705144,2020,0,0,0,0,0
1705144,2021,0,0,0,0,0
1705144,2022,0,0,0,0,0
1705144,2023,0,0,0,0,0
1705144,2024,2,0,0,0,2
1705144,2025,0,0,0,0,0
1705209,2002,1,0,0,0,1
1705209,2003,0,0,0,0,0
1705209,2004,2,0,0,0,2
1705209,2005,6,0,0,0,6
1705209,2006,4,0,0,0,4
1705209,2007,1,0,0,0,1
1705209,2008,1,0,0,0,1
1705209,2009,1,0,0,0,1
1705209,2010,0,0,0,0,0
1705209,2011,0,0,0,0,0
1705209,2012,2,0,0,0,2
1705209,2013,0,0,0,0,0
1705209,2014,0,0,0,0,0
1705209,2015,0,0,0,0,0
1705209,2016,0,0,0,0,0
1705209,2017,0,0,0,0,0
1705209,2018,0,0,0,0,0
1705209,2019,1,0,0,0,1
1705209,2020,0,0,0,0,0
1705209,2021,0,0,0,0,0
1705209,2022,0,0,0,0,0
1705209,2023,0,0,0,0,0
1705209,2024,0,0,0,0,0
1705209,2025,1,0,0,0,1
1705248,2000,46,0,0,0,46
1705248,2001,23,0,0,0,23
1705248,2002,18,0,0,0,18
1705248,2003,26,0,8,0,34
1705248,2004,26,0,3,0,29
1705248,2005,12,0,4,10,26
1705248,2006,11,0,0,0,11
1705248,2007,5,0,0,0,5
1705248,2008,2,0,0,0,2
1705248,2009,0,0,0,0,0
1705248,2010,0,0,0,0,0
1705248,2011,0,0,0,0,0
1705248,2012,1,0,0,0,1
1705248,2013,1,0,0,0,1
1705248,2014,5,0,0,0,5
1705248,2015,1,0,0,29,30
1705248,2016,8,0,0,0,8
1705248,2017,7,0,0,0,7
1705248,2018,1,0,0,0,1
1705248,2019,3,0,0,0,3
1705248,2020,0,0,0,0,0
1705248,2021,0,0,0,0,0
1705248,2022,0,0,0,0,0
1705248,2023,3,0,0,0,3
1705248,2024,4,0,0,0,4
1705248,2025,2,0,0,0,2
1705261,2000,1,0,0,0,1
1705261,2001,0,0,0,0,0
1705261,2002,1,0,0,0,1
1705261,2003,4,0,0,0,4
1705261,2004,0,0,0,0,0
1705261,2005,1,0,0,0,1
1705261,2006,0,0,0,0,0
1705261,2007,0,0,0,0,0
1705261,2008,0,0,0,0,0
1705261,2009,0,0,0,0,0
1705261,2010,0,0,0,0,0
1705261,2011,0,0,0,0,0
1705261,2012,0,0,0,0,0
1705261,2013,0,0,0,0,0
1705261,2014,0,0,0,0,0
1705261,2015,0,0,0,0,0
1705261,2016,0,0,0,0,0
1705261,2017,0,0,0,0,0
1705261,2018,0,0,0,0,0
1705261,2019,0,0,0,0,0
1705261,2020,0,0,0,0,0
1705261,2021,0,0,0,0,0
1705261,2022,0,0,0,0,0
1705261,2023,0,0,0,0,0
1705261,2024,0,0,0,0,0
1705261,2025,0,0,0,0,0
1705300,2000,6,0,0,0,6
1705300,2001,6,0,0,0,6
1705300,2002,6,0,0,0,6
1705300,2003,10,0,0,28,38
1705300,2004,6,0,0,0,6
1705300,2005,6,0,0,0,6
1705300,2006,9,0,0,0,9
1705300,2007,12,0,0,0,12
1705300,2008,9,0,0,0,9
1705300,2009,7,0,0,0,7
1705300,2010,6,0,0,0,6
1705300,2011,5,0,0,0,5
1705300,2012,5,0,0,0,5
1705300,2013,5,0,0,0,5
1705300,2014,5,0,0,0,5
1705300,2015,6,0,0,0,6
1705300,2016,9,0,3,0,12
1705300,2017,10,0,3,0,13
1705300,2018,1,0,0,0,1
1705300,2019,3,0,0,0,3
1705300,2020,1,0,0,0,1
1705300,2021,5,0,0,0,5
1705300,2022,4,0,0,0,4
1705300,2023,2,0,0,0,2
1705300,2024,2,0,0,0,2
1705300,2025,6,4,0,0,10
1705404,2000,0,0,0,0,0
1705404,2001,0,0,0,0,0
1705404,2002,3,0,0,0,3
1705404,2003,4,0,0,0,4
1705404,2004,1,0,0,0,1
1705404,2005,4,0,0,0,4
1705404,2006,12,0,0,0,12
1705404,2007,6,0,0,0,6
1705404,2008,2,0,0,0,2
1705404,2009,0,0,0,0,0
1705404,2010,0,0,0,0,0
1705404,2011,0,0,0,0,0
1705404,2012,0,0,0,0,0
1705404,2013,1,0,0,0,1
1705404,2014,0,0,0,0,0
1705404,2015,0,0,0,0,0
1705404,2016,0,0,0,0,0
1705404,2017,1,0,0,0,1
1705404,2018,0,0,0,8,8
1705404,2019,0,0,0,0,0
1705404,2020,0,0,0,0,0
1705404,2021,0,0,0,0,0
1705404,2022,0,0,0,0,0
1705404,2023,0,0,0,0,0
1705404,2024,0,0,0,0,0
1705404,2025,0,0,0,0,0
1705573,2000,2,2,0,44,48
1705573,2001,3,4,0,0,7
1705573,2002,2,0,0,0,2
1705573,2003,2,0,0,0,2
1705573,2004,10,14,0,0,24
1705573,2005,6,4,0,12,22
1705573,2006,10,2,0,12,24
1705573,2007,1,0,0,12,13
1705573,2008,0,0,0,0,0
1705573,2009,1,0,0,0,1
1705573,2010,0,0,0,0,0
1705573,2011,1,0,0,0,1
1705573,2012,1,0,0,0,1
1705573,2013,0,0,0,0,0
1705573,2014,1,0,0,0,1
1705573,2015,0,0,0,0,0
1705573,2016,1,0,0,0,1
1705573,2017,4,0,0,0,4
1705573,2018,12,0,0,0,12
1705573,2019,8,0,0,0,8
1705573,2020,5,0,0,0,5
1705573,2021,11,0,0,0,11
1705573,2022,2,0,0,0,2
1705573,2023,4,0,0,0,4
1705573,2024,6,0,0,0,6
1705573,2025,3,2,0,0,5
1705599,2000,15,10,12,0,37
1705599,2001,16,22,0,0,38
1705599,2002,21,10,8,0,39
1705599,2003,26,0,0,8,34
1705599,2004,35,2,0,0,37
1705599,2005,71,0,0,0,71
1705599,2006,58,0,0,0,58
1705599,2007,31,0,0,0,31
1705599,2008,28,0,0,0,28
1705599,2009,18,0,0,0,18
1705599,2010,19,0,0,0,19
1705599,2011,11,0,0,0,11
1705599,2012,7,4,0,0,11
1705599,2013,9,0,0,0,9
1705599,2014,9,0,0,0,9
1705599,2015,11,0,0,0,11
1705599,2016,26,0,0,0,26
1705599,2017,20,0,0,0,20
1705599,2018,9,0,0,0,9
1705599,2019,20,0,0,0,20
1705599,2020,12,0,0,0,12
1705599,2021,7,0,0,0,7
1705599,2022,16,0,0,0,16
1705599,2023,12,2,0,0,14
1705599,2024,12,4,0,0,16
1705599,2025,7,0,0,0,7
1705612,2000,1,0,0,0,1
1705612,2001,2,0,0,0,2
1705612,2002,0,0,0,0,0
1705612,2003,2,0,0,0,2
1705612,2004,2,0,0,0,2
1705612,2005,0,0,0,0,0
1705612,2006,0,0,0,0,0
1705612,2007,0,0,0,0,0
1705612,2008,1,0,0,0,1
1705612,2009,0,0,0,0,0
1705612,2010,0,0,0,0,0
1705612,2011,0,0,0,0,0
1705612,2012,0,0,0,0,0
1705612,2013,0,0,0,0,0
1705612,2014,0,0,0,0,0
1705612,2015,1,0,0,0,1
1705612,2016,0,0,0,0,0
1705612,2017,0,0,0,0,0
1705612,2018,0,0,0,0,0
1705612,2019,0,0,0,0,0
1705612,2020,0,0,0,0,0
1705612,2021,0,0,0,0,0
1705612,2022,0,0,0,0,0
1705612,2023,1,0,0,0,1
1705612,2024,1,0,0,0,1
1705612,2025,0,0,0,0,0
1705898,2000,0,0,0,0,0
1705898,2001,2,0,0,0,2
1705898,2002,2,0,0,0,2
1705898,2003,0,0,0,0,0
1705898,2004,1,0,0,0,1
1705898,2005,0,0,0,0,0
1705898,2006,0,0,0,0,0
1705898,2007,0,0,0,0,0
1705898,2008,0,0,0,0,0
1705898,2009,0,0,0,0,0
1705898,2010,0,0,0,0,0
1705898,2011,0,0,0,0,0
1705898,2012,0,0,0,0,0
1705898,2013,0,0,0,0,0
1705898,2014,0,0,0,0,0
1705898,2015,0,0,0,0,0
1705898,2016,0,0,0,0,0
1705898,2017,0,0,0,0,0
1705898,2018,0,0,0,0,0
1705898,2019,0,0,0,0,0
1705898,2020,0,0,0,0,0
1705898,2021,0,0,0,0,0
1705898,2022,1,0,0,0,1
1705898,2023,0,0,0,0,0
1705898,2024,0,0,0,0,0
1705898,2025,0,0,0,0,0
1706171,2000,0,0,0,0,0
1706171,2001,0,0,0,0,0
1706171,2002,0,0,0,0,0
1706171,2003,0,0,0,0,0
1706171,2004,1,0,0,0,1
1706171,2005,0,0,0,0,0
1706171,2006,0,0,0,0,0
1706171,2007,0,0,0,0,0
1706171,2008,0,0,0,0,0
1706171,2009,0,0,0,0,0
1706171,2010,0,0,0,0,0
1706171,2011,0,0,0,0,0
1706171,2012,0,0,0,0,0
1706171,2013,0,0,0,0,0
1706171,2014,0,0,0,0,0
1706171,2015,0,0,0,0,0
1706171,2016,0,0,0,0,0
1706171,2017,0,0,0,0,0
1706171,2018,0,0,0,0,0
1706171,2019,0,0,0,0,0
1706171,2020,1,0,0,0,1
1706171,2021,0,0,0,0,0
1706171,2022,1,0,0,0,1
1706171,2023,0,0,0,0,0
1706171,2024,0,0,0,0,0
1706171,2025,0,0,0,0,0
1706184,2004,5,0,0,0,5
1706184,2005,2,0,0,0,2
1706184,2006,4,0,0,0,4
1706184,2007,0,0,0,0,0
1706184,2008,1,0,0,0,1
1706184,2009,0,0,0,0,0
1706184,2010,0,0,0,0,0
1706184,2011,0,0,0,0,0
1706184,2012,0,0,0,0,0
1706184,2013,0,0,0,0,0
1706184,2014,0,0,0,0,0
1706184,2015,0,0,0,0,0
1706184,2016,0,0,0,0,0
1706184,2017,0,0,0,0,0
1706184,2018,0,0,0,0,0
1706184,2019,2,0,0,0,2
1706184,2020,0,0,0,0,0
1706184,2021,1,0,0,0,1
1706184,2022,0,0,0,0,0
1706184,2023,3,0,0,0,3
1706184,2024,3,0,0,0,3
1706184,2025,0,0,0,0,0
1706587,2000,71,0,0,0,71
1706587,2001,41,0,0,0,41
1706587,2002,39,0,0,0,39
1706587,2003,61,0,0,0,61
1706587,2004,95,0,0,0,95
1706587,2005,67,0,0,0,67
1706587,2006,32,0,0,36,68
1706587,2007,15,0,0,0,15
1706587,2008,7,0,0,0,7
1706587,2009,0,0,0,0,0
1706587,2010,1,0,0,0,1
1706587,2011,2,0,0,0,2
1706587,2012,2,0,0,0,2
1706587,2013,2,0,0,0,2
1706587,2014,1,0,0,0,1
1706587,2015,7,0,0,0,7
1706587,2016,2,0,0,0,2
1706587,2017,1,0,0,0,1
1706587,2018,23,2,8,0,33
1706587,2019,26,2,21,0,49
1706587,2020,33,2,4,90,129
1706587,2021,33,0,3,0,36
1706587,2022,10,0,0,0,10
1706587,2023,6,0,0,0,6
1706587,2024,4,0,0,0,4
1706587,2025,1,0,0,0,1
1706613,2000,363,8,39,60,470
1706613,2001,501,14,11,318,844
1706613,2002,429,0,12,556,997
1706613,2003,441,2,20,398,861
1706613,2004,425,10,16,107,558
1706613,2005,379,2,6,125,512
1706613,2006,279,0,0,118,397
1706613,2007,200,0,3,98,301
1706613,2008,120,0,0,106,226
1706613,2009,190,4,0,79,273
1706613,2010,184,0,3,0,187
1706613,2011,146,0,0,115,261
1706613,2012,160,0,6,140,306
1706613,2013,197,0,0,172,369
1706613,2014,102,0,6,0,108
1706613,2015,99,8,0,70,177
1706613,2016,82,2,0,50,134
1706613,2017,95,6,0,0,101
1706613,2018,22,0,4,44,70
1706613,2019,38,0,0,38,76
1706613,2020,63,4,0,81,148
1706613,2021,95,0,0,62,157
1706613,2022,118,0,0,118,236
1706613,2023,59,48,0,0,107
1706613,2024,66,10,0,12,88
1706613,2025,82,0,0,0,82
1706704,2000,11,0,4,27,42
1706704,2001,30,0,0,0,30
1706704,2002,51,0,0,11,62
1706704,2003,27,0,0,0,27
1706704,2004,22,0,0,0,22
1706704,2005,13,0,0,0,13
1706704,2006,32,0,0,0,32
1706704,2007,49,0,0,0,49
1706704,2008,6,0,0,0,6
1706704,2009,11,0,0,0,11
1706704,2010,10,0,0,0,10
1706704,2011,1,0,0,0,1
1706704,2012,0,0,0,0,0
1706704,2013,0,0,0,0,0
1706704,2014,0,0,0,0,0
1706704,2015,0,0,0,0,0
1706704,2016,0,0,0,0,0
1706704,2017,3,0,0,0,3
1706704,2018,0,0,0,0,0
1706704,2019,0,0,0,0,0
1706704,2020,2,0,0,0,2
1706704,2021,4,0,0,0,4
1706704,2022,3,0,0,0,3
1706704,2023,1,0,3,0,4
1706704,2024,2,0,0,0,2
1706704,2025,2,0,0,0,2
1706756,2000,1,0,0,0,1
1706756,2001,2,0,0,0,2
1706756,2002,2,0,0,0,2
1706756,2003,0,0,0,0,0
1706756,2004,3,0,0,0,3
1706756,2005,0,0,0,0,0
1706756,2006,0,0,0,0,0
1706756,2007,0,0,0,0,0
1706756,2008,1,0,0,0,1
1706756,2009,0,0,0,0,0
1706756,2010,1,2,0,0,3
1706756,2011,0,0,0,0,0
1706756,2012,0,0,0,0,0
1706756,2013,0,0,0,0,0
1706756,2014,0,0,0,0,0
1706756,2015,0,0,0,0,0
1706756,2016,0,0,0,0,0
1706756,2017,0,0,0,0,0
1706756,2018,0,0,0,0,0
1706756,2019,0,0,0,0,0
1706756,2020,0,0,0,0,0
1706756,2021,0,0,0,0,0
1706756,2022,0,0,0,0,0
1706756,2023,0,0,0,0,0
1706756,2024,0,0,0,0,0
1706756,2025,0,0,0,0,0
1706899,2000,0,0,0,0,0
1706899,2001,0,0,0,0,0
1706899,2002,0,0,0,0,0
1706899,2003,0,0,0,0,0
1706899,2004,0,0,0,0,0
1706964,2000,0,0,0,0,0
1706964,2001,0,0,0,0,0
1706964,2002,0,0,0,0,0
1706964,2003,0,0,0,0,0
1706964,2004,4,0,0,0,4
1706964,2005,0,0,0,0,0
1706964,2006,0,0,0,0,0
1706964,2007,0,0,0,0,0
1706964,2008,0,0,0,0,0
1706964,2009,0,0,0,0,0
1706964,2010,0,0,0,0,0
1706964,2011,0,0,0,0,0
1706964,2012,0,0,0,0,0
1706964,2013,0,0,0,0,0
1706964,2014,0,0,0,0,0
1706964,2015,0,0,0,0,0
1706964,2016,0,0,0,0,0
1706964,2017,0,0,0,0,0
1706964,2018,1,0,0,0,1
1706964,2019,1,0,0,0,1
1706964,2020,0,0,0,0,0
1706964,2021,0,0,0,0,0
1706964,2022,0,0,0,0,0
1706964,2023,0,0,0,0,0
1706964,2024,0,0,0,0,0
1706964,2025,0,0,0,0,0
1707133,2000,457,0,7,393,857
1707133,2001,637,0,0,0,637
1707133,2002,846,0,0,0,846
1707133,2003,1108,0,0,0,1108
1707133,2004,724,0,0,0,724
1707133,2005,496,0,0,0,496
1707133,2006,200,0,0,0,200
1707133,2007,125,0,0,0,125
1707133,2008,70,0,0,0,70
1707133,2009,19,0,0,0,19
1707133,2010,37,0,0,63,100
1707133,2011,53,0,0,0,53
1707133,2012,68,0,0,0,68
1707133,2013,108,0,0,0,108
1707133,2014,124,0,0,0,124
1707133,2015,124,0,0,0,124
1707133,2016,27,0,0,288,315
1707133,2017,13,0,0,128,141
1707133,2018,22,0,0,0,22
1707133,2019,66,0,0,0,66
1707133,2020,61,0,0,0,61
1707133,2021,63,0,0,320,383
1707133,2022,83,0,0,0,83
1707133,2023,92,0,0,0,92
1707133,2024,123,0,0,0,123
1707133,2025,131,0,0,0,131
1707211,2000,2,0,0,0,2
1707211,2001,2,0,0,0,2
1707211,2002,3,0,0,0,3
1707211,2003,1,0,0,0,1
1707211,2004,1,0,0,0,1
1707211,2005,0,0,0,0,0
1707211,2006,0,0,0,0,0
1707211,2007,0,0,0,0,0
1707211,2008,0,0,0,0,0
1707211,2009,0,0,0,0,0
1707211,2010,1,0,0,0,1
1707211,2011,1,0,0,0,1
1707211,2012,1,0,0,0,1
1707211,2013,0,0,0,0,0
1707211,2014,0,0,0,0,0
1707211,2015,0,0,0,0,0
1707211,2016,0,0,0,0,0
1707211,2017,0,0,0,0,0
1707211,2018,0,0,0,0,0
1707211,2019,0,0,0,0,0
1707211,2020,0,0,0,0,0
1707211,2021,0,0,0,0,0
1707211,2022,0,0,0,0,0
1707211,2023,0,0,0,0,0
1707211,2024,0,0,0,0,0
1707211,2025,0,0,0,0,0
1707237,2000,2,0,0,0,2
1707237,2001,2,0,0,0,2
1707237,2002,1,0,0,0,1
1707237,2003,2,0,0,0,2
1707237,2004,1,0,0,0,1
1707237,2005,1,0,0,0,1
1707237,2006,1,0,0,0,1
1707237,2007,0,0,0,0,0
1707237,2008,0,0,0,0,0
1707237,2009,0,0,0,0,0
1707237,2010,0,0,0,0,0
1707237,2011,0,0,0,0,0
1707237,2012,0,0,0,0,0
1707237,2013,0,0,0,0,0
1707237,2014,0,0,0,0,0
1707237,2015,0,0,0,0,0
1707237,2016,0,0,0,0,0
1707237,2017,0,0,0,0,0
1707237,2018,0,0,0,0,0
1707237,2019,0,0,0,0,0
1707237,2020,0,0,0,0,0
1707237,2021,0,0,0,0,0
1707237,2022,0,0,0,0,0
1707237,2023,0,0,0,0,0
1707237,2024,0,0,0,0,0
1707237,2025,1,0,0,0,1
1707263,2002,0,0,0,0,0
1707263,2003,0,0,0,0,0
1707263,2004,1,0,0,0,1
1707263,2005,2,0,0,0,2
1707263,2006,0,0,0,0,0
1707263,2007,0,0,0,0,0
1707263,2008,0,0,0,0,0
1707263,2009,0,0,0,0,0
1707263,2010,0,0,0,0,0
1707263,2011,0,0,0,0,0
1707263,2012,0,0,0,0,0
1707263,2013,0,0,0,0,0
1707263,2014,0,0,0,0,0
1707263,2015,0,0,0,0,0
1707263,2016,0,0,0,0,0
1707263,2017,0,0,0,0,0
1707263,2018,0,0,0,0,0
1707263,2019,0,0,0,0,0
1707263,2020,0,0,0,0,0
1707263,2021,0,0,0,0,0
1707263,2022,0,0,0,0,0
1707263,2023,0,0,0,0,0
1707263,2024,0,0,0,0,0
1707263,2025,0,0,0,0,0
1707471,2000,39,0,0,0,39
1707471,2001,74,0,0,0,74
1707471,2002,73,0,0,0,73
1707471,2003,156,0,0,0,156
1707471,2004,108,0,0,0,108
1707471,2005,231,0,0,0,231
1707471,2006,196,0,0,0,196
1707471,2007,106,0,0,0,106
1707471,2008,61,0,0,0,61
1707471,2009,22,0,0,0,22
1707471,2010,13,0,0,0,13
1707471,2011,12,0,0,0,12
1707471,2012,22,0,0,0,22
1707471,2013,50,0,0,0,50
1707471,2014,44,0,0,0,44
1707471,2015,32,0,0,0,32
1707471,2016,35,0,0,0,35
1707471,2017,24,0,0,0,24
1707471,2018,24,0,0,0,24
1707471,2019,31,0,0,0,31
1707471,2020,25,0,0,0,25
1707471,2021,54,0,0,0,54
1707471,2022,33,0,0,0,33
1707471,2023,12,0,0,0,12
1707471,2024,12,8,0,0,20
1707471,2025,23,0,0,0,23
1707640,2008,0,0,0,0,0
1707640,2009,2,0,0,0,2
1707640,2010,0,0,0,0,0
1707640,2011,0,0,0,0,0
1707640,2012,0,0,0,0,0
1707640,2013,0,0,0,0,0
1707640,2014,0,0,0,0,0
1707640,2015,0,0,0,0,0
1707640,2016,1,0,0,0,1
1707640,2017,0,0,0,0,0
1707640,2018,2,0,0,0,2
1707640,2019,0,0,0,0,0
1707640,2020,0,0,0,0,0
1707640,2021,0,0,0,0,0
1707640,2022,0,0,0,0,0
1707640,2023,0,0,0,0,0
1707640,2024,4,0,0,0,4
1707640,2025,4,0,0,0,4
1707744,2000,36,0,16,8,60
1707744,2001,93,0,16,0,109
1707744,2002,62,2,40,10,114
1707744,2003,67,0,36,18,121
1707744,2004,93,0,52,24,169
1707744,2005,142,0,0,62,204
1707744,2006,123,0,0,20,143
1707744,2007,119,0,0,0,119
1707744,2008,40,0,8,8,56
1707744,2009,12,2,0,0,14
1707744,2010,8,2,0,8,18
1707744,2011,3,0,0,8,11
1707744,2012,16,0,0,0,16
1707744,2013,21,0,0,0,21
1707744,2014,16,0,0,8,24
1707744,2015,13,0,0,0,13
1707744,2016,12,0,0,0,12
1707744,2017,14,0,0,32,46
1707744,2018,39,0,0,0,39
1707744,2019,12,0,0,0,12
1707744,2020,18,0,0,0,18
1707744,2021,34,0,0,0,34
1707744,2022,42,0,0,0,42
1707744,2023,8,0,0,0,8
1707744,2024,17,0,0,0,17
1707744,2025,18,0,0,0,18
1707770,2000,33,2,10,0,45
1707770,2001,54,0,0,0,54
1707770,2002,52,0,6,0,58
1707770,2003,54,0,16,0,70
1707770,2004,84,0,27,0,111
1707770,2005,86,6,11,0,103
1707770,2006,50,4,7,0,61
1707770,2007,35,0,0,0,35
1707770,2008,18,0,0,0,18
1707770,2009,9,0,0,0,9
1707770,2010,1,0,0,0,1
1707770,2011,2,0,0,0,2
1707770,2012,2,0,0,0,2
1707770,2013,6,0,0,0,6
1707770,2014,9,0,0,0,9
1707770,2015,2,0,0,0,2
1707770,2016,5,0,0,0,5
1707770,2017,4,0,0,0,4
1707770,2018,13,0,0,0,13
1707770,2019,11,0,0,0,11
1707770,2020,11,0,0,0,11
1707770,2021,9,4,0,0,13
1707770,2022,14,0,0,0,14
1707770,2023,13,2,0,0,15
1707770,2024,11,8,0,0,19
1707770,2025,8,2,0,0,10
1707913,2000,31,0,0,0,31
1707913,2001,30,0,0,0,30
1707913,2002,25,0,0,0,25
1707913,2003,34,0,0,0,34
1707913,2004,28,0,0,0,28
1707913,2005,27,0,0,0,27
1707913,2006,19,4,0,0,23
1707913,2007,18,2,0,0,20
1707913,2008,11,0,0,0,11
1707913,2009,11,4,0,0,15
1707913,2010,21,2,0,0,23
1707913,2011,14,4,0,0,18
1707913,2012,13,0,0,0,13
1707913,2013,12,0,0,0,12
1707913,2014,16,0,0,0,16
1707913,2015,16,0,0,0,16
1707913,2016,9,4,0,0,13
1707913,2017,12,2,0,0,14
1707913,2018,12,0,0,0,12
1707913,2019,9,0,4,36,49
1707913,2020,9,0,0,0,9
1707913,2021,6,0,0,0,6
1707913,2022,1,0,0,0,1
1707913,2023,3,0,0,0,3
1707913,2024,5,0,0,0,5
1707913,2025,2,0,0,0,2
1708225,2000,14,0,0,9,23
1708225,2001,16,0,0,0,16
1708225,2002,11,0,0,0,11
1708225,2003,32,0,0,0,32
1708225,2004,16,0,0,0,16
1708225,2005,83,0,0,0,83
1708225,2006,46,0,0,17,63
1708225,2007,54,0,0,5,59
1708225,2008,13,0,0,5,18
1708225,2009,0,0,0,6,6
1708225,2010,2,0,0,0,2
1708225,2011,0,0,0,0,0
1708225,2012,0,0,0,0,0
1708225,2013,0,0,0,0,0
1708225,2014,0,0,0,0,0
1708225,2015,0,0,0,0,0
1708225,2016,0,0,0,0,0
1708225,2017,4,0,0,0,4
1708225,2018,5,0,0,0,5
1708225,2019,8,0,0,0,8
1708225,2020,1,0,0,0,1
1708225,2021,0,0,0,0,0
1708225,2022,0,0,0,0,0
1708225,2023,0,0,0,0,0
1708225,2024,0,0,0,0,0
1708225,2025,0,0,0,0,0
1708264,2000,23,0,0,0,23
1708264,2001,21,0,0,0,21
1708264,2002,22,0,0,0,22
1708264,2003,10,0,0,0,10
1708264,2004,16,0,0,0,16
1708264,2005,26,0,0,0,26
1708264,2006,19,0,0,0,19
1708264,2007,11,0,0,0,11
1708264,2008,3,0,0,0,3
1708264,2009,7,0,0,0,7
1708264,2010,3,0,0,0,3
1708264,2011,2,0,0,0,2
1708264,2012,6,0,0,0,6
1708264,2013,5,0,0,0,5
1708264,2014,0,0,0,0,0
1708264,2015,2,0,0,0,2
1708264,2016,1,0,0,0,1
1708264,2017,6,0,0,0,6
1708264,2018,3,0,0,0,3
1708264,2019,5,0,0,0,5
1708264,2020,4,0,0,0,4
1708264,2021,2,0,0,0,2
1708264,2022,5,0,0,0,5
1708264,2023,5,0,0,0,5
1708264,2024,3,0,0,0,3
1708264,2025,6,0,0,0,6
1708303,2000,2,0,0,0,2
1708303,2001,2,0,0,0,2
1708303,2002,2,0,0,0,2
1708303,2003,1,0,0,0,1
1708303,2004,0,0,0,0,0
1708303,2005,2,0,0,0,2
1708303,2006,1,0,0,0,1
1708303,2007,2,0,0,0,2
1708303,2008,0,0,0,0,0
1708303,2009,2,0,0,0,2
1708303,2010,1,0,0,0,1
1708303,2011,1,0,0,0,1
1708303,2012,0,0,0,0,0
1708303,2013,0,0,0,0,0
1708303,2014,0,0,0,0,0
1708303,2015,0,0,0,0,0
1708303,2016,0,0,0,0,0
1708303,2017,2,0,0,0,2
1708303,2018,0,0,0,0,0
1708303,2019,1,0,0,0,1
1708303,2020,1,0,0,0,1
1708303,2021,0,0,0,0,0
1708303,2022,0,0,0,0,0
1708303,2023,1,0,0,0,1
1708303,2024,1,0,0,0,1
1708303,2025,0,0,0,0,0
1708420,2000,0,0,0,0,0
1708420,2001,1,0,0,0,1
1708420,2002,0,0,0,0,0
1708420,2003,2,0,0,0,2
1708420,2004,2,0,0,0,2
1708420,2005,2,0,0,0,2
1708420,2006,1,0,0,0,1
1708420,2007,0,0,0,0,0
1708420,2008,0,0,0,0,0
1708420,2009,1,0,0,0,1
1708420,2010,1,0,0,0,1
1708420,2011,0,0,0,0,0
1708420,2012,0,0,0,0,0
1708420,2013,0,0,0,0,0
1708420,2014,1,0,0,0,1
1708420,2015,0,0,0,0,0
1708420,2016,0,0,0,0,0
1708420,2017,0,0,0,0,0
1708420,2018,0,0,0,0,0
1708420,2019,0,0,0,0,0
1708420,2020,0,0,0,0,0
1708420,2021,0,0,0,0,0
1708420,2022,0,0,0,0,0
1708420,2023,0,0,0,0,0
1708420,2024,0,0,0,0,0
1708420,2025,0,0,0,0,0
1708446,2000,0,0,0,0,0
1708446,2001,0,0,0,0,0
1708446,2002,0,0,0,0,0
1708446,2003,1,0,0,0,1
1708446,2004,0,0,0,0,0
1708446,2005,0,0,0,0,0
1708446,2006,1,0,0,0,1
1708446,2007,0,0,0,0,0
1708446,2008,0,0,0,0,0
1708446,2009,0,0,0,0,0
1708446,2010,0,0,0,0,0
1708446,2011,0,0,0,0,0
1708446,2012,0,0,0,0,0
1708446,2013,0,0,0,0,0
1708446,2014,0,0,0,0,0
1708446,2015,0,0,0,0,0
1708446,2016,0,0,0,0,0
1708446,2017,0,0,0,0,0
1708446,2018,0,0,0,0,0
1708446,2019,0,0,0,0,0
1708446,2020,0,0,0,70,70
1708446,2021,0,0,0,0,0
1708446,2022,0,0,0,0,0
1708446,2023,0,0,0,0,0
1708446,2024,0,0,0,0,0
1708446,2025,0,0,0,0,0
1708472,2000,0,0,0,0,0
1708472,2001,1,0,0,0,1
1708472,2002,1,0,0,0,1
1708472,2003,1,0,0,0,1
1708472,2004,1,0,0,0,1
1708472,2005,1,0,0,0,1
1708472,2006,1,0,0,0,1
1708472,2007,0,0,0,0,0
1708472,2008,0,0,0,0,0
1708472,2009,0,0,0,0,0
1708472,2010,0,0,0,0,0
1708472,2011,0,0,0,0,0
1708472,2012,0,0,0,0,0
1708472,2013,0,0,0,0,0
1708472,2014,0,0,0,0,0
1708472,2015,0,0,0,0,0
1708472,2016,0,0,0,0,0
1708472,2017,0,0,0,0,0
1708472,2018,0,0,0,0,0
1708472,2019,0,0,0,0,0
1708472,2020,0,0,0,0,0
1708472,2021,0,0,0,0,0
1708472,2022,0,0,0,0,0
1708472,2023,0,0,0,0,0
1708472,2024,0,0,0,0,0
1708472,2025,0,0,0,0,0
1708524,2000,0,0,0,0,0
1708524,2001,0,0,0,0,0
1708524,2002,0,0,0,0,0
1708524,2003,0,0,0,0,0
1708524,2004,0,0,0,0,0
1708524,2005,0,0,0,0,0
1708524,2006,0,0,0,0,0
1708524,2007,0,0,0,0,0
1708524,2008,0,0,0,0,0
1708524,2009,0,0,0,0,0
1708524,2010,0,0,0,0,0
1708524,2011,0,0,0,0,0
1708524,2012,0,0,0,0,0
1708524,2013,0,0,0,0,0
1708524,2014,0,0,0,0,0
1708524,2015,0,0,0,0,0
1708524,2016,0,0,0,0,0
1708524,2017,0,0,0,0,0
1708524,2018,0,0,0,0,0
1708524,2019,0,0,0,0,0
1708524,2020,0,0,0,0,0
1708524,2021,0,0,0,0,0
1708524,2022,0,0,0,0,0
1708524,2023,0,0,0,0,0
1708524,2024,0,0,0,0,0
1708524,2025,0,0,0,0,0
1708576,2000,3,0,7,5,15
1708576,2001,2,0,0,0,2
1708576,2002,3,0,0,115,118
1708576,2003,6,0,0,0,6
1708576,2004,4,0,0,0,4
1708576,2005,5,0,0,0,5
1708576,2006,47,0,0,0,47
1708576,2007,18,0,0,0,18
1708576,2008,0,0,0,0,0
1708576,2009,0,0,0,0,0
1708576,2010,0,0,0,0,0
1708576,2011,0,0,0,0,0
1708576,2012,0,0,0,0,0
1708576,2013,3,0,0,0,3
1708576,2014,1,0,0,9,10
1708576,2015,4,0,0,0,4
1708576,2016,4,0,0,0,4
1708576,2017,5,0,0,0,5
1708576,2018,0,0,0,0,0
1708576,2019,0,0,0,6,6
1708576,2020,2,0,0,17,19
1708576,2021,0,0,0,0,0
1708576,2022,0,0,0,9,9
1708576,2023,0,0,0,0,0
1708576,2024,4,0,6,0,10
1708576,2025,2,0,0,0,2
1708706,2002,0,0,0,0,0
1708706,2003,0,0,0,0,0
1708706,2004,0,0,0,0,0
1708706,2005,0,0,0,0,0
1708706,2006,0,0,0,0,0
1708706,2007,0,0,0,0,0
1708706,2008,1,0,0,8,9
1708706,2009,0,0,0,0,0
1708706,2010,0,0,0,0,0
1708706,2011,0,0,0,0,0
1708706,2012,1,0,0,0,1
1708706,2013,0,0,0,0,0
1708706,2014,0,0,0,0,0
1708706,2015,0,0,3,0,3
1708706,2016,0,0,0,0,0
1708706,2017,0,0,0,0,0
1708706,2018,0,0,0,0,0
1708706,2019,0,0,0,0,0
1708706,2020,0,0,0,0,0
1708706,2021,0,0,0,0,0
1708706,2022,0,0,0,0,0
1708706,2023,0,0,0,0,0
1708706,2024,1,0,0,0,1
1708706,2025,1,0,0,0,1
1709304,2000,0,0,0,0,0
1709304,2001,1,0,0,0,1
1709304,2002,0,0,0,0,0
1709304,2003,0,0,0,0,0
1709304,2004,0,0,0,0,0
1709304,2005,2,0,0,0,2
1709304,2006,0,0,0,0,0
1709304,2007,2,0,0,0,2
1709304,2008,0,0,0,0,0
1709304,2009,0,0,0,0,0
1709304,2010,0,0,0,0,0
1709304,2011,0,0,0,0,0
1709304,2012,0,0,0,0,0
1709304,2013,0,0,0,0,0
1709304,2014,0,0,0,0,0
1709304,2015,0,0,0,0,0
1709304,2016,0,0,0,0,0
1709304,2017,0,0,0,0,0
1709304,2018,0,0,0,0,0
1709304,2019,2,0,0,0,2
1709304,2020,0,0,0,0,0
1709304,2021,0,0,0,0,0
1709304,2022,0,0,0,0,0
1709304,2023,0,0,0,0,0
1709304,2024,0,0,0,0,0
1709304,2025,0,0,0,0,0
1709317,2000,1,0,0,0,1
1709317,2001,3,0,0,0,3
1709317,2002,0,0,0,0,0
1709317,2003,1,0,0,0,1
1709317,2004,1,0,0,0,1
1709317,2005,1,0,0,0,1
1709317,2006,1,0,0,0,1
1709317,2007,1,0,0,0,1
1709317,2008,1,0,0,0,1
1709317,2009,0,0,0,0,0
1709317,2010,0,0,0,0,0
1709317,2011,0,0,0,0,0
1709317,2012,0,0,0,0,0
1709317,2013,0,0,0,0,0
1709317,2014,0,0,0,0,0
1709317,2015,0,0,0,0,0
1709317,2016,0,0,0,0,0
1709317,2017,0,0,0,0,0
1709317,2018,0,0,0,0,0
1709317,2019,0,0,0,0,0
1709317,2020,0,0,0,0,0
1709317,2021,0,0,0,0,0
1709317,2022,0,0,0,0,0
1709317,2023,0,0,0,0,0
1709317,2024,0,0,0,0,0
1709317,2025,0,0,0,0,0
1709434,2000,0,0,0,0,0
1709434,2001,0,0,0,0,0
1709434,2002,0,0,0,0,0
1709434,2003,0,0,0,0,0
1709434,2004,0,0,0,0,0
1709434,2005,0,0,0,0,0
1709434,2006,0,0,0,0,0
1709434,2007,0,0,0,0,0
1709434,2008,0,0,0,0,0
1709434,2009,0,0,0,0,0
1709434,2010,0,0,0,0,0
1709434,2011,0,0,0,0,0
1709434,2012,0,0,0,0,0
1709434,2013,0,0,0,0,0
1709434,2014,0,0,0,0,0
1709434,2015,0,0,0,0,0
1709434,2016,0,0,0,0,0
1709434,2017,0,0,0,0,0
1709434,2018,0,0,0,0,0
1709434,2019,0,0,0,0,0
1709434,2020,0,0,0,0,0
1709434,2021,0,0,0,0,0
1709434,2022,0,0,0,0,0
1709434,2023,0,0,0,0,0
1709434,2024,0,0,0,0,0
1709434,2025,0,0,0,0,0
1709447,2000,18,0,0,32,50
1709447,2001,27,0,0,0,27
1709447,2002,59,0,0,0,59
1709447,2003,17,0,0,0,17
1709447,2004,3,0,0,0,3
1709447,2005,17,0,0,90,107
1709447,2006,154,0,0,0,154
1709447,2007,18,0,0,0,18
1709447,2008,9,0,0,0,9
1709447,2009,7,0,0,0,7
1709447,2010,54,0,0,0,54
1709447,2011,12,0,0,0,12
1709447,2012,15,0,0,0,15
1709447,2013,6,0,0,0,6
1709447,2014,8,0,0,0,8
1709447,2015,23,0,0,0,23
1709447,2016,17,0,0,0,17
1709447,2017,18,0,0,0,18
1709447,2018,0,0,0,0,0
1709447,2019,2,0,0,0,2
1709447,2020,39,0,0,0,39
1709447,2021,72,0,0,0,72
1709447,2022,67,0,0,0,67
1709447,2023,25,0,0,0,25
1709447,2024,0,0,0,0,0
1709447,2025,1,0,0,0,1
1709531,2000,3,0,0,0,3
1709531,2001,1,0,0,0,1
1709531,2002,4,0,0,0,4
1709531,2003,4,0,0,0,4
1709531,2004,11,0,0,0,11
1709531,2005,6,0,0,0,6
1709531,2006,16,0,0,0,16
1709531,2007,6,0,0,0,6
1709531,2008,3,0,0,0,3
1709531,2009,1,0,0,0,1
1709531,2010,0,0,0,0,0
1709531,2011,0,0,0,0,0
1709531,2012,0,0,0,0,0
1709531,2013,0,0,0,0,0
1709531,2014,2,0,0,0,2
1709531,2015,0,0,0,0,0
1709531,2016,2,0,0,0,2
1709531,2017,0,0,0,0,0
1709531,2018,3,0,0,0,3
1709531,2019,2,0,0,0,2
1709531,2020,1,0,0,0,1
1709531,2021,0,0,0,0,0
1709531,2022,2,0,0,0,2
1709531,2023,1,0,0,0,1
1709531,2024,3,0,0,0,3
1709531,2025,4,0,0,0,4
1709538,2000,0,0,0,0,0
1709538,2001,1,0,0,0,1
1709538,2002,0,0,0,0,0
1709538,2003,0,0,0,0,0
1709538,2004,0,0,0,0,0
1709538,2005,0,0,0,0,0
1709538,2006,0,0,0,0,0
1709538,2007,0,0,0,0,0
1709538,2008,0,0,0,0,0
1709538,2009,0,0,0,0,0
1709538,2010,0,0,0,0,0
1709538,2011,0,0,0,0,0
1709538,2012,0,0,0,0,0
1709538,2013,0,0,0,0,0
1709538,2014,0,0,0,0,0
1709538,2015,0,0,0,0,0
1709538,2016,0,0,0,0,0
1709538,2017,0,0,0,0,0
1709538,2018,0,0,0,0,0
1709538,2019,0,0,0,0,0
1709538,2020,0,0,0,0,0
1709538,2021,0,0,0,0,0
1709538,2022,0,0,0,0,0
1709538,2023,0,0,0,0,0
1709538,2024,0,0,0,0,0
1709538,2025,0,0,0,0,0
1709642,2000,48,2,0,16,66
1709642,2001,54,0,0,0,54
1709642,2002,75,0,0,14,89
1709642,2003,78,0,0,0,78
1709642,2004,76,0,0,0,76
1709642,2005,127,0,0,0,127
1709642,2006,82,0,0,0,82
1709642,2007,56,0,0,0,56
1709642,2008,34,0,0,0,34
1709642,2009,0,0,0,0,0
1709642,2010,8,0,0,0,8
1709642,2011,9,0,0,0,9
1709642,2012,8,0,0,6,14
1709642,2013,14,0,0,0,14
1709642,2014,14,0,0,0,14
1709642,2015,12,2,0,0,14
1709642,2016,9,0,0,0,9
1709642,2017,15,2,0,0,17
1709642,2018,8,0,0,0,8
1709642,2019,6,0,0,0,6
1709642,2020,12,0,0,0,12
1709642,2021,11,0,0,0,11
1709642,2022,8,0,0,0,8
1709642,2023,9,0,0,0,9
1709642,2024,7,0,0,0,7
1709642,2025,14,0,0,0,14
1709798,2000,7,0,0,0,7
1709798,2001,5,0,0,0,5
1709798,2002,7,0,0,0,7
1709798,2003,9,0,0,0,9
1709798,2004,9,0,0,0,9
1709798,2005,10,0,0,0,10
1709798,2006,8,0,0,0,8
1709798,2007,10,0,0,0,10
1709798,2008,4,0,0,0,4
1709798,2009,5,0,0,0,5
1709798,2010,1,0,0,0,1
1709798,2011,0,0,0,0,0
1709798,2012,0,0,0,0,0
1709798,2013,0,0,0,0,0
1709798,2014,0,0,0,0,0
1709798,2015,0,0,0,0,0
1709798,2016,0,0,0,0,0
1709798,2017,0,0,0,0,0
1709798,2018,0,0,0,0,0
1709798,2019,0,0,0,0,0
1709798,2020,0,0,0,0,0
1709798,2021,0,0,0,0,0
1709798,2022,0,0,0,0,0
1709798,2023,0,0,0,0,0
1709798,2024,0,0,0,0,0
1709798,2025,0,0,0,0,0
1709980,2000,62,0,0,0,62
1709980,2001,53,0,0,0,53
1709980,2002,54,0,0,0,54
1709980,2003,40,0,0,0,40
1709980,2004,41,0,0,0,41
1709980,2005,36,0,0,0,36
1709980,2006,28,0,0,0,28
1709980,2007,30,0,0,0,30
1709980,2008,11,0,0,0,11
1709980,2009,4,0,0,0,4
1709980,2010,12,0,0,0,12
1709980,2011,7,0,0,0,7
1709980,2012,9,0,0,0,9
1709980,2013,12,0,0,0,12
1709980,2014,28,0,0,0,28
1709980,2015,27,0,0,0,27
1709980,2016,30,0,0,0,30
1709980,2017,25,0,0,0,25
1709980,2018,40,0,0,0,40
1709980,2019,32,0,0,0,32
1709980,2020,37,0,0,0,37
1709980,2021,14,0,0,0,14
1709980,2022,17,0,0,0,17
1709980,2023,12,0,0,0,12
1709980,2024,14,0,0,0,14
1709980,2025,10,0,0,0,10
1710240,2000,45,0,0,0,45
1710240,2001,46,2,0,0,48
1710240,2002,34,6,12,0,52
1710240,2003,35,20,16,0,71
1710240,2004,40,14,0,0,54
1710240,2005,32,0,6,0,38
1710240,2006,27,0,0,0,27
1710240,2007,16,8,9,0,33
1710240,2008,11,0,0,0,11
1710240,2009,1,6,0,0,7
1710240,2010,1,0,0,0,1
1710240,2011,0,6,0,0,6
1710240,2012,1,0,0,0,1
1710240,2013,2,0,0,0,2
1710240,2014,7,0,0,0,7
1710240,2015,4,0,0,0,4
1710240,2016,8,0,0,0,8
1710240,2017,8,0,0,0,8
1710240,2018,4,4,0,0,8
1710240,2019,2,0,3,0,5
1710240,2020,6,0,0,0,6
1710240,2021,3,0,0,0,3
1710240,2022,7,0,0,0,7
1710240,2023,4,0,0,0,4
1710240,2024,7,0,0,0,7
1710240,2025,7,2,0,0,9
1710373,2022,1,0,0,0,1
1710373,2023,1,0,0,0,1
1710373,2024,0,0,0,0,0
1710373,2025,0,0,0,0,0
1710383,2000,2,0,0,0,2
1710383,2001,2,0,0,0,2
1710383,2002,2,0,0,0,2
1710383,2003,0,0,0,0,0
1710383,2004,0,0,0,0,0
1710383,2005,0,0,0,0,0
1710383,2006,0,0,0,0,0
1710383,2007,0,0,0,0,0
1710383,2008,0,0,0,0,0
1710383,2009,0,0,0,0,0
1710383,2010,0,0,0,0,0
1710383,2011,1,0,0,0,1
1710383,2012,0,0,0,0,0
1710383,2013,0,0,0,0,0
1710383,2014,0,0,0,0,0
1710383,2015,0,0,0,0,0
1710383,2016,0,0,0,0,0
1710383,2017,0,0,0,0,0
1710383,2018,0,0,0,0,0
1710383,2019,0,0,0,0,0
1710383,2020,0,0,0,0,0
1710383,2021,0,0,0,0,0
1710383,2022,0,0,0,0,0
1710383,2023,0,0,0,0,0
1710383,2024,0,2,0,0,2
1710383,2025,0,0,0,0,0
1710422,2003,0,0,0,0,0
1710422,2004,0,0,0,0,0
1710422,2005,0,0,0,0,0
1710422,2006,0,0,0,0,0
1710422,2007,0,0,0,0,0
1710422,2008,0,0,0,0,0
1710422,2009,0,0,0,0,0
1710422,2010,0,0,0,0,0
1710422,2011,0,0,0,0,0
1710422,2012,0,0,0,0,0
1710422,2013,0,0,0,0,0
1710422,2014,0,0,0,0,0
1710422,2015,0,0,0,0,0
1710422,2016,0,0,0,0,0
1710422,2017,0,0,0,0,0
1710422,2018,0,0,0,0,0
1710422,2019,0,0,0,0,0
1710422,2020,0,0,0,0,0
1710422,2021,0,0,0,0,0
1710422,2022,0,0,0,0,0
1710422,2023,0,0,0,0,0
1710422,2024,0,0,0,0,0
1710422,2025,0,0,0,0,0
1710487,2000,14,0,0,0,14
1710487,2001,40,0,0,0,40
1710487,2002,25,0,0,100,125
1710487,2003,24,0,0,8,32
1710487,2004,22,0,0,5,27
1710487,2005,15,0,0,0,15
1710487,2006,11,0,0,0,11
1710487,2007,12,0,0,0,12
1710487,2008,3,0,0,0,3
1710487,2009,16,0,0,0,16
1710487,2010,0,0,0,0,0
1710487,2011,1,0,0,0,1
1710487,2012,0,0,0,0,0
1710487,2013,0,0,0,0,0
1710487,2014,0,0,0,0,0
1710487,2015,0,0,0,0,0
1710487,2016,0,0,0,0,0
1710487,2017,0,0,0,0,0
1710487,2018,0,0,0,0,0
1710487,2019,0,0,0,0,0
1710487,2020,0,0,0,0,0
1710487,2021,0,0,0,0,0
1710487,2022,0,0,0,0,0
1710487,2023,0,0,0,0,0
1710487,2024,0,0,0,0,0
1710487,2025,0,0,0,0,0
1710513,2000,0,0,0,0,0
1710513,2001,0,0,0,0,0
1710513,2002,0,0,0,0,0
1710513,2003,0,0,0,0,0
1710513,2004,5,0,0,0,5
1710513,2005,0,0,0,0,0
1710513,2006,2,0,28,0,30
1710513,2007,7,0,0,0,7
1710513,2008,6,0,0,0,6
1710513,2009,6,0,21,0,27
1710513,2010,0,0,3,0,3
1710513,2011,0,0,3,0,3
1710513,2012,0,0,3,0,3
1710513,2013,0,0,0,0,0
1710513,2014,0,0,0,0,0
1710513,2015,0,0,0,0,0
1710513,2016,0,0,0,0,0
1710513,2017,0,0,0,0,0
1710513,2018,0,0,0,0,0
1710513,2019,0,0,0,0,0
1710513,2020,0,0,0,0,0
1710513,2021,0,0,0,0,0
1710513,2022,0,0,0,0,0
1710513,2023,0,0,0,0,0
1710513,2024,0,0,0,0,0
1710513,2025,0,0,0,0,0
1710591,2000,6,0,0,0,6
1710591,2001,6,0,0,0,6
1710591,2002,6,0,0,0,6
1710591,2003,0,0,0,0,0
1710591,2004,6,0,0,0,6
1710591,2005,5,0,0,0,5
1710591,2006,2,0,0,0,2
1710591,2007,4,0,0,0,4
1710591,2008,1,0,0,0,1
1710591,2009,1,0,0,0,1
1710591,2010,3,0,0,0,3
1710591,2011,0,0,0,0,0
1710591,2012,2,0,0,0,2
1710591,2013,0,0,0,0,0
1710591,2014,2,0,0,0,2
1710591,2015,1,0,0,0,1
1710591,2016,1,0,0,0,1
1710591,2017,0,0,0,0,0
1710591,2018,0,0,0,0,0
1710591,2019,1,0,0,0,1
1710591,2020,0,0,0,0,0
1710591,2021,0,0,0,0,0
1710591,2022,1,0,0,0,1
1710591,2023,1,0,0,0,1
1710591,2024,2,0,0,0,2
1710591,2025,1,0,0,0,1
1710630,2002,0,0,0,0,0
1710630,2003,0,0,0,0,0
1710630,2004,1,0,3,0,4
1710630,2005,1,0,3,0,4
1710630,2006,1,0,0,0,1
1710630,2007,3,0,0,0,3
1710630,2008,0,0,0,0,0
1710630,2009,2,0,0,0,2
1710630,2010,13,0,0,0,13
1710630,2011,9,0,0,0,9
1710630,2012,1,0,0,0,1
1710630,2013,3,0,0,0,3
1710630,2014,4,0,0,0,4
1710630,2015,4,0,0,0,4
1710630,2016,4,0,0,0,4
1710630,2017,4,0,0,0,4
1710630,2018,106,0,0,0,106
1710630,2019,102,0,0,0,102
1710630,2020,110,0,0,0,110
1710630,2021,10,0,0,0,10
1710630,2022,9,0,0,0,9
1710630,2023,9,0,0,0,9
1710630,2024,6,0,0,0,6
1710630,2025,10,0,0,0,10
1710643,2000,0,0,0,0,0
1710643,2001,0,0,0,0,0
1710643,2002,5,0,0,0,5
1710643,2003,1,0,0,0,1
1710643,2004,2,0,0,0,2
1710643,2005,4,0,0,0,4
1710643,2006,10,0,0,0,10
1710643,2007,4,0,0,0,4
1710643,2008,2,0,0,0,2
1710643,2009,2,0,0,0,2
1710643,2010,1,0,0,0,1
1710643,2011,2,0,0,0,2
1710643,2012,0,0,0,0,0
1710643,2013,1,0,0,0,1
1710643,2014,1,0,0,0,1
1710643,2015,0,0,0,0,0
1710643,2016,0,0,0,0,0
1710643,2017,0,0,0,0,0
1710643,2018,1,0,0,0,1
1710643,2019,0,0,0,0,0
1710643,2020,0,0,0,0,0
1710643,2021,0,0,0,0,0
1710643,2022,1,0,0,0,1
1710643,2023,0,0,0,0,0
1710643,2024,1,0,0,0,1
1710643,2025,0,0,0,0,0
1710773,2000,0,0,0,0,0
1710773,2001,0,0,0,0,0
1710773,2002,0,0,0,0,0
1710773,2003,0,0,0,0,0
1710773,2004,0,0,0,0,0
1710773,2005,0,0,0,0,0
1710773,2006,0,0,0,0,0
1710773,2007,0,0,0,0,0
1710773,2008,0,0,0,0,0
1710773,2009,0,0,0,0,0
1710773,2010,0,0,0,0,0
1710773,2011,0,0,0,0,0
1710773,2012,0,0,0,0,0
1710773,2013,0,0,0,0,0
1710773,2014,0,0,0,0,0
1710773,2015,0,0,0,0,0
1710773,2016,0,0,0,0,0
1710773,2017,0,0,0,0,0
1710773,2018,0,0,0,0,0
1710773,2019,0,0,0,0,0
1710773,2020,0,0,0,0,0
1710773,2021,0,0,0,0,0
1710773,2022,0,0,0,0,0
1710773,2023,0,0,0,0,0
1710773,2024,0,0,0,0,0
1710773,2025,0,0,0,0,0
1710877,2000,0,0,0,0,0
1710877,2001,0,0,0,0,0
1710877,2002,0,0,0,0,0
1710877,2003,3,0,0,0,3
1710877,2004,3,0,0,0,3
1710877,2005,2,0,0,0,2
1710877,2006,5,0,0,0,5
1710877,2007,4,0,0,0,4
1710877,2008,3,0,0,0,3
1710877,2009,1,0,0,0,1
1710877,2010,1,0,0,0,1
1710877,2011,1,0,0,0,1
1710877,2012,1,0,0,0,1
1710877,2013,1,0,0,0,1
1710877,2014,0,0,0,0,0
1710877,2015,0,0,0,0,0
1710877,2016,0,0,0,0,0
1710877,2017,0,0,0,0,0
1710877,2018,0,0,0,0,0
1710877,2019,0,0,0,0,0
1710877,2020,4,0,0,0,4
1710877,2021,2,0,0,0,2
1710877,2022,1,0,0,0,1
1710877,2023,4,0,0,0,4
1710877,2024,3,0,0,0,3
1710877,2025,2,0,0,5,7
1710906,2013,2,0,0,0,2
1710906,2014,6,0,0,0,6
1710906,2015,10,0,0,0,10
1710906,2016,9,0,0,0,9
1710906,2017,10,0,0,0,10
1710906,2018,23,0,0,0,23
1710906,2019,22,0,0,0,22
1710906,2020,16,0,0,0,16
1710906,2021,12,0,0,0,12
1710906,2022,23,0,0,0,23
1710906,2023,30,0,0,0,30
1710906,2024,13,0,0,0,13
1710906,2025,9,0,0,0,9
1711007,2000,10,0,0,0,10
1711007,2001,14,0,0,0,14
1711007,2002,8,0,0,0,8
1711007,2003,15,0,0,0,15
1711007,2004,8,0,0,0,8
1711007,2005,10,0,0,0,10
1711007,2006,7,0,0,0,7
1711007,2007,7,0,0,0,7
1711007,2008,3,0,0,0,3
1711007,2009,3,0,0,0,3
1711007,2010,4,0,0,0,4
1711007,2011,0,0,0,0,0
1711007,2012,4,0,0,40,44
1711007,2013,2,2,0,0,4
1711007,2014,1,0,0,0,1
1711007,2015,4,0,0,0,4
1711007,2016,0,0,0,0,0
1711007,2017,1,0,0,0,1
1711007,2018,1,0,0,0,1
1711007,2019,2,0,0,0,2
1711007,2020,2,0,0,0,2
1711007,2021,3,0,0,0,3
1711007,2022,3,0,0,0,3
1711007,2023,2,0,0,0,2
1711007,2024,2,0,0,0,2
1711007,2025,0,0,0,0,0
1711124,2000,0,0,0,0,0
1711124,2001,26,0,0,0,26
1711124,2002,28,0,0,0,28
1711124,2003,32,0,0,0,32
1711124,2004,32,0,0,0,32
1711124,2005,31,0,0,0,31
1711124,2006,24,0,0,0,24
1711124,2007,18,0,0,0,18
1711124,2008,0,0,0,0,0
1711124,2009,0,0,0,0,0
1711124,2010,0,0,0,0,0
1711124,2011,0,0,0,0,0
1711124,2012,0,0,0,0,0
1711124,2013,0,0,0,0,0
1711124,2014,0,0,0,0,0
1711124,2015,0,0,0,0,0
1711124,2016,0,0,4,0,4
1711124,2017,2,0,0,0,2
1711124,2018,2,0,0,0,2
1711124,2019,1,0,0,0,1
1711124,2020,1,0,4,0,5
1711124,2021,2,0,0,0,2
1711124,2022,4,0,0,0,4
1711124,2023,4,0,0,0,4
1711124,2024,0,0,0,0,0
1711124,2025,0,0,0,0,0
1711150,2000,8,0,0,0,8
1711150,2001,1,0,0,0,1
1711150,2002,3,0,0,0,3
1711150,2003,3,0,0,0,3
1711150,2004,2,0,0,0,2
1711150,2005,4,0,0,0,4
1711150,2006,1,0,0,0,1
1711150,2007,1,0,0,0,1
1711150,2008,0,0,0,0,0
1711150,2009,0,0,0,0,0
1711150,2010,0,0,0,0,0
1711150,2011,0,0,0,0,0
1711150,2012,0,0,0,0,0
1711150,2013,0,0,0,0,0
1711150,2014,0,0,0,0,0
1711150,2015,0,0,0,0,0
1711150,2016,1,0,0,0,1
1711150,2017,0,0,0,0,0
1711150,2018,0,0,0,0,0
1711150,2019,0,0,0,0,0
1711150,2020,0,0,0,0,0
1711150,2021,0,0,0,0,0
1711150,2022,1,0,0,0,1
1711150,2023,1,0,0,0,1
1711150,2024,1,0,0,0,1
1711150,2025,0,0,0,0,0
1711163,2000,37,0,0,67,104
1711163,2001,16,6,16,54,92
1711163,2002,29,22,28,84,163
1711163,2003,16,4,16,117,153
1711163,2004,55,12,4,38,109
1711163,2005,74,0,11,27,112
1711163,2006,38,14,12,488,552
1711163,2007,28,18,6,316,368
1711163,2008,17,8,0,214,239
1711163,2009,84,4,0,86,174
1711163,2010,10,4,4,42,60
1711163,2011,12,0,7,62,81
1711163,2012,7,0,60,16,83
1711163,2013,7,6,28,0,41
1711163,2014,9,0,0,121,130
1711163,2015,1,0,32,0,33
1711163,2016,11,12,0,0,23
1711163,2017,5,6,0,0,11
1711163,2018,7,0,0,0,7
1711163,2019,4,0,0,0,4
1711163,2020,4,0,0,0,4
1711163,2021,4,0,0,0,4
1711163,2022,3,0,0,0,3
1711163,2023,2,0,0,0,2
1711163,2024,2,0,0,0,2
1711163,2025,1,0,0,0,1
1711176,2000,2,0,0,0,2
1711176,2001,0,0,0,0,0
1711176,2002,1,0,0,0,1
1711176,2003,2,0,0,0,2
1711176,2004,0,0,0,0,0
1711176,2005,0,0,0,0,0
1711176,2006,0,0,0,0,0
1711176,2007,3,0,0,0,3
1711176,2008,0,0,0,0,0
1711176,2009,0,0,0,0,0
1711176,2010,1,0,0,0,1
1711176,2011,2,0,0,0,2
1711176,2012,0,0,0,0,0
1711176,2013,0,0,0,0,0
1711176,2014,0,0,0,0,0
1711176,2015,0,0,0,0,0
1711176,2016,0,0,0,0,0
1711176,2017,0,0,0,0,0
1711176,2018,1,0,0,0,1
1711176,2019,1,0,0,0,1
1711176,2020,0,0,0,0,0
1711176,2021,1,0,0,0,1
1711176,2022,1,0,0,0,1
1711176,2023,0,0,0,0,0
1711176,2024,0,0,0,0,0
1711176,2025,1,0,0,0,1
1711202,2013,2,0,0,0,2
1711202,2014,2,0,0,0,2
1711202,2015,0,0,0,0,0
1711202,2016,1,0,0,0,1
1711202,2017,1,0,0,0,1
1711202,2018,1,0,0,0,1
1711202,2019,2,0,0,0,2
1711202,2020,0,0,0,0,0
1711202,2021,0,0,0,0,0
1711202,2022,0,0,0,0,0
1711202,2023,2,0,0,0,2
1711202,2024,0,0,0,0,0
1711202,2025,3,0,0,0,3
1711215,2000,0,0,0,0,0
1711215,2001,1,0,0,0,1
1711215,2002,0,0,0,0,0
1711215,2003,0,0,0,0,0
1711215,2004,1,0,0,0,1
1711215,2005,7,0,0,0,7
1711215,2006,5,0,0,0,5
1711215,2007,6,0,0,0,6
1711215,2008,10,0,0,0,10
1711215,2009,5,0,0,0,5
1711215,2010,0,0,0,0,0
1711215,2011,1,0,0,0,1
1711215,2012,4,0,0,0,4
1711215,2013,0,0,0,0,0
1711215,2014,1,0,0,0,1
1711215,2015,2,0,0,0,2
1711215,2016,3,0,0,0,3
1711215,2017,0,0,0,0,0
1711215,2018,1,0,0,0,1
1711215,2019,0,0,0,0,0
1711215,2020,0,0,0,0,0
1711215,2021,1,0,0,0,1
1711215,2022,0,0,8,0,8
1711215,2023,2,0,4,0,6
1711215,2024,7,0,0,0,7
1711215,2025,3,0,0,0,3
1711228,2000,10,2,0,0,12
1711228,2001,13,0,0,0,13
1711228,2002,10,0,0,0,10
1711228,2003,5,2,0,16,23
1711228,2004,9,0,0,0,9
1711228,2005,8,2,0,0,10
1711228,2006,6,0,0,0,6
1711228,2007,1,4,0,0,5
1711228,2008,3,0,0,0,3
1711228,2009,3,0,0,0,3
1711228,2010,3,0,0,0,3
1711228,2011,4,0,0,0,4
1711228,2012,2,0,0,0,2
1711228,2013,3,0,0,0,3
1711228,2014,5,0,0,0,5
1711228,2015,3,0,0,0,3
1711228,2016,2,2,0,0,4
1711228,2017,3,0,0,0,3
1711228,2018,4,0,0,0,4
1711228,2019,2,0,0,0,2
1711228,2020,4,0,0,0,4
1711228,2021,1,0,0,0,1
1711228,2022,1,0,0,0,1
1711228,2023,2,0,0,0,2
1711228,2024,0,0,0,0,0
1711228,2025,0,0,0,0,0
1711293,2013,0,0,0,0,0
1711293,2014,2,0,0,0,2
1711293,2015,3,0,0,0,3
1711293,2016,0,0,0,0,0
1711293,2017,0,0,0,0,0
1711293,2018,0,0,0,0,0
1711293,2019,0,0,0,0,0
1711293,2020,0,0,0,0,0
1711293,2021,0,0,0,0,0
1711293,2022,0,0,0,0,0
1711293,2023,0,0,0,0,0
1711293,2024,0,0,0,0,0
1711293,2025,0,0,0,0,0
1711332,2000,19,0,0,0,19
1711332,2001,25,0,0,0,25
1711332,2002,69,6,0,0,75
1711332,2003,98,0,0,0,98
1711332,2004,26,0,0,0,26
1711332,2005,82,0,0,0,82
1711332,2006,70,0,0,0,70
1711332,2007,148,0,0,0,148
1711332,2008,1,0,0,0,1
1711332,2009,0,0,0,0,0
1711332,2010,11,0,0,0,11
1711332,2011,33,0,0,0,33
1711332,2012,10,0,0,0,10
1711332,2013,32,0,0,0,32
1711332,2014,36,0,0,0,36
1711332,2015,10,0,0,5,15
1711332,2016,14,0,0,0,14
1711332,2017,0,0,0,0,0
1711332,2018,2,0,0,0,2
1711332,2019,1,0,0,0,1
1711332,2020,0,0,0,0,0
1711332,2021,0,0,0,0,0
1711332,2022,0,0,0,0,0
1711332,2023,0,0,0,18,18
1711332,2024,8,0,0,0,8
1711332,2025,22,0,0,0,22
1711358,2000,475,0,0,0,475
1711358,2001,332,0,0,0,332
1711358,2002,142,0,0,0,142
1711358,2003,360,0,0,0,360
1711358,2004,436,0,0,0,436
1711358,2005,33,0,0,0,33
1711358,2006,144,0,0,0,144
1711358,2007,54,0,0,0,54
1711358,2008,27,0,0,0,27
1711358,2009,46,0,0,0,46
1711358,2010,35,0,0,0,35
1711358,2011,9,0,0,0,9
1711358,2012,41,0,0,0,41
1711358,2013,39,0,0,0,39
1711358,2014,26,0,0,0,26
1711358,2015,0,0,0,0,0
1711358,2016,0,0,0,0,0
1711358,2017,0,0,0,0,0
1711358,2018,0,0,0,0,0
1711358,2019,0,0,0,0,0
1711358,2020,3,0,0,0,3
1711358,2021,1,0,0,0,1
1711358,2022,1,0,0,0,1
1711358,2023,0,0,0,0,0
1711358,2024,0,0,0,0,0
1711358,2025,0,0,0,0,0
1711462,2000,4,0,0,0,4
1711462,2001,1,0,3,0,4
1711462,2002,1,0,3,0,4
1711462,2003,5,0,0,0,5
1711462,2004,7,0,0,0,7
1711462,2005,6,0,0,0,6
1711462,2006,23,2,0,0,25
1711462,2007,17,2,0,0,19
1711462,2008,1,0,0,0,1
1711462,2009,1,0,0,0,1
1711462,2010,1,0,0,0,1
1711462,2011,1,0,0,0,1
1711462,2012,1,0,0,0,1
1711462,2013,1,0,0,0,1
1711462,2014,26,0,0,0,26
1711462,2015,28,0,0,0,28
1711462,2016,3,0,0,0,3
1711462,2017,3,0,0,0,3
1711462,2018,3,0,0,0,3
1711462,2019,3,0,0,0,3
1711462,2020,2,0,0,0,2
1711462,2021,2,0,0,0,2
1711462,2022,1,0,0,0,1
1711462,2023,0,0,0,0,0
1711462,2024,1,0,0,0,1
1711462,2025,2,0,0,0,2
1711514,2000,13,4,0,0,17
1711514,2001,41,0,0,0,41
1711514,2002,32,6,4,0,42
1711514,2003,29,12,0,60,101
1711514,2004,41,4,4,0,49
1711514,2005,34,12,8,0,54
1711514,2006,38,4,4,0,46
1711514,2007,46,2,4,0,52
1711514,2008,30,2,4,0,36
1711514,2009,16,0,0,0,16
1711514,2010,15,0,0,0,15
1711514,2011,23,0,16,0,39
1711514,2012,20,0,8,12,40
1711514,2013,20,2,24,12,58
1711514,2014,12,4,8,0,24
1711514,2015,14,0,4,0,18
1711514,2016,14,0,4,0,18
1711514,2017,15,0,4,0,19
1711514,2018,14,0,4,0,18
1711514,2019,13,0,4,0,17
1711514,2020,10,0,0,0,10
1711514,2021,11,0,0,0,11
1711514,2022,9,0,0,0,9
1711514,2023,6,0,0,0,6
1711514,2024,7,0,0,0,7
1711514,2025,6,0,0,0,6
1711527,2000,4,2,0,0,6
1711527,2001,5,2,0,0,7
1711527,2002,3,0,0,0,3
1711527,2003,3,0,0,0,3
1711527,2004,1,0,14,0,15
1711527,2005,1,0,0,0,1
1711527,2006,2,4,0,0,6
1711527,2007,1,0,0,10,11
1711527,2008,1,0,0,0,1
1711527,2009,1,0,0,0,1
1711527,2010,2,0,0,0,2
1711527,2011,2,0,0,0,2
1711527,2012,3,0,0,0,3
1711527,2013,4,0,0,0,4
1711527,2014,4,0,0,0,4
1711527,2015,5,0,0,0,5
1711527,2016,5,0,0,0,5
1711527,2017,5,0,0,0,5
1711527,2018,3,0,0,0,3
1711527,2019,3,0,0,0,3
1711527,2020,3,0,0,0,3
1711527,2021,0,0,0,0,0
1711527,2022,0,0,0,0,0
1711527,2023,0,0,0,0,0
1711527,2024,2,0,0,0,2
1711527,2025,1,0,0,0,1
1711592,2000,14,0,0,0,14
1711592,2001,462,0,20,0,482
1711592,2002,382,0,17,0,399
1711592,2003,214,0,0,0,214
1711592,2004,155,0,0,0,155
1711592,2005,156,0,0,0,156
1711592,2006,39,0,0,0,39
1711592,2007,8,0,0,0,8
1711592,2008,3,0,0,0,3
1711592,2009,6,0,0,0,6
1711592,2010,1,0,0,0,1
1711592,2011,0,0,0,0,0
1711592,2012,2,0,0,0,2
1711592,2013,9,0,0,0,9
1711592,2014,12,0,0,0,12
1711592,2015,3,0,0,0,3
1711592,2016,0,0,0,0,0
1711592,2017,0,0,0,0,0
1711592,2018,37,0,0,80,117
1711592,2019,19,0,0,0,19
1711592,2020,16,0,0,0,16
1711592,2021,51,0,0,0,51
1711592,2022,53,0,0,24,77
1711592,2023,6,0,0,5,11
1711592,2024,10,0,0,0,10
1711592,2025,6,4,0,45,55
1711618,2017,1,0,0,0,1
1711618,2018,3,0,0,0,3
1711618,2019,0,0,0,0,0
1711618,2020,0,0,0,0,0
1711618,2021,0,0,0,0,0
1711618,2022,0,0,0,0,0
1711618,2023,0,0,0,0,0
1711618,2024,4,0,0,0,4
1711618,2025,1,0,0,0,1
1711644,2000,46,0,0,0,46
1711644,2001,6,0,0,0,6
1711644,2002,7,0,0,0,7
1711644,2003,7,0,0,0,7
1711644,2004,10,0,0,0,10
1711644,2005,11,0,0,0,11
1711644,2006,5,0,0,0,5
1711644,2007,0,0,0,0,0
1711644,2008,3,0,0,0,3
1711644,2009,3,0,0,98,101
1711644,2010,3,0,0,0,3
1711644,2011,3,0,0,0,3
1711644,2012,1,0,0,0,1
1711644,2013,5,0,0,0,5
1711644,2014,4,0,0,0,4
1711644,2015,4,0,0,0,4
1711644,2016,22,0,0,0,22
1711644,2017,39,0,0,0,39
1711644,2018,25,6,0,0,31
1711644,2019,23,0,0,0,23
1711644,2020,26,0,0,0,26
1711644,2021,29,0,0,0,29
1711644,2022,14,2,0,0,16
1711644,2023,29,0,0,0,29
1711644,2024,20,0,0,0,20
1711644,2025,27,0,0,0,27
1711774,2000,3,0,0,0,3
1711774,2001,1,0,0,0,1
1711774,2002,6,0,0,0,6
1711774,2003,4,4,0,0,8
1711774,2004,5,0,0,0,5
1711774,2005,9,0,0,0,9
1711774,2006,7,0,0,0,7
1711774,2007,0,0,0,24,24
1711774,2008,1,0,0,0,1
1711774,2009,0,0,0,0,0
1711774,2010,1,0,3,0,4
1711774,2011,1,2,0,0,3
1711774,2012,2,4,0,0,6
1711774,2013,1,0,0,0,1
1711774,2014,0,0,0,0,0
1711774,2015,2,0,0,0,2
1711774,2016,0,0,0,0,0
1711774,2017,9,0,0,0,9
1711774,2018,0,0,0,0,0
1711774,2019,0,0,0,0,0
1711774,2020,2,0,0,0,2
1711774,2021,2,0,0,0,2
1711774,2022,1,0,0,0,1
1711774,2023,2,0,0,0,2
1711774,2024,0,0,0,0,0
1711774,2025,0,0,0,0,0
1711826,2000,0,0,0,0,0
1711826,2001,0,0,0,0,0
1711826,2002,0,0,0,0,0
1711826,2003,0,0,0,0,0
1711826,2004,0,0,0,0,0
1711826,2005,0,0,0,0,0
1711826,2006,0,0,0,0,0
1711826,2007,0,0,0,0,0
1711826,2008,0,0,0,0,0
1711826,2009,0,0,0,0,0
1711826,2010,0,0,0,0,0
1711826,2011,0,0,0,0,0
1711826,2012,0,0,0,0,0
1711826,2013,0,0,0,0,0
1711826,2014,0,0,0,0,0
1711826,2015,0,0,0,0,0
1711826,2016,0,0,0,0,0
1711826,2017,0,0,0,0,0
1711826,2018,0,0,0,0,0
1711826,2019,0,0,0,0,0
1711826,2020,0,0,0,0,0
1711826,2021,0,0,0,0,0
1711826,2022,0,0,0,0,0
1711826,2023,0,0,0,0,0
1711826,2024,0,0,0,0,0
1711826,2025,0,0,0,0,0
1711982,2000,0,0,0,0,0
1711982,2001,0,0,0,0,0
1711982,2002,2,0,0,0,2
1711982,2003,2,0,0,0,2
1711982,2004,2,0,0,0,2
1711982,2005,2,0,0,0,2
1711982,2006,1,0,0,0,1
1711982,2007,0,0,0,0,0
1711982,2008,0,0,0,0,0
1711982,2009,0,0,0,0,0
1711982,2010,0,0,0,0,0
1711982,2011,0,0,0,0,0
1711982,2012,0,0,0,0,0
1711982,2013,0,0,0,0,0
1711982,2014,0,0,0,0,0
1711982,2015,0,0,0,0,0
1711982,2016,0,0,0,0,0
1711982,2017,0,0,0,0,0
1711982,2018,0,0,0,0,0
1711982,2019,0,0,0,0,0
1711982,2020,0,0,0,0,0
1711982,2021,0,0,0,0,0
1711982,2022,0,0,0,0,0
1711982,2023,0,0,0,0,0
1711982,2024,0,0,0,0,0
1711982,2025,0,0,0,0,0
1712008,2000,1,0,0,0,1
1712008,2001,1,0,0,0,1
1712008,2002,1,0,0,0,1
1712008,2003,0,0,0,0,0
1712008,2004,1,0,0,0,1
1712008,2005,2,0,0,0,2
1712008,2006,0,0,0,0,0
1712008,2007,0,0,0,0,0
1712008,2008,0,0,0,0,0
1712008,2009,0,0,0,0,0
1712008,2010,0,0,0,0,0
1712008,2011,0,0,0,0,0
1712008,2012,0,0,0,0,0
1712008,2013,0,0,0,0,0
1712008,2014,0,0,0,0,0
1712008,2015,0,0,0,0,0
1712008,2016,0,0,0,0,0
1712008,2017,0,0,0,0,0
1712008,2018,0,0,0,0,0
1712008,2019,0,0,0,0,0
1712008,2020,0,0,0,0,0
1712008,2021,0,0,0,0,0
1712008,2022,0,0,0,0,0
1712008,2023,0,0,0,0,0
1712008,2024,0,0,0,0,0
1712008,2025,0,0,0,0,0
1712151,2013,0,0,0,0,0
1712151,2014,0,0,0,0,0
1712151,2015,0,0,0,0,0
1712151,2016,0,0,0,0,0
1712151,2017,0,0,0,0,0
1712151,2018,0,0,0,0,0
1712151,2019,0,0,0,0,0
1712151,2020,0,0,0,0,0
1712151,2021,0,0,0,0,0
1712151,2022,0,0,0,0,0
1712151,2023,0,0,0,0,0
1712151,2024,0,0,0,0,0
1712151,2025,0,0,0,0,0
1712164,2000,7,0,0,0,7
1712164,2001,10,0,0,5,15
1712164,2002,18,0,0,0,18
1712164,2003,12,0,0,48,60
1712164,2004,9,0,0,0,9
1712164,2005,39,4,0,0,43
1712164,2006,12,0,4,0,16
1712164,2007,6,0,0,0,6
1712164,2008,6,50,0,0,56
1712164,2009,6,0,0,0,6
1712164,2010,0,0,0,0,0
1712164,2011,0,0,0,0,0
1712164,2012,4,0,0,0,4
1712164,2013,0,0,0,0,0
1712164,2014,0,0,0,0,0
1712164,2015,1,0,0,0,1
1712164,2016,2,0,0,0,2
1712164,2017,12,0,0,0,12
1712164,2018,12,0,0,0,12
1712164,2019,12,0,0,0,12
1712164,2020,4,10,0,0,14
1712164,2021,5,2,0,0,7
1712164,2022,6,2,0,0,8
1712164,2023,3,2,0,0,5
1712164,2024,2,0,0,0,2
1712164,2025,2,0,0,0,2
1712268,2000,1,0,0,0,1
1712268,2001,0,0,0,0,0
1712268,2002,1,0,0,0,1
1712268,2003,0,0,0,0,0
1712268,2004,0,0,0,0,0
1712268,2005,0,0,0,0,0
1712268,2006,0,0,0,0,0
1712268,2007,0,0,0,0,0
1712268,2008,0,0,0,0,0
1712268,2009,0,0,0,0,0
1712268,2010,0,0,0,0,0
1712268,2011,0,0,0,0,0
1712268,2012,1,0,0,0,1
1712268,2013,1,0,0,0,1
1712268,2014,0,0,0,0,0
1712268,2015,0,0,0,0,0
1712268,2016,0,0,0,0,0
1712268,2017,0,0,0,0,0
1712268,2018,2,0,0,0,2
1712268,2019,1,0,0,0,1
1712268,2020,2,0,0,0,2
1712268,2021,0,0,0,0,0
1712268,2022,0,0,0,0,0
1712268,2023,0,0,0,0,0
1712268,2024,1,0,0,0,1
1712268,2025,0,0,0,0,0
1712385,2000,204,6,0,165,375
1712385,2001,135,6,0,203,344
1712385,2002,211,2,4,474,691
1712385,2003,187,0,0,218,405
1712385,2004,241,2,0,36,279
1712385,2005,600,4,23,532,1159
1712385,2006,507,2,24,218,751
1712385,2007,206,4,19,570,799
1712385,2008,97,0,4,323,424
1712385,2009,98,2,0,43,143
1712385,2010,63,2,0,264,329
1712385,2011,54,0,3,289,346
1712385,2012,59,4,4,290,357
1712385,2013,73,4,0,284,361
1712385,2014,92,4,4,814,914
1712385,2015,82,0,3,746,831
1712385,2016,141,2,0,512,655
1712385,2017,133,4,0,369,506
1712385,2018,132,0,0,975,1107
1712385,2019,71,0,3,772,846
1712385,2020,58,0,0,839,897
1712385,2021,55,0,0,229,284
1712385,2022,45,0,0,527,572
1712385,2023,29,2,3,300,334
1712385,2024,19,0,0,359,378
1712385,2025,80,0,0,565,645
1712450,2003,3,0,0,0,3
1712450,2004,0,0,0,0,0
1712450,2005,0,0,0,0,0
1712450,2006,3,0,0,0,3
1712450,2007,0,0,0,0,0
1712450,2008,0,0,0,0,0
1712450,2009,0,0,0,0,0
1712450,2010,0,0,0,0,0
1712450,2011,0,0,0,0,0
1712450,2012,1,0,0,0,1
1712450,2013,1,0,0,0,1
1712450,2014,1,0,0,0,1
1712450,2015,0,0,0,0,0
1712450,2016,0,0,0,0,0
1712450,2017,0,0,0,0,0
1712450,2018,0,0,0,0,0
1712450,2019,0,0,0,0,0
1712450,2020,0,0,0,0,0
1712450,2021,0,0,0,0,0
1712450,2022,0,0,0,0,0
1712450,2023,1,0,0,0,1
1712450,2024,1,0,0,0,1
1712450,2025,0,2,0,0,2
1712476,2000,147,12,0,91,250
1712476,2001,152,4,0,82,238
1712476,2002,152,14,9,27,202
1712476,2003,229,6,26,8,269
1712476,2004,267,4,3,0,274
1712476,2005,311,0,0,0,311
1712476,2006,170,0,0,0,170
1712476,2007,52,12,3,0,67
1712476,2008,22,2,0,16,40
1712476,2009,10,0,0,0,10
1712476,2010,4,0,0,0,4
1712476,2011,3,2,0,0,5
1712476,2012,3,0,0,24,27
1712476,2013,10,0,0,0,10
1712476,2014,9,2,0,0,11
1712476,2015,20,0,0,0,20
1712476,2016,30,0,0,48,78
1712476,2017,107,0,0,0,107
1712476,2018,102,2,0,0,104
1712476,2019,96,8,0,0,104
1712476,2020,119,0,0,0,119
1712476,2021,95,0,0,0,95
1712476,2022,73,0,0,0,73
1712476,2023,65,4,0,0,69
1712476,2024,70,0,0,0,70
1712476,2025,51,0,8,0,59
1712567,2000,16,12,3,48,79
1712567,2001,19,16,0,60,95
1712567,2002,12,0,0,8,20
1712567,2003,16,4,0,39,59
1712567,2004,18,6,0,128,152
1712567,2005,27,0,0,0,27
1712567,2006,80,0,0,0,80
1712567,2007,20,66,0,36,122
1712567,2008,16,12,16,30,74
1712567,2009,9,6,3,23,41
1712567,2010,6,0,0,110,116
1712567,2011,3,0,0,8,11
1712567,2012,6,2,0,13,21
1712567,2013,10,0,0,13,23
1712567,2014,9,0,0,0,9
1712567,2015,4,0,0,5,9
1712567,2016,2,0,0,0,2
1712567,2017,4,0,0,0,4
1712567,2018,2,0,0,0,2
1712567,2019,1,0,0,0,1
1712567,2020,1,0,0,0,1
1712567,2021,3,8,0,0,11
1712567,2022,1,0,0,0,1
1712567,2023,4,0,0,0,4
1712567,2024,4,0,0,0,4
1712567,2025,8,0,0,0,8
1712684,2000,96,6,0,0,102
1712684,2001,99,4,0,0,103
1712684,2002,123,24,4,0,151
1712684,2003,128,26,3,0,157
1712684,2004,128,24,0,0,152
1712684,2005,124,16,0,0,140
1712684,2006,149,8,0,8,165
1712684,2007,110,8,0,7,125
1712684,2008,65,6,0,5,76
1712684,2009,52,4,0,5,61
1712684,2010,49,4,0,6,59
1712684,2011,46,4,0,6,56
1712684,2012,53,4,0,7,64
1712684,2013,65,4,0,8,77
1712684,2014,67,4,0,10,81
1712684,2015,71,6,0,13,90
1712684,2016,75,0,0,48,123
1712684,2017,54,0,0,16,70
1712684,2018,41,0,0,94,135
1712684,2019,32,4,0,64,100
1712684,2020,32,4,0,28,64
1712684,2021,43,4,0,0,47
1712684,2022,41,8,0,18,67
1712684,2023,31,0,0,5,36
1712684,2024,0,0,0,0,0
1712684,2025,25,0,0,0,25
1712710,2000,0,0,0,0,0
1712710,2001,0,0,0,0,0
1712710,2002,0,0,0,0,0
1712710,2003,0,0,0,0,0
1712710,2004,0,0,0,0,0
1712710,2005,1,0,0,0,1
1712710,2006,0,0,0,0,0
1712710,2007,0,0,0,0,0
1712710,2008,0,0,0,0,0
1712710,2009,0,0,0,0,0
1712710,2010,0,0,0,0,0
1712710,2011,0,0,0,0,0
1712710,2012,0,0,0,0,0
1712710,2013,0,0,0,0,0
1712710,2014,0,0,0,0,0
1712710,2015,0,0,0,0,0
1712710,2016,0,0,0,0,0
1712710,2017,0,0,0,0,0
1712710,2018,0,0,0,0,0
1712710,2019,0,0,0,0,0
1712710,2020,0,0,0,0,0
1712710,2021,0,0,0,0,0
1712710,2022,0,0,0,0,0
1712710,2023,0,0,0,0,0
1712710,2024,0,0,0,0,0
1712710,2025,0,0,0,0,0
1712801,2000,0,0,0,0,0
1712801,2001,0,0,0,0,0
1712801,2002,1,0,0,0,1
1712801,2003,0,0,0,0,0
1712801,2004,1,0,0,0,1
1712801,2005,1,0,0,0,1
1712801,2006,1,0,0,0,1
1712801,2007,3,0,0,0,3
1712801,2008,0,0,0,0,0
1712801,2009,0,0,0,0,0
1712801,2010,0,0,0,0,0
1712801,2011,0,0,0,0,0
1712801,2012,1,0,0,0,1
1712801,2013,0,0,0,0,0
1712801,2014,1,0,0,0,1
1712801,2015,0,0,0,0,0
1712801,2016,0,0,0,0,0
1712801,2017,0,0,0,0,0
1712801,2018,0,0,0,0,0
1712801,2019,0,0,0,0,0
1712801,2020,0,0,0,0,0
1712801,2021,0,0,0,0,0
1712801,2022,0,0,0,0,0
1712801,2023,0,0,0,0,0
1712801,2024,1,0,0,0,1
1712801,2025,0,0,0,0,0
1712931,2000,4,0,0,0,4
1712931,2001,8,0,0,0,8
1712931,2002,6,0,0,0,6
1712931,2003,5,0,0,0,5
1712931,2004,6,0,0,0,6
1712931,2005,3,0,0,0,3
1712931,2006,0,0,0,0,0
1712931,2007,1,0,0,0,1
1712931,2008,0,0,0,0,0
1712931,2009,0,0,0,0,0
1712931,2010,0,2,0,0,2
1712931,2011,0,0,0,0,0
1712931,2012,0,0,0,0,0
1712931,2013,1,0,0,0,1
1712931,2014,1,0,0,0,1
1712931,2015,1,0,0,0,1
1712931,2016,1,0,0,0,1
1712931,2017,1,0,0,0,1
1712931,2018,1,0,0,0,1
1712931,2019,1,0,0,0,1
1712931,2020,1,0,0,0,1
1712931,2021,0,0,0,0,0
1712931,2022,1,0,0,0,1
1712931,2023,0,0,0,0,0
1712931,2024,0,0,0,9,9
1712931,2025,0,0,0,0,0
1713139,2000,9,0,0,7,16
1713139,2001,4,0,0,0,4
1713139,2002,3,0,0,0,3
1713139,2003,2,0,0,0,2
1713139,2004,2,0,0,0,2
1713139,2005,4,4,0,0,8
1713139,2006,4,0,0,0,4
1713139,2007,1,0,0,0,1
1713139,2008,3,0,0,0,3
1713139,2009,1,0,0,0,1
1713139,2010,5,0,0,0,5
1713139,2011,3,0,0,0,3
1713139,2012,0,0,0,0,0
1713139,2013,0,0,0,0,0
1713139,2014,1,0,0,0,1
1713139,2015,0,0,0,0,0
1713139,2016,0,0,0,0,0
1713139,2017,0,0,0,0,0
1713139,2018,0,0,0,0,0
1713139,2019,0,0,0,0,0
1713139,2020,0,0,0,0,0
1713139,2021,0,0,0,0,0
1713139,2022,0,0,0,0,0
1713139,2023,0,0,0,0,0
1713139,2024,0,0,0,0,0
1713139,2025,0,0,0,0,0
1714000,2000,1334,130,1056,4091,6611
1714000,2001,883,112,871,4803,6669
1714000,2002,754,248,1017,6509,8528
1714000,2003,1023,228,1144,5743,8138
1714000,2004,1087,178,1383,3572,6220
1714000,2005,1507,254,1961,7037,10759
1714000,2006,1415,242,1657,10769,14083
1714000,2007,870,272,1076,11243,13461
1714000,2008,381,74,524,6257,7236
1714000,2009,129,34,115,979,1257
1714000,2010,164,26,126,1561,1877
1714000,2011,214,20,97,2275,2606
1714000,2012,317,46,154,1473,1990
1714000,2013,448,158,217,2202,3025
1714000,2014,536,46,266,4902,5750
1714000,2015,503,58,326,4863,5750
1714000,2016,613,72,421,7998,9104
1714000,2017,525,78,582,7754,8939
1714000,2018,439,96,453,5461,6449
1714000,2019,410,114,590,6800,7914
1714000,2020,248,60,257,3568,4133
1714000,2021,414,84,491,4352,5341
1714000,2022,412,110,496,6106,7124
1714000,2023,290,98,330,2898,3616
1714000,2024,325,132,336,3578,4371
1714000,2025,371,168,478,2899,3916
1714026,2000,8,0,0,0,8
1714026,2001,5,2,0,0,7
1714026,2002,10,0,0,0,10
1714026,2003,19,0,0,0,19
1714026,2004,19,0,0,0,19
1714026,2005,11,0,6,0,17
1714026,2006,13,2,9,0,24
1714026,2007,5,2,0,0,7
1714026,2008,0,0,0,0,0
1714026,2009,0,0,0,0,0
1714026,2010,0,0,0,0,0
1714026,2011,0,0,0,0,0
1714026,2012,4,0,0,0,4
1714026,2013,0,0,0,0,0
1714026,2014,0,0,0,0,0
1714026,2015,0,0,0,0,0
1714026,2016,0,0,0,0,0
1714026,2017,0,0,0,0,0
1714026,2018,0,0,0,0,0
1714026,2019,0,0,0,0,0
1714026,2020,1,0,0,0,1
1714026,2021,1,0,0,0,1
1714026,2022,0,0,0,0,0
1714026,2023,0,0,0,0,0
1714026,2024,0,0,0,0,0
1714026,2025,0,0,0,0,0
1714065,2000,2,0,0,0,2
1714065,2001,2,0,0,0,2
1714065,2002,4,0,0,0,4
1714065,2003,7,0,4,16,27
1714065,2004,4,0,4,32,40
1714065,2005,3,0,0,5,8
1714065,2006,3,0,0,5,8
1714065,2007,12,0,0,0,12
1714065,2008,12,0,0,0,12
1714065,2009,0,0,0,5,5
1714065,2010,0,0,0,12,12
1714065,2011,1,0,0,0,1
1714065,2012,1,0,0,0,1
1714065,2013,0,0,0,0,0
1714065,2014,0,0,0,0,0
1714065,2015,0,0,0,0,0
1714065,2016,1,0,0,0,1
1714065,2017,4,0,0,0,4
1714065,2018,2,0,0,0,2
1714065,2019,4,0,0,0,4
1714065,2020,0,0,0,0,0
1714065,2021,2,0,0,24,26
1714065,2022,0,0,0,0,0
1714065,2023,2,0,0,0,2
1714065,2024,1,0,0,0,1
1714065,2025,4,0,0,0,4
1714117,2000,3,0,0,0,3
1714117,2001,14,0,0,0,14
1714117,2002,6,0,0,0,6
1714117,2003,14,0,0,0,14
1714117,2004,12,0,0,0,12
1714117,2005,29,0,0,0,29
1714117,2006,25,0,0,0,25
1714117,2007,29,0,0,0,29
1714117,2008,25,0,0,0,25
1714117,2009,13,0,0,0,13
1714117,2010,20,0,0,0,20
1714117,2011,3,0,0,0,3
1714117,2012,14,0,0,0,14
1714117,2013,8,0,0,0,8
1714117,2014,12,0,0,53,65
1714117,2015,14,0,0,0,14
1714117,2016,8,0,0,0,8
1714117,2017,5,0,0,0,5
1714117,2018,0,0,0,0,0
1714117,2019,2,0,0,0,2
1714117,2020,1,0,0,0,1
1714117,2021,1,0,0,0,1
1714117,2022,5,0,0,0,5
1714117,2023,6,0,0,0,6
1714117,2024,8,0,0,0,8
1714117,2025,6,0,0,0,6
1714273,2000,0,0,0,0,0
1714273,2001,2,4,3,0,9
1714273,2002,0,0,0,0,0
1714273,2003,1,0,0,0,1
1714273,2004,1,0,0,0,1
1714273,2005,1,0,0,0,1
1714273,2006,3,0,0,0,3
1714273,2007,5,0,0,0,5
1714273,2008,1,0,0,0,1
1714273,2009,0,0,0,0,0
1714273,2010,1,0,0,0,1
1714273,2011,1,0,0,0,1
1714273,2012,0,0,0,0,0
1714273,2013,0,0,0,0,0
1714273,2014,0,0,0,0,0
1714273,2015,0,0,0,0,0
1714273,2016,0,0,0,0,0
1714273,2017,0,0,0,0,0
1714273,2018,0,0,0,0,0
1714273,2019,0,0,0,0,0
1714273,2020,0,0,0,0,0
1714273,2021,0,0,0,0,0
1714273,2022,0,0,0,0,0
1714273,2023,0,0,0,0,0
1714273,2024,1,0,0,0,1
1714273,2025,0,0,0,0,0
1714286,2000,1,0,0,0,1
1714286,2001,2,0,0,0,2
1714286,2002,8,0,0,0,8
1714286,2003,0,0,0,0,0
1714286,2004,2,0,0,0,2
1714286,2005,2,0,0,0,2
1714286,2006,5,0,0,0,5
1714286,2007,2,0,0,0,2
1714286,2008,1,0,0,0,1
1714286,2009,1,0,0,0,1
1714286,2010,3,0,0,0,3
1714286,2011,0,0,0,0,0
1714286,2012,0,0,0,0,0
1714286,2013,1,0,0,0,1
1714286,2014,0,0,0,0,0
1714286,2015,1,0,0,0,1
1714286,2016,0,0,0,0,0
1714286,2017,0,0,0,0,0
1714286,2018,1,0,0,0,1
1714286,2019,0,0,0,0,0
1714286,2020,0,0,0,0,0
1714286,2021,0,0,0,0,0
1714286,2022,0,0,0,0,0
1714286,2023,0,0,0,0,0
1714286,2024,0,0,0,0,0
1714286,2025,0,0,0,0,0
1714351,2000,1,0,0,0,1
1714351,2001,1,0,0,0,1
1714351,2002,0,0,0,0,0
1714351,2003,0,0,0,0,0
1714351,2004,0,0,0,0,0
1714351,2005,0,0,0,0,0
1714351,2006,0,0,0,0,0
1714351,2007,0,0,0,0,0
1714351,2008,0,0,0,0,0
1714351,2009,0,0,0,0,0
1714351,2010,0,0,0,0,0
1714351,2011,0,0,0,0,0
1714351,2012,0,0,0,0,0
1714351,2013,0,0,0,0,0
1714351,2014,0,0,0,0,0
1714351,2015,0,0,0,0,0
1714351,2016,0,0,0,0,0
1714351,2017,0,0,0,0,0
1714351,2018,0,0,0,0,0
1714351,2019,1,0,0,0,1
1714351,2020,3,0,0,0,3
1714351,2021,1,0,0,0,1
1714351,2022,1,0,0,0,1
1714351,2023,0,0,0,0,0
1714351,2024,0,0,0,0,0
1714351,2025,0,2,0,0,2
1714442,2002,1,0,0,0,1
1714442,2003,1,0,0,0,1
1714442,2004,0,0,0,0,0
1714442,2005,0,0,0,0,0
1714442,2006,0,0,0,0,0
1714442,2007,0,0,0,0,0
1714442,2008,0,0,0,0,0
1714442,2009,0,0,0,0,0
1714442,2010,0,0,0,0,0
1714442,2011,0,0,0,0,0
1714442,2012,1,0,0,0,1
1714442,2013,0,0,0,0,0
1714442,2014,0,0,0,0,0
1714442,2015,0,0,0,0,0
1714442,2016,0,0,0,0,0
1714442,2017,0,0,0,0,0
1714442,2018,0,0,0,0,0
1714442,2019,0,0,0,0,0
1714442,2020,0,0,0,0,0
1714442,2021,0,0,0,0,0
1714442,2022,0,0,0,0,0
1714442,2023,0,0,0,0,0
1714442,2024,0,0,0,0,0
1714442,2025,0,0,0,0,0
1714468,2000,1,0,0,0,1
1714468,2001,0,0,0,0,0
1714468,2002,0,0,0,0,0
1714468,2003,0,0,0,0,0
1714468,2004,0,0,0,0,0
1714468,2005,0,0,0,0,0
1714468,2006,2,0,4,10,16
1714468,2007,0,0,0,0,0
1714468,2008,0,0,0,0,0
1714468,2009,0,0,0,0,0
1714468,2010,0,0,0,0,0
1714468,2011,0,0,0,0,0
1714468,2012,0,0,0,0,0
1714468,2013,0,0,0,0,0
1714468,2014,2,0,0,0,2
1714468,2015,0,0,0,0,0
1714468,2016,0,0,0,0,0
1714468,2017,0,0,0,0,0
1714468,2018,1,0,0,0,1
1714468,2019,1,0,0,0,1
1714468,2020,0,0,0,0,0
1714468,2021,0,0,0,0,0
1714468,2022,0,0,0,0,0
1714468,2023,0,0,0,0,0
1714468,2024,0,0,0,0,0
1714468,2025,0,0,0,0,0
1714572,2000,54,0,0,56,110
1714572,2001,55,0,0,0,55
1714572,2002,61,0,0,49,110
1714572,2003,36,0,0,0,36
1714572,2004,54,0,0,0,54
1714572,2005,62,0,0,0,62
1714572,2006,34,0,0,0,34
1714572,2007,26,0,0,0,26
1714572,2008,11,0,0,0,11
1714572,2009,6,0,0,0,6
1714572,2010,16,0,0,0,16
1714572,2011,16,0,0,0,16
1714572,2012,18,0,0,0,18
1714572,2013,18,0,0,0,18
1714572,2014,19,0,0,0,19
1714572,2015,21,0,0,0,21
1714572,2016,18,0,0,8,26
1714572,2017,10,0,0,42,52
1714572,2018,13,0,0,8,21
1714572,2019,15,0,0,0,15
1714572,2020,12,0,0,0,12
1714572,2021,6,0,0,0,6
1714572,2022,6,0,0,0,6
1714572,2023,9,0,0,0,9
1714572,2024,8,0,3,0,11
1714572,2025,9,0,0,0,9
1714715,2002,0,0,0,0,0
1714715,2003,1,0,0,0,1
1714715,2004,3,0,0,0,3
1714715,2005,1,0,0,0,1
1714715,2006,1,0,0,0,1
1714715,2007,0,0,0,0,0
1714715,2008,0,0,0,0,0
1714715,2009,1,0,0,0,1
1714715,2010,0,0,0,0,0
1714715,2011,2,0,0,0,2
1714715,2012,0,0,0,0,0
1714715,2013,0,0,0,0,0
1714715,2014,0,0,0,0,0
1714715,2015,0,0,0,0,0
1714715,2016,0,0,0,0,0
1714715,2017,1,0,0,0,1
1714715,2018,0,0,0,0,0
1714715,2019,0,0,0,0,0
1714715,2020,0,0,0,0,0
1714715,2021,0,0,0,0,0
1714715,2022,0,0,0,0,0
1714715,2023,0,0,0,0,0
1714715,2024,0,0,0,0,0
1714715,2025,0,0,0,0,0
1714767,2000,1,0,0,0,1
1714767,2001,0,0,0,0,0
1714767,2002,0,0,0,0,0
1714767,2003,0,0,0,0,0
1714767,2004,1,0,0,0,1
1714767,2005,0,0,0,0,0
1714767,2006,0,0,0,0,0
1714767,2007,0,0,0,0,0
1714767,2008,0,0,0,0,0
1714767,2009,0,0,0,0,0
1714767,2010,0,0,0,0,0
1714767,2011,0,0,0,0,0
1714767,2012,0,0,0,0,0
1714767,2013,0,0,0,0,0
1714767,2014,0,0,0,0,0
1714767,2015,0,0,0,0,0
1714767,2016,0,0,0,0,0
1714767,2017,0,0,0,0,0
1714767,2018,1,0,0,0,1
1714767,2019,1,0,0,0,1
1714767,2020,0,0,0,0,0
1714767,2021,0,0,0,0,0
1714767,2022,0,0,0,0,0
1714767,2023,0,0,0,0,0
1714767,2024,0,0,0,0,0
1714767,2025,1,0,0,0,1
1714923,2000,0,0,0,0,0
1714923,2001,0,0,0,0,0
1714923,2002,0,0,0,0,0
1714923,2003,0,0,0,0,0
1714923,2004,0,0,0,0,0
1714923,2005,0,0,0,0,0
1714923,2006,0,0,0,0,0
1714923,2007,0,0,0,0,0
1714923,2008,0,0,0,0,0
1714923,2009,0,0,0,0,0
1714923,2010,0,0,0,0,0
1714923,2011,0,0,0,0,0
1714923,2012,0,0,0,0,0
1714923,2013,0,0,0,0,0
1714923,2014,0,0,0,0,0
1714923,2015,0,0,0,0,0
1714923,2016,0,0,0,0,0
1714923,2017,0,0,0,0,0
1714923,2018,0,0,0,0,0
1714923,2019,0,0,0,0,0
1714923,2020,0,0,0,0,0
1714923,2021,0,0,0,0,0
1714923,2022,0,0,0,0,0
1714923,2023,0,0,0,0,0
1714923,2024,0,0,0,0,0
1714923,2025,0,0,0,0,0
1714936,2000,2,0,0,0,2
1714936,2001,2,0,0,0,2
1714936,2002,2,0,0,0,2
1714936,2003,3,0,0,0,3
1714936,2004,2,0,0,0,2
1714936,2005,1,0,0,0,1
1714936,2006,1,0,0,0,1
1714936,2007,2,0,0,0,2
1714936,2008,2,0,0,0,2
1714936,2009,1,0,0,0,1
1714936,2010,0,0,0,0,0
1714936,2011,0,0,0,0,0
1714936,2012,0,0,0,0,0
1714936,2013,1,0,0,0,1
1714936,2014,1,0,0,0,1
1714936,2015,1,0,0,0,1
1714936,2016,0,0,0,0,0
1714936,2017,0,0,0,0,0
1714936,2018,0,0,0,0,0
1714936,2019,0,0,0,0,0
1714936,2020,0,0,0,0,0
1714936,2021,0,0,0,0,0
1714936,2022,1,0,0,0,1
1714936,2023,0,0,0,0,0
1714936,2024,0,0,0,0,0
1714936,2025,1,0,0,0,1
1715001,2000,12,0,0,0,12
1715001,2001,6,4,11,0,21
1715001,2002,5,6,0,0,11
1715001,2003,7,2,0,0,9
1715001,2004,5,0,0,0,5
1715001,2005,12,0,3,0,15
1715001,2006,12,2,3,0,17
1715001,2007,7,0,3,0,10
1715001,2008,0,0,0,0,0
1715001,2009,2,0,0,0,2
1715001,2010,4,0,0,0,4
1715001,2011,1,0,0,0,1
1715001,2012,3,0,0,0,3
1715001,2013,3,0,0,0,3
1715001,2014,3,0,0,0,3
1715001,2015,3,0,0,0,3
1715001,2016,0,0,0,0,0
1715001,2017,4,0,0,0,4
1715001,2018,2,0,0,0,2
1715001,2019,2,0,0,0,2
1715001,2020,7,0,0,0,7
1715001,2021,0,2,0,0,2
1715001,2022,2,0,0,0,2
1715001,2023,4,0,0,0,4
1715001,2024,0,0,0,0,0
1715001,2025,5,0,0,0,5
1715170,2000,15,0,0,0,15
1715170,2001,18,0,0,0,18
1715170,2002,27,2,8,0,37
1715170,2003,29,0,0,24,53
1715170,2004,47,0,0,0,47
1715170,2005,52,0,0,0,52
1715170,2006,50,0,0,16,66
1715170,2007,45,0,0,0,45
1715170,2008,8,0,12,0,20
1715170,2009,0,0,0,0,0
1715170,2010,0,0,0,0,0
1715170,2011,2,0,0,0,2
1715170,2012,4,2,0,0,6
1715170,2013,2,0,0,0,2
1715170,2014,0,0,0,0,0
1715170,2015,0,0,0,0,0
1715170,2016,0,0,0,0,0
1715170,2017,2,0,0,0,2
1715170,2018,0,0,0,0,0
1715170,2019,0,0,0,0,0
1715170,2020,20,0,0,0,20
1715170,2021,7,0,0,0,7
1715170,2022,5,0,0,0,5
1715170,2023,8,0,0,0,8
1715170,2024,12,0,0,0,12
1715170,2025,4,0,44,0,48
1715235,2000,36,0,0,0,36
1715235,2001,31,0,0,0,31
1715235,2002,26,0,0,0,26
1715235,2003,37,0,0,0,37
1715235,2004,23,0,0,0,23
1715235,2005,42,0,0,0,42
1715235,2006,19,0,0,0,19
1715235,2007,16,0,0,0,16
1715235,2008,7,0,0,0,7
1715235,2009,6,0,0,0,6
1715235,2010,10,0,0,0,10
1715235,2011,12,0,0,0,12
1715235,2012,11,0,0,0,11
1715235,2013,14,0,0,0,14
1715235,2014,11,0,0,0,11
1715235,2015,7,0,0,0,7
1715235,2016,8,0,0,0,8
1715235,2017,4,0,0,0,4
1715235,2018,5,0,0,0,5
1715235,2019,3,0,0,0,3
1715235,2020,8,0,0,0,8
1715235,2021,9,0,0,0,9
1715235,2022,5,0,0,0,5
1715235,2023,6,0,0,0,6
1715235,2024,1,0,0,0,1
1715235,2025,1,0,0,0,1
1715300,2000,2,0,0,0,2
1715300,2001,1,0,0,0,1
1715300,2002,3,0,0,0,3
1715300,2003,4,0,0,0,4
1715300,2004,2,0,0,0,2
1715300,2005,4,0,0,0,4
1715300,2006,2,0,0,0,2
1715300,2007,0,0,0,0,0
1715300,2008,2,0,0,0,2
1715300,2009,0,0,0,0,0
1715300,2010,0,0,0,0,0
1715300,2011,0,0,0,0,0
1715300,2012,0,0,0,0,0
1715300,2013,2,0,0,6,8
1715300,2014,0,0,0,0,0
1715300,2015,1,0,0,0,1
1715300,2016,1,0,0,0,1
1715300,2017,0,0,0,0,0
1715300,2018,0,0,0,0,0
1715300,2019,0,0,0,0,0
1715300,2020,0,0,0,0,0
1715300,2021,1,0,0,0,1
1715300,2022,0,0,0,0,0
1715300,2023,0,0,0,0,0
1715300,2024,0,0,0,0,0
1715300,2025,0,0,0,0,0
1715495,2000,6,0,0,0,6
1715495,2001,6,0,0,0,6
1715495,2002,5,0,0,0,5
1715495,2003,4,0,0,0,4
1715495,2004,5,0,0,0,5
1715495,2005,1,0,0,0,1
1715495,2006,2,0,0,0,2
1715495,2007,1,0,0,0,1
1715495,2008,0,0,0,0,0
1715495,2009,0,0,0,0,0
1715495,2010,0,0,0,0,0
1715495,2011,0,0,0,0,0
1715495,2012,0,0,0,0,0
1715495,2013,0,0,0,0,0
1715495,2014,0,0,0,0,0
1715495,2015,0,0,0,0,0
1715495,2016,0,0,0,0,0
1715495,2017,0,0,0,0,0
1715495,2018,0,0,0,0,0
1715495,2019,0,0,0,0,0
1715495,2020,0,0,0,0,0
1715495,2021,0,0,0,0,0
1715495,2022,1,0,0,0,1
1715495,2023,0,0,0,0,0
1715495,2024,0,0,0,0,0
1715495,2025,0,0,0,0,0
1715599,2000,67,16,20,6,109
1715599,2001,61,4,11,57,133
1715599,2002,125,2,40,8,175
1715599,2003,90,14,40,18,162
1715599,2004,78,22,15,22,137
1715599,2005,77,20,12,25,134
1715599,2006,49,70,36,0,155
1715599,2007,28,18,9,0,55
1715599,2008,62,0,0,0,62
1715599,2009,11,0,0,0,11
1715599,2010,3,0,0,0,3
1715599,2011,7,0,8,10,25
1715599,2012,11,0,0,0,11
1715599,2013,5,0,0,0,5
1715599,2014,18,0,0,0,18
1715599,2015,12,0,0,0,12
1715599,2016,7,0,4,76,87
1715599,2017,9,0,0,0,9
1715599,2018,11,0,0,20,31
1715599,2019,14,0,0,0,14
1715599,2020,6,0,0,0,6
1715599,2021,4,0,0,0,4
1715599,2022,6,0,0,0,6
1715599,2023,2,0,0,0,2
1715599,2024,8,0,0,0,8
1715599,2025,1,0,0,0,1
1715664,2000,12,0,0,0,12
1715664,2001,7,0,4,0,11
1715664,2002,15,0,0,0,15
1715664,2003,22,0,0,0,22
1715664,2004,16,0,0,0,16
1715664,2005,16,0,0,0,16
1715664,2006,26,0,0,0,26
1715664,2007,24,0,0,0,24
1715664,2008,2,0,0,0,2
1715664,2009,4,0,0,0,4
1715664,2010,6,0,0,0,6
1715664,2011,6,0,0,0,6
1715664,2012,6,0,0,0,6
1715664,2013,23,2,0,0,25
1715664,2014,9,2,0,0,11
1715664,2015,6,0,0,0,6
1715664,2016,6,2,0,0,8
1715664,2017,3,0,0,0,3
1715664,2018,8,0,0,0,8
1715664,2019,1,0,0,0,1
1715664,2020,4,2,0,0,6
1715664,2021,2,0,0,0,2
1715664,2022,1,4,0,0,5
1715664,2023,8,0,0,0,8
1715664,2024,0,0,0,0,0
1715664,2025,0,0,0,0,0
1715833,2000,74,0,0,0,74
1715833,2001,81,0,0,0,81
1715833,2002,99,0,0,0,99
1715833,2003,78,0,0,0,78
1715833,2004,117,0,0,0,117
1715833,2005,116,0,4,0,120
1715833,2006,68,0,0,0,68
1715833,2007,44,0,0,0,44
1715833,2008,34,0,0,0,34
1715833,2009,58,0,0,0,58
1715833,2010,54,0,0,0,54
1715833,2011,46,0,0,0,46
1715833,2012,51,0,0,0,51
1715833,2013,61,0,0,0,61
1715833,2014,41,4,0,0,45
1715833,2015,54,0,0,0,54
1715833,2016,43,0,0,0,43
1715833,2017,39,0,0,50,89
1715833,2018,39,0,0,0,39
1715833,2019,20,0,0,73,93
1715833,2020,15,0,0,0,15
1715833,2021,21,2,0,0,23
1715833,2022,20,0,0,0,20
1715833,2023,11,0,0,0,11
1715833,2024,14,0,0,0,14
1715833,2025,10,0,0,0,10
1716119,2000,6,0,0,0,6
1716119,2001,1,0,0,0,1
1716119,2002,1,0,0,0,1
1716119,2003,3,0,0,0,3
1716119,2004,3,0,0,0,3
1716119,2005,3,0,0,0,3
1716119,2006,2,0,0,0,2
1716119,2007,2,0,0,0,2
1716119,2008,1,0,0,0,1
1716119,2009,1,0,0,0,1
1716119,2010,1,0,0,0,1
1716119,2011,1,0,0,0,1
1716119,2012,2,0,0,0,2
1716119,2013,2,0,0,0,2
1716119,2014,2,0,0,0,2
1716119,2015,2,0,0,0,2
1716119,2016,2,0,0,0,2
1716119,2017,2,0,0,0,2
1716119,2018,2,0,0,0,2
1716119,2019,2,0,0,0,2
1716119,2020,2,0,0,0,2
1716119,2021,2,0,0,0,2
1716119,2022,2,0,0,0,2
1716119,2023,0,0,0,0,0
1716119,2024,0,0,0,0,0
1716119,2025,0,0,0,0,0
1716210,2000,0,0,0,0,0
1716210,2001,0,0,0,0,0
1716210,2002,0,0,0,0,0
1716210,2003,0,0,0,0,0
1716210,2004,0,0,0,0,0
1716210,2005,0,0,0,0,0
1716210,2006,0,0,0,0,0
1716210,2007,0,0,0,0,0
1716210,2008,0,0,0,0,0
1716210,2009,0,0,0,0,0
1716210,2010,0,0,0,0,0
1716210,2011,0,0,0,0,0
1716210,2012,0,0,0,0,0
1716210,2013,0,0,0,0,0
1716210,2014,0,0,0,0,0
1716210,2015,0,0,0,0,0
1716210,2016,0,0,0,0,0
1716210,2017,0,0,0,0,0
1716210,2018,0,0,0,0,0
1716210,2019,0,0,0,0,0
1716210,2020,0,0,0,0,0
1716210,2021,0,0,0,0,0
1716210,2022,0,0,0,0,0
1716210,2023,0,0,0,0,0
1716210,2024,0,0,0,0,0
1716210,2025,0,0,0,0,0
1716366,2000,2,0,0,0,2
1716366,2001,15,0,0,0,15
1716366,2002,3,0,0,0,3
1716366,2003,2,0,0,0,2
1716366,2004,3,0,0,0,3
1716366,2005,3,0,0,0,3
1716366,2006,1,0,0,0,1
1716366,2007,0,0,0,0,0
1716366,2008,4,0,0,0,4
1716366,2009,1,0,0,0,1
1716366,2010,0,0,0,0,0
1716366,2011,1,0,0,0,1
1716366,2012,1,0,0,0,1
1716366,2013,2,0,0,0,2
1716366,2014,0,0,0,0,0
1716366,2015,0,0,0,0,0
1716366,2016,0,0,0,0,0
1716366,2017,0,0,0,0,0
1716366,2018,0,0,0,0,0
1716366,2019,0,0,0,0,0
1716366,2020,0,0,0,0,0
1716366,2021,0,0,0,0,0
1716366,2022,0,0,0,0,0
1716366,2023,0,0,0,0,0
1716366,2024,1,0,0,0,1
1716366,2025,1,0,0,0,1
1716405,2000,3,0,0,0,3
1716405,2001,0,0,0,0,0
1716405,2002,0,0,0,0,0
1716405,2003,0,0,0,0,0
1716405,2004,1,0,0,0,1
1716405,2005,2,0,0,0,2
1716405,2006,2,0,0,0,2
1716405,2007,1,0,0,0,1
1716405,2008,1,0,0,0,1
1716405,2009,1,0,0,0,1
1716405,2010,1,0,0,0,1
1716405,2011,1,0,0,0,1
1716405,2012,2,0,0,0,2
1716405,2013,2,0,0,0,2
1716405,2014,0,0,0,0,0
1716405,2015,0,0,0,0,0
1716405,2016,0,0,0,0,0
1716405,2017,0,0,0,0,0
1716405,2018,0,0,0,0,0
1716405,2019,0,0,0,0,0
1716405,2020,0,0,0,0,0
1716405,2021,0,0,0,0,0
1716405,2022,0,0,0,0,0
1716405,2023,0,0,0,0,0
1716405,2024,0,0,0,0,0
1716405,2025,0,0,0,0,0
1716470,2000,14,0,0,0,14
1716470,2001,48,0,0,0,48
1716470,2002,86,0,0,0,86
1716470,2003,132,0,0,16,148
1716470,2004,88,0,0,0,88
1716470,2005,138,0,0,0,138
1716470,2006,92,0,0,29,121
1716470,2007,88,0,0,5,93
1716470,2008,30,0,0,0,30
1716470,2009,42,0,0,0,42
1716470,2010,6,0,0,0,6
1716470,2011,10,0,0,0,10
1716470,2012,0,0,0,0,0
1716470,2013,0,0,0,0,0
1716470,2014,3,0,0,0,3
1716470,2015,1,0,0,0,1
1716470,2016,0,0,0,0,0
1716470,2017,15,0,0,0,15
1716470,2018,9,0,0,0,9
1716470,2019,4,0,0,0,4
1716470,2020,7,0,0,0,7
1716470,2021,24,0,0,0,24
1716470,2022,26,0,0,0,26
1716470,2023,32,0,0,0,32
1716470,2024,30,0,0,0,30
1716470,2025,38,0,0,0,38
1716613,2000,1,0,0,0,1
1716613,2001,0,0,0,0,0
1716613,2002,0,0,0,0,0
1716613,2003,0,0,0,0,0
1716613,2004,0,0,0,0,0
1716691,2000,56,0,0,0,56
1716691,2001,40,0,0,0,40
1716691,2002,51,0,0,0,51
1716691,2003,73,0,0,0,73
1716691,2004,44,0,0,110,154
1716691,2005,65,0,0,74,139
1716691,2006,63,0,0,0,63
1716691,2007,28,0,0,0,28
1716691,2008,0,0,0,0,0
1716691,2009,0,0,0,0,0
1716691,2010,0,0,0,0,0
1716691,2011,0,0,0,74,74
1716691,2012,1,0,0,0,1
1716691,2013,0,0,0,0,0
1716691,2014,0,0,0,0,0
1716691,2015,0,0,0,0,0
1716691,2016,0,0,0,0,0
1716691,2017,0,0,0,0,0
1716691,2018,0,0,0,0,0
1716691,2019,0,0,0,0,0
1716691,2020,0,0,0,0,0
1716691,2021,0,0,0,0,0
1716691,2022,0,0,0,0,0
1716691,2023,0,0,0,0,0
1716691,2024,0,0,0,0,0
1716691,2025,0,0,0,0,0
1716873,2000,10,0,0,0,10
1716873,2001,4,0,0,0,4
1716873,2002,7,0,0,0,7
1716873,2003,8,0,0,0,8
1716873,2004,10,0,0,0,10
1716873,2005,12,0,0,0,12
1716873,2006,10,0,8,0,18
1716873,2007,12,0,0,0,12
1716873,2008,5,0,0,0,5
1716873,2009,5,0,0,72,77
1716873,2010,3,0,0,0,3
1716873,2011,2,0,0,0,2
1716873,2012,3,0,0,0,3
1716873,2013,6,0,0,18,24
1716873,2014,5,0,0,0,5
1716873,2015,9,0,0,0,9
1716873,2016,6,0,0,0,6
1716873,2017,25,0,0,0,25
1716873,2018,15,0,0,0,15
1716873,2019,2,0,0,0,2
1716873,2020,2,0,0,0,2
1716873,2021,3,0,0,0,3
1716873,2022,1,0,0,0,1
1716873,2023,4,0,0,0,4
1716873,2024,2,0,0,0,2
1716873,2025,5,0,0,0,5
1717055,2000,4,0,0,0,4
1717055,2001,0,0,0,0,0
1717055,2002,0,0,0,0,0
1717055,2003,0,0,0,0,0
1717055,2004,0,0,0,0,0
1717055,2005,0,0,0,0,0
1717055,2006,0,0,0,0,0
1717055,2007,0,0,0,0,0
1717055,2008,0,0,0,0,0
1717055,2009,0,0,0,0,0
1717055,2010,0,0,0,0,0
1717055,2011,0,0,0,0,0
1717055,2012,0,0,0,0,0
1717055,2013,0,0,0,0,0
1717055,2014,0,0,0,0,0
1717055,2015,0,0,0,0,0
1717055,2016,0,0,0,0,0
1717055,2017,0,0,0,0,0
1717055,2018,0,0,0,0,0
1717055,2019,0,0,0,0,0
1717055,2020,0,0,0,0,0
1717055,2021,0,0,0,0,0
1717055,2022,0,0,0,0,0
1717055,2023,0,0,0,0,0
1717055,2024,0,0,0,0,0
1717055,2025,0,0,0,0,0
1717185,2000,8,0,0,0,8
1717185,2001,8,0,0,0,8
1717185,2002,8,0,0,0,8
1717185,2003,12,0,0,0,12
1717185,2004,12,0,0,0,12
1717185,2005,20,2,12,0,34
1717185,2006,18,0,9,0,27
1717185,2007,14,0,10,0,24
1717185,2008,10,0,4,0,14
1717185,2009,8,0,3,0,11
1717185,2010,7,0,3,0,10
1717185,2011,6,0,4,0,10
1717185,2012,21,0,0,0,21
1717185,2013,10,0,0,0,10
1717185,2014,8,0,0,0,8
1717185,2015,11,0,0,0,11
1717185,2016,7,0,0,0,7
1717185,2017,7,0,0,0,7
1717185,2018,9,0,0,0,9
1717185,2019,8,0,0,0,8
1717185,2020,13,0,0,0,13
1717185,2021,8,2,0,0,10
1717185,2022,6,0,0,0,6
1717185,2023,7,0,0,0,7
1717185,2024,9,0,0,0,9
1717185,2025,0,0,0,0,0
1717406,2000,0,0,0,0,0
1717406,2001,1,0,0,0,1
1717406,2002,0,0,0,0,0
1717406,2003,0,0,0,0,0
1717406,2004,0,0,0,0,0
1717406,2005,0,0,0,0,0
1717406,2006,0,0,0,0,0
1717406,2007,0,0,0,0,0
1717406,2008,0,0,0,0,0
1717406,2009,0,0,0,0,0
1717406,2010,0,0,3,0,3
1717406,2011,1,0,0,0,1
1717406,2012,0,0,0,0,0
1717406,2013,0,0,0,0,0
1717406,2014,0,0,0,0,0
1717406,2015,0,0,0,0,0
1717406,2016,0,0,0,0,0
1717406,2017,0,0,0,0,0
1717406,2018,0,0,0,0,0
1717406,2019,0,0,0,0,0
1717406,2020,0,0,0,0,0
1717406,2021,0,0,0,0,0
1717406,2022,0,0,0,0,0
1717406,2023,0,0,0,0,0
1717406,2024,0,0,0,0,0
1717406,2025,0,0,0,0,0
1717458,2000,110,0,21,78,209
1717458,2001,246,6,51,12,315
1717458,2002,329,12,0,136,477
1717458,2003,614,54,19,96,783
1717458,2004,473,6,8,20,507
1717458,2005,391,8,0,6,405
1717458,2006,136,0,3,0,139
1717458,2007,19,0,0,0,19
1717458,2008,21,0,0,6,27
1717458,2009,1,0,0,0,1
1717458,2010,0,2,4,0,6
1717458,2011,0,0,0,0,0
1717458,2012,0,0,0,0,0
1717458,2013,1,0,0,0,1
1717458,2014,7,0,0,0,7
1717458,2015,1,0,0,0,1
1717458,2016,10,0,0,0,10
1717458,2017,5,0,0,0,5
1717458,2018,2,0,4,0,6
1717458,2019,0,0,0,0,0
1717458,2020,2,0,0,0,2
1717458,2021,4,0,0,0,4
1717458,2022,2,0,0,0,2
1717458,2023,1,0,0,0,1
1717458,2024,1,0,0,0,1
1717458,2025,0,0,0,0,0
1717471,2000,1,0,0,0,1
1717471,2001,1,0,0,0,1
1717471,2002,1,0,0,0,1
1717471,2003,6,0,0,0,6
1717471,2004,7,0,0,0,7
1717471,2005,7,0,0,0,7
1717471,2006,2,0,0,0,2
1717471,2007,12,0,0,0,12
1717471,2008,3,0,0,0,3
1717471,2009,0,0,0,0,0
1717471,2010,4,0,0,0,4
1717471,2011,2,0,0,0,2
1717471,2012,2,0,0,0,2
1717471,2013,1,0,0,0,1
1717471,2014,0,0,0,0,0
1717471,2015,0,0,0,0,0
1717471,2016,0,2,0,0,2
1717471,2017,0,2,0,0,2
1717471,2018,1,0,0,0,1
1717471,2019,0,0,0,0,0
1717471,2020,0,0,0,0,0
1717471,2021,0,0,0,0,0
1717471,2022,0,0,0,0,0
1717471,2023,2,0,0,0,2
1717471,2024,7,0,0,0,7
1717471,2025,14,2,0,0,16
1717497,2000,35,0,0,0,35
1717497,2001,25,0,0,24,49
1717497,2002,13,0,0,24,37
1717497,2003,18,0,0,24,42
1717497,2004,20,0,0,12,32
1717497,2005,36,0,0,0,36
1717497,2006,10,0,0,12,22
1717497,2007,3,0,0,0,3
1717497,2008,1,0,0,0,1
1717497,2009,0,0,0,0,0
1717497,2010,0,0,0,0,0
1717497,2011,0,0,0,0,0
1717497,2012,1,0,0,0,1
1717497,2013,1,0,0,0,1
1717497,2014,0,0,0,0,0
1717497,2015,2,0,0,0,2
1717497,2016,1,0,0,0,1
1717497,2017,15,0,0,0,15
1717497,2018,11,0,0,0,11
1717497,2019,3,0,4,0,7
1717497,2020,2,0,6,0,8
1717497,2021,5,0,6,0,11
1717497,2022,4,0,0,0,4
1717497,2023,2,0,0,0,2
1717497,2024,3,0,0,0,3
1717497,2025,2,0,0,0,2
1717523,2000,35,2,0,0,37
1717523,2001,39,0,4,0,43
1717523,2002,55,0,0,0,55
1717523,2003,39,2,0,0,41
1717523,2004,55,0,0,0,55
1717523,2005,46,0,0,0,46
1717523,2006,33,2,0,40,75
1717523,2007,13,0,0,0,13
1717523,2008,5,0,0,0,5
1717523,2009,2,0,0,45,47
1717523,2010,0,0,0,0,0
1717523,2011,0,0,0,0,0
1717523,2012,0,0,0,0,0
1717523,2013,0,0,0,0,0
1717523,2014,0,0,0,0,0
1717523,2015,0,0,0,0,0
1717523,2016,0,0,0,0,0
1717523,2017,0,0,0,0,0
1717523,2018,2,0,0,0,2
1717523,2019,0,0,0,0,0
1717523,2020,4,0,0,0,4
1717523,2021,5,0,0,0,5
1717523,2022,2,0,0,0,2
1717523,2023,4,0,0,0,4
1717523,2024,6,0,0,0,6
1717523,2025,8,0,0,0,8
1717549,2000,2,0,0,0,2
1717549,2001,2,0,0,0,2
1717549,2002,2,0,0,0,2
1717549,2003,7,0,0,0,7
1717549,2004,9,0,0,0,9
1717549,2005,9,0,0,0,9
1717549,2006,6,0,0,0,6
1717549,2007,7,0,0,0,7
1717549,2008,4,0,0,0,4
1717549,2009,3,0,0,0,3
1717549,2010,0,0,0,0,0
1717549,2011,0,0,0,0,0
1717549,2012,1,0,0,0,1
1717549,2013,0,0,0,0,0
1717549,2014,0,0,0,0,0
1717549,2015,1,0,0,0,1
1717549,2016,1,0,0,0,1
1717549,2017,1,0,0,0,1
1717549,2018,1,0,0,0,1
1717549,2019,1,0,0,0,1
1717549,2020,1,0,0,0,1
1717549,2021,1,0,0,0,1
1717549,2022,1,0,0,0,1
1717549,2023,0,0,0,0,0
1717549,2024,0,0,0,0,0
1717549,2025,0,0,0,0,0
1717783,2000,0,0,0,0,0
1717783,2001,0,0,0,0,0
1717783,2002,0,0,0,0,0
1717783,2003,0,0,0,0,0
1717783,2004,0,0,0,0,0
1717783,2005,0,0,0,0,0
1717783,2006,0,0,0,0,0
1717783,2007,0,0,0,0,0
1717783,2008,0,0,0,0,0
1717783,2009,0,0,0,0,0
1717783,2010,0,0,0,0,0
1717783,2011,0,0,0,0,0
1717783,2012,0,0,0,0,0
1717783,2013,0,0,0,0,0
1717783,2014,0,0,0,0,0
1717783,2015,0,0,0,0,0
1717783,2016,0,0,0,0,0
1717783,2017,0,0,0,0,0
1717783,2018,0,0,0,0,0
1717783,2019,0,0,0,0,0
1717783,2020,0,0,0,0,0
1717783,2021,0,0,0,0,0
1717783,2022,0,0,0,0,0
1717783,2023,0,0,0,0,0
1717783,2024,0,0,0,0,0
1717783,2025,0,0,0,0,0
1717887,2000,252,0,0,58,310
1717887,2001,271,2,0,5,278
1717887,2002,244,2,0,0,246
1717887,2003,202,0,0,0,202
1717887,2004,160,0,0,0,160
1717887,2005,172,0,0,0,172
1717887,2006,155,0,0,0,155
1717887,2007,107,0,0,0,107
1717887,2008,72,0,0,0,72
1717887,2009,13,0,0,0,13
1717887,2010,12,0,0,0,12
1717887,2011,10,0,0,0,10
1717887,2012,17,0,0,60,77
1717887,2013,24,0,0,68,92
1717887,2014,18,0,0,0,18
1717887,2015,2,0,0,0,2
1717887,2016,3,0,0,0,3
1717887,2017,7,0,0,0,7
1717887,2018,20,0,0,0,20
1717887,2019,89,2,4,0,95
1717887,2020,83,0,0,0,83
1717887,2021,103,2,0,120,225
1717887,2022,85,0,0,48,133
1717887,2023,214,0,0,21,235
1717887,2024,139,0,0,261,400
1717887,2025,95,0,0,57,152
1717991,2000,2,0,0,0,2
1717991,2001,1,0,0,0,1
1717991,2002,1,0,0,0,1
1717991,2003,1,0,0,0,1
1717991,2004,2,0,0,0,2
1717991,2005,2,0,0,0,2
1717991,2006,2,0,0,0,2
1717991,2007,0,0,0,0,0
1717991,2008,0,0,0,0,0
1717991,2009,0,0,0,0,0
1717991,2010,0,0,0,0,0
1717991,2011,0,0,0,0,0
1717991,2012,0,0,0,0,0
1717991,2013,0,0,0,0,0
1717991,2014,0,0,0,0,0
1717991,2015,0,0,0,0,0
1717991,2016,0,0,0,0,0
1717991,2017,0,0,0,0,0
1717991,2018,0,0,0,0,0
1717991,2019,0,0,0,0,0
1717991,2020,0,0,0,0,0
1717991,2021,0,0,0,0,0
1717991,2022,0,0,0,0,0
1717991,2023,0,0,0,0,0
1717991,2024,0,0,0,0,0
1717991,2025,0,0,0,0,0
1718030,2000,0,0,0,0,0
1718030,2001,0,0,0,0,0
1718030,2002,0,0,0,0,0
1718030,2003,2,0,0,0,2
1718030,2004,0,0,0,0,0
1718030,2005,0,0,0,0,0
1718030,2006,1,0,0,0,1
1718030,2007,2,0,0,0,2
1718030,2008,0,0,0,0,0
1718030,2009,0,0,0,0,0
1718030,2010,0,0,0,0,0
1718030,2011,0,0,0,0,0
1718030,2012,0,0,0,0,0
1718030,2013,0,0,0,0,0
1718030,2014,0,0,0,0,0
1718030,2015,0,0,0,0,0
1718030,2016,0,0,0,0,0
1718030,2017,0,0,0,0,0
1718030,2018,0,0,0,0,0
1718030,2019,0,0,0,0,0
1718030,2020,0,0,0,0,0
1718030,2021,0,0,0,0,0
1718030,2022,0,0,0,0,0
1718030,2023,0,0,0,0,0
1718030,2024,0,0,0,0,0
1718030,2025,0,0,0,0,0
1718342,2000,1,0,0,0,1
1718342,2001,0,0,0,0,0
1718342,2002,0,0,0,0,0
1718342,2003,1,0,0,0,1
1718342,2004,1,0,0,0,1
1718342,2005,1,0,0,0,1
1718342,2006,0,0,0,0,0
1718342,2007,0,0,0,0,0
1718342,2008,0,0,0,0,0
1718342,2009,0,0,0,0,0
1718342,2010,0,0,0,0,0
1718342,2011,0,0,0,0,0
1718342,2012,0,0,0,0,0
1718342,2013,0,0,0,0,0
1718342,2014,0,0,0,0,0
1718342,2015,0,0,0,0,0
1718342,2016,0,0,0,0,0
1718342,2017,0,0,0,0,0
1718342,2018,0,0,0,0,0
1718342,2019,0,0,0,0,0
1718342,2020,0,0,0,0,0
1718342,2021,0,0,0,0,0
1718342,2022,0,0,0,0,0
1718342,2023,0,0,0,0,0
1718342,2024,0,0,0,0,0
1718342,2025,0,0,0,0,0
1718446,2000,0,0,0,0,0
1718446,2001,0,0,0,0,0
1718446,2002,0,0,0,0,0
1718446,2003,0,0,0,0,0
1718446,2004,0,0,0,0,0
1718446,2005,0,0,0,0,0
1718446,2006,0,0,0,0,0
1718446,2007,0,0,0,0,0
1718446,2008,0,0,0,0,0
1718446,2009,0,0,0,0,0
1718446,2010,1,0,0,0,1
1718446,2011,0,0,0,0,0
1718446,2012,0,0,0,0,0
1718446,2013,0,0,0,0,0
1718446,2014,0,0,0,0,0
1718446,2015,0,0,0,0,0
1718446,2016,0,0,0,0,0
1718446,2017,0,0,0,0,0
1718446,2018,0,0,0,0,0
1718446,2019,0,0,0,0,0
1718446,2020,0,0,0,0,0
1718446,2021,0,0,0,0,0
1718446,2022,0,0,0,0,0
1718446,2023,0,0,0,0,0
1718446,2024,0,0,0,0,0
1718446,2025,0,0,0,0,0
1718459,2007,0,0,0,0,0
1718459,2008,2,0,0,0,2
1718459,2009,0,0,0,0,0
1718459,2010,0,0,0,0,0
1718459,2011,0,0,0,0,0
1718459,2012,0,0,0,0,0
1718459,2013,0,0,0,0,0
1718459,2014,0,0,0,0,0
1718459,2015,0,0,0,0,0
1718459,2016,0,0,0,0,0
1718459,2017,0,0,0,0,0
1718459,2018,0,0,0,0,0
1718459,2019,0,0,0,0,0
1718459,2020,0,0,0,0,0
1718459,2021,0,0,0,0,0
1718459,2022,0,0,0,0,0
1718459,2023,0,0,0,0,0
1718459,2024,0,0,0,0,0
1718459,2025,0,0,0,0,0
1718472,2003,0,0,0,0,0
1718472,2004,5,0,0,0,5
1718472,2005,3,0,0,0,3
1718472,2006,5,0,0,0,5
1718472,2007,5,0,0,0,5
1718472,2008,2,0,0,0,2
1718472,2009,3,0,0,0,3
1718472,2010,1,0,0,0,1
1718472,2011,0,0,0,0,0
1718472,2012,0,0,0,0,0
1718472,2013,1,0,0,0,1
1718472,2014,2,0,0,0,2
1718472,2015,2,0,0,0,2
1718472,2016,2,0,0,0,2
1718472,2017,2,0,0,0,2
1718472,2018,1,0,0,0,1
1718472,2019,0,0,0,0,0
1718472,2020,0,0,0,0,0
1718472,2021,0,0,0,0,0
1718472,2022,0,0,0,0,0
1718472,2023,0,0,0,0,0
1718472,2024,2,0,0,0,2
1718472,2025,3,0,0,0,3
1718498,2000,0,0,0,0,0
1718498,2001,2,0,0,0,2
1718498,2002,0,0,0,0,0
1718498,2003,0,0,0,0,0
1718498,2004,0,0,0,0,0
1718498,2005,2,0,0,0,2
1718498,2006,1,0,0,0,1
1718498,2007,0,0,0,0,0
1718498,2008,2,0,0,0,2
1718498,2009,0,0,0,0,0
1718498,2010,0,0,0,0,0
1718498,2011,0,0,0,0,0
1718498,2012,0,0,0,0,0
1718498,2013,0,0,0,0,0
1718498,2014,1,0,0,0,1
1718498,2015,0,0,0,0,0
1718498,2016,0,0,0,0,0
1718498,2017,0,0,0,0,0
1718498,2018,0,0,0,0,0
1718498,2019,0,0,0,0,0
1718498,2020,0,0,0,0,0
1718498,2021,0,0,0,0,0
1718498,2022,0,0,0,0,0
1718498,2023,0,0,0,0,0
1718498,2024,0,0,0,0,0
1718498,2025,0,0,0,0,0
1718537,2000,0,0,0,0,0
1718537,2001,2,0,0,0,2
1718537,2002,2,0,0,0,2
1718537,2003,2,0,0,0,2
1718537,2004,1,0,0,0,1
1718537,2005,1,0,0,0,1
1718537,2006,1,0,0,0,1
1718537,2007,0,0,0,0,0
1718537,2008,1,0,0,0,1
1718537,2009,0,0,0,0,0
1718537,2010,0,0,0,0,0
1718537,2011,0,0,0,0,0
1718537,2012,0,0,0,0,0
1718537,2013,0,0,0,0,0
1718537,2014,0,0,0,0,0
1718537,2015,0,0,0,0,0
1718537,2016,0,0,0,0,0
1718537,2017,0,0,0,0,0
1718537,2018,0,0,0,0,0
1718537,2019,0,0,0,0,0
1718537,2020,0,0,0,0,0
1718537,2021,0,0,0,0,0
1718537,2022,0,0,0,0,0
1718537,2023,0,0,0,0,0
1718537,2024,0,0,0,0,0
1718537,2025,0,0,0,0,0
1718563,2000,30,0,0,0,30
1718563,2001,33,0,0,0,33
1718563,2002,23,0,0,0,23
1718563,2003,27,0,0,0,27
1718563,2004,23,0,0,76,99
1718563,2005,21,0,0,0,21
1718563,2006,15,0,0,0,15
1718563,2007,10,0,0,0,10
1718563,2008,8,0,0,0,8
1718563,2009,5,0,0,0,5
1718563,2010,5,0,0,0,5
1718563,2011,4,0,0,0,4
1718563,2012,4,0,0,0,4
1718563,2013,0,0,0,0,0
1718563,2014,5,0,0,0,5
1718563,2015,3,0,0,0,3
1718563,2016,5,0,0,0,5
1718563,2017,3,0,0,0,3
1718563,2018,5,0,0,0,5
1718563,2019,6,0,0,0,6
1718563,2020,2,0,0,0,2
1718563,2021,0,0,0,0,0
1718563,2022,0,0,0,0,0
1718563,2023,1,0,0,0,1
1718563,2024,0,0,0,0,0
1718563,2025,6,0,0,0,6
1718628,2000,57,0,0,0,57
1718628,2001,28,0,0,0,28
1718628,2002,32,0,0,0,32
1718628,2003,38,0,0,0,38
1718628,2004,12,0,0,0,12
1718628,2005,8,2,8,0,18
1718628,2006,25,0,0,0,25
1718628,2007,9,0,0,0,9
1718628,2008,2,0,0,0,2
1718628,2009,0,0,0,0,0
1718628,2010,1,0,0,0,1
1718628,2011,2,0,0,0,2
1718628,2012,0,0,0,0,0
1718628,2013,5,0,0,0,5
1718628,2014,1,0,0,0,1
1718628,2015,7,0,0,0,7
1718628,2016,15,2,0,0,17
1718628,2017,13,0,0,0,13
1718628,2018,5,0,0,0,5
1718628,2019,4,0,0,0,4
1718628,2020,0,0,0,0,0
1718628,2021,0,0,0,0,0
1718628,2022,4,0,0,68,72
1718628,2023,4,0,0,0,4
1718628,2024,0,0,0,68,68
1718628,2025,2,0,0,0,2
1718706,2000,0,0,0,0,0
1718706,2001,0,0,0,0,0
1718706,2002,1,0,0,0,1
1718706,2003,1,0,0,0,1
1718706,2004,1,0,0,0,1
1718706,2005,1,0,0,0,1
1718706,2006,0,0,0,0,0
1718706,2007,1,0,0,0,1
1718706,2008,1,0,0,0,1
1718706,2009,0,0,0,0,0
1718706,2010,0,0,0,0,0
1718706,2011,0,0,0,0,0
1718706,2012,0,0,0,0,0
1718706,2013,0,0,0,0,0
1718706,2014,0,0,0,0,0
1718706,2015,0,0,0,0,0
1718706,2016,0,0,0,0,0
1718706,2017,0,0,0,0,0
1718706,2018,0,0,0,0,0
1718706,2019,0,0,0,0,0
1718706,2020,0,0,0,0,0
1718706,2021,0,0,0,0,0
1718706,2022,0,0,0,0,0
1718706,2023,0,0,0,0,0
1718706,2024,0,0,0,0,0
1718706,2025,0,0,0,0,0
1718719,2000,0,0,0,0,0
1718719,2001,0,0,0,0,0
1718719,2002,0,0,0,0,0
1718719,2003,53,0,0,0,53
1718719,2004,55,0,0,0,55
1718719,2005,57,0,0,0,57
1718719,2006,51,0,0,0,51
1718719,2007,51,0,0,0,51
1718719,2008,7,0,0,0,7
1718719,2009,1,0,0,0,1
1718719,2010,5,0,0,0,5
1718719,2011,0,0,0,0,0
1718719,2012,0,0,0,0,0
1718719,2013,1,0,0,0,1
1718719,2014,0,0,0,0,0
1718719,2015,1,0,0,0,1
1718719,2016,5,0,0,0,5
1718719,2017,14,0,0,0,14
1718719,2018,15,0,0,0,15
1718719,2019,6,0,0,0,6
1718719,2020,8,0,0,0,8
1718719,2021,4,0,0,0,4
1718719,2022,5,0,0,0,5
1718719,2023,4,0,0,0,4
1718719,2024,11,0,0,0,11
1718719,2025,12,0,0,0,12
1718745,2000,2,0,0,0,2
1718745,2001,2,0,0,0,2
1718745,2002,0,0,0,0,0
1718745,2003,1,0,0,0,1
1718745,2004,0,0,0,0,0
1718745,2005,10,0,0,0,10
1718745,2006,2,0,0,0,2
1718745,2007,0,0,0,0,0
1718745,2008,0,0,0,0,0
1718745,2009,0,0,0,0,0
1718745,2010,0,0,0,0,0
1718745,2011,0,0,0,0,0
1718745,2012,0,0,0,0,0
1718745,2013,0,0,0,0,0
1718745,2014,0,0,0,0,0
1718745,2015,0,0,0,0,0
1718745,2016,0,0,0,0,0
1718745,2017,0,0,0,0,0
1718745,2018,0,0,0,0,0
1718745,2019,0,0,0,0,0
1718745,2020,0,0,0,0,0
1718745,2021,0,0,0,0,0
1718745,2022,0,0,0,0,0
1718745,2023,1,0,0,0,1
1718745,2024,0,0,0,0,0
1718745,2025,0,0,0,0,0
1718823,2000,68,8,0,112,188
1718823,2001,68,0,0,0,68
1718823,2002,35,0,0,206,241
1718823,2003,268,0,0,57,325
1718823,2004,101,0,0,18,119
1718823,2005,47,8,0,60,115
1718823,2006,195,0,0,80,275
1718823,2007,22,0,0,0,22
1718823,2008,86,0,240,0,326
1718823,2009,13,0,0,0,13
1718823,2010,20,0,0,0,20
1718823,2011,16,0,0,0,16
1718823,2012,9,0,0,0,9
1718823,2013,13,0,0,0,13
1718823,2014,2,0,0,0,2
1718823,2015,6,0,0,0,6
1718823,2016,15,0,0,0,15
1718823,2017,8,0,0,0,8
1718823,2018,1,0,0,0,1
1718823,2019,0,0,0,0,0
1718823,2020,0,0,0,0,0
1718823,2021,6,2,0,0,8
1718823,2022,5,0,0,0,5
1718823,2023,5,0,0,0,5
1718823,2024,3,0,0,0,3
1718823,2025,3,0,0,0,3
1718940,2000,2,0,0,0,2
1718940,2001,3,0,0,0,3
1718940,2002,21,0,0,0,21
1718940,2003,24,0,0,0,24
1718940,2004,1,0,0,0,1
1718940,2005,9,0,0,0,9
1718940,2006,0,0,0,7,7
1718940,2007,0,0,0,6,6
1718940,2008,1,0,0,0,1
1718940,2009,0,0,0,0,0
1718940,2010,1,0,0,0,1
1718940,2011,1,0,0,0,1
1718940,2012,0,0,0,0,0
1718940,2013,0,0,0,0,0
1718940,2014,0,0,0,0,0
1718940,2015,0,0,0,0,0
1718940,2016,0,0,0,0,0
1718940,2017,0,0,0,0,0
1718940,2018,0,0,0,0,0
1718940,2019,0,0,0,0,0
1718940,2020,0,0,0,0,0
1718940,2021,1,0,0,0,1
1718940,2022,0,0,0,0,0
1718940,2023,0,0,0,0,0
1718940,2024,0,0,0,0,0
1718940,2025,0,0,0,0,0
1718992,2000,79,0,15,46,140
1718992,2001,22,0,0,0,22
1718992,2002,36,0,0,40,76
1718992,2003,85,4,0,0,89
1718992,2004,47,0,0,0,47
1718992,2005,87,0,0,0,87
1718992,2006,73,0,0,0,73
1718992,2007,67,0,0,0,67
1718992,2008,11,0,0,0,11
1718992,2009,15,0,0,0,15
1718992,2010,27,0,0,0,27
1718992,2011,15,0,0,0,15
1718992,2012,13,0,0,0,13
1718992,2013,35,0,0,0,35
1718992,2014,39,0,0,248,287
1718992,2015,24,0,0,0,24
1718992,2016,23,0,0,0,23
1718992,2017,14,0,0,0,14
1718992,2018,18,0,0,0,18
1718992,2019,9,0,0,0,9
1718992,2020,9,0,0,0,9
1718992,2021,10,0,0,0,10
1718992,2022,8,0,0,0,8
1718992,2023,4,0,0,25,29
1718992,2024,6,0,0,243,249
1718992,2025,4,0,0,445,449
1719031,2017,0,0,0,0,0
1719031,2018,0,0,0,0,0
1719031,2019,0,0,0,0,0
1719031,2020,0,0,0,0,0
1719031,2021,0,0,0,0,0
1719031,2022,1,0,0,0,1
1719031,2023,1,0,0,0,1
1719031,2024,0,0,0,0,0
1719031,2025,0,0,0,0,0
1719083,2000,5,0,0,0,5
1719083,2001,4,0,0,0,4
1719083,2002,5,0,0,0,5
1719083,2003,4,0,0,0,4
1719083,2004,10,0,8,0,18
1719083,2005,1,0,0,0,1
1719083,2006,10,0,0,0,10
1719083,2007,39,0,0,0,39
1719083,2008,5,0,0,0,5
1719083,2009,1,0,0,0,1
1719083,2010,5,0,0,0,5
1719083,2011,3,0,0,0,3
1719083,2012,2,0,0,0,2
1719083,2013,5,0,0,0,5
1719083,2014,4,0,0,188,192
1719083,2015,1,0,0,0,1
1719083,2016,3,0,0,0,3
1719083,2017,47,0,0,192,239
1719083,2018,2,0,0,0,2
1719083,2019,1,0,0,0,1
1719083,2020,1,0,0,0,1
1719083,2021,0,0,0,0,0
1719083,2022,0,0,0,0,0
1719083,2023,1,0,0,0,1
1719083,2024,2,0,0,0,2
1719083,2025,2,0,0,0,2
1719161,2000,43,76,4,147,270
1719161,2001,80,16,48,109,253
1719161,2002,152,6,3,45,206
1719161,2003,166,8,15,36,225
1719161,2004,165,4,9,40,218
1719161,2005,332,4,4,11,351
1719161,2006,213,2,6,31,252
1719161,2007,111,0,0,15,126
1719161,2008,30,0,0,0,30
1719161,2009,21,0,0,5,26
1719161,2010,3,0,0,0,3
1719161,2011,0,0,0,0,0
1719161,2012,0,0,0,0,0
1719161,2013,3,0,0,0,3
1719161,2014,0,0,0,0,0
1719161,2015,5,0,0,0,5
1719161,2016,2,0,0,0,2
1719161,2017,2,0,0,0,2
1719161,2018,23,0,0,0,23
1719161,2019,0,0,4,0,4
1719161,2020,6,0,0,59,65
1719161,2021,9,0,0,94,103
1719161,2022,7,0,0,96,103
1719161,2023,5,0,0,74,79
1719161,2024,8,0,0,73,81
1719161,2025,59,0,0,0,59
1719200,2000,1,0,0,0,1
1719200,2001,1,0,0,0,1
1719200,2002,1,0,0,0,1
1719200,2003,1,0,0,0,1
1719200,2004,3,0,0,0,3
1719200,2005,0,0,0,0,0
1719200,2006,0,0,0,0,0
1719200,2007,1,0,0,0,1
1719200,2008,0,0,0,0,0
1719200,2009,0,0,0,0,0
1719200,2010,1,0,0,0,1
1719200,2011,0,0,0,0,0
1719200,2012,0,0,0,0,0
1719200,2013,0,0,0,0,0
1719200,2014,0,0,0,0,0
1719200,2015,1,0,0,0,1
1719200,2016,0,0,0,0,0
1719200,2017,0,0,0,0,0
1719200,2018,0,0,0,0,0
1719200,2019,0,0,0,0,0
1719200,2020,0,0,0,0,0
1719200,2021,0,0,0,0,0
1719200,2022,0,0,0,0,0
1719200,2023,0,0,0,0,0
1719200,2024,0,0,0,0,0
1719200,2025,1,0,0,0,1
1719226,2000,1,0,8,0,9
1719226,2001,0,0,0,0,0
1719226,2002,2,0,0,0,2
1719226,2003,1,0,0,0,1
1719226,2004,0,0,0,0,0
1719226,2005,2,0,0,0,2
1719226,2006,2,0,0,0,2
1719226,2007,1,0,0,0,1
1719226,2008,1,0,0,0,1
1719226,2009,0,0,0,0,0
1719226,2010,1,0,0,0,1
1719226,2011,0,0,0,0,0
1719226,2012,0,0,0,0,0
1719226,2013,1,0,0,0,1
1719226,2014,0,0,0,0,0
1719226,2015,7,0,0,0,7
1719226,2016,1,0,0,0,1
1719226,2017,0,0,0,0,0
1719226,2018,0,0,0,0,0
1719226,2019,1,0,0,0,1
1719226,2020,1,0,0,0,1
1719226,2021,1,0,0,0,1
1719226,2022,1,0,0,0,1
1719226,2023,1,0,0,0,1
1719226,2024,3,0,0,0,3
1719226,2025,3,0,0,0,3
1719499,2000,0,0,0,0,0
1719499,2001,0,0,0,0,0
1719499,2002,1,0,0,0,1
1719499,2003,1,0,0,0,1
1719499,2004,1,0,0,0,1
1719499,2005,1,0,0,0,1
1719499,2006,1,0,0,0,1
1719499,2007,1,0,0,0,1
1719499,2008,0,0,0,0,0
1719499,2009,0,0,0,0,0
1719499,2010,0,0,0,0,0
1719499,2011,0,0,0,0,0
1719499,2012,0,0,0,0,0
1719499,2013,0,0,0,0,0
1719499,2014,0,0,0,0,0
1719499,2015,1,0,0,0,1
1719499,2016,0,0,0,0,0
1719499,2017,0,0,0,0,0
1719499,2018,0,0,0,0,0
1719499,2019,0,0,0,0,0
1719499,2020,0,0,0,0,0
1719499,2021,0,0,0,0,0
1719499,2022,0,0,0,0,0
1719499,2023,1,0,0,0,1
1719499,2024,0,0,0,0,0
1719499,2025,0,0,0,0,0
1719616,2000,0,0,0,0,0
1719616,2001,4,0,0,0,4
1719616,2002,2,0,0,0,2
1719616,2003,2,0,0,0,2
1719616,2004,1,0,0,0,1
1719616,2005,1,2,0,0,3
1719616,2006,0,0,0,0,0
1719616,2007,0,0,0,0,0
1719616,2008,0,0,0,0,0
1719616,2009,0,0,0,0,0
1719616,2010,1,4,0,0,5
1719616,2011,0,2,0,0,2
1719616,2012,0,6,0,0,6
1719616,2013,0,0,0,0,0
1719616,2014,0,0,0,0,0
1719616,2015,2,0,0,0,2
1719616,2016,0,0,0,0,0
1719616,2017,0,0,0,0,0
1719616,2018,0,0,0,0,0
1719616,2019,0,0,0,0,0
1719616,2020,0,0,0,0,0
1719616,2021,0,0,0,0,0
1719616,2022,0,0,0,0,0
1719616,2023,1,0,0,0,1
1719616,2024,0,0,0,0,0
1719616,2025,0,0,0,0,0
1719642,2000,29,0,0,0,29
1719642,2001,32,0,0,105,137
1719642,2002,25,0,0,62,87
1719642,2003,48,0,0,193,241
1719642,2004,51,0,0,380,431
1719642,2005,105,0,12,358,475
1719642,2006,80,0,0,82,162
1719642,2007,32,0,0,180,212
1719642,2008,35,0,0,0,35
1719642,2009,50,0,0,0,50
1719642,2010,37,0,0,0,37
1719642,2011,40,0,0,0,40
1719642,2012,18,0,3,0,21
1719642,2013,31,0,0,0,31
1719642,2014,4,0,0,0,4
1719642,2015,8,0,0,0,8
1719642,2016,26,0,0,43,69
1719642,2017,87,2,0,503,592
1719642,2018,96,0,0,113,209
1719642,2019,44,0,0,0,44
1719642,2020,40,0,0,0,40
1719642,2021,10,0,0,0,10
1719642,2022,3,0,0,0,3
1719642,2023,5,0,0,0,5
1719642,2024,3,0,0,0,3
1719642,2025,12,0,0,0,12
1719837,2000,9,10,6,0,25
1719837,2001,32,2,3,8,45
1719837,2002,51,0,3,24,78
1719837,2003,48,0,0,12,60
1719837,2004,68,10,0,12,90
1719837,2005,45,4,0,0,49
1719837,2006,47,0,0,0,47
1719837,2007,10,4,0,0,14
1719837,2008,7,0,0,0,7
1719837,2009,4,0,0,0,4
1719837,2010,3,0,0,0,3
1719837,2011,1,0,0,0,1
1719837,2012,4,0,0,0,4
1719837,2013,2,0,0,0,2
1719837,2014,2,0,0,0,2
1719837,2015,4,0,0,0,4
1719837,2016,8,0,0,0,8
1719837,2017,7,0,0,0,7
1719837,2018,5,0,0,0,5
1719837,2019,3,0,0,0,3
1719837,2020,6,0,0,0,6
1719837,2021,2,0,0,0,2
1719837,2022,3,0,0,0,3
1719837,2023,4,0,0,0,4
1719837,2024,1,4,0,0,5
1719837,2025,1,4,0,0,5
1720045,2000,2,0,0,0,2
1720045,2001,2,0,0,0,2
1720045,2002,3,0,0,0,3
1720045,2003,2,0,0,0,2
1720045,2004,1,0,0,0,1
1720045,2005,5,0,0,0,5
1720045,2006,4,0,0,0,4
1720045,2007,0,0,0,0,0
1720045,2008,0,0,0,0,0
1720045,2009,0,0,0,0,0
1720045,2010,0,0,0,0,0
1720045,2011,0,0,0,0,0
1720045,2012,0,0,0,0,0
1720045,2013,0,0,0,0,0
1720045,2014,0,0,0,0,0
1720045,2015,0,0,0,0,0
1720045,2016,0,0,0,0,0
1720045,2017,0,0,0,0,0
1720045,2018,0,0,0,0,0
1720045,2019,0,0,0,0,0
1720045,2020,0,0,0,0,0
1720045,2021,0,0,0,0,0
1720045,2022,0,0,0,0,0
1720045,2023,0,0,0,0,0
1720045,2024,0,0,0,0,0
1720045,2025,0,0,0,0,0
1720149,2000,1,0,0,0,1
1720149,2001,0,0,0,0,0
1720149,2002,0,0,0,0,0
1720149,2003,6,0,0,0,6
1720149,2004,6,0,0,0,6
1720149,2005,15,0,0,0,15
1720149,2006,14,0,0,0,14
1720149,2007,15,0,0,0,15
1720149,2008,1,0,0,0,1
1720149,2009,1,0,0,0,1
1720149,2010,0,0,0,0,0
1720149,2011,1,0,0,0,1
1720149,2012,0,0,0,0,0
1720149,2013,0,0,0,0,0
1720149,2014,0,0,0,0,0
1720149,2015,0,0,0,0,0
1720149,2016,0,0,0,0,0
1720149,2017,0,0,0,0,0
1720149,2018,0,0,0,0,0
1720149,2019,0,0,0,0,0
1720149,2020,0,0,0,0,0
1720149,2021,0,0,0,0,0
1720149,2022,0,0,0,0,0
1720149,2023,0,0,0,0,0
1720149,2024,0,0,0,0,0
1720149,2025,0,0,0,0,0
1720162,2000,12,0,12,0,24
1720162,2001,13,0,8,8,29
1720162,2002,13,0,0,0,13
1720162,2003,17,4,0,0,21
1720162,2004,14,0,0,0,14
1720162,2005,10,0,0,0,10
1720162,2006,26,0,0,0,26
1720162,2007,46,0,0,50,96
1720162,2008,21,0,0,0,21
1720162,2009,4,0,0,0,4
1720162,2010,8,0,0,0,8
1720162,2011,9,0,0,58,67
1720162,2012,1,4,4,0,9
1720162,2013,11,0,4,0,15
1720162,2014,1,0,0,0,1
1720162,2015,13,0,0,0,13
1720162,2016,16,0,0,0,16
1720162,2017,7,0,0,0,7
1720162,2018,4,0,0,0,4
1720162,2019,11,0,0,8,19
1720162,2020,14,0,0,0,14
1720162,2021,6,0,0,8,14
1720162,2022,7,0,0,0,7
1720162,2023,10,0,0,0,10
1720162,2024,12,0,16,0,28
1720162,2025,10,0,8,0,18
1720292,2000,3,0,8,0,11
1720292,2001,1,0,0,0,1
1720292,2002,8,0,0,0,8
1720292,2003,5,0,0,0,5
1720292,2004,8,0,0,0,8
1720292,2005,5,0,0,0,5
1720292,2006,8,0,0,0,8
1720292,2007,16,0,0,0,16
1720292,2008,4,0,0,0,4
1720292,2009,0,0,0,0,0
1720292,2010,3,0,0,0,3
1720292,2011,0,0,0,0,0
1720292,2012,11,0,0,0,11
1720292,2013,0,0,0,0,0
1720292,2014,0,0,0,0,0
1720292,2015,0,0,0,0,0
1720292,2016,0,0,0,0,0
1720292,2017,0,0,0,0,0
1720292,2018,0,0,0,0,0
1720292,2019,0,0,0,0,0
1720292,2020,0,0,0,0,0
1720292,2021,0,0,0,0,0
1720292,2022,0,0,0,0,0
1720292,2023,0,0,0,0,0
1720292,2024,0,0,0,0,0
1720292,2025,0,0,0,0,0
1720331,2000,0,0,0,0,0
1720331,2001,0,0,0,0,0
1720331,2002,0,0,0,0,0
1720331,2003,0,0,0,0,0
1720331,2004,0,0,0,0,0
1720331,2005,0,0,0,0,0
1720331,2006,0,0,0,0,0
1720331,2007,0,0,0,0,0
1720331,2008,1,0,0,0,1
1720331,2009,1,0,0,0,1
1720331,2010,1,0,0,0,1
1720331,2011,1,0,0,0,1
1720331,2012,0,0,0,0,0
1720331,2013,0,0,0,0,0
1720331,2014,0,0,0,0,0
1720331,2015,0,0,0,0,0
1720331,2016,0,0,0,0,0
1720331,2017,0,0,0,0,0
1720331,2018,0,0,0,0,0
1720331,2019,0,0,0,0,0
1720331,2020,0,0,0,0,0
1720331,2021,0,0,0,0,0
1720331,2022,0,0,0,0,0
1720331,2023,0,0,0,0,0
1720331,2024,0,0,0,0,0
1720331,2025,0,0,0,0,0
1720370,2000,0,0,0,0,0
1720370,2001,1,0,0,0,1
1720370,2002,0,0,0,0,0
1720370,2003,0,0,0,0,0
1720370,2004,0,0,0,0,0
1720370,2005,16,0,0,0,16
1720370,2006,0,0,0,0,0
1720370,2007,0,0,0,0,0
1720370,2008,0,0,0,0,0
1720370,2009,0,0,0,0,0
1720370,2010,0,0,0,0,0
1720370,2011,0,0,0,0,0
1720370,2012,0,0,0,0,0
1720370,2013,0,0,0,0,0
1720370,2014,0,0,0,0,0
1720370,2015,0,0,0,0,0
1720370,2016,0,0,0,0,0
1720370,2017,0,0,0,0,0
1720370,2018,0,0,0,0,0
1720370,2019,0,0,0,0,0
1720370,2020,0,0,0,0,0
1720370,2021,0,0,0,0,0
1720370,2022,0,0,0,0,0
1720370,2023,0,0,0,0,0
1720370,2024,0,0,0,0,0
1720370,2025,0,0,0,0,0
1720565,2002,0,0,0,0,0
1720565,2003,0,0,0,0,0
1720565,2004,3,0,0,0,3
1720565,2005,0,0,0,0,0
1720565,2006,0,0,0,0,0
1720565,2007,0,0,0,0,0
1720565,2008,0,0,0,0,0
1720565,2009,0,0,0,0,0
1720565,2010,0,0,0,0,0
1720565,2011,0,0,0,0,0
1720565,2012,0,0,0,0,0
1720565,2013,0,0,0,0,0
1720565,2014,0,0,0,0,0
1720565,2015,1,0,0,0,1
1720565,2016,0,0,0,0,0
1720565,2017,0,0,0,0,0
1720565,2018,0,0,0,0,0
1720565,2019,0,0,0,0,0
1720565,2020,0,0,0,0,0
1720565,2021,0,0,0,0,0
1720565,2022,0,0,0,0,0
1720565,2023,0,0,0,0,0
1720565,2024,0,0,0,0,0
1720565,2025,0,0,0,0,0
1720591,2000,50,0,0,40,90
1720591,2001,62,0,0,12,74
1720591,2002,76,0,0,0,76
1720591,2003,156,0,0,0,156
1720591,2004,109,0,0,0,109
1720591,2005,150,0,0,0,150
1720591,2006,105,0,0,0,105
1720591,2007,86,0,4,0,90
1720591,2008,61,0,0,0,61
1720591,2009,26,0,0,0,26
1720591,2010,24,0,0,0,24
1720591,2011,43,0,0,0,43
1720591,2012,69,0,0,0,69
1720591,2013,74,0,0,0,74
1720591,2014,76,0,0,0,76
1720591,2015,76,0,0,0,76
1720591,2016,69,2,0,0,71
1720591,2017,74,0,0,0,74
1720591,2018,63,0,0,0,63
1720591,2019,50,0,0,0,50
1720591,2020,35,0,0,0,35
1720591,2021,43,0,0,0,43
1720591,2022,47,0,0,167,214
1720591,2023,49,0,0,0,49
1720591,2024,61,0,0,0,61
1720591,2025,39,0,0,13,52
1720643,2000,1,0,0,0,1
1720643,2001,1,0,0,0,1
1720643,2002,1,0,0,0,1
1720643,2003,1,0,0,0,1
1720643,2004,1,0,0,0,1
1720643,2005,1,0,0,0,1
1720643,2006,1,0,0,0,1
1720643,2007,0,0,0,0,0
1720643,2008,0,0,0,0,0
1720643,2009,0,0,0,0,0
1720643,2010,0,0,0,0,0
1720643,2011,0,0,0,0,0
1720643,2012,0,0,0,0,0
1720643,2013,0,0,0,0,0
1720643,2014,0,0,0,0,0
1720643,2015,0,0,0,0,0
1720643,2016,0,0,0,0,0
1720643,2017,0,0,0,0,0
1720643,2018,0,0,0,0,0
1720643,2019,0,0,0,0,0
1720643,2020,0,0,0,0,0
1720643,2021,0,0,0,0,0
1720643,2022,0,0,0,0,0
1720643,2023,0,0,0,0,0
1720643,2024,0,0,0,0,0
1720643,2025,4,0,0,0,4
1720890,2000,0,0,0,0,0
1720890,2001,0,0,0,0,0
1720890,2002,1,0,0,0,1
1720890,2003,1,0,0,0,1
1720890,2004,1,0,0,0,1
1720890,2005,0,0,0,0,0
1720890,2006,0,0,0,0,0
1720890,2007,0,0,0,0,0
1720890,2008,0,0,0,0,0
1720890,2009,1,0,0,0,1
1720890,2010,1,0,0,0,1
1720890,2011,0,0,0,0,0
1720890,2012,0,0,0,0,0
1720890,2013,0,0,0,0,0
1720890,2014,0,0,0,0,0
1720890,2015,0,0,0,0,0
1720890,2016,0,0,0,0,0
1720890,2017,0,0,0,0,0
1720890,2018,0,0,0,0,0
1720890,2019,1,0,0,0,1
1720890,2020,0,0,0,0,0
1720890,2021,3,0,0,0,3
1720890,2022,0,0,0,0,0
1720890,2023,0,0,0,0,0
1720890,2024,0,0,0,0,0
1720890,2025,0,0,0,0,0
1721098,2000,1,0,0,0,1
1721098,2001,4,0,0,0,4
1721098,2002,7,0,0,0,7
1721098,2003,3,0,0,0,3
1721098,2004,4,0,0,0,4
1721098,2005,7,0,0,0,7
1721098,2006,1,0,0,0,1
1721098,2007,1,0,0,0,1
1721098,2008,0,0,0,0,0
1721098,2009,0,0,0,0,0
1721098,2010,0,0,0,0,0
1721098,2011,0,0,0,0,0
1721098,2012,0,0,0,0,0
1721098,2013,0,0,0,0,0
1721098,2014,0,0,0,0,0
1721098,2015,0,0,0,0,0
1721098,2016,0,0,0,0,0
1721098,2017,0,0,0,0,0
1721098,2018,0,0,0,0,0
1721098,2019,0,0,0,0,0
1721098,2020,1,0,0,0,1
1721098,2021,0,0,0,0,0
1721098,2022,0,0,0,0,0
1721098,2023,0,0,0,0,0
1721098,2024,0,0,0,0,0
1721098,2025,0,0,0,0,0
1721176,2021,0,0,0,0,0
1721176,2022,0,0,0,0,0
1721176,2023,1,0,0,0,1
1721176,2024,0,0,0,0,0
1721176,2025,0,0,0,0,0
1721254,2000,13,8,0,0,21
1721254,2001,3,0,0,0,3
1721254,2002,3,0,0,0,3
1721254,2003,14,0,0,0,14
1721254,2004,30,0,0,28,58
1721254,2005,39,10,0,8,57
1721254,2006,31,2,0,0,33
1721254,2007,23,4,0,5,32
1721254,2008,6,0,0,0,6
1721254,2009,2,0,0,0,2
1721254,2010,3,0,0,0,3
1721254,2011,5,0,0,0,5
1721254,2012,2,0,0,0,2
1721254,2013,3,0,0,0,3
1721254,2014,3,0,0,0,3
1721254,2015,3,0,0,0,3
1721254,2016,2,0,0,0,2
1721254,2017,1,0,0,0,1
1721254,2018,0,0,0,0,0
1721254,2019,1,0,0,0,1
1721254,2020,0,0,0,0,0
1721254,2021,0,0,0,0,0
1721254,2022,0,0,0,0,0
1721254,2023,0,0,0,0,0
1721254,2024,1,0,0,0,1
1721254,2025,1,0,0,0,1
1721280,2011,0,0,0,0,0
1721280,2012,0,0,0,0,0
1721280,2013,0,0,0,0,0
1721280,2014,0,0,0,0,0
1721280,2015,1,0,0,0,1
1721280,2016,0,0,0,0,0
1721280,2017,0,0,0,0,0
1721358,2000,20,0,0,0,20
1721358,2001,8,0,0,0,8
1721358,2002,7,0,0,0,7
1721358,2003,7,2,0,0,9
1721358,2004,2,0,0,0,2
1721358,2005,13,2,0,8,23
1721358,2006,4,2,0,0,6
1721358,2007,2,6,0,8,16
1721358,2008,2,0,0,0,2
1721358,2009,1,0,0,0,1
1721358,2010,2,0,0,0,2
1721358,2011,1,0,0,0,1
1721358,2012,0,0,0,0,0
1721358,2013,0,0,0,0,0
1721358,2014,1,0,0,0,1
1721358,2015,1,0,0,0,1
1721358,2016,0,0,0,0,0
1721358,2017,1,0,0,0,1
1721358,2018,1,0,0,0,1
1721358,2019,4,0,0,6,10
1721358,2020,0,0,0,0,0
1721358,2021,4,0,0,0,4
1721358,2022,2,0,28,0,30
1721358,2023,2,0,0,0,2
1721358,2024,3,2,4,0,9
1721358,2025,3,2,0,0,5
1721540,2000,4,2,0,0,6
1721540,2001,4,0,0,0,4
1721540,2002,4,0,0,8,12
1721540,2003,4,0,0,8,12
1721540,2004,6,2,0,8,16
1721540,2005,14,2,0,0,16
1721540,2006,1,0,0,0,1
1721540,2007,2,0,0,0,2
1721540,2008,0,0,0,0,0
1721540,2009,1,0,0,0,1
1721540,2010,0,0,0,0,0
1721540,2011,0,0,0,0,0
1721540,2012,0,0,0,0,0
1721540,2013,0,0,0,0,0
1721540,2014,0,0,0,0,0
1721540,2015,0,0,0,0,0
1721540,2016,0,0,0,0,0
1721540,2017,0,0,0,0,0
1721540,2018,0,0,0,0,0
1721540,2019,0,0,0,0,0
1721540,2020,2,0,0,0,2
1721540,2021,0,0,0,0,0
1721540,2022,0,0,0,0,0
1721540,2023,0,0,0,0,0
1721540,2024,0,0,0,0,0
1721540,2025,0,0,0,0,0
1721553,2000,3,0,0,0,3
1721553,2001,4,0,0,0,4
1721553,2002,10,0,0,0,10
1721553,2003,0,0,0,0,0
1721553,2004,4,0,0,0,4
1721553,2005,6,0,0,0,6
1721553,2006,2,0,0,0,2
1721553,2007,7,0,0,0,7
1721553,2008,3,0,0,0,3
1721553,2009,5,0,0,0,5
1721553,2010,4,0,0,0,4
1721553,2011,2,0,0,0,2
1721553,2012,0,0,0,0,0
1721553,2013,47,0,0,0,47
1721553,2014,0,0,0,0,0
1721553,2015,0,0,0,0,0
1721553,2016,1,0,0,0,1
1721553,2017,2,0,0,0,2
1721553,2018,0,0,0,0,0
1721553,2019,1,0,0,0,1
1721553,2020,0,0,0,0,0
1721553,2021,0,0,0,0,0
1721553,2022,4,0,0,0,4
1721553,2023,0,0,0,0,0
1721553,2024,1,0,0,0,1
1721553,2025,0,0,0,0,0
1721579,2000,0,0,0,0,0
1721579,2001,0,0,0,0,0
1721579,2002,0,0,0,0,0
1721579,2003,0,0,0,0,0
1721579,2004,0,0,0,0,0
1721579,2005,0,0,0,0,0
1721579,2006,0,0,0,0,0
1721579,2007,1,0,0,0,1
1721579,2008,0,0,0,0,0
1721579,2009,0,0,0,0,0
1721579,2010,0,0,0,0,0
1721579,2011,0,0,0,0,0
1721579,2012,0,0,0,0,0
1721579,2013,0,0,0,0,0
1721579,2014,0,0,0,0,0
1721579,2015,0,0,0,0,0
1721579,2016,0,0,0,0,0
1721579,2017,0,0,0,0,0
1721579,2018,1,0,0,0,1
1721579,2019,0,0,0,0,0
1721579,2020,0,0,0,0,0
1721579,2021,0,0,0,0,0
1721579,2022,1,0,0,0,1
1721579,2023,0,0,0,0,0
1721579,2024,0,0,0,0,0
1721579,2025,0,0,0,0,0
1721605,2000,0,0,0,0,0
1721605,2001,0,0,0,0,0
1721605,2002,0,0,0,0,0
1721605,2003,0,0,0,0,0
1721605,2004,0,0,0,0,0
1721605,2005,0,0,0,0,0
1721605,2006,0,0,0,0,0
1721605,2007,0,0,0,0,0
1721605,2008,0,0,0,0,0
1721605,2009,0,0,0,0,0
1721605,2010,0,0,0,0,0
1721605,2011,0,0,0,0,0
1721605,2012,0,0,0,0,0
1721605,2013,0,0,0,0,0
1721605,2014,0,0,0,0,0
1721605,2015,0,0,0,0,0
1721605,2016,0,0,0,0,0
1721605,2017,0,0,0,0,0
1721605,2018,0,0,0,0,0
1721605,2019,0,0,0,0,0
1721605,2020,0,0,0,0,0
1721605,2021,0,0,0,0,0
1721605,2022,0,0,0,0,0
1721605,2023,0,0,0,0,0
1721605,2024,0,0,0,0,0
1721605,2025,0,0,0,0,0
1721618,2000,2,0,0,0,2
1721618,2001,0,0,0,0,0
1721618,2002,0,0,0,0,0
1721618,2003,0,0,0,0,0
1721618,2004,0,0,0,0,0
1721618,2005,0,0,0,0,0
1721618,2006,1,0,0,0,1
1721618,2007,0,0,0,0,0
1721618,2008,0,0,0,0,0
1721618,2009,0,0,0,0,0
1721618,2010,0,0,0,0,0
1721618,2011,0,0,0,0,0
1721618,2012,2,0,0,0,2
1721618,2013,0,0,0,0,0
1721618,2014,0,0,0,0,0
1721618,2015,0,0,0,0,0
1721618,2016,0,0,0,0,0
1721618,2017,0,0,0,0,0
1721618,2018,1,0,0,0,1
1721618,2019,0,0,0,0,0
1721618,2020,0,0,0,0,0
1721618,2021,0,0,0,0,0
1721618,2022,0,0,0,0,0
1721618,2023,0,0,0,0,0
1721618,2024,0,0,0,0,0
1721618,2025,0,0,0,0,0
1721683,2000,0,0,0,0,0
1721683,2001,1,0,0,0,1
1721683,2002,2,0,0,0,2
1721683,2003,1,0,0,0,1
1721683,2004,45,0,0,0,45
1721683,2005,6,0,0,0,6
1721683,2006,1,0,0,0,1
1721683,2007,0,0,0,0,0
1721683,2008,0,0,0,0,0
1721683,2009,0,0,0,0,0
1721683,2010,1,0,0,0,1
1721683,2011,1,0,0,0,1
1721683,2012,2,0,0,0,2
1721683,2013,1,0,0,0,1
1721683,2014,1,0,0,0,1
1721683,2015,1,0,0,0,1
1721683,2016,0,0,0,0,0
1721683,2017,2,0,0,0,2
1721683,2018,0,0,0,0,0
1721683,2019,0,0,0,0,0
1721683,2020,1,2,0,0,3
1721683,2021,1,2,0,0,3
1721683,2022,1,2,0,0,3
1721683,2023,0,0,0,0,0
1721683,2024,0,0,0,0,0
1721683,2025,0,0,0,0,0
1721696,2000,1,0,0,51,52
1721696,2001,0,0,0,0,0
1721696,2002,2,0,0,0,2
1721696,2003,0,0,0,0,0
1721696,2004,2,0,0,0,2
1721696,2005,0,0,0,0,0
1721696,2006,2,0,0,0,2
1721696,2007,0,0,0,0,0
1721696,2008,2,0,0,0,2
1721696,2009,1,0,0,0,1
1721696,2010,0,0,0,0,0
1721696,2011,0,0,0,0,0
1721696,2012,68,0,0,82,150
1721696,2013,0,0,0,0,0
1721696,2014,0,0,0,0,0
1721696,2015,0,0,0,0,0
1721696,2016,0,0,0,10,10
1721696,2017,0,0,0,16,16
1721696,2018,0,0,0,36,36
1721696,2019,0,0,0,0,0
1721696,2020,0,0,0,0,0
1721696,2021,0,0,6,0,6
1721696,2022,0,0,0,0,0
1721696,2023,0,0,0,0,0
1721696,2024,0,0,0,0,0
1721696,2025,0,0,0,0,0
1721826,2000,2,0,0,0,2
1721826,2001,2,0,0,0,2
1721826,2002,1,0,0,0,1
1721826,2003,1,0,0,0,1
1721826,2004,1,0,0,0,1
1721826,2005,1,0,0,0,1
1721826,2006,0,0,0,0,0
1721826,2007,1,0,0,0,1
1721826,2008,1,0,0,0,1
1721826,2009,1,0,0,0,1
1721826,2010,1,0,0,0,1
1721826,2011,0,0,0,0,0
1721826,2012,0,0,0,0,0
1721826,2013,2,0,0,0,2
1721826,2014,1,0,0,0,1
1721826,2015,2,0,0,0,2
1721826,2016,0,0,0,0,0
1721826,2017,0,0,0,0,0
1721826,2018,0,0,0,0,0
1721826,2019,1,0,0,0,1
1721826,2020,0,0,0,0,0
1721826,2021,0,0,0,0,0
1721826,2022,1,0,0,0,1
1721826,2023,0,0,0,0,0
1721826,2024,0,0,0,0,0
1721826,2025,0,0,0,0,0
1721852,2002,0,0,0,0,0
1721852,2003,0,0,0,0,0
1721852,2004,0,0,0,0,0
1721852,2005,1,0,0,0,1
1721852,2006,4,0,0,0,4
1721852,2007,3,0,0,0,3
1721852,2008,2,0,0,0,2
1721852,2009,0,0,0,0,0
1721852,2010,1,0,0,0,1
1721852,2011,2,0,0,0,2
1721852,2012,2,0,0,0,2
1721852,2013,0,0,0,0,0
1721852,2014,0,0,0,0,0
1721852,2015,1,0,0,0,1
1721852,2016,0,0,0,0,0
1721852,2017,1,0,0,0,1
1721852,2018,0,0,0,0,0
1721852,2019,0,0,0,0,0
1721852,2020,0,0,0,0,0
1721852,2021,0,0,0,0,0
1721852,2022,0,0,0,0,0
1721852,2023,0,0,0,0,0
1721852,2024,0,0,0,0,0
1721852,2025,1,0,0,0,1
1721904,2000,1,0,0,0,1
1721904,2001,0,0,0,0,0
1721904,2002,2,0,0,0,2
1721904,2003,6,0,0,0,6
1721904,2004,6,0,0,0,6
1721904,2005,2,0,0,0,2
1721904,2006,1,0,0,0,1
1721904,2007,1,0,0,0,1
1721904,2008,0,0,0,0,0
1721904,2009,0,0,0,0,0
1721904,2010,0,0,0,0,0
1721904,2011,0,0,0,0,0
1721904,2012,0,0,0,0,0
1721904,2013,0,0,0,0,0
1721904,2014,0,0,0,0,0
1721904,2015,0,0,0,0,0
1721904,2016,0,0,0,0,0
1721904,2017,0,0,0,0,0
1721904,2018,0,0,0,0,0
1721904,2019,0,0,0,0,0
1721904,2020,0,0,0,0,0
1721904,2021,0,0,0,0,0
1721904,2022,0,0,0,0,0
1721904,2023,1,0,0,0,1
1721904,2024,0,0,0,0,0
1721904,2025,3,0,0,0,3
1722073,2000,11,0,4,0,15
1722073,2001,20,0,0,0,20
1722073,2002,14,0,0,0,14
1722073,2003,13,0,0,0,13
1722073,2004,10,0,0,89,99
1722073,2005,17,0,0,0,17
1722073,2006,13,0,0,0,13
1722073,2007,8,0,0,0,8
1722073,2008,3,0,0,0,3
1722073,2009,4,0,0,0,4
1722073,2010,3,0,84,0,87
1722073,2011,4,6,0,0,10
1722073,2012,5,8,0,0,13
1722073,2013,6,6,0,0,12
1722073,2014,0,2,0,0,2
1722073,2015,0,4,0,0,4
1722073,2016,2,0,0,0,2
1722073,2017,2,0,0,0,2
1722073,2018,3,0,0,0,3
1722073,2019,3,0,0,0,3
1722073,2020,3,0,0,0,3
1722073,2021,3,0,0,0,3
1722073,2022,3,0,0,0,3
1722073,2023,4,0,0,0,4
1722073,2024,2,18,0,0,20
1722073,2025,0,18,3,0,21
1722151,2000,0,0,0,0,0
1722151,2001,1,0,0,0,1
1722151,2002,1,0,0,0,1
1722151,2003,2,0,0,0,2
1722151,2004,2,0,0,0,2
1722151,2005,0,0,0,0,0
1722151,2006,0,0,0,0,0
1722151,2007,0,0,0,0,0
1722151,2008,0,0,0,0,0
1722151,2009,0,0,0,0,0
1722151,2010,0,0,0,0,0
1722151,2011,0,0,0,0,0
1722151,2012,0,0,0,0,0
1722151,2013,0,0,0,0,0
1722151,2014,0,0,0,0,0
1722151,2015,0,0,0,0,0
1722151,2016,0,0,0,0,0
1722151,2017,0,0,0,0,0
1722151,2018,0,0,0,0,0
1722151,2019,0,0,0,0,0
1722151,2020,0,0,0,0,0
1722151,2021,0,0,0,0,0
1722151,2022,0,0,0,0,0
1722151,2023,0,0,0,0,0
1722151,2024,0,0,0,0,0
1722151,2025,0,0,0,0,0
1722164,2000,55,0,0,0,55
1722164,2001,54,0,0,0,54
1722164,2002,73,0,0,13,86
1722164,2003,94,0,0,0,94
1722164,2004,69,2,8,0,79
1722164,2005,83,6,3,0,92
1722164,2006,79,20,0,0,99
1722164,2007,70,0,0,5,75
1722164,2008,35,0,0,0,35
1722164,2009,32,0,0,0,32
1722164,2010,33,0,0,0,33
1722164,2011,17,0,0,0,17
1722164,2012,30,0,0,0,30
1722164,2013,47,0,0,0,47
1722164,2014,47,0,0,0,47
1722164,2015,22,0,0,0,22
1722164,2016,17,0,0,0,17
1722164,2017,18,4,4,0,26
1722164,2018,34,2,0,0,36
1722164,2019,10,0,0,0,10
1722164,2020,5,0,0,0,5
1722164,2021,6,0,0,10,16
1722164,2022,5,0,0,0,5
1722164,2023,2,0,0,0,2
1722164,2024,6,0,0,27,33
1722164,2025,8,0,0,0,8
1722255,2000,27,0,0,0,27
1722255,2001,9,0,0,0,9
1722255,2002,8,0,0,0,8
1722255,2003,16,0,0,0,16
1722255,2004,17,0,0,0,17
1722255,2005,15,0,0,0,15
1722255,2006,10,0,0,0,10
1722255,2007,6,0,0,0,6
1722255,2008,3,0,0,0,3
1722255,2009,1,0,0,0,1
1722255,2010,8,0,0,30,38
1722255,2011,3,0,0,94,97
1722255,2012,5,0,0,130,135
1722255,2013,5,0,0,164,169
1722255,2014,5,0,0,202,207
1722255,2015,3,0,0,194,197
1722255,2016,0,0,0,0,0
1722255,2017,0,0,0,0,0
1722255,2018,0,0,0,0,0
1722255,2019,0,0,0,0,0
1722255,2020,0,14,0,0,14
1722255,2021,0,0,0,0,0
1722255,2022,0,0,0,0,0
1722255,2023,29,0,0,110,139
1722255,2024,0,0,0,0,0
1722255,2025,21,2,8,28,59
1722645,2000,7,0,0,0,7
1722645,2001,4,0,0,0,4
1722645,2002,4,0,0,0,4
1722645,2003,4,0,0,0,4
1722645,2004,4,0,0,0,4
1722645,2005,3,0,0,0,3
1722645,2006,2,0,0,0,2
1722645,2007,1,0,0,0,1
1722645,2008,1,0,0,0,1
1722645,2009,1,0,0,0,1
1722645,2010,1,0,0,0,1
1722645,2011,2,0,0,0,2
1722645,2012,2,0,0,0,2
1722645,2013,2,0,0,0,2
1722645,2014,2,0,0,0,2
1722645,2015,2,0,0,0,2
1722645,2016,2,0,0,0,2
1722645,2017,2,0,0,0,2
1722645,2018,2,0,0,0,2
1722645,2019,2,0,0,0,2
1722645,2020,2,0,0,0,2
1722645,2021,1,0,0,0,1
1722645,2022,1,0,0,0,1
1722645,2023,0,0,0,0,0
1722645,2024,0,0,0,0,0
1722645,2025,1,0,0,0,1
1722697,2000,139,12,24,16,191
1722697,2001,131,2,16,32,181
1722697,2002,219,18,16,58,311
1722697,2003,131,8,0,40,179
1722697,2004,150,8,0,0,158
1722697,2005,131,4,4,26,165
1722697,2006,74,4,0,0,78
1722697,2007,55,0,0,18,73
1722697,2008,39,2,0,0,41
1722697,2009,29,0,0,12,41
1722697,2010,50,0,0,0,50
1722697,2011,28,6,0,120,154
1722697,2012,37,0,0,107,144
1722697,2013,47,0,0,72,119
1722697,2014,35,0,0,120,155
1722697,2015,52,0,0,0,52
1722697,2016,31,0,0,0,31
1722697,2017,32,2,3,0,37
1722697,2018,53,0,0,162,215
1722697,2019,31,0,3,0,34
1722697,2020,35,2,0,0,37
1722697,2021,43,0,3,0,46
1722697,2022,21,4,0,77,102
1722697,2023,26,2,0,0,28
1722697,2024,22,2,0,0,24
1722697,2025,23,0,0,0,23
1722736,2000,28,0,0,8,36
1722736,2001,31,0,0,8,39
1722736,2002,25,0,7,8,40
1722736,2003,41,0,0,6,47
1722736,2004,56,0,0,0,56
1722736,2005,55,0,0,8,63
1722736,2006,50,0,0,8,58
1722736,2007,24,0,0,6,30
1722736,2008,44,0,0,16,60
1722736,2009,22,0,4,12,38
1722736,2010,8,0,0,129,137
1722736,2011,20,0,4,0,24
1722736,2012,11,0,0,0,11
1722736,2013,14,0,8,5,27
1722736,2014,17,0,0,0,17
1722736,2015,19,2,12,18,51
1722736,2016,18,4,0,6,28
1722736,2017,21,0,0,6,27
1722736,2018,10,2,0,0,12
1722736,2019,14,4,0,48,66
1722736,2020,17,4,0,16,37
1722736,2021,15,0,0,8,23
1722736,2022,21,0,16,8,45
1722736,2023,17,0,8,28,53
1722736,2024,14,0,0,0,14
1722736,2025,23,0,0,20,43
1722931,2000,49,8,16,17,90
1722931,2001,51,2,8,0,61
1722931,2002,30,2,0,0,32
1722931,2003,177,0,0,0,177
1722931,2004,173,2,6,0,181
1722931,2005,166,2,0,0,168
1722931,2006,138,0,0,0,138
1722931,2007,36,12,0,0,48
1722931,2008,9,0,0,0,9
1722931,2009,1,0,0,0,1
1722931,2010,2,0,0,0,2
1722931,2011,2,0,0,0,2
1722931,2012,2,0,0,0,2
1722931,2013,8,0,0,0,8
1722931,2014,20,2,0,0,22
1722931,2015,15,0,0,0,15
1722931,2016,40,0,0,0,40
1722931,2017,45,0,0,0,45
1722931,2018,55,0,0,0,55
1722931,2019,54,0,0,0,54
1722931,2020,47,0,0,0,47
1722931,2021,65,0,0,0,65
1722931,2022,70,0,0,0,70
1722931,2023,96,0,0,0,96
1722931,2024,98,0,0,0,98
1722931,2025,38,0,0,0,38
1723074,2000,194,0,0,0,194
1723074,2001,126,0,4,60,190
1723074,2002,265,0,0,14,279
1723074,2003,179,0,0,54,233
1723074,2004,563,0,0,0,563
1723074,2005,1262,20,0,0,1282
1723074,2006,1077,0,0,95,1172
1723074,2007,756,0,0,10,766
1723074,2008,332,0,0,0,332
1723074,2009,128,0,0,0,128
1723074,2010,182,0,0,0,182
1723074,2011,133,0,0,0,133
1723074,2012,192,0,0,0,192
1723074,2013,343,0,0,0,343
1723074,2014,333,0,0,60,393
1723074,2015,272,0,0,0,272
1723074,2016,175,0,0,0,175
1723074,2017,141,0,0,0,141
1723074,2018,146,0,0,0,146
1723074,2019,133,0,0,0,133
1723074,2020,153,0,0,0,153
1723074,2021,167,0,0,0,167
1723074,2022,308,0,0,0,308
1723074,2023,264,0,0,74,338
1723074,2024,218,0,0,180,398
1723074,2025,201,0,0,40,241
1723191,2000,0,0,0,0,0
1723191,2001,0,0,0,0,0
1723191,2002,0,0,0,0,0
1723191,2003,0,0,0,0,0
1723191,2004,0,0,0,0,0
1723191,2005,0,0,0,0,0
1723191,2006,0,0,0,0,0
1723191,2007,0,0,0,0,0
1723191,2008,0,0,0,0,0
1723191,2009,0,0,0,0,0
1723191,2010,0,0,0,0,0
1723191,2011,0,0,0,0,0
1723191,2012,0,0,0,0,0
1723191,2013,0,0,0,0,0
1723191,2014,0,0,0,0,0
1723191,2015,0,0,0,0,0
1723191,2016,0,0,0,0,0
1723191,2017,0,0,0,0,0
1723191,2018,0,0,0,0,0
1723191,2019,0,0,0,0,0
1723191,2020,0,0,0,0,0
1723191,2021,0,0,0,0,0
1723191,2022,0,0,0,0,0
1723191,2023,0,0,0,0,0
1723191,2024,0,0,0,0,0
1723191,2025,0,0,0,0,0
1723256,2000,60,0,20,36,116
1723256,2001,1,10,8,59,78
1723256,2002,4,0,0,0,4
1723256,2003,7,0,0,0,7
1723256,2004,3,0,0,104,107
1723256,2005,1,0,0,0,1
1723256,2006,5,0,0,70,75
1723256,2007,3,0,0,0,3
1723256,2008,1,0,0,0,1
1723256,2009,0,0,0,0,0
1723256,2010,1,0,0,0,1
1723256,2011,0,0,0,0,0
1723256,2012,1,0,0,0,1
1723256,2013,0,0,0,0,0
1723256,2014,0,0,0,0,0
1723256,2015,1,0,0,0,1
1723256,2016,0,0,0,0,0
1723256,2017,0,0,0,0,0
1723256,2018,0,0,0,0,0
1723256,2019,1,0,0,0,1
1723256,2020,9,0,0,0,9
1723256,2021,6,0,0,0,6
1723256,2022,0,0,0,0,0
1723256,2023,0,0,0,0,0
1723256,2024,0,0,0,0,0
1723256,2025,0,0,0,0,0
1723269,2000,0,0,0,0,0
1723269,2001,0,0,0,0,0
1723269,2002,0,0,0,0,0
1723269,2003,2,0,0,0,2
1723269,2004,2,0,0,0,2
1723269,2005,1,0,0,0,1
1723269,2006,3,0,0,0,3
1723269,2007,0,0,0,0,0
1723269,2008,0,0,0,0,0
1723269,2009,1,0,0,0,1
1723269,2010,1,0,0,0,1
1723269,2011,1,0,0,0,1
1723269,2012,1,0,0,0,1
1723269,2013,0,0,0,0,0
1723269,2014,0,0,0,0,0
1723269,2015,0,0,0,0,0
1723269,2016,0,0,0,0,0
1723269,2017,1,0,0,0,1
1723269,2018,1,0,0,0,1
1723269,2019,1,0,0,0,1
1723269,2020,0,0,0,0,0
1723269,2021,0,0,0,0,0
1723269,2022,0,0,0,0,0
1723269,2023,0,0,0,0,0
1723269,2024,0,0,0,0,0
1723269,2025,0,0,0,0,0
1723373,2000,0,0,0,0,0
1723373,2001,0,0,0,0,0
1723373,2002,0,0,0,0,0
1723373,2003,0,0,0,0,0
1723373,2004,0,0,0,0,0
1723373,2005,0,0,0,0,0
1723373,2006,0,0,0,0,0
1723373,2007,0,0,0,0,0
1723373,2008,0,0,0,0,0
1723373,2009,0,0,0,0,0
1723373,2010,0,0,0,0,0
1723373,2011,0,0,0,0,0
1723373,2012,0,0,0,0,0
1723373,2013,0,0,0,0,0
1723373,2014,0,0,0,0,0
1723555,2000,1,0,0,0,1
1723555,2001,0,0,0,0,0
1723555,2002,0,0,0,0,0
1723555,2003,0,0,0,0,0
1723555,2004,0,0,0,0,0
1723555,2005,0,0,0,0,0
1723555,2006,0,0,0,0,0
1723555,2007,0,0,0,0,0
1723555,2008,0,0,0,0,0
1723555,2009,0,0,0,0,0
1723555,2010,0,0,0,0,0
1723555,2011,0,0,0,0,0
1723555,2012,0,0,0,0,0
1723555,2013,0,0,0,0,0
1723555,2014,0,0,0,0,0
1723555,2015,2,0,0,0,2
1723555,2016,2,0,0,0,2
1723555,2017,2,0,0,0,2
1723555,2018,2,0,0,0,2
1723555,2019,2,0,0,0,2
1723555,2020,0,0,0,0,0
1723555,2021,0,0,0,0,0
1723555,2022,0,0,0,0,0
1723555,2023,0,0,0,0,0
1723555,2024,0,0,0,0,0
1723555,2025,0,0,0,0,0
1723620,2000,152,0,0,24,176
1723620,2001,174,0,0,0,174
1723620,2002,458,0,0,0,458
1723620,2003,234,0,0,0,234
1723620,2004,305,0,0,123,428
1723620,2005,212,0,0,0,212
1723620,2006,262,0,0,24,286
1723620,2007,108,0,0,32,140
1723620,2008,64,0,0,0,64
1723620,2009,38,0,0,0,38
1723620,2010,46,0,0,183,229
1723620,2011,63,0,0,0,63
1723620,2012,123,0,0,0,123
1723620,2013,118,0,0,0,118
1723620,2014,145,0,0,0,145
1723620,2015,138,0,0,192,330
1723620,2016,128,0,0,0,128
1723620,2017,97,0,0,0,97
1723620,2018,95,0,0,164,259
1723620,2019,90,0,0,0,90
1723620,2020,65,0,6,0,71
1723620,2021,97,0,0,0,97
1723620,2022,78,0,0,0,78
1723620,2023,71,0,0,0,71
1723620,2024,65,4,0,0,69
1723620,2025,74,0,0,0,74
1723698,2021,0,0,0,0,0
1723698,2022,0,0,0,0,0
1723698,2023,0,0,0,0,0
1723698,2024,2,0,0,0,2
1723698,2025,0,0,0,0,0
1723724,2000,1,2,10,0,13
1723724,2001,7,0,3,6,16
1723724,2002,3,0,3,0,6
1723724,2003,11,0,6,38,55
1723724,2004,50,0,10,0,60
1723724,2005,17,0,8,12,37
1723724,2006,11,0,9,18,38
1723724,2007,11,0,6,32,49
1723724,2008,0,0,0,10,10
1723724,2009,0,0,0,0,0
1723724,2010,1,0,0,0,1
1723724,2011,0,0,0,0,0
1723724,2012,0,0,0,0,0
1723724,2013,0,0,0,0,0
1723724,2014,6,0,0,0,6
1723724,2015,9,0,0,9,18
1723724,2016,7,0,0,0,7
1723724,2017,1,0,0,0,1
1723724,2018,1,0,10,20,31
1723724,2019,5,0,0,0,5
1723724,2020,2,0,3,0,5
1723724,2021,4,0,0,0,4
1723724,2022,0,0,7,0,7
1723724,2023,0,0,4,0,4
1723724,2024,0,0,0,0,0
1723724,2025,1,0,0,0,1
1723737,2000,13,0,0,0,13
1723737,2001,9,0,4,0,13
1723737,2002,10,0,0,0,10
1723737,2003,5,2,0,0,7
1723737,2004,10,0,0,0,10
1723737,2005,13,0,0,0,13
1723737,2006,4,2,0,0,6
1723737,2007,7,0,4,0,11
1723737,2008,3,0,0,0,3
1723737,2009,2,0,0,0,2
1723737,2010,0,2,0,0,2
1723737,2011,2,0,0,0,2
1723737,2012,0,0,0,6,6
1723737,2013,1,0,0,0,1
1723737,2014,3,0,0,0,3
1723737,2015,1,0,0,0,1
1723737,2016,2,2,0,0,4
1723737,2017,2,0,0,0,2
1723737,2018,2,0,0,0,2
1723737,2019,0,0,0,0,0
1723737,2020,2,0,0,0,2
1723737,2021,2,0,0,0,2
1723737,2022,1,0,0,0,1
1723737,2023,4,0,0,0,4
1723737,2024,5,0,0,0,5
1723737,2025,4,0,0,9,13
1723776,2000,1,0,0,0,1
1723776,2001,0,0,0,0,0
1723776,2002,0,0,0,0,0
1723776,2003,0,0,0,0,0
1723776,2004,1,0,0,0,1
1723776,2005,1,0,0,0,1
1723776,2006,1,0,0,0,1
1723776,2007,0,0,0,0,0
1723776,2008,0,0,0,0,0
1723776,2009,1,0,0,0,1
1723776,2010,1,0,0,0,1
1723776,2011,0,0,0,0,0
1723776,2012,0,0,0,0,0
1723945,2000,50,0,0,0,50
1723945,2001,21,6,21,0,48
1723945,2002,22,0,0,0,22
1723945,2003,46,0,0,0,46
1723945,2004,32,0,0,0,32
1723945,2005,19,0,0,0,19
1723945,2006,27,6,0,0,33
1723945,2007,6,0,0,0,6
1723945,2008,1,0,0,0,1
1723945,2009,0,0,0,0,0
1723945,2010,0,0,0,0,0
1723945,2011,0,0,0,0,0
1723945,2012,0,0,0,0,0
1723945,2013,1,0,0,0,1
1723945,2014,0,0,0,0,0
1723945,2015,1,0,0,0,1
1723945,2016,3,0,0,0,3
1723945,2017,1,0,0,0,1
1723945,2018,0,0,0,0,0
1723945,2019,1,0,0,0,1
1723945,2020,2,0,0,0,2
1723945,2021,1,0,0,0,1
1723945,2022,1,2,0,0,3
1723945,2023,3,10,0,0,13
1723945,2024,0,0,0,0,0
1723945,2025,2,0,0,0,2
1723971,2000,0,0,0,0,0
1723971,2001,0,0,0,0,0
1723971,2002,0,0,0,0,0
1723971,2003,1,0,0,0,1
1723971,2004,1,0,0,0,1
1723971,2005,0,0,0,0,0
1723971,2006,0,0,0,0,0
1723971,2007,1,0,0,0,1
1723971,2008,2,0,0,0,2
1723971,2009,0,0,0,0,0
1723971,2010,0,0,0,0,0
1723971,2011,1,0,0,0,1
1723971,2012,2,0,0,0,2
1723971,2013,1,0,0,0,1
1723971,2014,1,0,0,0,1
1723971,2015,0,0,0,0,0
1723971,2016,0,0,0,0,0
1723971,2017,0,0,0,0,0
1723971,2018,0,0,0,0,0
1723971,2019,0,0,0,0,0
1723971,2020,0,0,0,0,0
1723971,2021,0,0,0,0,0
1723971,2022,0,0,0,0,0
1723971,2023,0,0,0,0,0
1723971,2024,0,0,0,0,0
1723971,2025,0,0,0,0,0
1724062,2000,0,0,0,0,0
1724062,2001,0,0,0,0,0
1724062,2002,0,0,0,0,0
1724062,2003,0,0,0,0,0
1724062,2004,0,0,0,0,0
1724062,2005,0,0,0,0,0
1724062,2006,0,0,0,0,0
1724062,2007,0,0,0,0,0
1724062,2008,0,0,0,0,0
1724062,2009,0,0,0,0,0
1724062,2010,0,0,0,0,0
1724062,2011,0,0,0,0,0
1724062,2012,0,0,0,0,0
1724062,2013,0,0,0,0,0
1724062,2014,0,0,0,0,0
1724062,2015,0,0,0,0,0
1724062,2016,0,0,0,0,0
1724062,2017,0,0,0,0,0
1724062,2018,0,0,0,0,0
1724062,2019,0,0,0,0,0
1724062,2020,0,0,0,0,0
1724062,2021,0,0,0,0,0
1724062,2022,0,0,0,0,0
1724062,2023,0,0,0,0,0
1724062,2024,0,0,0,0,0
1724062,2025,0,0,0,0,0
1724166,2000,0,0,0,0,0
1724166,2001,0,2,0,0,2
1724166,2002,8,0,0,0,8
1724166,2003,0,0,0,0,0
1724166,2004,3,0,0,0,3
1724166,2005,5,6,0,0,11
1724166,2006,3,0,0,0,3
1724166,2007,0,0,0,0,0
1724166,2008,2,0,0,0,2
1724166,2009,3,0,0,6,9
1724166,2010,1,0,0,0,1
1724166,2011,0,0,0,0,0
1724166,2012,3,0,0,0,3
1724166,2013,3,0,0,0,3
1724166,2014,0,0,0,0,0
1724166,2015,0,0,0,0,0
1724166,2016,0,0,0,0,0
1724166,2017,0,0,0,0,0
1724166,2018,0,0,0,0,0
1724166,2019,0,0,0,0,0
1724166,2020,0,0,0,0,0
1724166,2021,0,0,0,0,0
1724166,2022,0,0,0,0,0
1724166,2023,2,0,0,0,2
1724166,2024,1,0,0,0,1
1724166,2025,1,0,0,0,1
1724374,2000,2,0,0,0,2
1724374,2001,6,0,0,0,6
1724374,2002,1,0,0,0,1
1724374,2003,3,0,0,0,3
1724374,2004,10,0,0,0,10
1724374,2005,1,0,0,0,1
1724374,2006,0,0,0,0,0
1724374,2007,2,0,0,0,2
1724374,2008,1,0,0,0,1
1724374,2009,0,2,0,0,2
1724374,2010,0,0,0,0,0
1724374,2011,2,0,0,0,2
1724374,2012,0,0,0,0,0
1724374,2013,2,0,0,0,2
1724374,2014,1,0,0,0,1
1724374,2015,1,0,0,0,1
1724374,2016,0,0,0,0,0
1724374,2017,0,0,0,0,0
1724374,2018,1,0,0,0,1
1724374,2019,0,0,0,0,0
1724374,2020,1,0,0,0,1
1724374,2021,0,0,0,0,0
1724374,2022,1,0,0,0,1
1724374,2023,1,0,0,0,1
1724374,2024,1,4,0,0,5
1724374,2025,2,0,0,0,2
1724452,2000,14,0,0,0,14
1724452,2001,16,0,0,0,16
1724452,2002,8,0,0,0,8
1724452,2003,6,0,0,0,6
1724452,2004,10,0,0,0,10
1724452,2005,10,0,0,0,10
1724452,2006,0,0,0,0,0
1724452,2007,0,0,0,0,0
1724452,2008,0,0,0,0,0
1724452,2009,0,0,0,0,0
1724452,2010,0,0,0,0,0
1724452,2011,0,0,0,0,0
1724452,2012,0,0,0,0,0
1724452,2013,0,0,0,0,0
1724452,2014,0,0,0,0,0
1724452,2015,2,0,0,0,2
1724452,2016,0,0,0,0,0
1724452,2017,0,0,0,0,0
1724452,2018,0,0,0,0,0
1724452,2019,3,0,0,0,3
1724452,2020,1,0,0,0,1
1724452,2021,5,0,0,0,5
1724452,2022,4,0,0,0,4
1724452,2023,1,0,0,0,1
1724452,2024,1,0,0,0,1
1724452,2025,1,0,0,0,1
1724543,2000,6,0,0,0,6
1724543,2001,11,14,0,5,30
1724543,2002,8,10,0,0,18
1724543,2003,21,6,0,0,27
1724543,2004,9,10,0,0,19
1724543,2005,11,6,12,0,29
1724543,2006,9,12,4,0,25
1724543,2007,13,0,0,0,13
1724543,2008,8,12,8,0,28
1724543,2009,6,0,4,0,10
1724543,2010,8,6,4,0,18
1724543,2011,6,0,0,0,6
1724543,2012,7,0,0,0,7
1724543,2013,6,0,0,6,12
1724543,2014,8,2,0,0,10
1724543,2015,14,0,0,6,20
1724543,2016,7,0,0,0,7
1724543,2017,6,0,0,0,6
1724543,2018,5,0,0,0,5
1724543,2019,3,0,0,0,3
1724543,2020,2,0,0,0,2
1724543,2021,2,2,0,0,4
1724543,2022,2,0,0,0,2
1724543,2023,3,0,0,0,3
1724543,2024,0,0,0,0,0
1724543,2025,6,0,0,0,6
1724582,2000,2,2,0,0,4
1724582,2001,18,0,0,100,118
1724582,2002,10,0,3,929,942
1724582,2003,13,0,0,529,542
1724582,2004,29,0,0,585,614
1724582,2005,25,0,0,540,565
1724582,2006,19,0,0,518,537
1724582,2007,16,0,0,402,418
1724582,2008,10,0,0,311,321
1724582,2009,9,0,0,145,154
1724582,2010,10,0,0,146,156
1724582,2011,11,0,0,163,174
1724582,2012,7,0,0,80,87
1724582,2013,7,0,0,77,84
1724582,2014,19,2,3,0,24
1724582,2015,17,0,0,30,47
1724582,2016,12,0,0,0,12
1724582,2017,8,4,0,44,56
1724582,2018,4,8,0,0,12
1724582,2019,14,12,0,0,26
1724582,2020,5,0,0,60,65
1724582,2021,11,2,0,12,25
1724582,2022,6,0,0,144,150
1724582,2023,5,0,0,0,5
1724582,2024,5,0,0,60,65
1724582,2025,10,0,4,30,44
1724608,2000,0,0,0,0,0
1724608,2001,0,0,0,0,0
1724608,2002,0,0,0,0,0
1724608,2003,2,0,0,0,2
1724608,2004,0,0,0,0,0
1724608,2005,2,0,0,0,2
1724608,2006,0,0,0,0,0
1724608,2007,0,0,0,0,0
1724608,2008,0,0,0,0,0
1724608,2009,3,0,0,0,3
1724608,2010,3,0,0,0,3
1724608,2011,0,0,0,0,0
1724608,2012,0,0,0,0,0
1724608,2013,0,0,0,0,0
1724608,2014,0,0,0,0,0
1724608,2015,0,0,0,0,0
1724608,2016,0,0,0,0,0
1724608,2017,0,0,0,0,0
1724608,2018,0,0,0,0,0
1724608,2019,0,0,0,0,0
1724608,2020,0,0,0,0,0
1724608,2021,0,0,0,0,0
1724608,2022,0,0,0,0,0
1724608,2023,0,0,0,0,0
1724608,2024,0,0,0,0,0
1724608,2025,0,0,0,0,0
1724634,2000,4,0,0,0,4
1724634,2001,3,0,0,0,3
1724634,2002,11,0,0,0,11
1724634,2003,3,0,0,0,3
1724634,2004,11,0,0,0,11
1724634,2005,10,0,0,0,10
1724634,2006,11,0,0,0,11
1724634,2007,7,0,0,0,7
1724634,2008,2,0,0,0,2
1724634,2009,0,0,0,0,0
1724634,2010,3,0,0,0,3
1724634,2011,1,0,0,0,1
1724634,2012,1,0,0,0,1
1724634,2013,1,0,0,0,1
1724634,2014,3,0,0,0,3
1724634,2015,1,0,0,0,1
1724634,2016,1,0,0,0,1
1724634,2017,2,0,0,0,2
1724634,2018,7,0,0,0,7
1724634,2019,3,0,0,0,3
1724634,2020,6,0,0,0,6
1724634,2021,5,0,0,0,5
1724634,2022,1,0,0,0,1
1724634,2023,13,0,0,0,13
1724634,2024,0,0,0,0,0
1724634,2025,4,0,16,0,20
1724764,2000,6,2,0,0,8
1724764,2001,4,0,0,0,4
1724764,2002,8,0,3,0,11
1724764,2003,7,0,0,0,7
1724764,2004,5,0,0,0,5
1724764,2005,2,0,0,0,2
1724764,2006,3,0,0,0,3
1724764,2007,5,0,0,0,5
1724764,2008,3,0,0,0,3
1724764,2009,1,0,0,0,1
1724764,2010,6,0,0,0,6
1724764,2011,4,0,0,0,4
1724764,2012,4,0,0,0,4
1724764,2013,3,0,0,0,3
1724764,2014,2,0,0,0,2
1724764,2015,2,0,0,0,2
1724764,2016,1,0,0,0,1
1724764,2017,2,0,0,20,22
1724764,2018,2,0,0,0,2
1724764,2019,1,0,0,0,1
1724764,2020,1,0,0,0,1
1724764,2021,3,0,0,0,3
1724764,2022,3,0,0,0,3
1724764,2023,0,0,0,0,0
1724764,2024,22,0,0,0,22
1724764,2025,0,26,0,0,26
1724816,2000,8,0,0,46,54
1724816,2001,4,0,0,0,4
1724816,2002,2,0,0,0,2
1724816,2003,4,0,0,0,4
1724816,2004,0,0,0,0,0
1724816,2005,1,2,0,0,3
1724816,2006,35,0,0,0,35
1724816,2007,2,0,0,0,2
1724816,2008,2,0,0,0,2
1724816,2009,1,0,0,0,1
1724816,2010,1,0,0,0,1
1724816,2011,0,0,0,0,0
1724816,2012,1,0,0,0,1
1724816,2013,0,0,0,0,0
1724816,2014,1,0,0,0,1
1724816,2015,2,0,0,0,2
1724816,2016,1,0,0,0,1
1724816,2017,0,0,8,0,8
1724816,2018,0,0,0,0,0
1724816,2019,0,0,0,0,0
1724816,2020,0,0,0,0,0
1724816,2021,0,0,0,0,0
1724816,2022,0,0,0,0,0
1724816,2023,0,0,0,0,0
1724816,2024,3,0,0,0,3
1724816,2025,1,0,0,0,1
1725063,2000,2,0,0,0,2
1725063,2001,0,0,0,0,0
1725063,2002,0,0,0,0,0
1725063,2003,0,0,0,0,0
1725063,2004,0,0,0,0,0
1725063,2005,1,0,0,0,1
1725063,2006,7,0,0,0,7
1725063,2007,0,0,0,0,0
1725063,2008,0,0,0,0,0
1725063,2009,1,0,0,0,1
1725063,2010,0,0,0,0,0
1725063,2011,0,0,0,0,0
1725063,2012,0,0,0,0,0
1725063,2013,0,0,0,0,0
1725063,2014,0,0,0,0,0
1725063,2015,1,0,0,0,1
1725063,2016,0,0,0,0,0
1725063,2017,0,0,0,0,0
1725063,2018,0,0,0,0,0
1725063,2019,0,0,0,0,0
1725063,2020,0,0,0,0,0
1725063,2021,1,0,0,0,1
1725063,2022,0,0,0,0,0
1725063,2023,0,0,0,0,0
1725063,2024,0,0,0,0,0
1725063,2025,0,0,0,0,0
1725141,2000,54,0,0,0,54
1725141,2001,105,0,0,0,105
1725141,2002,90,0,0,0,90
1725141,2003,88,0,0,252,340
1725141,2004,144,0,0,250,394
1725141,2005,149,0,0,0,149
1725141,2006,90,0,0,0,90
1725141,2007,107,4,19,0,130
1725141,2008,43,0,0,0,43
1725141,2009,51,2,16,0,69
1725141,2010,49,0,9,0,58
1725141,2011,45,0,6,0,51
1725141,2012,57,0,3,0,60
1725141,2013,70,0,3,0,73
1725141,2014,68,0,0,0,68
1725141,2015,11,0,0,0,11
1725141,2016,12,0,0,0,12
1725141,2017,10,0,0,0,10
1725141,2018,8,0,0,0,8
1725141,2019,5,0,0,0,5
1725141,2020,4,0,0,0,4
1725141,2021,15,26,0,0,41
1725141,2022,13,2,0,0,15
1725141,2023,18,16,0,0,34
1725141,2024,28,20,46,0,94
1725141,2025,8,0,4,0,12
1725414,2025,0,0,0,0,0
1725531,2000,0,0,0,0,0
1725531,2001,0,0,0,0,0
1725531,2002,0,0,0,0,0
1725531,2003,0,0,0,0,0
1725531,2004,3,2,0,0,5
1725531,2005,3,2,0,0,5
1725531,2006,3,0,0,0,3
1725531,2007,3,0,0,0,3
1725531,2008,4,0,0,0,4
1725531,2009,2,0,0,0,2
1725531,2010,0,0,0,0,0
1725531,2011,5,0,0,0,5
1725531,2012,1,0,0,0,1
1725531,2013,1,0,0,0,1
1725531,2014,2,0,0,0,2
1725531,2015,1,0,0,0,1
1725531,2016,3,0,0,0,3
1725531,2017,3,0,0,0,3
1725531,2018,3,0,0,0,3
1725531,2019,3,0,0,0,3
1725531,2020,2,0,0,0,2
1725531,2021,0,0,0,0,0
1725531,2022,0,0,0,0,0
1725531,2023,1,0,0,0,1
1725531,2024,0,0,0,0,0
1725531,2025,0,4,0,0,4
1725713,2000,4,0,0,0,4
1725713,2001,2,0,0,0,2
1725713,2002,1,0,0,0,1
1725713,2003,1,0,0,0,1
1725713,2004,0,0,0,0,0
1725713,2005,0,0,0,0,0
1725713,2006,0,0,0,0,0
1725713,2007,0,0,0,0,0
1725713,2008,0,0,0,0,0
1725713,2009,0,0,0,0,0
1725713,2010,0,0,0,0,0
1725713,2011,0,0,0,0,0
1725713,2012,0,0,0,0,0
1725713,2013,0,0,0,0,0
1725713,2014,0,0,0,0,0
1725713,2015,0,0,0,0,0
1725713,2016,0,0,0,0,0
1725713,2017,0,0,0,0,0
1725713,2018,0,0,0,0,0
1725713,2019,0,0,0,0,0
1725713,2020,2,0,0,0,2
1725713,2021,0,0,0,0,0
1725713,2022,0,0,0,0,0
1725713,2023,0,0,0,0,0
1725713,2024,1,0,0,0,1
1725713,2025,1,0,0,0,1
1726012,2003,0,0,0,0,0
1726012,2004,0,0,0,0,0
1726012,2005,1,0,0,0,1
1726012,2006,0,0,0,0,0
1726012,2007,0,0,0,0,0
1726012,2008,0,0,0,0,0
1726012,2009,1,0,0,0,1
1726012,2010,0,0,0,0,0
1726012,2011,0,0,0,0,0
1726012,2012,0,0,0,0,0
1726012,2013,0,0,0,0,0
1726012,2014,0,0,0,0,0
1726012,2015,0,0,0,0,0
1726012,2016,0,0,0,0,0
1726012,2017,0,0,0,0,0
1726012,2018,0,0,0,0,0
1726012,2019,0,0,0,0,0
1726012,2020,0,0,0,0,0
1726012,2021,0,0,0,0,0
1726012,2022,0,0,0,0,0
1726012,2023,0,0,0,0,0
1726012,2024,0,0,0,0,0
1726012,2025,0,0,0,0,0
1726116,2000,0,0,0,0,0
1726116,2001,2,0,0,0,2
1726116,2002,0,0,0,0,0
1726116,2003,0,0,0,0,0
1726116,2004,0,0,0,0,0
1726116,2005,0,0,0,0,0
1726116,2006,0,0,0,0,0
1726116,2007,3,0,0,0,3
1726116,2008,2,0,0,0,2
1726116,2009,0,0,0,0,0
1726116,2010,0,0,0,0,0
1726116,2011,1,0,0,0,1
1726116,2012,0,0,0,0,0
1726116,2013,0,0,0,0,0
1726116,2014,0,0,0,0,0
1726116,2015,0,0,0,0,0
1726116,2016,0,0,0,0,0
1726116,2017,0,0,0,0,0
1726116,2018,0,0,0,0,0
1726116,2019,0,0,0,0,0
1726116,2020,0,0,0,0,0
1726116,2021,0,0,0,0,0
1726116,2022,1,0,0,0,1
1726116,2023,2,0,0,0,2
1726116,2024,3,0,0,0,3
1726116,2025,3,0,0,0,3
1726194,2000,4,0,0,0,4
1726194,2001,5,0,0,0,5
1726194,2002,10,0,0,0,10
1726194,2003,7,0,0,0,7
1726194,2004,12,0,0,0,12
1726194,2005,33,0,0,0,33
1726194,2006,18,0,0,0,18
1726194,2007,15,0,0,0,15
1726194,2008,2,0,0,0,2
1726194,2009,0,0,0,0,0
1726194,2010,6,0,0,0,6
1726194,2011,9,0,0,0,9
1726194,2012,15,0,0,0,15
1726194,2013,0,0,0,0,0
1726194,2014,5,0,0,0,5
1726194,2015,3,0,3,0,6
1726194,2016,7,2,3,0,12
1726194,2017,4,0,0,0,4
1726194,2018,3,0,6,0,9
1726194,2019,2,0,0,0,2
1726194,2020,3,0,0,0,3
1726194,2021,1,0,0,0,1
1726194,2022,0,0,0,0,0
1726194,2023,11,8,0,0,19
1726194,2024,12,4,0,0,16
1726194,2025,15,4,4,12,35
1726233,2000,2,0,0,0,2
1726233,2001,2,0,0,0,2
1726233,2002,12,0,0,0,12
1726233,2003,13,0,0,0,13
1726233,2004,0,0,0,0,0
1726233,2005,1,0,0,0,1
1726233,2006,1,0,0,0,1
1726233,2007,1,0,0,0,1
1726233,2008,0,0,0,0,0
1726233,2009,0,0,0,0,0
1726233,2010,0,0,0,0,0
1726233,2011,0,0,0,0,0
1726233,2012,2,0,0,0,2
1726233,2013,0,0,0,0,0
1726233,2014,1,0,0,0,1
1726233,2015,0,0,0,0,0
1726233,2016,0,0,0,0,0
1726233,2017,0,0,0,0,0
1726233,2018,0,0,0,0,0
1726233,2019,0,0,0,0,0
1726233,2020,0,0,0,0,0
1726233,2021,0,0,0,0,0
1726233,2022,0,0,0,0,0
1726233,2023,0,0,0,0,0
1726233,2024,0,0,0,0,0
1726233,2025,0,0,0,0,0
1726311,2000,3,0,0,0,3
1726311,2001,1,0,0,0,1
1726311,2002,0,0,0,0,0
1726311,2003,1,0,0,0,1
1726311,2004,0,0,0,0,0
1726311,2005,0,0,0,0,0
1726311,2006,1,0,4,0,5
1726311,2007,0,0,0,0,0
1726311,2008,0,2,0,0,2
1726311,2009,0,2,0,0,2
1726311,2010,0,0,0,0,0
1726311,2011,0,0,0,0,0
1726311,2012,0,0,0,0,0
1726311,2013,5,0,0,0,5
1726311,2014,5,0,0,0,5
1726311,2015,1,0,0,0,1
1726311,2016,0,0,0,0,0
1726311,2017,2,0,0,0,2
1726311,2018,2,0,0,0,2
1726311,2019,1,0,0,0,1
1726311,2020,1,0,0,0,1
1726311,2021,0,0,0,0,0
1726311,2022,1,0,0,0,1
1726311,2023,1,0,0,0,1
1726311,2024,5,0,0,0,5
1726311,2025,1,0,0,0,1
1726454,2000,11,0,0,0,11
1726454,2001,9,0,0,0,9
1726454,2002,6,0,0,0,6
1726454,2003,11,0,0,0,11
1726454,2004,7,0,0,0,7
1726454,2005,8,0,0,0,8
1726454,2006,0,0,0,0,0
1726454,2007,8,0,0,0,8
1726454,2008,0,0,0,0,0
1726454,2009,2,0,0,0,2
1726454,2010,3,0,0,0,3
1726454,2011,4,0,0,0,4
1726454,2012,3,0,0,0,3
1726454,2013,3,0,0,0,3
1726454,2014,4,0,0,0,4
1726454,2015,3,2,0,0,5
1726454,2016,6,0,0,7,13
1726454,2017,8,0,0,0,8
1726454,2018,3,0,0,0,3
1726454,2019,1,0,0,7,8
1726454,2020,5,0,0,0,5
1726454,2021,3,2,0,0,5
1726454,2022,5,0,0,0,5
1726454,2023,3,0,3,0,6
1726454,2024,3,0,0,0,3
1726454,2025,2,0,0,0,2
1726571,2000,41,0,0,0,41
1726571,2001,28,0,0,0,28
1726571,2002,41,0,0,0,41
1726571,2003,36,0,0,0,36
1726571,2004,44,0,0,0,44
1726571,2005,39,0,0,0,39
1726571,2006,17,0,0,0,17
1726571,2007,11,0,0,0,11
1726571,2008,4,0,0,0,4
1726571,2009,0,0,0,0,0
1726571,2010,0,0,0,0,0
1726571,2011,0,0,0,0,0
1726571,2012,0,0,0,0,0
1726571,2013,2,0,0,0,2
1726571,2014,0,0,0,0,0
1726571,2015,0,0,0,0,0
1726571,2016,2,0,0,0,2
1726571,2017,1,0,0,0,1
1726571,2018,2,0,0,0,2
1726571,2019,0,0,0,0,0
1726571,2020,1,0,0,0,1
1726571,2021,0,0,0,0,0
1726571,2022,3,0,0,0,3
1726571,2023,0,0,0,0,0
1726571,2024,1,0,0,0,1
1726571,2025,1,0,0,0,1
1726710,2000,0,0,0,0,0
1726710,2001,0,0,0,0,0
1726710,2002,0,0,0,0,0
1726710,2003,0,0,0,0,0
1726710,2004,0,0,0,0,0
1726710,2005,0,0,0,0,0
1726710,2006,0,0,0,0,0
1726710,2007,0,0,0,0,0
1726710,2008,0,0,0,0,0
1726710,2009,0,0,0,0,0
1726710,2010,0,0,0,0,0
1726710,2011,0,0,0,0,0
1726710,2012,0,0,0,0,0
1726710,2013,0,0,0,0,0
1726710,2014,0,0,0,0,0
1726710,2015,0,0,0,0,0
1726710,2016,0,0,0,0,0
1726710,2017,0,0,0,0,0
1726710,2018,0,0,0,0,0
1726710,2019,0,0,0,0,0
1726710,2020,0,0,0,0,0
1726710,2021,0,0,0,0,0
1726710,2022,0,0,0,0,0
1726710,2023,0,0,0,0,0
1726710,2024,0,0,0,0,0
1726710,2025,0,0,0,0,0
1726935,2000,0,0,0,0,0
1726935,2001,14,0,0,31,45
1726935,2002,35,0,0,0,35
1726935,2003,9,0,0,0,9
1726935,2004,4,0,0,66,70
1726935,2005,36,0,0,136,172
1726935,2006,11,0,0,70,81
1726935,2007,8,0,0,8,16
1726935,2008,0,0,0,0,0
1726935,2009,0,0,0,0,0
1726935,2010,0,0,0,0,0
1726935,2011,0,0,0,0,0
1726935,2012,0,0,0,0,0
1726935,2013,0,0,0,0,0
1726935,2014,1,0,0,0,1
1726935,2015,2,0,0,0,2
1726935,2016,0,0,0,0,0
1726935,2017,5,0,0,0,5
1726935,2018,19,0,0,0,19
1726935,2019,0,0,0,0,0
1726935,2020,1,0,0,0,1
1726935,2021,3,0,0,0,3
1726935,2022,2,0,0,0,2
1726935,2023,1,0,0,0,1
1726935,2024,0,4,0,10,14
1726935,2025,1,0,0,0,1
1726987,2000,0,0,0,0,0
1726987,2001,0,0,0,0,0
1726987,2002,0,0,0,0,0
1726987,2003,0,0,0,0,0
1726987,2004,0,0,0,0,0
1726987,2005,0,0,0,0,0
1726987,2006,0,0,0,0,0
1726987,2007,0,0,0,0,0
1726987,2008,0,0,0,0,0
1726987,2009,0,0,0,0,0
1726987,2010,0,0,0,0,0
1726987,2011,0,0,0,0,0
1726987,2012,0,0,0,0,0
1726987,2013,0,0,0,0,0
1726987,2014,0,0,0,0,0
1726987,2015,0,0,0,0,0
1726987,2016,0,0,0,0,0
1726987,2017,0,0,0,0,0
1726987,2018,0,0,0,0,0
1726987,2019,0,0,0,0,0
1726987,2020,0,0,0,0,0
1726987,2021,0,0,0,0,0
1726987,2022,0,0,0,0,0
1726987,2023,0,0,0,0,0
1726987,2024,0,0,0,0,0
1726987,2025,0,0,0,0,0
1727026,2000,1,0,0,0,1
1727026,2001,2,0,0,0,2
1727026,2002,2,0,0,0,2
1727026,2003,2,0,0,0,2
1727026,2004,1,0,0,0,1
1727026,2005,1,0,0,0,1
1727026,2006,2,0,0,0,2
1727026,2007,1,0,0,6,7
1727026,2008,0,0,0,0,0
1727026,2009,0,0,0,0,0
1727026,2010,0,0,0,0,0
1727026,2011,0,0,0,0,0
1727026,2012,3,0,0,0,3
1727026,2013,3,0,0,0,3
1727026,2014,0,0,0,0,0
1727026,2015,0,0,0,0,0
1727026,2016,0,0,0,0,0
1727026,2017,0,0,0,0,0
1727026,2018,0,0,0,0,0
1727026,2019,0,0,0,0,0
1727026,2020,0,0,0,0,0
1727026,2021,0,0,0,0,0
1727026,2022,0,0,0,0,0
1727026,2023,0,0,0,0,0
1727026,2024,1,0,0,0,1
1727026,2025,1,2,0,0,3
1727065,2000,2,0,0,0,2
1727065,2001,6,0,0,0,6
1727065,2002,7,0,0,0,7
1727065,2003,4,0,0,0,4
1727065,2004,4,0,0,0,4
1727065,2005,2,0,0,0,2
1727065,2006,1,0,0,0,1
1727065,2007,2,0,0,0,2
1727065,2008,2,0,0,0,2
1727065,2009,0,0,0,0,0
1727065,2010,0,0,0,0,0
1727065,2011,1,0,0,0,1
1727065,2012,0,0,0,0,0
1727065,2013,0,0,0,0,0
1727065,2014,0,0,0,0,0
1727065,2015,0,2,0,0,2
1727065,2016,0,0,0,0,0
1727065,2017,0,0,0,0,0
1727065,2018,2,0,0,0,2
1727065,2019,0,0,0,0,0
1727065,2020,0,0,0,0,0
1727065,2021,0,0,0,0,0
1727065,2022,0,0,0,0,0
1727065,2023,0,0,0,0,0
1727065,2024,0,0,0,0,0
1727065,2025,0,0,0,0,0
1727091,2000,44,0,0,0,44
1727091,2001,26,0,0,0,26
1727091,2002,41,0,4,0,45
1727091,2003,35,0,4,0,39
1727091,2004,53,0,0,0,53
1727091,2005,62,0,0,0,62
1727091,2006,36,4,0,0,40
1727091,2007,24,4,8,0,36
1727091,2008,21,0,0,0,21
1727091,2009,20,0,0,0,20
1727091,2010,23,0,0,0,23
1727091,2011,10,0,0,8,18
1727091,2012,12,0,0,0,12
1727091,2013,9,0,0,12,21
1727091,2014,1,0,0,12,13
1727091,2015,1,0,0,0,1
1727091,2016,2,0,0,0,2
1727091,2017,0,0,0,0,0
1727091,2018,3,0,0,0,3
1727091,2019,8,0,0,0,8
1727091,2020,5,0,0,0,5
1727091,2021,4,0,0,0,4
1727091,2022,2,0,0,0,2
1727091,2023,3,0,0,0,3
1727091,2024,2,0,0,0,2
1727091,2025,3,0,0,0,3
1727442,2000,56,0,0,0,56
1727442,2001,110,2,19,0,131
1727442,2002,159,0,0,0,159
1727442,2003,195,0,0,0,195
1727442,2004,197,0,0,0,197
1727442,2005,125,0,17,0,142
1727442,2006,93,0,0,0,93
1727442,2007,30,0,0,0,30
1727442,2008,9,0,0,0,9
1727442,2009,10,0,0,0,10
1727442,2010,0,0,0,0,0
1727442,2011,3,0,0,0,3
1727442,2012,1,0,0,0,1
1727442,2013,2,0,0,0,2
1727442,2014,1,0,0,0,1
1727442,2015,3,0,0,0,3
1727442,2016,9,2,3,18,32
1727442,2017,24,0,3,0,27
1727442,2018,36,0,0,0,36
1727442,2019,25,0,0,0,25
1727442,2020,5,0,0,0,5
1727442,2021,0,0,0,0,0
1727442,2022,1,0,0,0,1
1727442,2023,3,0,7,0,10
1727442,2024,1,0,0,0,1
1727442,2025,3,0,0,302,305
1727533,2000,53,0,0,0,53
1727533,2001,18,0,0,0,18
1727533,2002,15,0,0,0,15
1727533,2003,13,0,0,0,13
1727533,2004,5,0,0,0,5
1727533,2005,7,0,0,0,7
1727533,2006,1,0,0,0,1
1727533,2007,4,0,0,0,4
1727533,2008,1,0,0,0,1
1727533,2009,0,0,0,0,0
1727533,2010,0,0,0,0,0
1727533,2011,0,0,0,0,0
1727533,2012,0,0,0,0,0
1727533,2013,1,0,0,0,1
1727533,2014,1,0,0,0,1
1727533,2015,0,0,0,0,0
1727533,2016,0,0,0,0,0
1727533,2017,1,0,0,0,1
1727533,2018,0,0,0,0,0
1727533,2019,0,0,0,0,0
1727533,2020,0,0,0,0,0
1727533,2021,0,0,0,0,0
1727533,2022,0,0,0,0,0
1727533,2023,1,0,45,0,46
1727533,2024,0,0,0,65,65
1727533,2025,0,0,0,0,0
1727624,2000,276,0,0,0,276
1727624,2001,277,0,0,0,277
1727624,2002,307,0,0,0,307
1727624,2003,395,0,0,0,395
1727624,2004,296,0,0,0,296
1727624,2005,327,0,0,0,327
1727624,2006,298,0,0,0,298
1727624,2007,189,0,0,0,189
1727624,2008,101,0,0,0,101
1727624,2009,22,0,0,0,22
1727624,2010,35,0,0,0,35
1727624,2011,37,0,0,0,37
1727624,2012,70,0,0,0,70
1727624,2013,96,0,0,0,96
1727624,2014,103,0,0,0,103
1727624,2015,84,0,0,0,84
1727624,2016,78,0,0,0,78
1727624,2017,94,0,0,0,94
1727624,2018,132,2,0,0,134
1727624,2019,85,0,0,0,85
1727624,2020,99,0,0,0,99
1727624,2021,132,0,0,0,132
1727624,2022,99,0,0,0,99
1727624,2023,52,0,0,0,52
1727624,2024,103,0,0,0,103
1727624,2025,115,0,0,0,115
1727689,2000,0,0,0,0,0
1727689,2001,0,0,0,0,0
1727689,2002,2,0,0,0,2
1727689,2003,0,0,0,0,0
1727689,2004,0,0,0,0,0
1727689,2005,0,0,0,0,0
1727689,2006,1,0,0,0,1
1727689,2007,1,0,0,0,1
1727689,2008,0,0,0,0,0
1727689,2009,0,0,0,0,0
1727689,2010,0,0,0,0,0
1727689,2011,0,0,0,0,0
1727689,2012,0,0,0,0,0
1727689,2013,0,0,0,0,0
1727689,2014,0,0,0,0,0
1727689,2015,0,0,0,0,0
1727689,2016,0,0,0,0,0
1727689,2017,0,0,0,0,0
1727689,2018,0,0,0,0,0
1727689,2019,0,0,0,0,0
1727689,2020,0,0,0,0,0
1727689,2021,0,0,0,0,0
1727689,2022,0,0,0,0,0
1727689,2023,0,0,0,0,0
1727689,2024,0,0,0,0,0
1727689,2025,0,0,0,0,0
1727702,2000,0,0,0,0,0
1727702,2001,2,0,0,0,2
1727702,2002,0,0,0,0,0
1727702,2003,0,0,0,0,0
1727702,2004,4,0,0,0,4
1727702,2005,0,0,0,0,0
1727702,2006,1,0,0,0,1
1727702,2007,0,0,0,0,0
1727702,2008,0,0,0,0,0
1727702,2009,0,0,0,0,0
1727702,2010,0,0,0,0,0
1727702,2011,0,0,0,0,0
1727702,2012,0,0,0,0,0
1727702,2013,0,0,0,0,0
1727702,2014,0,0,0,0,0
1727702,2015,1,0,0,0,1
1727702,2016,0,0,0,0,0
1727702,2017,0,0,0,0,0
1727702,2018,0,0,0,0,0
1727702,2019,0,0,0,0,0
1727702,2020,0,0,0,110,110
1727702,2021,0,0,0,0,0
1727702,2022,0,0,0,0,0
1727702,2023,0,0,0,0,0
1727702,2024,0,0,0,0,0
1727702,2025,0,0,0,0,0
1727806,2000,20,0,0,0,20
1727806,2001,26,0,0,0,26
1727806,2002,23,0,0,0,23
1727806,2003,33,0,0,0,33
1727806,2004,50,22,0,0,72
1727806,2005,44,8,0,0,52
1727806,2006,33,0,3,30,66
1727806,2007,23,8,0,0,31
1727806,2008,12,0,0,8,20
1727806,2009,8,0,0,0,8
1727806,2010,3,2,0,23,28
1727806,2011,8,4,0,0,12
1727806,2012,2,0,0,0,2
1727806,2013,7,0,0,0,7
1727806,2014,7,0,0,0,7
1727806,2015,8,0,0,0,8
1727806,2016,6,0,0,8,14
1727806,2017,6,0,0,0,6
1727806,2018,8,2,0,0,10
1727806,2019,10,2,0,0,12
1727806,2020,7,0,0,0,7
1727806,2021,17,0,0,0,17
1727806,2022,12,0,3,0,15
1727806,2023,9,0,0,0,9
1727806,2024,12,0,0,0,12
1727806,2025,4,0,0,0,4
1727884,2000,11,12,0,48,71
1727884,2001,15,14,0,37,66
1727884,2002,15,8,0,0,23
1727884,2003,12,12,0,0,24
1727884,2004,32,0,0,0,32
1727884,2005,18,20,0,0,38
1727884,2006,7,18,0,0,25
1727884,2007,6,10,0,0,16
1727884,2008,3,2,0,16,21
1727884,2009,1,2,0,0,3
1727884,2010,0,0,0,0,0
1727884,2011,0,0,0,0,0
1727884,2012,0,0,0,0,0
1727884,2013,1,0,0,0,1
1727884,2014,1,0,0,0,1
1727884,2015,0,0,0,0,0
1727884,2016,0,0,0,0,0
1727884,2017,1,0,0,0,1
1727884,2018,1,0,0,0,1
1727884,2019,2,0,0,0,2
1727884,2020,0,2,0,0,2
1727884,2021,4,0,0,0,4
1727884,2022,4,0,0,0,4
1727884,2023,1,2,0,0,3
1727884,2024,2,0,0,0,2
1727884,2025,0,0,0,0,0
1728144,2000,5,0,0,0,5
1728144,2001,27,0,0,0,27
1728144,2002,12,0,0,0,12
1728144,2003,11,0,0,0,11
1728144,2004,1,2,4,0,7
1728144,2005,10,0,0,0,10
1728144,2006,4,2,3,0,9
1728144,2007,6,0,0,0,6
1728144,2008,2,0,0,0,2
1728144,2009,2,0,0,0,2
1728144,2010,1,0,0,0,1
1728144,2011,1,0,0,0,1
1728144,2012,2,0,0,0,2
1728144,2013,2,0,0,0,2
1728144,2014,0,0,0,0,0
1728144,2015,0,0,0,0,0
1728144,2016,1,0,0,0,1
1728144,2017,0,0,0,40,40
1728144,2018,2,0,0,0,2
1728144,2019,2,0,0,0,2
1728144,2020,2,0,0,0,2
1728144,2021,0,0,0,0,0
1728144,2022,0,0,0,0,0
1728144,2023,0,0,0,0,0
1728144,2024,1,0,0,0,1
1728144,2025,2,0,0,0,2
1728300,2000,5,0,0,0,5
1728300,2001,12,0,0,0,12
1728300,2002,3,4,4,40,51
1728300,2003,7,0,0,0,7
1728300,2004,5,8,0,0,13
1728300,2005,2,8,0,0,10
1728300,2006,7,6,0,0,13
1728300,2007,4,0,0,0,4
1728300,2008,4,0,0,0,4
1728300,2009,3,0,0,0,3
1728300,2010,3,0,0,0,3
1728300,2011,2,0,0,0,2
1728300,2012,0,0,0,0,0
1728300,2013,1,0,0,0,1
1728300,2014,0,0,0,0,0
1728300,2015,8,0,0,0,8
1728300,2016,9,0,0,0,9
1728300,2017,1,0,0,0,1
1728300,2018,2,0,0,0,2
1728300,2019,0,0,0,0,0
1728300,2020,3,0,0,0,3
1728300,2021,1,0,0,0,1
1728300,2022,1,0,0,0,1
1728300,2023,4,0,0,0,4
1728300,2024,4,2,0,0,6
1728300,2025,1,2,0,0,3
1728326,2000,30,0,0,0,30
1728326,2001,20,0,0,152,172
1728326,2002,13,0,0,0,13
1728326,2003,6,0,0,0,6
1728326,2004,10,0,0,0,10
1728326,2005,6,0,0,0,6
1728326,2006,14,0,0,0,14
1728326,2007,4,0,0,0,4
1728326,2008,3,0,0,0,3
1728326,2009,4,0,0,0,4
1728326,2010,0,0,0,0,0
1728326,2011,3,0,0,0,3
1728326,2012,22,0,0,0,22
1728326,2013,4,2,0,0,6
1728326,2014,3,0,0,0,3
1728326,2015,0,0,0,0,0
1728326,2016,7,0,0,0,7
1728326,2017,7,0,0,0,7
1728326,2018,4,6,0,0,10
1728326,2019,0,0,0,0,0
1728326,2020,0,0,0,0,0
1728326,2021,1,0,0,0,1
1728326,2022,1,0,0,0,1
1728326,2023,0,0,0,0,0
1728326,2024,0,0,0,0,0
1728326,2025,1,0,0,0,1
1728430,2000,6,0,0,0,6
1728430,2001,6,0,0,0,6
1728430,2002,3,0,0,0,3
1728430,2003,3,0,0,0,3
1728430,2004,3,0,0,0,3
1728430,2005,3,0,0,0,3
1728430,2006,2,0,0,0,2
1728430,2007,1,0,0,0,1
1728430,2008,1,0,0,0,1
1728430,2009,0,0,0,0,0
1728430,2010,0,0,0,0,0
1728430,2011,0,0,0,0,0
1728430,2012,1,0,0,0,1
1728430,2013,1,0,0,0,1
1728430,2014,1,0,0,0,1
1728430,2015,1,0,0,0,1
1728430,2016,1,0,0,0,1
1728430,2017,1,0,0,0,1
1728430,2018,1,0,0,0,1
1728430,2019,1,0,0,0,1
1728430,2020,1,0,0,0,1
1728430,2021,1,0,0,0,1
1728430,2022,0,0,0,0,0
1728430,2023,0,0,0,0,0
1728430,2024,0,0,0,0,0
1728430,2025,2,0,0,0,2
1728638,2000,3,0,0,0,3
1728638,2001,4,0,0,0,4
1728638,2002,3,0,0,0,3
1728638,2003,5,0,0,0,5
1728638,2004,4,0,0,0,4
1728638,2005,3,0,0,0,3
1728638,2006,1,0,0,0,1
1728638,2007,6,0,0,0,6
1728638,2008,2,0,0,0,2
1728638,2009,1,0,0,0,1
1728638,2010,1,0,0,0,1
1728638,2011,0,0,0,0,0
1728638,2012,0,0,0,0,0
1728638,2013,0,0,0,0,0
1728638,2014,0,0,0,0,0
1728638,2015,0,0,0,0,0
1728638,2016,0,0,0,0,0
1728638,2017,0,0,0,0,0
1728638,2018,0,0,0,0,0
1728638,2019,1,0,0,0,1
1728638,2020,0,0,0,0,0
1728638,2021,0,0,0,0,0
1728638,2022,1,0,0,0,1
1728638,2023,1,0,0,0,1
1728638,2024,0,0,0,0,0
1728638,2025,0,0,0,0,0
1728807,2000,3,0,0,0,3
1728807,2001,0,0,0,0,0
1728807,2002,0,0,0,0,0
1728807,2003,1,0,0,0,1
1728807,2004,0,0,0,0,0
1728807,2005,0,0,0,0,0
1728807,2006,0,0,0,0,0
1728807,2007,0,0,0,0,0
1728807,2008,0,0,0,0,0
1728807,2009,0,0,0,0,0
1728807,2010,0,0,0,0,0
1728807,2011,0,0,0,0,0
1728807,2012,0,0,0,0,0
1728807,2013,0,0,0,0,0
1728807,2014,0,0,0,0,0
1728807,2015,0,0,0,0,0
1728807,2016,0,0,0,0,0
1728807,2017,0,0,0,0,0
1728807,2018,0,0,0,0,0
1728807,2019,0,0,0,0,0
1728807,2020,0,0,0,0,0
1728807,2021,0,0,0,0,0
1728807,2022,0,0,0,0,0
1728807,2023,0,0,0,0,0
1728807,2024,0,0,0,0,0
1728807,2025,0,0,0,0,0
1728846,2000,13,4,3,0,20
1728846,2001,17,4,0,0,21
1728846,2002,8,8,0,0,16
1728846,2003,10,0,0,0,10
1728846,2004,34,6,0,0,40
1728846,2005,22,8,0,0,30
1728846,2006,15,8,0,0,23
1728846,2007,12,2,0,0,14
1728846,2008,4,2,0,0,6
1728846,2009,3,2,0,0,5
1728846,2010,4,0,0,0,4
1728846,2011,4,6,0,0,10
1728846,2012,6,6,0,0,12
1728846,2013,2,0,6,0,8
1728846,2014,9,4,3,0,16
1728846,2015,7,2,3,0,12
1728846,2016,5,4,0,0,9
1728846,2017,6,4,0,0,10
1728846,2018,7,0,0,0,7
1728846,2019,6,0,0,40,46
1728846,2020,6,0,0,0,6
1728846,2021,3,0,0,40,43
1728846,2022,3,0,3,0,6
1728846,2023,9,0,0,0,9
1728846,2024,13,0,0,0,13
1728846,2025,8,0,0,0,8
1728872,2000,240,4,0,0,244
1728872,2001,290,0,0,18,308
1728872,2002,248,0,0,0,248
1728872,2003,221,0,0,0,221
1728872,2004,233,0,0,0,233
1728872,2005,211,0,0,0,211
1728872,2006,108,0,0,0,108
1728872,2007,31,0,0,0,31
1728872,2008,4,0,0,0,4
1728872,2009,6,0,0,0,6
1728872,2010,5,0,0,0,5
1728872,2011,4,0,0,0,4
1728872,2012,9,0,0,0,9
1728872,2013,12,0,0,0,12
1728872,2014,20,0,0,0,20
1728872,2015,76,0,0,0,76
1728872,2016,83,0,0,0,83
1728872,2017,32,0,0,0,32
1728872,2018,50,0,0,0,50
1728872,2019,18,0,0,0,18
1728872,2020,24,0,0,0,24
1728872,2021,68,0,0,0,68
1728872,2022,8,0,0,0,8
1728872,2023,12,0,0,0,12
1728872,2024,11,0,0,0,11
1728872,2025,27,0,0,0,27
1728898,2000,49,8,0,0,57
1728898,2001,47,0,0,0,47
1728898,2002,46,0,0,0,46
1728898,2003,27,0,0,0,27
1728898,2004,32,0,0,0,32
1728898,2005,58,0,0,0,58
1728898,2006,58,0,0,0,58
1728898,2007,41,0,0,0,41
1728898,2008,0,0,0,0,0
1728898,2009,6,0,0,0,6
1728898,2010,9,0,0,0,9
1728898,2011,3,0,0,0,3
1728898,2012,3,0,0,0,3
1728898,2013,3,0,0,0,3
1728898,2014,2,0,0,0,2
1728898,2015,5,0,0,0,5
1728898,2016,4,0,0,0,4
1728898,2017,6,0,0,0,6
1728898,2018,5,0,0,0,5
1728898,2019,15,0,4,0,19
1728898,2020,13,0,0,0,13
1728898,2021,29,0,0,0,29
1728898,2022,43,0,0,0,43
1728898,2023,23,0,0,0,23
1728898,2024,12,0,0,0,12
1728898,2025,7,0,0,0,7
1728963,2000,5,0,0,0,5
1728963,2001,5,0,0,0,5
1728963,2002,2,2,0,0,4
1728963,2003,5,0,0,0,5
1728963,2004,2,0,0,0,2
1728963,2005,2,0,0,0,2
1728963,2006,2,0,0,0,2
1728963,2007,1,0,0,0,1
1728963,2008,0,0,0,0,0
1728963,2009,1,0,0,0,1
1728963,2010,1,0,0,0,1
1728963,2011,1,0,0,0,1
1728963,2012,0,0,0,0,0
1728963,2013,0,0,0,0,0
1728963,2014,0,0,0,0,0
1728963,2015,0,0,0,0,0
1728963,2016,0,0,0,0,0
1728963,2017,1,0,0,0,1
1728963,2018,0,0,0,0,0
1728963,2019,0,0,0,0,0
1728963,2020,0,0,0,0,0
1728963,2021,1,0,0,0,1
1728963,2022,0,0,0,0,0
1728963,2023,1,0,0,0,1
1728963,2024,0,0,0,0,0
1728963,2025,0,0,0,0,0
1729041,2013,1,0,0,0,1
1729041,2014,2,0,0,0,2
1729041,2015,4,0,0,0,4
1729041,2016,4,0,0,0,4
1729041,2017,3,0,0,0,3
1729041,2018,2,0,0,0,2
1729041,2019,4,0,0,0,4
1729041,2020,4,0,0,0,4
1729041,2021,8,4,0,0,12
1729041,2022,5,8,0,0,13
1729041,2023,2,2,0,0,4
1729041,2024,2,0,0,0,2
1729041,2025,0,0,0,0,0
1729080,2000,34,8,0,0,42
1729080,2001,45,10,0,0,55
1729080,2002,64,0,0,0,64
1729080,2003,52,8,8,0,68
1729080,2004,41,2,16,0,59
1729080,2005,4,0,0,0,4
1729080,2006,57,4,0,0,61
1729080,2007,16,4,8,0,28
1729080,2008,8,0,0,0,8
1729080,2009,5,0,0,0,5
1729080,2010,6,2,0,0,8
1729080,2011,12,2,0,0,14
1729080,2012,14,4,0,0,18
1729080,2013,7,0,4,0,11
1729080,2014,4,0,0,0,4
1729080,2015,2,0,0,0,2
1729080,2016,2,0,0,0,2
1729080,2017,1,0,0,0,1
1729080,2018,8,0,0,0,8
1729080,2019,1,0,0,0,1
1729080,2020,8,0,0,0,8
1729080,2021,7,0,0,0,7
1729080,2022,2,0,0,0,2
1729080,2023,5,0,0,0,5
1729080,2024,2,0,0,0,2
1729080,2025,1,0,0,0,1
1729093,2000,0,0,0,0,0
1729093,2001,0,0,0,0,0
1729093,2002,0,0,0,0,0
1729093,2003,0,0,0,0,0
1729093,2004,0,0,0,0,0
1729093,2005,0,0,0,0,0
1729093,2006,1,0,0,0,1
1729093,2007,0,0,0,0,0
1729093,2008,0,0,0,0,0
1729093,2009,0,0,0,0,0
1729093,2010,0,0,0,0,0
1729093,2011,0,0,0,0,0
1729093,2012,1,0,0,0,1
1729093,2013,0,0,0,0,0
1729093,2014,0,0,0,0,0
1729093,2015,0,0,0,0,0
1729093,2016,0,0,0,0,0
1729093,2017,0,0,0,0,0
1729093,2018,0,0,0,0,0
1729093,2019,0,0,0,0,0
1729093,2020,0,0,0,0,0
1729093,2021,0,0,0,0,0
1729093,2022,0,0,0,0,0
1729093,2023,0,0,0,0,0
1729093,2024,0,0,0,0,0
1729093,2025,0,0,0,0,0
1729125,2000,1,0,4,0,5
1729125,2001,1,0,0,0,1
1729125,2002,1,0,0,0,1
1729125,2003,3,0,0,0,3
1729125,2004,4,0,0,0,4
1729125,2005,17,0,0,0,17
1729125,2006,13,0,0,0,13
1729125,2007,5,0,0,0,5
1729125,2008,12,0,0,0,12
1729125,2009,12,0,0,0,12
1729125,2010,5,0,0,0,5
1729125,2011,4,0,0,0,4
1729125,2012,4,0,0,0,4
1729125,2013,2,0,0,50,52
1729125,2014,4,0,0,0,4
1729125,2015,5,2,0,0,7
1729125,2016,4,2,0,0,6
1729125,2017,6,0,0,0,6
1729125,2018,2,0,0,6,8
1729125,2019,1,0,0,6,7
1729125,2020,4,0,0,0,4
1729125,2021,0,0,0,0,0
1729125,2022,0,0,0,0,0
1729125,2023,0,0,0,0,0
1729125,2024,0,0,0,0,0
1729125,2025,1,0,0,0,1
1729145,2000,18,0,0,0,18
1729145,2001,18,0,0,0,18
1729145,2002,20,0,0,0,20
1729145,2003,21,0,0,0,21
1729145,2004,10,0,0,0,10
1729145,2005,6,0,0,0,6
1729145,2006,0,0,0,0,0
1729145,2007,4,0,0,0,4
1729145,2008,1,0,0,0,1
1729145,2009,2,0,0,0,2
1729145,2010,0,0,0,0,0
1729145,2011,0,0,0,0,0
1729145,2012,1,0,0,0,1
1729145,2013,8,0,0,0,8
1729145,2014,44,0,0,0,44
1729145,2015,2,0,0,0,2
1729145,2016,2,2,0,0,4
1729145,2017,3,0,0,0,3
1729145,2018,1,0,0,0,1
1729145,2019,0,0,0,0,0
1729145,2020,0,0,0,0,0
1729145,2021,0,0,0,0,0
1729145,2022,0,0,0,0,0
1729145,2023,2,0,0,0,2
1729145,2024,1,0,0,0,1
1729145,2025,2,0,0,0,2
1729171,2000,1,0,0,0,1
1729171,2001,24,0,0,0,24
1729171,2002,387,0,0,46,433
1729171,2003,459,0,0,0,459
1729171,2004,195,0,0,0,195
1729171,2005,121,0,0,0,121
1729171,2006,166,0,0,0,166
1729171,2007,87,0,0,0,87
1729171,2008,53,0,0,0,53
1729171,2009,37,0,0,0,37
1729171,2010,46,0,0,17,63
1729171,2011,40,0,8,10,58
1729171,2012,33,0,0,6,39
1729171,2013,38,0,0,0,38
1729171,2014,25,0,0,0,25
1729171,2015,32,0,0,11,43
1729171,2016,60,0,6,47,113
1729171,2017,36,0,0,0,36
1729171,2018,29,0,0,0,29
1729171,2019,20,0,0,0,20
1729171,2020,11,4,0,0,15
1729171,2021,5,14,4,90,113
1729171,2022,59,2,0,0,61
1729171,2023,95,0,0,0,95
1729171,2024,15,0,0,0,15
1729171,2025,73,0,0,0,73
1729236,2000,4,0,0,0,4
1729236,2001,2,0,0,0,2
1729236,2002,4,0,0,0,4
1729236,2003,6,0,0,0,6
1729236,2004,8,0,0,0,8
1729236,2005,0,0,0,0,0
1729236,2006,0,0,0,0,0
1729236,2007,4,0,0,0,4
1729236,2008,0,0,0,0,0
1729236,2009,2,0,0,0,2
1729236,2010,0,0,0,0,0
1729236,2011,1,0,0,0,1
1729236,2012,3,0,0,0,3
1729236,2013,2,0,0,0,2
1729236,2014,0,0,0,0,0
1729236,2015,18,0,0,0,18
1729236,2016,0,0,0,0,0
1729236,2017,0,0,0,0,0
1729236,2018,2,0,0,0,2
1729236,2019,0,0,0,0,0
1729236,2020,2,0,0,20,22
1729236,2021,2,0,0,0,2
1729236,2022,0,0,0,0,0
1729236,2023,1,0,0,0,1
1729236,2024,3,0,0,0,3
1729236,2025,0,0,0,0,0
1729275,2000,4,0,0,0,4
1729275,2001,4,0,0,0,4
1729275,2002,4,0,0,0,4
1729275,2003,4,0,0,0,4
1729275,2004,5,0,0,0,5
1729275,2005,5,0,0,0,5
1729275,2006,4,0,0,0,4
1729275,2007,3,0,0,0,3
1729275,2008,2,0,0,0,2
1729275,2009,2,0,0,0,2
1729275,2010,2,0,0,0,2
1729275,2011,2,0,0,0,2
1729275,2012,2,0,0,0,2
1729275,2013,2,0,0,0,2
1729275,2014,2,0,0,0,2
1729275,2015,0,0,0,0,0
1729275,2016,1,0,0,0,1
1729275,2017,1,0,0,0,1
1729275,2018,1,0,0,0,1
1729275,2019,0,0,0,0,0
1729275,2020,0,0,0,0,0
1729275,2021,0,0,0,0,0
1729275,2022,1,0,0,0,1
1729275,2023,0,0,0,0,0
1729275,2024,0,0,0,0,0
1729275,2025,0,0,0,0,0
1729431,2000,2,0,0,0,2
1729431,2001,1,0,0,0,1
1729431,2002,0,0,0,0,0
1729431,2003,0,0,0,0,0
1729431,2004,0,0,0,0,0
1729431,2005,0,0,0,0,0
1729431,2006,0,0,0,0,0
1729431,2007,0,0,0,0,0
1729431,2008,0,0,0,0,0
1729431,2009,1,0,0,0,1
1729431,2010,1,0,0,0,1
1729431,2011,1,0,0,0,1
1729431,2012,1,0,0,0,1
1729431,2013,1,0,0,0,1
1729431,2014,1,0,0,0,1
1729431,2015,1,0,0,0,1
1729431,2016,1,0,0,0,1
1729431,2017,0,0,0,0,0
1729431,2018,0,0,0,0,0
1729431,2019,0,0,0,0,0
1729431,2020,0,0,0,0,0
1729431,2021,0,0,0,0,0
1729431,2022,0,0,0,0,0
1729431,2023,0,0,0,0,0
1729431,2024,0,0,0,0,0
1729431,2025,0,0,0,0,0
1729483,2000,2,0,0,0,2
1729483,2001,0,0,0,0,0
1729483,2002,0,0,0,0,0
1729483,2003,2,0,0,0,2
1729483,2004,5,0,0,0,5
1729483,2005,0,0,0,0,0
1729483,2006,3,0,0,0,3
1729483,2007,0,0,0,0,0
1729483,2008,0,0,0,0,0
1729483,2009,0,0,0,0,0
1729483,2010,0,0,0,0,0
1729483,2011,0,0,0,0,0
1729483,2012,0,0,0,0,0
1729483,2013,0,0,0,0,0
1729483,2014,0,0,0,0,0
1729483,2015,0,0,0,0,0
1729483,2016,0,0,0,0,0
1729483,2017,0,0,0,0,0
1729483,2018,0,0,0,0,0
1729483,2019,0,0,0,0,0
1729483,2020,0,0,0,0,0
1729483,2021,0,0,0,0,0
1729483,2022,0,0,0,0,0
1729483,2023,1,0,0,0,1
1729483,2024,0,0,0,0,0
1729483,2025,1,0,0,0,1
1729639,2000,83,8,0,0,91
1729639,2001,73,22,16,21,132
1729639,2002,121,4,0,0,125
1729639,2003,96,6,4,122,228
1729639,2004,93,0,0,18,111
1729639,2005,87,0,0,82,169
1729639,2006,67,2,0,0,69
1729639,2007,38,0,0,0,38
1729639,2008,33,0,0,0,33
1729639,2009,29,0,0,0,29
1729639,2010,43,0,0,0,43
1729639,2011,16,0,0,0,16
1729639,2012,40,0,0,0,40
1729639,2013,42,0,0,0,42
1729639,2014,38,0,0,0,38
1729639,2015,30,0,0,0,30
1729639,2016,39,0,0,0,39
1729639,2017,22,0,0,0,22
1729639,2018,32,0,0,0,32
1729639,2019,28,0,0,0,28
1729639,2020,45,0,0,0,45
1729639,2021,38,0,0,0,38
1729639,2022,38,0,0,0,38
1729639,2023,21,0,0,0,21
1729639,2024,20,0,0,0,20
1729639,2025,22,0,0,0,22
1729652,2000,49,0,0,0,49
1729652,2001,44,0,0,0,44
1729652,2002,42,0,0,0,42
1729652,2003,53,0,0,0,53
1729652,2004,59,0,0,0,59
1729652,2005,55,0,0,0,55
1729652,2006,43,0,0,0,43
1729652,2007,34,0,0,0,34
1729652,2008,20,0,0,0,20
1729652,2009,7,0,0,0,7
1729652,2010,11,0,0,0,11
1729652,2011,11,0,0,0,11
1729652,2012,13,0,0,0,13
1729652,2013,30,0,0,0,30
1729652,2014,26,0,0,0,26
1729652,2015,17,0,0,0,17
1729652,2016,10,0,0,0,10
1729652,2017,26,0,0,0,26
1729652,2018,17,0,0,0,17
1729652,2019,12,0,0,0,12
1729652,2020,20,0,0,0,20
1729652,2021,15,0,0,0,15
1729652,2022,18,0,0,0,18
1729652,2023,11,0,0,0,11
1729652,2024,10,0,0,0,10
1729652,2025,29,0,0,0,29
1729730,2000,194,0,0,0,194
1729730,2001,192,0,0,36,228
1729730,2002,86,0,0,0,86
1729730,2003,3,0,0,0,3
1729730,2004,0,0,0,0,0
1729730,2005,20,0,0,0,20
1729730,2006,2,0,0,0,2
1729730,2007,5,0,0,0,5
1729730,2008,0,0,0,0,0
1729730,2009,0,0,0,0,0
1729730,2010,0,0,0,0,0
1729730,2011,0,0,0,0,0
1729730,2012,0,0,0,0,0
1729730,2013,0,0,0,0,0
1729730,2014,0,0,0,0,0
1729730,2015,0,0,0,0,0
1729730,2016,0,0,0,0,0
1729730,2017,0,0,0,0,0
1729730,2018,0,0,0,0,0
1729730,2019,0,0,0,0,0
1729730,2020,0,0,0,0,0
1729730,2021,1,0,0,0,1
1729730,2022,0,0,0,0,0
1729730,2023,0,0,0,0,0
1729730,2024,0,0,0,0,0
1729730,2025,4,0,0,0,4
1729756,2000,69,0,0,0,69
1729756,2001,60,0,0,0,60
1729756,2002,75,0,0,35,110
1729756,2003,74,0,0,0,74
1729756,2004,57,0,0,0,57
1729756,2005,73,0,22,14,109
1729756,2006,73,0,4,0,77
1729756,2007,41,0,4,0,45
1729756,2008,17,0,0,12,29
1729756,2009,7,0,0,0,7
1729756,2010,13,0,0,0,13
1729756,2011,21,0,0,0,21
1729756,2012,24,0,0,0,24
1729756,2013,29,0,0,0,29
1729756,2014,52,0,0,0,52
1729756,2015,40,0,0,0,40
1729756,2016,17,0,0,0,17
1729756,2017,23,0,0,0,23
1729756,2018,29,0,0,0,29
1729756,2019,24,0,0,0,24
1729756,2020,19,0,0,0,19
1729756,2021,18,0,0,0,18
1729756,2022,11,0,0,0,11
1729756,2023,21,0,4,0,25
1729756,2024,21,0,0,0,21
1729756,2025,16,0,0,0,16
1729938,2000,190,2,0,37,229
1729938,2001,360,72,23,243,698
1729938,2002,287,18,4,193,502
1729938,2003,218,0,0,0,218
1729938,2004,264,0,0,0,264
1729938,2005,198,0,0,144,342
1729938,2006,178,0,0,0,178
1729938,2007,82,0,0,0,82
1729938,2008,108,0,0,35,143
1729938,2009,19,0,0,0,19
1729938,2010,14,0,0,0,14
1729938,2011,21,0,0,0,21
1729938,2012,138,0,0,0,138
1729938,2013,124,0,0,434,558
1729938,2014,85,0,0,274,359
1729938,2015,157,0,0,35,192
1729938,2016,116,0,0,0,116
1729938,2017,35,0,0,0,35
1729938,2018,41,0,0,168,209
1729938,2019,21,0,0,0,21
1729938,2020,46,2,3,0,51
1729938,2021,62,0,4,0,66
1729938,2022,38,0,0,0,38
1729938,2023,23,0,0,0,23
1729938,2024,28,0,0,62,90
1729938,2025,71,0,0,0,71
1730029,2000,0,0,0,0,0
1730029,2001,2,0,0,0,2
1730029,2002,0,0,4,0,4
1730029,2003,1,0,0,0,1
1730029,2004,3,0,0,24,27
1730029,2005,9,2,0,0,11
1730029,2006,1,0,0,0,1
1730029,2007,0,0,0,0,0
1730029,2008,0,0,0,0,0
1730029,2009,0,0,0,0,0
1730029,2010,0,0,0,0,0
1730029,2011,0,0,0,0,0
1730029,2012,0,0,0,0,0
1730029,2013,0,0,0,0,0
1730029,2014,0,0,0,0,0
1730029,2015,0,0,0,0,0
1730029,2016,0,0,0,0,0
1730029,2017,0,0,0,0,0
1730029,2018,0,0,0,0,0
1730029,2019,0,0,0,0,0
1730029,2020,1,0,0,0,1
1730029,2021,0,0,0,0,0
1730029,2022,0,0,0,0,0
1730029,2023,0,0,0,0,0
1730029,2024,0,0,0,0,0
1730029,2025,0,0,0,0,0
1730094,2000,61,0,0,0,61
1730094,2001,74,2,0,0,76
1730094,2002,63,0,0,0,63
1730094,2003,99,0,0,0,99
1730094,2004,83,0,0,0,83
1730094,2005,69,0,0,0,69
1730094,2006,73,0,0,0,73
1730094,2007,73,0,0,0,73
1730094,2008,59,0,0,0,59
1730094,2009,30,0,0,0,30
1730094,2010,28,0,12,0,40
1730094,2011,14,2,8,0,24
1730094,2012,10,6,4,0,20
1730094,2013,6,0,12,0,18
1730094,2014,5,2,4,21,32
1730094,2015,19,0,8,0,27
1730094,2016,14,0,4,0,18
1730094,2017,17,4,0,0,21
1730094,2018,15,0,8,0,23
1730094,2019,29,0,4,0,33
1730094,2020,37,0,0,0,37
1730094,2021,20,0,0,0,20
1730094,2022,17,0,4,0,21
1730094,2023,16,0,0,0,16
1730094,2024,22,0,4,0,26
1730094,2025,24,0,6,0,30
1730120,2000,4,0,4,0,8
1730120,2001,4,0,0,0,4
1730120,2002,8,0,0,0,8
1730120,2003,2,0,0,0,2
1730120,2004,3,0,0,0,3
1730120,2005,3,0,0,0,3
1730120,2006,1,0,0,0,1
1730120,2007,0,0,0,0,0
1730120,2008,0,0,0,0,0
1730120,2009,0,0,0,0,0
1730120,2010,10,0,0,0,10
1730120,2011,6,0,0,0,6
1730120,2012,10,0,0,0,10
1730120,2013,5,0,0,0,5
1730120,2014,6,0,0,0,6
1730120,2015,7,0,0,0,7
1730120,2016,8,0,0,0,8
1730120,2017,6,0,0,0,6
1730120,2018,8,0,0,0,8
1730120,2019,9,0,0,0,9
1730120,2020,8,0,0,0,8
1730120,2021,11,0,0,0,11
1730120,2022,7,0,0,0,7
1730120,2023,0,0,0,0,0
1730120,2024,3,0,0,0,3
1730120,2025,0,0,0,0,0
1730133,2000,2,0,0,0,2
1730133,2001,0,0,0,0,0
1730133,2002,1,0,0,0,1
1730133,2003,0,0,0,0,0
1730133,2004,0,0,0,0,0
1730133,2005,0,0,0,0,0
1730133,2006,0,0,0,0,0
1730133,2007,0,0,0,0,0
1730133,2008,1,0,0,0,1
1730133,2009,0,0,0,0,0
1730133,2010,0,0,0,0,0
1730133,2011,0,0,0,0,0
1730133,2012,0,0,0,0,0
1730133,2013,0,0,0,0,0
1730133,2014,0,0,0,0,0
1730133,2015,0,0,0,0,0
1730133,2016,0,0,0,0,0
1730133,2017,0,0,0,0,0
1730133,2018,0,0,0,0,0
1730133,2019,0,0,0,0,0
1730133,2020,0,0,0,0,0
1730133,2021,0,0,0,0,0
1730133,2022,0,0,0,0,0
1730133,2023,0,0,0,0,0
1730133,2024,0,0,0,0,0
1730133,2025,1,0,0,0,1
1730328,2000,3,0,0,0,3
1730328,2001,3,0,0,0,3
1730328,2002,1,0,0,0,1
1730328,2003,2,0,0,0,2
1730328,2004,2,0,0,0,2
1730328,2005,1,0,0,0,1
1730328,2006,2,0,0,0,2
1730328,2007,0,0,0,0,0
1730328,2008,0,0,0,0,0
1730328,2009,1,0,0,0,1
1730328,2010,0,0,0,0,0
1730328,2011,0,0,0,0,0
1730328,2012,0,0,0,0,0
1730328,2013,0,0,0,0,0
1730328,2014,0,0,0,0,0
1730328,2015,0,0,0,0,0
1730328,2016,4,0,0,0,4
1730328,2017,1,0,0,0,1
1730328,2018,1,0,0,0,1
1730328,2019,0,0,0,0,0
1730328,2020,1,0,0,0,1
1730328,2021,1,0,0,0,1
1730328,2022,0,0,0,0,0
1730328,2023,1,0,0,0,1
1730328,2024,2,0,0,0,2
1730328,2025,0,0,0,0,0
1730445,2000,7,0,0,0,7
1730445,2001,7,0,0,0,7
1730445,2002,8,0,0,0,8
1730445,2003,10,0,0,0,10
1730445,2004,10,0,0,0,10
1730445,2005,9,0,0,0,9
1730445,2006,7,0,0,0,7
1730445,2007,6,0,0,0,6
1730445,2008,2,0,0,0,2
1730445,2009,3,0,0,0,3
1730445,2010,3,0,0,0,3
1730445,2011,5,0,0,0,5
1730445,2012,6,0,0,0,6
1730445,2013,7,0,0,0,7
1730445,2014,13,0,0,0,13
1730445,2015,6,2,0,0,8
1730445,2016,3,2,0,0,5
1730445,2017,4,0,0,0,4
1730445,2018,4,0,0,0,4
1730445,2019,4,0,0,0,4
1730445,2020,4,0,0,0,4
1730445,2021,4,0,0,0,4
1730445,2022,2,0,0,0,2
1730445,2023,0,0,0,0,0
1730445,2024,2,0,0,0,2
1730445,2025,0,0,0,0,0
1730575,2002,0,0,0,0,0
1730575,2003,0,0,0,0,0
1730575,2004,1,0,0,0,1
1730575,2005,7,0,0,0,7
1730575,2006,1,0,0,0,1
1730575,2007,1,0,0,0,1
1730575,2008,3,2,0,0,5
1730575,2009,2,2,0,0,4
1730575,2010,1,2,0,0,3
1730575,2011,1,2,0,0,3
1730575,2012,0,0,0,0,0
1730575,2013,0,0,0,0,0
1730575,2014,0,0,0,0,0
1730575,2015,0,0,0,0,0
1730575,2016,0,0,0,0,0
1730575,2017,0,0,0,0,0
1730575,2018,0,0,0,0,0
1730575,2019,0,0,0,0,0
1730575,2020,0,0,0,0,0
1730575,2021,0,0,0,0,0
1730575,2022,0,0,0,0,0
1730575,2023,0,0,0,0,0
1730575,2024,0,0,0,0,0
1730575,2025,0,0,0,0,0
1730588,2003,0,0,0,0,0
1730653,2000,5,0,0,0,5
1730653,2001,6,0,0,0,6
1730653,2002,12,0,0,0,12
1730653,2003,15,0,0,0,15
1730653,2004,13,0,0,0,13
1730653,2005,12,0,0,0,12
1730653,2006,9,0,0,0,9
1730653,2007,5,0,0,0,5
1730653,2008,3,0,0,0,3
1730653,2009,3,0,0,0,3
1730653,2010,2,0,0,0,2
1730653,2011,2,0,0,0,2
1730653,2012,2,0,0,0,2
1730653,2013,4,0,0,0,4
1730653,2014,0,0,0,0,0
1730653,2015,0,0,0,0,0
1730653,2016,0,0,0,0,0
1730653,2017,1,0,0,0,1
1730653,2018,0,0,0,0,0
1730653,2019,40,0,0,0,40
1730653,2020,36,0,0,0,36
1730653,2021,41,0,0,0,41
1730653,2022,32,0,0,0,32
1730653,2023,3,0,0,0,3
1730653,2024,3,0,0,0,3
1730653,2025,10,0,0,0,10
1730757,2000,0,0,0,0,0
1730757,2001,0,0,0,0,0
1730757,2002,1,0,0,0,1
1730757,2003,0,0,0,0,0
1730757,2004,0,0,0,0,0
1730757,2005,3,0,0,0,3
1730757,2006,0,0,0,0,0
1730757,2007,0,0,0,0,0
1730757,2008,0,0,0,0,0
1730757,2009,0,0,0,0,0
1730757,2010,0,0,0,0,0
1730757,2011,0,0,0,0,0
1730757,2012,0,0,0,0,0
1730757,2013,0,0,0,0,0
1730757,2014,0,0,0,0,0
1730757,2015,1,0,0,0,1
1730757,2016,0,0,0,0,0
1730757,2017,0,0,0,0,0
1730757,2018,1,0,0,0,1
1730757,2019,1,0,0,0,1
1730757,2020,0,0,0,0,0
1730757,2021,0,0,0,0,0
1730757,2022,1,0,0,0,1
1730757,2023,0,0,0,0,0
1730757,2024,1,0,0,0,1
1730757,2025,1,0,0,0,1
1730770,2000,0,0,0,0,0
1730770,2001,0,0,0,0,0
1730770,2002,0,0,0,0,0
1730770,2003,0,0,0,0,0
1730770,2004,0,0,0,0,0
1730770,2005,0,0,0,0,0
1730770,2006,0,0,0,0,0
1730770,2007,0,0,0,0,0
1730770,2008,0,0,0,0,0
1730770,2009,0,0,0,0,0
1730770,2010,0,0,0,0,0
1730770,2011,0,0,0,0,0
1730770,2012,0,0,0,0,0
1730770,2013,0,0,0,0,0
1730770,2014,0,0,0,0,0
1730835,2000,1,0,0,0,1
1730835,2001,0,0,0,0,0
1730835,2002,0,0,0,0,0
1730835,2003,0,0,0,0,0
1730835,2004,0,0,0,0,0
1730835,2005,1,0,0,0,1
1730835,2006,0,0,0,0,0
1730835,2007,0,0,0,0,0
1730835,2008,0,0,0,0,0
1730835,2009,0,0,0,0,0
1730835,2010,0,0,0,0,0
1730835,2011,0,0,0,0,0
1730926,2000,15,0,4,0,19
1730926,2001,18,0,4,36,58
1730926,2002,29,0,3,12,44
1730926,2003,36,0,3,0,39
1730926,2004,27,0,0,0,27
1730926,2005,36,0,0,0,36
1730926,2006,46,0,0,0,46
1730926,2007,80,0,0,0,80
1730926,2008,53,2,0,0,55
1730926,2009,31,0,8,8,47
1730926,2010,15,10,10,23,58
1730926,2011,7,6,0,0,13
1730926,2012,12,0,0,0,12
1730926,2013,12,0,0,0,12
1730926,2014,6,4,10,6,26
1730926,2015,7,0,0,0,7
1730926,2016,3,0,0,0,3
1730926,2017,5,2,0,0,7
1730926,2018,6,0,0,0,6
1730926,2019,7,0,0,0,7
1730926,2020,6,0,0,0,6
1730926,2021,4,0,0,0,4
1730926,2022,7,0,0,0,7
1730926,2023,11,0,0,0,11
1730926,2024,0,0,0,0,0
1730926,2025,19,0,0,0,19
1730978,2000,1,0,0,0,1
1730978,2001,0,0,0,0,0
1730978,2002,2,0,0,0,2
1730978,2003,3,0,0,0,3
1730978,2004,5,0,0,0,5
1730978,2005,5,0,0,0,5
1730978,2006,12,0,0,0,12
1730978,2007,9,0,0,0,9
1730978,2008,4,0,0,0,4
1730978,2009,0,0,0,0,0
1730978,2010,0,0,0,0,0
1730978,2011,0,0,0,0,0
1730978,2012,0,0,0,0,0
1730978,2013,0,0,0,0,0
1730978,2014,0,0,0,0,0
1730991,2000,5,6,0,0,11
1730991,2001,5,12,0,0,17
1730991,2002,5,16,0,0,21
1730991,2003,5,20,0,0,25
1730991,2004,4,20,0,0,24
1730991,2005,4,14,0,0,18
1730991,2006,3,10,0,0,13
1730991,2007,2,10,0,0,12
1730991,2008,1,6,0,0,7
1730991,2009,0,0,0,0,0
1730991,2010,0,0,0,0,0
1730991,2011,0,0,0,0,0
1730991,2012,0,0,0,0,0
1730991,2013,0,0,0,0,0
1730991,2014,0,0,0,0,0
1730991,2015,0,0,0,0,0
1730991,2016,0,0,0,0,0
1730991,2017,0,0,0,0,0
1730991,2018,0,0,0,0,0
1730991,2019,0,0,0,0,0
1730991,2020,1,0,0,0,1
1730991,2021,1,0,0,0,1
1730991,2022,1,0,4,0,5
1730991,2023,3,0,0,0,3
1730991,2024,1,0,0,0,1
1730991,2025,0,0,0,0,0
1731017,2000,7,0,0,0,7
1731017,2001,5,2,0,0,7
1731017,2002,7,0,0,0,7
1731017,2003,7,0,0,0,7
1731017,2004,2,0,0,0,2
1731017,2005,2,0,0,0,2
1731017,2006,2,0,0,0,2
1731017,2007,1,0,0,0,1
1731017,2008,2,0,0,0,2
1731017,2009,2,0,0,0,2
1731017,2010,1,0,0,0,1
1731017,2011,1,0,0,0,1
1731017,2012,1,0,0,0,1
1731017,2013,0,0,0,0,0
1731017,2014,0,0,0,0,0
1731017,2015,0,0,0,0,0
1731017,2016,0,0,0,0,0
1731017,2017,0,0,0,0,0
1731017,2018,0,0,0,0,0
1731017,2019,0,0,0,0,0
1731017,2020,0,0,0,0,0
1731017,2021,0,0,0,0,0
1731017,2022,1,0,0,0,1
1731017,2023,0,0,0,0,0
1731017,2024,0,0,0,0,0
1731017,2025,1,0,0,0,1
1731121,2000,237,0,0,148,385
1731121,2001,327,0,0,0,327
1731121,2002,176,0,3,0,179
1731121,2003,125,0,0,0,125
1731121,2004,156,0,0,86,242
1731121,2005,99,0,0,8,107
1731121,2006,89,0,0,0,89
1731121,2007,44,0,0,0,44
1731121,2008,1,0,0,0,1
1731121,2009,0,0,0,0,0
1731121,2010,1,0,0,0,1
1731121,2011,0,0,0,70,70
1731121,2012,0,0,0,0,0
1731121,2013,2,0,0,0,2
1731121,2014,1,0,0,0,1
1731121,2015,1,0,0,0,1
1731121,2016,33,0,0,0,33
1731121,2017,17,0,0,41,58
1731121,2018,1,0,0,0,1
1731121,2019,1,0,0,0,1
1731121,2020,2,0,0,0,2
1731121,2021,1,0,0,0,1
1731121,2022,6,0,0,20,26
1731121,2023,11,0,12,6,29
1731121,2024,8,0,0,0,8
1731121,2025,2,0,0,0,2
1731165,2000,2,0,0,0,2
1731165,2001,1,0,0,0,1
1731165,2002,1,0,0,0,1
1731165,2003,0,0,0,0,0
1731165,2004,0,0,0,0,0
1731165,2005,2,0,0,0,2
1731165,2006,2,0,0,0,2
1731165,2007,0,0,0,0,0
1731165,2008,0,0,0,0,0
1731165,2009,0,0,0,0,0
1731165,2010,0,0,0,0,0
1731165,2011,0,0,0,0,0
1731165,2012,2,0,0,0,2
1731165,2013,0,0,0,0,0
1731165,2014,1,0,0,0,1
1731165,2015,2,0,0,0,2
1731165,2016,2,0,0,0,2
1731165,2017,4,0,0,0,4
1731165,2018,0,0,0,0,0
1731165,2019,1,0,0,0,1
1731165,2020,1,0,0,0,1
1731165,2021,3,0,0,0,3
1731165,2022,0,0,0,0,0
1731165,2023,0,0,0,0,0
1731165,2024,0,0,0,0,0
1731165,2025,1,0,0,0,1
1731368,2000,2,0,0,0,2
1731368,2001,3,0,0,0,3
1731368,2002,3,0,0,0,3
1731368,2003,0,0,0,0,0
1731368,2004,3,0,0,0,3
1731368,2005,0,0,0,0,0
1731368,2006,2,0,0,0,2
1731368,2007,0,0,0,0,0
1731368,2008,0,0,0,0,0
1731368,2009,0,0,0,0,0
1731368,2010,0,0,0,0,0
1731368,2011,0,0,0,0,0
1731368,2012,0,0,0,0,0
1731368,2013,1,0,0,0,1
1731368,2014,1,0,0,0,1
1731368,2015,0,0,0,0,0
1731368,2016,0,0,0,0,0
1731368,2017,0,0,0,0,0
1731368,2018,0,0,0,0,0
1731368,2019,0,0,0,0,0
1731368,2020,0,0,0,0,0
1731368,2021,0,0,0,0,0
1731368,2022,0,0,0,0,0
1731368,2023,1,0,0,0,1
1731368,2024,0,0,0,0,0
1731368,2025,0,0,0,0,0
1731446,2000,42,0,0,0,42
1731446,2001,9,0,0,0,9
1731446,2002,17,0,0,0,17
1731446,2003,11,0,0,0,11
1731446,2004,15,0,0,0,15
1731446,2005,14,0,0,0,14
1731446,2006,4,0,0,0,4
1731446,2007,3,0,0,0,3
1731446,2008,1,0,0,0,1
1731446,2009,1,0,0,0,1
1731446,2010,0,0,0,0,0
1731446,2011,0,0,0,0,0
1731446,2012,2,0,0,0,2
1731446,2013,1,0,0,0,1
1731446,2014,1,0,0,0,1
1731446,2015,1,0,0,0,1
1731446,2016,2,12,0,0,14
1731446,2017,1,14,0,0,15
1731446,2018,2,18,0,0,20
1731446,2019,2,0,0,0,2
1731446,2020,1,0,0,0,1
1731446,2021,2,0,0,0,2
1731446,2022,1,0,0,0,1
1731446,2023,0,0,0,0,0
1731446,2024,2,0,0,0,2
1731446,2025,1,0,0,0,1
1731563,2000,0,0,0,0,0
1731563,2001,0,0,0,0,0
1731563,2002,1,0,0,0,1
1731563,2003,1,0,0,0,1
1731563,2004,0,0,0,0,0
1731563,2005,0,0,0,0,0
1731563,2006,1,0,0,0,1
1731563,2007,1,0,0,0,1
1731563,2008,0,0,0,0,0
1731563,2009,1,0,0,0,1
1731563,2010,0,0,0,0,0
1731563,2011,0,0,0,0,0
1731563,2012,0,0,0,0,0
1731563,2013,0,0,0,0,0
1731563,2014,1,0,0,0,1
1731563,2015,0,0,0,0,0
1731563,2016,0,0,0,0,0
1731563,2017,0,0,0,0,0
1731563,2018,0,0,0,0,0
1731563,2019,0,0,0,0,0
1731563,2020,0,0,0,0,0
1731563,2021,0,0,0,0,0
1731563,2022,0,0,0,0,0
1731563,2023,0,0,0,0,0
1731563,2024,0,0,0,0,0
1731563,2025,0,0,0,0,0
1731576,2000,1,0,0,0,1
1731576,2001,0,0,0,0,0
1731576,2002,0,0,0,0,0
1731576,2003,1,0,0,0,1
1731576,2004,1,0,0,0,1
1731576,2005,2,0,0,0,2
1731576,2006,1,0,0,0,1
1731576,2007,1,0,0,0,1
1731576,2008,0,0,0,0,0
1731576,2009,0,0,0,0,0
1731576,2010,0,0,0,0,0
1731576,2011,0,0,0,0,0
1731576,2012,0,0,0,0,0
1731576,2013,0,0,0,0,0
1731576,2014,0,0,0,0,0
1731576,2015,0,0,0,0,0
1731576,2016,0,0,0,0,0
1731576,2017,0,0,0,0,0
1731576,2018,0,0,0,0,0
1731576,2019,0,0,0,0,0
1731576,2020,0,0,0,0,0
1731576,2021,0,0,0,0,0
1731576,2022,0,0,0,0,0
1731576,2023,0,0,0,0,0
1731576,2024,0,0,0,0,0
1731576,2025,0,0,0,0,0
1731589,2000,6,0,0,54,60
1731589,2001,5,0,0,0,5
1731589,2002,7,2,0,0,9
1731589,2003,5,2,0,0,7
1731589,2004,9,0,0,0,9
1731589,2005,10,6,0,39,55
1731589,2006,12,2,0,0,14
1731589,2007,6,0,0,10,16
1731589,2008,9,0,0,0,9
1731589,2009,8,0,0,0,8
1731589,2010,10,0,0,0,10
1731589,2011,9,0,0,0,9
1731589,2012,4,0,0,5,9
1731589,2013,1,2,0,0,3
1731589,2014,3,0,0,0,3
1731589,2015,41,0,0,60,101
1731589,2016,0,0,0,0,0
1731589,2017,1,0,0,0,1
1731589,2018,0,0,0,0,0
1731589,2019,0,0,0,0,0
1731589,2020,1,0,0,0,1
1731589,2021,4,0,0,12,16
1731589,2022,2,0,0,0,2
1731589,2023,7,0,0,0,7
1731589,2024,4,0,0,0,4
1731589,2025,1,0,0,0,1
1731732,2000,5,0,0,0,5
1731732,2001,6,0,0,0,6
1731732,2002,6,0,0,0,6
1731732,2003,1,0,0,0,1
1731732,2004,7,0,0,0,7
1731732,2005,2,0,0,0,2
1731732,2006,3,2,0,0,5
1731732,2007,2,2,0,0,4
1731732,2008,1,2,0,0,3
1731732,2009,1,2,0,0,3
1731732,2010,1,4,0,0,5
1731732,2011,1,4,0,0,5
1731732,2012,0,0,0,0,0
1731732,2013,0,0,0,0,0
1731732,2014,1,0,0,0,1
1731732,2015,1,0,0,0,1
1731732,2016,0,0,0,0,0
1731732,2017,0,0,0,0,0
1731732,2018,0,0,0,0,0
1731732,2019,1,0,0,0,1
1731732,2020,0,0,0,0,0
1731732,2021,1,0,0,0,1
1731732,2022,1,0,0,0,1
1731732,2023,0,0,0,0,0
1731732,2024,0,0,0,0,0
1731732,2025,1,0,0,0,1
1731771,2000,2,0,0,0,2
1731771,2001,1,0,0,0,1
1731771,2002,1,0,0,0,1
1731771,2003,1,0,0,0,1
1731771,2004,1,0,0,0,1
1731771,2005,1,0,0,0,1
1731771,2006,2,0,0,0,2
1731771,2007,2,0,0,0,2
1731771,2008,0,0,0,0,0
1731771,2009,1,0,0,0,1
1731771,2010,0,0,0,0,0
1731771,2011,1,0,0,0,1
1731771,2012,0,0,0,0,0
1731771,2013,0,0,0,0,0
1731771,2014,0,0,0,0,0
1731771,2015,0,0,0,0,0
1731771,2016,0,0,0,0,0
1731771,2017,0,0,0,0,0
1731771,2018,1,0,0,0,1
1731771,2019,0,0,0,0,0
1731771,2020,0,0,0,0,0
1731771,2021,0,0,0,0,0
1731771,2022,0,0,0,0,0
1731771,2023,0,0,0,0,0
1731771,2024,0,0,0,0,0
1731771,2025,1,0,0,0,1
1732018,2000,150,0,4,5,159
1732018,2001,135,0,0,60,195
1732018,2002,125,2,7,0,134
1732018,2003,46,2,0,0,48
1732018,2004,61,0,0,0,61
1732018,2005,71,0,0,0,71
1732018,2006,96,0,0,0,96
1732018,2007,59,0,0,0,59
1732018,2008,7,0,0,0,7
1732018,2009,3,0,0,0,3
1732018,2010,1,0,0,0,1
1732018,2011,3,0,0,0,3
1732018,2012,2,0,0,0,2
1732018,2013,4,0,0,0,4
1732018,2014,4,0,0,0,4
1732018,2015,1,0,0,0,1
1732018,2016,3,0,0,0,3
1732018,2017,47,0,0,0,47
1732018,2018,22,0,0,0,22
1732018,2019,1,0,0,0,1
1732018,2020,3,0,0,0,3
1732018,2021,1,0,0,0,1
1732018,2022,2,0,0,0,2
1732018,2023,4,0,0,0,4
1732018,2024,2,0,0,51,53
1732018,2025,3,0,0,0,3
1732200,2000,73,0,0,31,104
1732200,2001,38,0,4,63,105
1732200,2002,154,0,8,68,230
1732200,2003,101,0,0,0,101
1732200,2004,0,0,0,0,0
1732200,2005,0,0,0,0,0
1732200,2006,0,0,0,0,0
1732200,2007,0,0,0,0,0
1732200,2008,0,0,0,0,0
1732200,2009,0,0,0,0,0
1732200,2010,0,0,0,0,0
1732200,2011,0,0,0,0,0
1732200,2012,0,0,0,0,0
1732200,2013,0,0,0,0,0
1732200,2014,2,0,0,0,2
1732200,2015,4,0,0,0,4
1732200,2016,0,0,0,0,0
1732200,2017,0,0,0,0,0
1732200,2018,0,0,0,0,0
1732200,2019,0,0,0,0,0
1732200,2020,0,0,0,0,0
1732200,2021,0,0,0,0,0
1732200,2022,0,0,0,0,0
1732200,2023,0,0,0,0,0
1732200,2024,0,0,0,0,0
1732200,2025,0,0,0,0,0
1732408,2000,6,0,0,0,6
1732408,2001,4,0,0,0,4
1732408,2002,4,0,0,0,4
1732408,2003,37,0,0,0,37
1732408,2004,40,0,0,0,40
1732408,2005,8,0,0,0,8
1732408,2006,0,0,0,0,0
1732408,2007,0,0,0,0,0
1732408,2008,1,0,0,0,1
1732408,2009,1,0,0,0,1
1732408,2010,4,0,0,0,4
1732408,2011,1,0,0,0,1
1732408,2012,0,0,0,0,0
1732434,2000,8,0,0,0,8
1732434,2001,8,0,0,0,8
1732434,2002,6,0,0,0,6
1732434,2003,6,0,0,0,6
1732434,2004,6,0,0,0,6
1732434,2005,6,0,0,0,6
1732434,2006,2,0,0,0,2
1732434,2007,2,0,0,0,2
1732434,2008,1,0,0,0,1
1732434,2009,1,0,0,0,1
1732434,2010,1,0,0,0,1
1732434,2011,0,0,0,0,0
1732434,2012,0,0,0,0,0
1732434,2013,0,0,0,0,0
1732434,2014,0,0,0,0,0
1732434,2015,0,0,0,0,0
1732434,2016,0,0,0,0,0
1732434,2017,0,0,0,0,0
1732434,2018,0,0,0,0,0
1732434,2019,0,0,0,0,0
1732434,2020,0,0,0,0,0
1732434,2021,0,0,0,0,0
1732434,2022,0,0,0,0,0
1732434,2023,0,0,0,0,0
1732434,2024,0,0,0,0,0
1732434,2025,0,0,0,0,0
1732499,2000,6,0,0,0,6
1732499,2001,0,0,0,0,0
1732499,2002,3,0,0,0,3
1732499,2003,1,0,0,0,1
1732499,2004,1,0,0,0,1
1732499,2005,0,0,0,0,0
1732499,2006,1,0,0,0,1
1732499,2007,0,0,0,0,0
1732499,2008,0,0,0,0,0
1732499,2009,0,0,0,0,0
1732499,2010,0,0,0,0,0
1732499,2011,0,0,0,0,0
1732499,2012,0,0,0,0,0
1732499,2013,0,0,0,0,0
1732499,2014,0,0,0,0,0
1732499,2015,0,0,0,0,0
1732499,2016,0,0,0,0,0
1732499,2017,0,0,0,0,0
1732499,2018,1,0,0,0,1
1732499,2019,1,0,0,0,1
1732499,2020,0,0,0,0,0
1732499,2021,0,0,0,0,0
1732499,2022,0,0,0,0,0
1732499,2023,1,0,0,0,1
1732499,2024,0,0,0,0,0
1732499,2025,0,0,0,0,0
1732525,2003,38,0,0,0,38
1732525,2004,73,0,0,5,78
1732525,2005,106,0,0,0,106
1732525,2006,114,0,0,6,120
1732525,2007,322,0,0,0,322
1732525,2008,62,0,0,0,62
1732525,2009,5,0,0,0,5
1732525,2010,1,2,0,0,3
1732525,2011,0,0,0,0,0
1732525,2012,46,0,0,0,46
1732525,2013,82,2,0,0,84
1732525,2014,56,0,0,0,56
1732525,2015,57,0,0,0,57
1732525,2016,36,0,4,0,40
1732525,2017,7,10,0,0,17
1732525,2018,1,2,0,0,3
1732525,2019,3,0,0,0,3
1732525,2020,65,0,0,0,65
1732525,2021,44,0,0,0,44
1732525,2022,117,0,0,0,117
1732525,2023,165,2,0,120,287
1732525,2024,159,0,0,0,159
1732525,2025,231,0,0,0,231
1732564,2000,7,0,0,0,7
1732564,2001,5,0,0,0,5
1732564,2002,17,0,0,0,17
1732564,2003,16,12,0,0,28
1732564,2004,11,2,0,0,13
1732564,2005,12,4,0,0,16
1732564,2006,7,0,0,0,7
1732564,2007,6,0,0,0,6
1732564,2008,3,0,0,0,3
1732564,2009,2,0,0,0,2
1732564,2010,3,0,0,0,3
1732564,2011,1,0,0,0,1
1732564,2012,1,0,0,0,1
1732564,2013,1,0,0,0,1
1732564,2014,0,0,0,0,0
1732564,2015,0,0,0,0,0
1732564,2016,1,0,0,0,1
1732564,2017,0,0,0,0,0
1732564,2018,1,0,0,0,1
1732564,2019,3,0,0,0,3
1732564,2020,3,0,0,0,3
1732564,2021,1,0,0,0,1
1732564,2022,1,0,0,0,1
1732564,2023,0,0,0,0,0
1732564,2024,0,0,0,0,0
1732564,2025,0,0,0,0,0
1732668,2021,0,0,0,0,0
1732668,2022,0,0,0,0,0
1732668,2023,0,0,0,0,0
1732668,2024,1,0,0,0,1
1732668,2025,0,0,0,0,0
1732707,2002,0,0,0,0,0
1732707,2003,0,0,0,0,0
1732707,2004,0,0,0,0,0
1732707,2005,1,0,0,0,1
1732707,2006,1,0,0,0,1
1732707,2007,1,0,0,0,1
1732707,2008,0,0,0,0,0
1732707,2009,0,0,0,0,0
1732707,2010,0,0,0,0,0
1732707,2011,0,0,0,0,0
1732707,2012,0,0,0,0,0
1732707,2013,0,0,0,0,0
1732707,2014,0,0,0,0,0
1732707,2015,0,0,0,0,0
1732707,2016,0,0,0,0,0
1732707,2017,0,0,0,0,0
1732707,2018,0,0,0,0,0
1732707,2019,0,0,0,0,0
1732707,2020,0,0,0,0,0
1732707,2021,0,0,0,0,0
1732707,2022,0,0,0,0,0
1732707,2023,0,0,0,0,0
1732707,2024,0,0,0,0,0
1732707,2025,0,0,0,0,0
1732746,2000,1,0,0,0,1
1732746,2001,3,0,0,0,3
1732746,2002,3,0,0,0,3
1732746,2003,42,0,0,0,42
1732746,2004,63,0,0,0,63
1732746,2005,75,0,0,0,75
1732746,2006,48,0,0,0,48
1732746,2007,19,0,0,0,19
1732746,2008,0,0,0,0,0
1732746,2009,0,0,0,0,0
1732746,2010,20,0,0,0,20
1732746,2011,16,0,0,0,16
1732746,2012,16,0,0,0,16
1732746,2013,14,0,0,0,14
1732746,2014,0,0,0,0,0
1732746,2015,1,0,0,0,1
1732746,2016,0,0,0,0,0
1732746,2017,0,0,0,0,0
1732746,2018,1,0,0,0,1
1732746,2019,0,0,0,0,0
1732746,2020,0,0,0,0,0
1732746,2021,0,0,0,0,0
1732746,2022,0,0,0,0,0
1732746,2023,0,0,0,0,0
1732746,2024,0,0,0,0,0
1732746,2025,0,0,0,0,0
1733227,2000,1,0,0,0,1
1733227,2001,4,0,0,0,4
1733227,2002,1,0,0,0,1
1733227,2003,5,0,0,0,5
1733227,2004,1,0,0,0,1
1733227,2005,4,0,0,0,4
1733227,2006,2,0,0,0,2
1733227,2007,2,0,0,0,2
1733227,2008,2,0,0,0,2
1733227,2009,0,0,0,0,0
1733227,2010,0,0,0,0,0
1733227,2011,1,0,0,0,1
1733227,2012,1,0,0,0,1
1733227,2013,1,0,0,0,1
1733227,2014,3,0,0,0,3
1733227,2015,1,0,0,0,1
1733227,2016,0,0,0,0,0
1733227,2017,2,0,0,0,2
1733227,2018,0,0,0,0,0
1733227,2019,0,0,0,0,0
1733227,2020,0,0,0,0,0
1733227,2021,1,0,0,0,1
1733227,2022,0,0,0,0,0
1733227,2023,0,0,0,0,0
1733227,2024,0,0,0,0,0
1733227,2025,0,0,0,0,0
1733279,2000,0,0,0,0,0
1733279,2001,0,0,0,0,0
1733279,2002,0,0,0,0,0
1733279,2003,0,0,0,0,0
1733279,2004,0,0,0,0,0
1733279,2005,0,0,0,0,0
1733279,2006,0,0,0,0,0
1733279,2007,0,0,0,0,0
1733279,2008,0,0,0,0,0
1733279,2009,0,0,0,0,0
1733279,2010,0,0,0,0,0
1733279,2011,0,0,0,0,0
1733279,2012,0,0,0,0,0
1733279,2013,2,0,0,0,2
1733279,2014,2,0,0,0,2
1733279,2015,1,0,0,0,1
1733279,2016,0,0,0,0,0
1733279,2017,0,0,0,0,0
1733279,2018,0,0,0,0,0
1733279,2019,0,0,0,0,0
1733279,2020,0,0,0,0,0
1733279,2021,0,0,0,0,0
1733279,2022,0,0,0,0,0
1733279,2023,0,0,0,0,0
1733279,2024,0,0,0,0,0
1733279,2025,0,0,0,0,0
1733318,2000,0,0,0,0,0
1733318,2001,0,0,0,0,0
1733318,2002,0,0,0,0,0
1733318,2003,0,0,0,0,0
1733318,2004,0,0,0,0,0
1733318,2005,0,0,0,0,0
1733318,2006,0,0,0,0,0
1733318,2007,0,0,0,0,0
1733318,2008,0,0,0,0,0
1733318,2009,0,0,0,0,0
1733318,2010,1,0,0,0,1
1733318,2011,0,0,0,0,0
1733318,2012,0,0,0,0,0
1733318,2013,0,0,0,0,0
1733318,2014,0,0,0,0,0
1733318,2015,0,0,0,0,0
1733318,2016,0,0,0,0,0
1733318,2017,0,0,0,0,0
1733318,2018,6,0,0,0,6
1733318,2019,0,0,0,0,0
1733318,2020,0,0,0,0,0
1733318,2021,0,0,0,0,0
1733318,2022,0,0,0,0,0
1733318,2023,0,0,0,0,0
1733318,2024,0,0,0,0,0
1733318,2025,0,0,0,0,0
1733331,2000,40,2,0,48,90
1733331,2001,52,4,0,5,61
1733331,2002,65,16,0,8,89
1733331,2003,73,16,0,0,89
1733331,2004,80,8,0,0,88
1733331,2005,119,78,0,0,197
1733331,2006,65,18,0,0,83
1733331,2007,17,2,0,0,19
1733331,2008,11,0,0,0,11
1733331,2009,0,0,0,0,0
1733331,2010,2,0,0,0,2
1733331,2011,0,0,0,0,0
1733331,2012,0,0,0,0,0
1733331,2013,1,0,0,0,1
1733331,2014,2,0,0,0,2
1733331,2015,0,0,0,0,0
1733331,2016,0,0,0,0,0
1733331,2017,1,0,0,0,1
1733331,2018,1,0,0,0,1
1733331,2019,3,0,0,0,3
1733331,2020,2,0,0,0,2
1733331,2021,5,0,0,0,5
1733331,2022,3,0,0,0,3
1733331,2023,7,8,0,0,15
1733331,2024,14,38,0,0,52
1733331,2025,13,4,0,0,17
1733383,2000,6,0,0,0,6
1733383,2001,5,0,0,0,5
1733383,2002,7,0,0,0,7
1733383,2003,20,0,0,6,26
1733383,2004,29,0,0,0,29
1733383,2005,23,0,0,0,23
1733383,2006,7,0,0,0,7
1733383,2007,13,0,4,0,17
1733383,2008,8,0,0,0,8
1733383,2009,0,0,0,0,0
1733383,2010,0,0,0,0,0
1733383,2011,0,0,0,0,0
1733383,2012,0,0,0,0,0
1733383,2013,0,0,0,0,0
1733383,2014,0,0,0,0,0
1733383,2015,0,0,0,0,0
1733383,2016,0,0,0,0,0
1733383,2017,0,0,0,0,0
1733383,2018,0,0,0,0,0
1733383,2019,0,0,0,0,0
1733383,2020,0,0,0,0,0
1733383,2021,0,0,0,0,0
1733383,2022,0,0,0,0,0
1733383,2023,0,0,0,51,51
1733383,2024,0,0,0,40,40
1733383,2025,0,0,0,0,0
1733435,2000,35,0,0,0,35
1733435,2001,20,2,0,0,22
1733435,2002,18,2,0,0,20
1733435,2003,19,0,0,16,35
1733435,2004,11,0,0,0,11
1733435,2005,14,0,0,0,14
1733435,2006,15,0,0,0,15
1733435,2007,20,0,0,0,20
1733435,2008,1,0,0,0,1
1733435,2009,0,0,0,0,0
1733435,2010,0,0,0,0,0
1733435,2011,2,0,0,0,2
1733435,2012,3,0,0,0,3
1733435,2013,2,0,0,0,2
1733435,2014,0,0,0,0,0
1733435,2015,1,0,0,0,1
1733435,2016,0,0,0,0,0
1733435,2017,0,0,0,0,0
1733435,2018,0,0,0,0,0
1733435,2019,0,0,0,0,0
1733435,2020,0,0,0,0,0
1733435,2021,0,0,0,0,0
1733435,2022,0,0,0,0,0
1733435,2023,0,0,0,0,0
1733435,2024,2,0,0,0,2
1733435,2025,2,0,0,0,2
1733513,2000,4,0,0,0,4
1733513,2001,3,0,0,0,3
1733513,2002,6,0,0,0,6
1733513,2003,1,0,0,0,1
1733513,2004,3,2,0,0,5
1733513,2005,3,0,0,0,3
1733513,2006,2,0,0,0,2
1733513,2007,1,0,0,0,1
1733513,2008,1,0,0,0,1
1733513,2009,1,0,0,0,1
1733513,2010,1,0,0,0,1
1733513,2011,1,0,0,0,1
1733513,2012,1,0,0,0,1
1733513,2013,1,0,0,0,1
1733513,2014,0,0,0,0,0
1733513,2015,0,0,0,0,0
1733513,2016,0,0,0,0,0
1733513,2017,0,0,0,0,0
1733513,2018,0,0,0,0,0
1733513,2019,0,0,0,0,0
1733513,2020,0,0,0,0,0
1733513,2021,0,0,0,0,0
1733513,2022,0,0,0,0,0
1733513,2023,0,0,0,0,0
1733513,2024,0,0,0,0,0
1733513,2025,0,0,0,0,0
1733630,2000,48,0,0,0,48
1733630,2001,48,0,0,0,48
1733630,2002,58,0,0,0,58
1733630,2003,49,0,0,0,49
1733630,2004,108,0,23,0,131
1733630,2005,167,0,10,0,177
1733630,2006,63,0,4,0,67
1733630,2007,52,0,0,0,52
1733630,2008,21,0,0,0,21
1733630,2009,18,0,0,0,18
1733630,2010,4,0,0,0,4
1733630,2011,9,0,0,0,9
1733630,2012,13,0,0,0,13
1733630,2013,19,0,0,0,19
1733630,2014,43,0,0,0,43
1733630,2015,81,0,0,0,81
1733630,2016,87,0,0,0,87
1733630,2017,78,0,0,0,78
1733630,2018,67,4,0,0,71
1733630,2019,49,6,0,0,55
1733630,2020,44,10,0,0,54
1733630,2021,54,0,0,0,54
1733630,2022,35,0,0,0,35
1733630,2023,34,0,0,0,34
1733630,2024,50,0,0,0,50
1733630,2025,78,0,0,0,78
1733695,2000,31,0,0,0,31
1733695,2001,23,0,0,0,23
1733695,2002,17,0,0,0,17
1733695,2003,16,0,0,0,16
1733695,2004,8,0,0,0,8
1733695,2005,6,0,0,0,6
1733695,2006,8,0,0,0,8
1733695,2007,6,0,0,0,6
1733695,2008,0,0,0,0,0
1733695,2009,1,0,0,0,1
1733695,2010,0,0,0,0,0
1733695,2011,0,0,0,0,0
1733695,2012,0,0,0,0,0
1733695,2013,0,0,0,0,0
1733695,2014,0,0,0,0,0
1733695,2015,0,0,0,0,0
1733695,2016,0,0,0,0,0
1733695,2017,0,0,0,0,0
1733695,2018,0,0,0,0,0
1733695,2019,0,0,0,0,0
1733695,2020,0,0,0,0,0
1733695,2021,0,0,0,0,0
1733695,2022,0,0,0,0,0
1733695,2023,0,0,0,0,0
1733695,2024,0,0,0,0,0
1733695,2025,0,0,0,0,0
1733851,2000,7,4,0,0,11
1733851,2001,6,0,0,0,6
1733851,2002,13,2,0,0,15
1733851,2003,5,4,0,0,9
1733851,2004,3,6,0,0,9
1733851,2005,17,0,8,0,25
1733851,2006,19,0,0,10,29
1733851,2007,19,2,0,0,21
1733851,2008,3,0,0,6,9
1733851,2009,1,0,0,0,1
1733851,2010,1,0,0,0,1
1733851,2011,0,0,0,0,0
1733851,2012,1,0,0,0,1
1733851,2013,4,0,0,0,4
1733851,2014,1,0,0,0,1
1733851,2015,1,0,0,0,1
1733851,2016,1,0,0,0,1
1733851,2017,2,0,0,0,2
1733851,2018,4,0,0,0,4
1733851,2019,3,0,0,0,3
1733851,2020,5,0,0,0,5
1733851,2021,5,0,0,0,5
1733851,2022,1,0,0,0,1
1733851,2023,2,0,0,0,2
1733851,2024,1,0,0,0,1
1733851,2025,4,0,0,0,4
1733877,2003,0,0,0,0,0
1733877,2004,0,0,0,0,0
1733877,2005,0,0,0,0,0
1733877,2006,5,0,0,0,5
1733877,2007,0,0,0,0,0
1733877,2008,0,0,0,0,0
1733877,2009,0,0,0,0,0
1733877,2010,0,0,0,0,0
1733877,2011,0,0,0,0,0
1733877,2012,0,0,0,0,0
1733877,2013,2,0,0,0,2
1733877,2014,0,0,0,0,0
1733877,2015,1,0,0,0,1
1733877,2016,0,0,0,0,0
1733877,2017,0,0,0,0,0
1733877,2018,1,0,0,0,1
1733877,2019,1,0,0,0,1
1733877,2020,0,0,0,0,0
1733877,2021,0,0,0,0,0
1733877,2022,0,0,0,0,0
1733877,2023,1,0,0,0,1
1733877,2024,0,0,0,0,0
1733877,2025,0,0,0,0,0
1734098,2000,5,0,0,0,5
1734098,2001,5,0,0,0,5
1734098,2002,5,0,0,0,5
1734098,2003,1,0,0,0,1
1734098,2004,4,0,0,0,4
1734098,2005,7,0,0,0,7
1734098,2006,3,0,0,0,3
1734098,2007,2,0,0,0,2
1734098,2008,2,0,0,0,2
1734098,2009,0,0,0,0,0
1734098,2010,1,0,0,0,1
1734098,2011,0,0,0,0,0
1734098,2012,0,0,0,0,0
1734098,2013,2,0,0,0,2
1734098,2014,0,0,0,0,0
1734098,2015,1,0,0,0,1
1734098,2016,1,0,0,0,1
1734098,2017,0,0,0,0,0
1734098,2018,1,0,0,0,1
1734098,2019,0,0,0,0,0
1734098,2020,0,0,0,0,0
1734098,2021,1,0,0,0,1
1734098,2022,1,0,0,0,1
1734098,2023,0,0,0,0,0
1734098,2024,1,0,0,0,1
1734098,2025,2,0,0,0,2
1734137,2002,0,0,0,0,0
1734137,2003,0,0,0,0,0
1734137,2004,0,0,0,0,0
1734137,2005,0,0,0,0,0
1734137,2006,0,0,0,0,0
1734137,2007,0,0,0,0,0
1734137,2008,0,0,0,0,0
1734137,2009,0,0,0,0,0
1734137,2010,0,0,0,0,0
1734137,2011,0,0,0,0,0
1734137,2012,0,0,0,0,0
1734137,2013,0,0,0,0,0
1734137,2014,0,0,0,0,0
1734137,2015,0,0,0,0,0
1734137,2016,0,0,0,0,0
1734137,2017,0,0,0,0,0
1734137,2018,1,0,0,0,1
1734137,2019,2,0,0,0,2
1734137,2020,0,0,0,0,0
1734137,2021,0,0,0,0,0
1734137,2022,0,0,0,0,0
1734137,2023,0,0,0,0,0
1734137,2024,0,0,0,0,0
1734137,2025,0,0,0,0,0
1734163,2000,1,0,0,0,1
1734163,2001,3,28,0,0,31
1734163,2002,0,56,0,0,56
1734163,2003,5,0,0,0,5
1734163,2004,4,0,0,0,4
1734163,2005,1,0,0,0,1
1734163,2006,3,0,0,0,3
1734163,2007,0,0,0,0,0
1734163,2008,5,0,0,0,5
1734163,2009,0,0,0,0,0
1734163,2010,1,0,0,0,1
1734163,2011,2,0,0,0,2
1734163,2012,1,0,0,0,1
1734163,2013,2,0,0,0,2
1734163,2014,0,0,0,0,0
1734163,2015,0,0,0,0,0
1734163,2016,0,0,0,0,0
1734163,2017,0,0,0,0,0
1734163,2018,0,0,0,0,0
1734163,2019,0,0,0,30,30
1734163,2020,0,0,0,0,0
1734163,2021,0,0,0,0,0
1734163,2022,0,0,0,0,0
1734163,2023,0,0,0,0,0
1734163,2024,0,0,0,0,0
1734163,2025,0,0,0,0,0
1734358,2000,48,0,6,0,54
1734358,2001,44,0,0,0,44
1734358,2002,37,4,0,0,41
1734358,2003,53,0,4,0,57
1734358,2004,112,0,0,0,112
1734358,2005,59,6,3,0,68
1734358,2006,98,0,13,0,111
1734358,2007,118,0,0,0,118
1734358,2008,20,22,0,0,42
1734358,2009,33,4,0,0,37
1734358,2010,28,6,6,0,40
1734358,2011,22,6,6,50,84
1734358,2012,78,0,0,0,78
1734358,2013,30,0,0,6,36
1734358,2014,29,6,0,0,35
1734358,2015,22,2,0,12,36
1734358,2016,24,0,0,6,30
1734358,2017,23,6,0,0,29
1734358,2018,18,0,0,0,18
1734358,2019,12,4,0,0,16
1734358,2020,15,2,0,0,17
1734358,2021,10,2,0,0,12
1734358,2022,13,0,4,0,17
1734358,2023,18,0,0,8,26
1734358,2024,22,0,0,0,22
1734358,2025,14,0,4,8,26
1734384,2000,8,4,0,8,20
1734384,2001,1,0,0,0,1
1734384,2002,2,0,0,0,2
1734384,2003,4,0,0,0,4
1734384,2004,2,0,0,0,2
1734384,2005,7,0,0,0,7
1734384,2006,10,2,0,0,12
1734384,2007,3,0,0,0,3
1734384,2008,1,0,0,0,1
1734384,2009,0,0,0,0,0
1734384,2010,3,0,0,0,3
1734384,2011,1,0,0,0,1
1734384,2012,0,0,0,0,0
1734384,2013,1,0,0,0,1
1734384,2014,0,0,0,0,0
1734384,2015,0,0,0,0,0
1734384,2016,0,0,0,0,0
1734384,2017,2,0,0,0,2
1734384,2018,0,0,0,0,0
1734384,2019,0,0,0,0,0
1734384,2020,2,0,0,0,2
1734384,2021,0,0,0,0,0
1734384,2022,0,0,0,0,0
1734384,2023,2,0,0,0,2
1734384,2024,1,0,0,0,1
1734384,2025,0,0,0,0,0
1734449,2000,13,0,0,0,13
1734449,2001,16,0,0,0,16
1734449,2002,14,0,0,0,14
1734449,2003,18,0,0,0,18
1734449,2004,8,0,0,0,8
1734449,2005,7,0,0,0,7
1734449,2006,13,0,0,0,13
1734449,2007,17,0,0,0,17
1734449,2008,5,0,0,0,5
1734449,2009,5,2,0,0,7
1734449,2010,5,2,0,0,7
1734449,2011,7,0,0,0,7
1734449,2012,8,0,0,0,8
1734449,2013,9,0,0,0,9
1734449,2014,3,0,0,0,3
1734449,2015,5,2,0,0,7
1734449,2016,0,2,0,0,2
1734449,2017,6,2,0,0,8
1734449,2018,2,0,0,0,2
1734449,2019,0,2,0,0,2
1734449,2020,4,0,0,0,4
1734449,2021,4,0,0,0,4
1734449,2022,32,6,0,0,38
1734449,2023,2,0,0,0,2
1734449,2024,4,0,0,0,4
1734449,2025,1,0,0,0,1
1734514,2000,1,0,0,0,1
1734514,2001,7,0,0,0,7
1734514,2002,4,4,0,12,20
1734514,2003,13,0,0,42,55
1734514,2004,17,0,0,0,17
1734514,2005,20,0,0,0,20
1734514,2006,15,0,0,10,25
1734514,2007,18,0,0,0,18
1734514,2008,3,0,0,0,3
1734514,2009,4,0,0,0,4
1734514,2010,1,0,0,0,1
1734514,2011,1,0,0,0,1
1734514,2012,6,0,0,0,6
1734514,2013,1,0,4,0,5
1734514,2014,3,0,0,0,3
1734514,2015,0,2,0,0,2
1734514,2016,2,2,0,0,4
1734514,2017,11,0,0,0,11
1734514,2018,1,0,0,0,1
1734514,2019,3,0,0,0,3
1734514,2020,5,0,0,0,5
1734514,2021,2,2,4,0,8
1734514,2022,4,0,0,0,4
1734514,2023,6,0,0,5,11
1734514,2024,3,0,0,0,3
1734514,2025,6,0,0,0,6
1734670,2000,27,4,4,50,85
1734670,2001,23,2,4,6,35
1734670,2002,69,0,0,0,69
1734670,2003,74,0,8,60,142
1734670,2004,108,0,0,0,108
1734670,2005,113,0,0,0,113
1734670,2006,94,0,0,0,94
1734670,2007,50,2,4,36,92
1734670,2008,16,0,4,30,50
1734670,2009,20,0,0,66,86
1734670,2010,16,0,0,0,16
1734670,2011,15,2,0,0,17
1734670,2012,10,2,0,0,12
1734670,2013,20,10,0,18,48
1734670,2014,5,0,0,0,5
1734670,2015,12,0,0,0,12
1734670,2016,22,0,0,0,22
1734670,2017,14,0,0,28,42
1734670,2018,16,0,0,30,46
1734670,2019,16,14,32,48,110
1734670,2020,26,2,0,0,28
1734670,2021,25,2,0,0,27
1734670,2022,12,0,0,0,12
1734670,2023,23,0,0,0,23
1734670,2024,17,0,0,0,17
1734670,2025,16,2,0,0,18
1734722,2000,54,0,0,10,64
1734722,2001,56,0,0,20,76
1734722,2002,59,0,0,40,99
1734722,2003,65,0,0,50,115
1734722,2004,65,0,0,56,121
1734722,2005,62,0,0,58,120
1734722,2006,46,0,0,67,113
1734722,2007,31,0,0,37,68
1734722,2008,20,0,0,40,60
1734722,2009,15,0,0,30,45
1734722,2010,14,0,0,30,44
1734722,2011,12,0,0,45,57
1734722,2012,16,0,0,0,16
1734722,2013,18,0,0,0,18
1734722,2014,28,0,0,0,28
1734722,2015,18,0,0,0,18
1734722,2016,24,0,0,73,97
1734722,2017,25,0,0,52,77
1734722,2018,23,0,0,54,77
1734722,2019,21,0,0,36,57
1734722,2020,26,0,0,51,77
1734722,2021,28,0,0,67,95
1734722,2022,24,0,0,83,107
1734722,2023,21,0,0,66,87
1734722,2024,22,0,0,69,91
1734722,2025,23,0,0,83,106
1734865,2000,0,2,0,0,2
1734865,2001,3,0,0,0,3
1734865,2002,3,0,0,0,3
1734865,2003,0,0,0,0,0
1734865,2004,0,0,0,0,0
1734865,2005,6,0,0,0,6
1734865,2006,3,4,0,0,7
1734865,2007,2,0,0,0,2
1734865,2008,1,0,0,0,1
1734865,2009,0,0,0,0,0
1734865,2010,1,0,0,0,1
1734865,2011,0,0,0,0,0
1734865,2012,0,0,0,0,0
1734865,2013,0,0,0,0,0
1734865,2014,0,0,0,0,0
1734865,2015,0,0,0,0,0
1734865,2016,1,0,0,0,1
1734865,2017,1,0,0,0,1
1734865,2018,1,0,0,0,1
1734865,2019,14,0,0,31,45
1734865,2020,0,0,0,129,129
1734865,2021,0,0,0,0,0
1734865,2022,0,0,0,0,0
1734865,2023,0,0,0,0,0
1734865,2024,1,0,0,0,1
1734865,2025,0,0,0,0,0
1734982,2000,10,0,0,0,10
1734982,2001,10,0,0,0,10
1734982,2002,10,0,0,0,10
1734982,2003,8,0,0,0,8
1734982,2004,2,0,0,0,2
1734982,2005,1,0,0,0,1
1734982,2006,4,0,0,0,4
1734982,2007,1,0,0,0,1
1734982,2008,0,0,0,0,0
1734982,2009,0,0,0,0,0
1734982,2010,0,0,0,0,0
1734982,2011,0,0,0,0,0
1734982,2012,0,0,0,0,0
1734982,2013,0,0,0,0,0
1734982,2014,0,0,0,0,0
1734982,2015,0,0,0,0,0
1734982,2016,0,0,0,0,0
1734982,2017,0,0,0,0,0
1734982,2018,0,0,0,0,0
1734982,2019,0,0,0,0,0
1734982,2020,0,0,0,0,0
1734982,2021,2,0,0,0,2
1734982,2022,0,0,0,0,0
1734982,2023,0,0,0,0,0
1734982,2024,0,0,0,0,0
1734982,2025,0,0,0,0,0
1735047,2000,5,0,0,0,5
1735047,2001,8,0,0,0,8
1735047,2002,8,0,0,0,8
1735047,2003,0,0,0,0,0
1735047,2004,0,0,0,0,0
1735073,2000,0,0,0,0,0
1735073,2001,0,0,0,0,0
1735073,2002,0,0,0,0,0
1735073,2003,0,0,0,0,0
1735086,2000,0,0,0,0,0
1735086,2001,0,0,0,0,0
1735086,2002,0,0,0,0,0
1735086,2003,1,0,0,0,1
1735086,2004,1,0,0,0,1
1735086,2005,1,0,0,0,1
1735086,2006,1,0,0,336,337
1735086,2007,1,0,0,0,1
1735086,2008,0,0,0,0,0
1735086,2009,0,0,0,0,0
1735086,2010,0,0,0,0,0
1735086,2011,1,0,0,0,1
1735086,2012,0,0,0,0,0
1735086,2013,0,0,0,0,0
1735086,2014,0,0,0,0,0
1735086,2015,0,0,0,0,0
1735086,2016,0,0,0,0,0
1735086,2017,0,0,0,0,0
1735086,2018,0,0,0,0,0
1735086,2019,0,0,0,0,0
1735086,2020,0,0,0,0,0
1735086,2021,0,0,0,0,0
1735086,2022,0,0,0,0,0
1735086,2023,0,0,0,0,0
1735086,2024,3,0,0,42,45
1735086,2025,0,0,0,0,0
1735268,2000,0,0,0,0,0
1735268,2001,15,2,0,0,17
1735268,2002,12,0,0,0,12
1735268,2003,2,0,0,0,2
1735268,2004,3,0,0,0,3
1735268,2005,4,0,0,0,4
1735268,2006,1,0,0,0,1
1735268,2007,6,0,0,0,6
1735268,2008,0,0,0,0,0
1735268,2009,0,0,0,0,0
1735268,2010,0,0,0,0,0
1735268,2011,0,0,0,0,0
1735268,2012,0,0,0,0,0
1735268,2013,0,0,0,0,0
1735268,2014,0,0,0,0,0
1735268,2015,0,0,0,0,0
1735268,2016,0,0,0,0,0
1735268,2017,0,0,0,0,0
1735268,2018,1,0,0,0,1
1735268,2019,2,0,0,0,2
1735268,2020,2,0,0,0,2
1735268,2021,1,0,0,0,1
1735268,2022,0,0,0,0,0
1735268,2023,1,0,0,0,1
1735268,2024,7,0,0,0,7
1735268,2025,0,0,0,0,0
1735281,2000,0,0,0,0,0
1735281,2001,0,0,0,0,0
1735281,2002,0,0,0,0,0
1735281,2003,0,0,0,0,0
1735281,2004,0,0,0,0,0
1735281,2005,0,0,0,0,0
1735281,2006,0,0,0,0,0
1735281,2007,0,0,0,0,0
1735281,2008,0,0,0,0,0
1735281,2009,0,0,0,0,0
1735281,2010,0,0,0,0,0
1735281,2011,0,0,0,0,0
1735281,2012,0,0,0,0,0
1735281,2013,0,0,0,0,0
1735281,2014,0,0,0,0,0
1735281,2015,0,0,0,0,0
1735281,2016,0,0,0,0,0
1735281,2017,1,0,0,0,1
1735281,2018,0,0,0,0,0
1735281,2019,0,0,0,0,0
1735281,2020,0,0,0,0,0
1735281,2021,0,0,0,0,0
1735281,2022,0,0,0,0,0
1735281,2023,0,0,0,0,0
1735281,2024,0,0,0,0,0
1735281,2025,1,0,0,0,1
1735307,2000,95,0,0,0,95
1735307,2001,105,0,0,0,105
1735307,2002,107,0,0,0,107
1735307,2003,90,0,3,0,93
1735307,2004,109,0,4,0,113
1735307,2005,116,0,0,0,116
1735307,2006,80,0,0,0,80
1735307,2007,43,0,0,0,43
1735307,2008,21,0,0,0,21
1735307,2009,18,0,0,0,18
1735307,2010,33,0,0,0,33
1735307,2011,35,0,0,0,35
1735307,2012,39,0,0,0,39
1735307,2013,55,0,0,24,79
1735307,2014,67,0,0,23,90
1735307,2015,56,0,0,0,56
1735307,2016,31,0,0,0,31
1735307,2017,27,0,0,0,27
1735307,2018,48,0,0,0,48
1735307,2019,40,0,0,0,40
1735307,2020,32,2,0,0,34
1735307,2021,49,0,0,0,49
1735307,2022,46,0,0,0,46
1735307,2023,25,0,0,0,25
1735307,2024,27,0,0,0,27
1735307,2025,30,0,0,0,30
1735385,2000,1,0,0,0,1
1735385,2001,1,0,0,0,1
1735385,2002,2,0,0,0,2
1735385,2003,4,0,0,0,4
1735385,2004,2,0,0,0,2
1735385,2005,1,0,0,0,1
1735385,2006,4,0,0,0,4
1735385,2007,0,0,0,0,0
1735385,2008,1,0,0,0,1
1735385,2009,0,0,0,0,0
1735385,2010,0,0,0,0,0
1735385,2011,0,0,0,0,0
1735385,2012,0,0,0,0,0
1735385,2013,0,0,0,0,0
1735385,2014,0,0,0,0,0
1735385,2015,0,0,0,0,0
1735385,2016,0,0,0,0,0
1735385,2017,1,0,0,0,1
1735385,2018,36,0,0,0,36
1735385,2019,3,0,0,0,3
1735385,2020,0,0,0,0,0
1735385,2021,0,0,0,0,0
1735385,2022,0,0,0,0,0
1735385,2023,0,0,0,0,0
1735385,2024,0,0,0,0,0
1735385,2025,0,0,0,0,0
1735398,2000,0,0,3,0,3
1735398,2001,0,0,0,0,0
1735398,2002,0,2,0,0,2
1735398,2003,0,0,0,0,0
1735398,2004,0,0,0,0,0
1735398,2005,0,0,0,0,0
1735398,2006,0,0,0,0,0
1735398,2007,0,0,0,0,0
1735398,2008,0,0,0,0,0
1735398,2009,0,0,0,0,0
1735398,2010,0,0,0,0,0
1735398,2011,0,0,0,0,0
1735398,2012,0,0,0,0,0
1735398,2013,0,0,0,0,0
1735398,2014,0,0,0,0,0
1735398,2015,0,0,0,0,0
1735398,2016,0,0,0,0,0
1735398,2017,0,0,0,0,0
1735398,2018,1,0,0,0,1
1735398,2019,0,0,0,0,0
1735398,2020,0,0,0,0,0
1735398,2021,0,0,0,0,0
1735398,2022,0,0,0,0,0
1735398,2023,1,0,0,0,1
1735398,2024,1,0,0,0,1
1735398,2025,0,0,0,0,0
1735411,2000,39,0,0,0,39
1735411,2001,188,0,0,0,188
1735411,2002,244,0,0,0,244
1735411,2003,186,0,0,0,186
1735411,2004,218,0,0,0,218
1735411,2005,174,0,0,0,174
1735411,2006,138,0,0,121,259
1735411,2007,198,0,0,0,198
1735411,2008,48,0,0,0,48
1735411,2009,13,0,0,0,13
1735411,2010,10,0,0,0,10
1735411,2011,2,0,0,0,2
1735411,2012,1,0,0,0,1
1735411,2013,2,0,0,0,2
1735411,2014,1,0,0,0,1
1735411,2015,31,0,0,0,31
1735411,2016,30,0,0,0,30
1735411,2017,59,0,0,0,59
1735411,2018,71,0,0,0,71
1735411,2019,61,0,0,0,61
1735411,2020,4,0,0,0,4
1735411,2021,1,0,0,0,1
1735411,2022,0,0,0,0,0
1735411,2023,5,0,0,0,5
1735411,2024,6,0,0,0,6
1735411,2025,4,0,0,0,4
1735515,2000,0,0,0,0,0
1735515,2001,0,0,0,0,0
1735515,2002,0,0,0,0,0
1735515,2003,0,0,0,0,0
1735515,2004,0,0,0,0,0
1735515,2005,0,0,0,0,0
1735515,2006,1,0,0,0,1
1735515,2007,1,0,0,0,1
1735515,2008,0,0,0,0,0
1735515,2009,0,0,0,0,0
1735515,2010,0,0,0,0,0
1735515,2011,0,0,0,0,0
1735515,2012,0,0,0,0,0
1735515,2013,0,0,0,0,0
1735515,2014,0,0,0,0,0
1735515,2015,0,0,0,0,0
1735515,2016,0,0,0,0,0
1735515,2017,0,0,0,0,0
1735515,2018,1,0,0,0,1
1735515,2019,0,0,0,0,0
1735515,2020,0,0,0,0,0
1735515,2021,0,0,0,0,0
1735515,2022,0,0,0,0,0
1735515,2023,0,0,0,0,0
1735515,2024,0,0,0,0,0
1735515,2025,0,0,0,0,0
1735814,2000,2,0,0,0,2
1735814,2001,2,0,0,0,2
1735814,2002,2,0,0,0,2
1735814,2003,0,0,0,0,0
1735814,2004,0,0,0,0,0
1735814,2005,0,0,0,0,0
1735814,2006,0,0,0,0,0
1735814,2007,0,0,0,0,0
1735814,2008,1,0,0,0,1
1735814,2009,1,0,0,0,1
1735814,2010,1,0,0,0,1
1735814,2011,1,0,0,0,1
1735814,2012,1,0,0,0,1
1735814,2013,0,0,0,0,0
1735814,2014,0,0,0,0,0
1735814,2015,0,0,0,0,0
1735814,2016,1,0,0,0,1
1735814,2017,2,0,0,0,2
1735814,2018,0,0,0,0,0
1735814,2019,1,0,0,0,1
1735814,2020,0,0,0,0,0
1735814,2021,0,0,0,0,0
1735814,2022,0,0,0,0,0
1735814,2023,3,2,0,0,5
1735814,2024,1,0,0,0,1
1735814,2025,1,0,0,0,1
1735835,2003,96,0,32,0,128
1735835,2004,122,0,32,93,247
1735835,2005,194,0,16,0,210
1735835,2006,166,0,0,0,166
1735835,2007,53,0,0,0,53
1735835,2008,17,0,0,0,17
1735835,2009,9,0,0,0,9
1735835,2010,16,0,0,0,16
1735835,2011,10,0,0,0,10
1735835,2012,18,0,0,0,18
1735835,2013,28,0,0,0,28
1735835,2014,40,0,0,0,40
1735835,2015,44,0,0,0,44
1735835,2016,76,0,0,0,76
1735835,2017,52,0,0,0,52
1735835,2018,46,0,0,0,46
1735835,2019,19,0,0,0,19
1735835,2020,52,0,0,0,52
1735835,2021,58,0,0,0,58
1735835,2022,56,0,0,0,56
1735835,2023,67,0,0,0,67
1735835,2024,45,0,0,0,45
1735835,2025,36,0,0,0,36
1735866,2000,0,0,0,0,0
1735866,2001,0,0,0,0,0
1735866,2002,0,0,0,0,0
1735866,2003,0,0,0,0,0
1735866,2004,0,0,0,0,0
1735866,2005,0,0,0,0,0
1735866,2006,0,0,0,0,0
1735866,2007,0,0,0,0,0
1735866,2008,0,0,0,0,0
1735866,2009,0,0,0,0,0
1735866,2010,0,0,0,0,0
1735866,2011,0,0,0,0,0
1735866,2012,0,0,0,0,0
1735866,2013,0,0,0,0,0
1735866,2014,0,0,0,0,0
1735866,2015,0,0,0,0,0
1735866,2016,0,0,0,0,0
1735866,2017,0,0,0,0,0
1735866,2018,0,0,0,0,0
1735866,2019,0,0,0,0,0
1735866,2020,0,0,0,0,0
1735866,2021,0,0,0,0,0
1735866,2022,0,0,0,0,0
1735866,2023,0,0,0,0,0
1735866,2024,0,0,0,0,0
1735866,2025,0,0,0,0,0
1735879,2000,29,0,0,0,29
1735879,2001,36,0,0,0,36
1735879,2002,13,0,0,0,13
1735879,2003,11,0,0,20,31
1735879,2004,10,0,0,0,10
1735879,2005,13,0,0,0,13
1735879,2006,22,0,0,0,22
1735879,2007,5,0,0,0,5
1735879,2008,0,0,0,0,0
1735879,2009,0,0,0,0,0
1735879,2010,0,0,0,0,0
1735879,2011,2,0,0,0,2
1735879,2012,1,0,0,0,1
1735879,2013,1,0,0,16,17
1735879,2014,0,0,0,0,0
1735879,2015,3,0,0,0,3
1735879,2016,2,0,0,0,2
1735879,2017,2,0,0,0,2
1735879,2018,0,0,0,0,0
1735879,2019,0,0,0,0,0
1735879,2020,1,0,0,0,1
1735879,2021,2,0,0,0,2
1735879,2022,1,0,0,0,1
1735879,2023,0,0,0,0,0
1735879,2024,0,0,0,0,0
1735879,2025,0,0,0,0,0
1736061,2000,6,2,0,0,8
1736061,2001,5,0,0,0,5
1736061,2002,4,0,0,0,4
1736061,2003,1,0,0,0,1
1736061,2004,1,0,0,0,1
1736061,2005,1,0,0,0,1
1736061,2006,1,0,0,0,1
1736061,2007,1,0,0,0,1
1736061,2008,0,0,0,0,0
1736061,2009,1,0,0,0,1
1736061,2010,1,0,0,0,1
1736061,2011,1,0,0,0,1
1736061,2012,0,0,0,0,0
1736061,2013,0,0,0,19,19
1736061,2014,0,0,0,0,0
1736061,2015,0,0,0,0,0
1736061,2016,1,0,0,0,1
1736061,2017,30,0,0,0,30
1736061,2018,0,0,0,0,0
1736061,2019,0,0,0,0,0
1736061,2020,0,0,0,0,0
1736061,2021,0,0,0,0,0
1736061,2022,0,0,0,0,0
1736061,2023,1,0,0,0,1
1736061,2024,0,0,0,0,0
1736061,2025,0,0,0,0,0
1736074,2000,0,0,0,0,0
1736074,2001,0,0,0,0,0
1736074,2002,0,0,0,0,0
1736074,2003,0,0,0,0,0
1736074,2004,0,0,0,0,0
1736074,2005,0,0,0,0,0
1736074,2006,1,0,0,0,1
1736074,2007,0,0,0,0,0
1736074,2008,0,0,0,0,0
1736074,2009,0,0,0,0,0
1736074,2010,0,0,0,0,0
1736074,2011,0,0,0,0,0
1736074,2012,0,0,0,0,0
1736074,2013,0,0,0,0,0
1736074,2014,0,0,0,0,0
1736074,2015,0,0,0,0,0
1736074,2016,0,0,0,0,0
1736074,2017,0,0,0,0,0
1736074,2018,0,0,0,0,0
1736074,2019,0,0,0,0,0
1736074,2020,0,0,0,0,0
1736074,2021,0,0,0,0,0
1736074,2022,0,0,0,0,0
1736074,2023,0,0,0,0,0
1736074,2024,0,0,0,0,0
1736074,2025,0,0,0,0,0
1736126,2000,2,0,0,0,2
1736126,2001,2,0,0,0,2
1736126,2002,1,0,0,0,1
1736126,2003,2,0,0,0,2
1736126,2004,1,0,0,0,1
1736126,2005,6,0,0,0,6
1736126,2006,2,0,0,0,2
1736126,2007,4,0,0,0,4
1736126,2008,4,0,0,0,4
1736126,2009,0,0,0,0,0
1736126,2010,1,0,0,0,1
1736126,2011,2,0,0,0,2
1736126,2012,0,0,0,0,0
1736126,2013,0,0,0,0,0
1736126,2014,0,0,0,0,0
1736126,2015,0,0,0,0,0
1736126,2016,0,0,0,0,0
1736126,2017,1,0,0,0,1
1736126,2018,0,0,0,0,0
1736126,2019,0,0,0,0,0
1736126,2020,0,0,0,0,0
1736126,2021,0,0,0,0,0
1736126,2022,0,0,0,0,0
1736126,2023,0,0,0,0,0
1736126,2024,1,0,0,0,1
1736126,2025,0,0,0,0,0
1736150,2000,5,0,0,0,5
1736150,2001,5,0,0,0,5
1736150,2002,4,0,0,0,4
1736150,2003,3,0,0,0,3
1736150,2004,4,0,0,0,4
1736150,2005,2,0,0,0,2
1736150,2006,1,0,0,0,1
1736150,2007,4,0,0,0,4
1736150,2008,4,0,0,0,4
1736150,2009,2,0,0,0,2
1736150,2010,3,0,0,0,3
1736150,2011,2,0,0,0,2
1736150,2012,0,0,0,0,0
1736150,2013,1,0,0,0,1
1736150,2014,1,0,0,0,1
1736150,2015,4,0,0,0,4
1736150,2016,0,0,0,0,0
1736150,2017,0,0,0,0,0
1736150,2018,2,0,0,0,2
1736150,2019,0,0,0,0,0
1736150,2020,0,0,0,0,0
1736150,2021,1,0,0,0,1
1736150,2022,0,0,0,0,0
1736150,2023,0,0,0,0,0
1736150,2024,0,0,0,0,0
1736150,2025,0,0,0,0,0
1736190,2000,0,0,0,0,0
1736190,2001,40,0,0,0,40
1736190,2002,1,0,0,0,1
1736190,2003,0,0,0,0,0
1736190,2004,1,0,0,0,1
1736190,2005,1,0,0,0,1
1736190,2006,0,0,0,0,0
1736190,2007,0,0,0,0,0
1736190,2008,0,0,0,0,0
1736190,2009,0,0,0,0,0
1736190,2010,0,0,0,0,0
1736190,2011,0,0,0,0,0
1736190,2012,0,0,0,0,0
1736190,2013,0,0,0,0,0
1736190,2014,12,0,0,0,12
1736190,2015,0,0,0,0,0
1736190,2016,0,0,0,0,0
1736190,2017,0,0,0,0,0
1736190,2018,0,0,0,0,0
1736190,2019,0,0,0,0,0
1736190,2020,0,0,0,0,0
1736190,2021,0,0,0,0,0
1736190,2022,0,0,0,0,0
1736190,2023,14,0,0,0,14
1736190,2024,12,0,0,0,12
1736190,2025,5,0,0,0,5
1736347,2000,0,0,0,0,0
1736347,2001,0,0,0,0,0
1736347,2002,1,0,0,0,1
1736347,2003,2,0,0,0,2
1736347,2004,3,0,0,0,3
1736347,2005,1,0,0,0,1
1736347,2006,0,0,0,0,0
1736347,2007,0,0,0,0,0
1736347,2008,0,0,0,0,0
1736347,2009,1,0,0,11,12
1736347,2010,0,0,0,0,0
1736347,2011,0,0,0,0,0
1736347,2012,0,0,0,0,0
1736347,2013,0,0,0,0,0
1736347,2014,0,0,0,0,0
1736347,2015,0,0,0,0,0
1736347,2016,0,0,0,0,0
1736347,2017,0,0,0,0,0
1736347,2018,0,0,0,0,0
1736347,2019,0,0,0,0,0
1736347,2020,0,0,0,0,0
1736347,2021,0,0,0,0,0
1736347,2022,0,0,0,0,0
1736347,2023,0,0,0,0,0
1736347,2024,0,0,0,0,0
1736347,2025,0,0,0,0,0
1736438,2000,10,0,0,0,10
1736438,2001,12,0,0,0,12
1736438,2002,19,0,0,0,19
1736438,2003,22,0,0,0,22
1736438,2004,21,0,0,0,21
1736438,2005,20,0,0,0,20
1736438,2006,13,0,0,0,13
1736438,2007,6,0,0,0,6
1736438,2008,1,0,0,0,1
1736438,2009,0,0,0,0,0
1736438,2010,0,0,0,0,0
1736438,2011,2,0,0,0,2
1736438,2012,3,0,0,0,3
1736438,2013,4,0,0,0,4
1736438,2014,1,0,0,0,1
1736438,2015,3,0,0,0,3
1736438,2016,1,0,0,0,1
1736438,2017,1,0,0,0,1
1736438,2018,1,0,0,0,1
1736438,2019,2,0,0,0,2
1736438,2020,1,0,0,0,1
1736438,2021,3,0,0,0,3
1736438,2022,3,0,0,0,3
1736438,2023,2,0,0,0,2
1736438,2024,1,0,0,0,1
1736438,2025,2,0,0,0,2
1736477,2000,0,0,0,0,0
1736477,2001,0,0,0,0,0
1736477,2002,0,0,0,0,0
1736477,2003,0,0,0,0,0
1736477,2004,0,0,0,0,0
1736477,2005,0,0,0,0,0
1736477,2006,0,0,0,0,0
1736477,2007,0,0,0,0,0
1736477,2008,0,0,0,0,0
1736477,2009,0,0,0,0,0
1736477,2010,0,0,0,0,0
1736477,2011,0,0,0,0,0
1736477,2012,0,0,0,0,0
1736477,2013,0,0,0,0,0
1736477,2014,0,0,0,0,0
1736477,2015,0,0,0,0,0
1736477,2016,0,0,0,0,0
1736477,2017,0,0,0,0,0
1736477,2018,0,0,0,0,0
1736477,2019,0,0,0,0,0
1736477,2020,0,0,0,0,0
1736477,2021,0,0,0,0,0
1736477,2022,0,0,0,0,0
1736477,2023,0,0,0,0,0
1736477,2024,0,0,0,0,0
1736477,2025,0,0,0,0,0
1736516,2000,0,0,0,0,0
1736516,2001,0,0,0,0,0
1736516,2002,0,0,0,0,0
1736516,2003,0,0,0,0,0
1736516,2004,1,0,0,0,1
1736516,2005,0,0,0,0,0
1736516,2006,1,0,0,0,1
1736516,2007,0,0,0,0,0
1736516,2008,0,0,0,0,0
1736516,2009,0,0,0,0,0
1736516,2010,0,0,0,0,0
1736516,2011,0,0,0,0,0
1736516,2012,0,0,0,0,0
1736516,2013,0,0,0,0,0
1736516,2014,0,0,0,0,0
1736516,2015,0,0,0,0,0
1736516,2016,0,0,0,0,0
1736516,2017,0,0,0,0,0
1736516,2018,0,0,0,0,0
1736516,2019,0,0,0,0,0
1736516,2020,0,0,0,0,0
1736516,2021,0,0,0,0,0
1736516,2022,0,0,0,0,0
1736516,2023,0,0,0,0,0
1736516,2024,0,0,0,0,0
1736516,2025,0,0,0,0,0
1736750,2000,803,0,0,0,803
1736750,2001,828,0,0,32,860
1736750,2002,924,0,0,0,924
1736750,2003,1209,0,0,0,1209
1736750,2004,1191,0,0,0,1191
1736750,2005,1079,0,0,0,1079
1736750,2006,855,0,0,0,855
1736750,2007,465,0,0,0,465
1736750,2008,127,0,0,72,199
1736750,2009,74,0,0,0,74
1736750,2010,107,0,0,0,107
1736750,2011,140,0,0,0,140
1736750,2012,125,0,0,128,253
1736750,2013,176,0,0,0,176
1736750,2014,193,0,0,0,193
1736750,2015,158,0,0,0,158
1736750,2016,112,0,0,79,191
1736750,2017,25,0,0,130,155
1736750,2018,1,0,0,0,1
1736750,2019,110,0,0,0,110
1736750,2020,87,0,0,0,87
1736750,2021,143,0,0,0,143
1736750,2022,61,0,0,18,79
1736750,2023,65,0,0,0,65
1736750,2024,297,0,0,0,297
1736750,2025,306,0,0,88,394
1736815,2000,0,0,0,0,0
1736815,2001,0,0,0,0,0
1736815,2002,0,0,0,0,0
1736815,2003,0,0,0,0,0
1736815,2004,0,0,0,0,0
1736815,2005,0,0,0,0,0
1736815,2006,1,0,0,0,1
1736815,2007,0,0,0,0,0
1736815,2008,0,0,0,0,0
1736815,2009,0,0,0,0,0
1736815,2010,0,0,0,0,0
1736815,2011,1,0,0,0,1
1736815,2012,1,0,0,0,1
1736815,2013,2,0,0,0,2
1736815,2014,2,0,0,0,2
1736815,2015,1,0,0,0,1
1736815,2016,1,0,0,0,1
1736815,2017,1,0,0,0,1
1736815,2018,1,0,0,0,1
1736815,2019,1,0,0,0,1
1736815,2020,1,0,0,0,1
1736815,2021,1,0,0,0,1
1736815,2022,1,0,0,0,1
1736815,2023,0,0,0,0,0
1736815,2024,0,0,0,0,0
1736815,2025,1,0,0,0,1
1736841,2002,0,0,0,0,0
1736841,2003,0,0,0,0,0
1736841,2004,0,0,0,0,0
1736841,2005,2,0,0,0,2
1736841,2006,2,0,0,0,2
1736841,2007,0,2,0,0,2
1736841,2008,0,0,0,0,0
1736841,2009,1,0,0,0,1
1736841,2010,0,0,0,0,0
1736841,2011,0,0,0,0,0
1736841,2012,2,0,0,0,2
1736841,2013,3,0,0,0,3
1736841,2014,0,0,0,0,0
1736841,2015,2,0,0,0,2
1736841,2016,1,0,0,0,1
1736841,2017,3,0,0,0,3
1736841,2018,1,0,0,0,1
1736841,2019,1,0,0,0,1
1736841,2020,0,0,0,0,0
1736841,2021,1,0,0,0,1
1736841,2022,0,0,0,0,0
1736841,2023,0,0,0,0,0
1736841,2024,0,0,0,0,0
1736841,2025,0,0,0,0,0
1737127,2000,1,0,0,0,1
1737127,2001,3,0,0,0,3
1737127,2002,0,0,0,0,0
1737127,2003,0,0,0,0,0
1737127,2004,2,0,0,0,2
1737127,2005,0,0,0,0,0
1737127,2006,0,0,0,0,0
1737127,2007,2,0,0,0,2
1737127,2008,0,0,0,0,0
1737127,2009,0,0,0,0,0
1737127,2010,1,0,0,0,1
1737127,2011,1,0,0,0,1
1737127,2012,0,0,0,0,0
1737127,2013,0,0,0,0,0
1737127,2014,0,0,0,0,0
1737127,2015,0,0,0,0,0
1737127,2016,0,0,0,0,0
1737127,2017,0,0,0,0,0
1737127,2018,0,0,0,0,0
1737127,2019,0,0,0,0,0
1737127,2020,0,0,0,0,0
1737127,2021,2,2,0,0,4
1737127,2022,0,0,0,0,0
1737127,2023,1,0,0,0,1
1737127,2024,0,0,0,0,0
1737127,2025,0,0,0,0,0
1737179,2000,0,0,0,0,0
1737179,2001,5,0,0,0,5
1737179,2002,2,0,0,0,2
1737179,2003,0,0,0,0,0
1737179,2004,0,0,0,0,0
1737179,2005,1,0,0,0,1
1737179,2006,1,0,0,0,1
1737179,2007,0,0,0,0,0
1737179,2008,0,0,0,0,0
1737179,2009,0,0,0,0,0
1737179,2010,0,0,0,0,0
1737179,2011,0,0,0,0,0
1737179,2012,0,0,0,0,0
1737179,2013,0,0,0,0,0
1737179,2014,0,0,0,0,0
1737179,2015,3,0,0,0,3
1737179,2016,3,0,0,0,3
1737179,2017,3,0,0,0,3
1737179,2018,3,0,0,0,3
1737179,2019,3,0,0,0,3
1737179,2020,3,0,0,0,3
1737179,2021,3,0,0,0,3
1737179,2022,0,0,0,0,0
1737179,2023,0,0,0,0,0
1737179,2024,0,0,0,0,0
1737179,2025,0,0,0,0,0
1737218,2000,0,0,0,0,0
1737218,2001,4,0,0,0,4
1737218,2002,61,0,0,0,61
1737218,2003,29,0,0,0,29
1737218,2004,28,0,0,0,28
1737218,2005,27,0,0,0,27
1737218,2006,0,0,0,0,0
1737218,2007,1,0,0,0,1
1737218,2008,0,0,0,0,0
1737218,2009,0,0,0,0,0
1737218,2010,0,0,0,0,0
1737218,2011,0,0,0,0,0
1737218,2012,0,0,0,0,0
1737218,2013,0,0,0,0,0
1737218,2014,0,0,0,0,0
1737218,2015,0,0,0,0,0
1737218,2016,0,0,0,0,0
1737218,2017,1,0,0,0,1
1737218,2018,2,0,0,0,2
1737218,2019,2,0,0,0,2
1737218,2020,1,0,0,0,1
1737218,2021,0,0,0,0,0
1737218,2022,0,0,0,0,0
1737218,2023,0,0,0,0,0
1737218,2024,0,0,0,0,0
1737218,2025,0,0,0,0,0
1737257,2000,5,0,0,0,5
1737257,2001,51,0,0,0,51
1737257,2002,2,0,0,0,2
1737257,2003,4,0,0,0,4
1737257,2004,1,0,0,0,1
1737257,2005,1,0,0,16,17
1737257,2006,8,0,0,0,8
1737257,2007,0,0,0,0,0
1737257,2008,1,0,0,0,1
1737257,2009,0,0,0,0,0
1737257,2010,0,0,0,0,0
1737257,2011,0,0,0,0,0
1737257,2012,0,0,0,0,0
1737257,2013,1,0,0,0,1
1737257,2014,0,0,0,0,0
1737257,2015,2,0,0,0,2
1737257,2016,1,0,0,0,1
1737257,2017,0,0,0,0,0
1737257,2018,0,0,0,0,0
1737257,2019,1,0,0,0,1
1737257,2020,0,0,0,0,0
1737257,2021,3,0,0,0,3
1737257,2022,1,0,0,0,1
1737257,2023,0,0,0,0,0
1737257,2024,1,0,0,0,1
1737257,2025,0,0,0,0,0
1737608,2000,29,0,0,0,29
1737608,2001,42,0,0,0,42
1737608,2002,46,0,0,0,46
1737608,2003,50,4,0,0,54
1737608,2004,68,0,0,0,68
1737608,2005,63,0,0,0,63
1737608,2006,64,0,0,0,64
1737608,2007,71,0,0,0,71
1737608,2008,15,0,0,0,15
1737608,2009,5,0,0,0,5
1737608,2010,0,0,0,0,0
1737608,2011,15,0,0,0,15
1737608,2012,16,0,0,0,16
1737608,2013,21,0,0,0,21
1737608,2014,8,0,0,0,8
1737608,2015,10,0,0,0,10
1737608,2016,0,0,0,0,0
1737608,2017,3,0,0,0,3
1737608,2018,1,0,0,0,1
1737608,2019,5,0,0,0,5
1737608,2020,1,0,0,0,1
1737608,2021,7,0,0,0,7
1737608,2022,5,0,0,0,5
1737608,2023,3,0,0,0,3
1737608,2024,2,0,0,0,2
1737608,2025,2,0,0,0,2
1737647,2000,0,0,0,0,0
1737647,2001,0,0,0,0,0
1737647,2002,0,0,0,0,0
1737647,2003,0,0,0,0,0
1737647,2004,0,0,0,0,0
1737647,2005,0,0,0,0,0
1737647,2006,0,0,0,0,0
1737647,2007,1,0,0,0,1
1737647,2008,0,0,0,0,0
1737647,2009,1,0,0,0,1
1737647,2010,1,0,0,0,1
1737647,2011,0,0,0,0,0
1737647,2012,0,0,0,0,0
1737647,2013,0,0,0,0,0
1737647,2014,0,0,0,0,0
1737647,2015,0,0,0,0,0
1737647,2016,0,0,0,0,0
1737647,2017,0,0,0,0,0
1737647,2018,0,0,0,0,0
1737647,2019,0,0,0,0,0
1737647,2020,0,0,0,0,0
1737647,2021,0,0,0,0,0
1737647,2022,0,0,0,0,0
1737647,2023,0,0,0,0,0
1737647,2024,0,0,0,0,0
1737647,2025,0,0,0,0,0
1737712,2000,0,0,0,0,0
1737712,2001,0,0,0,0,0
1737712,2002,1,0,0,0,1
1737712,2003,0,0,0,0,0
1737712,2004,0,0,0,0,0
1737712,2005,1,0,0,0,1
1737712,2006,0,0,0,0,0
1737712,2007,0,0,0,0,0
1737712,2008,2,0,0,0,2
1737712,2009,0,0,0,0,0
1737712,2010,0,0,0,0,0
1737712,2011,0,0,0,0,0
1737712,2012,0,0,0,0,0
1737712,2013,0,0,0,0,0
1737712,2014,0,0,0,0,0
1737712,2015,0,0,0,0,0
1737712,2016,0,0,0,0,0
1737712,2017,0,0,0,0,0
1737712,2018,0,0,0,0,0
1737712,2019,0,0,0,0,0
1737712,2020,0,0,0,0,0
1737712,2021,0,0,0,0,0
1737712,2022,1,0,0,0,1
1737712,2023,1,0,0,0,1
1737712,2024,0,0,0,0,0
1737712,2025,0,0,0,0,0
1737777,2000,2,0,0,0,2
1737777,2001,0,0,0,0,0
1737777,2002,0,0,0,0,0
1737777,2003,0,0,0,0,0
1737777,2004,0,0,0,0,0
1737777,2005,0,0,0,0,0
1737777,2006,1,0,0,0,1
1737777,2007,1,6,0,0,7
1737777,2008,0,0,0,0,0
1737777,2009,0,0,0,0,0
1737777,2010,0,0,0,0,0
1737777,2011,3,0,0,0,3
1737777,2012,0,0,0,0,0
1737777,2013,0,0,0,0,0
1737777,2014,0,0,0,0,0
1737777,2015,0,0,0,0,0
1737777,2016,0,0,0,0,0
1737777,2017,0,0,0,0,0
1737777,2018,0,0,0,0,0
1737777,2019,0,0,0,0,0
1737777,2020,1,0,0,0,1
1737777,2021,0,0,0,0,0
1737777,2022,0,0,0,0,0
1737777,2023,0,0,0,0,0
1737777,2024,0,0,0,0,0
1737777,2025,0,0,0,0,0
1737803,2000,0,0,0,0,0
1737803,2001,0,0,0,0,0
1737803,2002,0,0,0,0,0
1737803,2003,0,0,0,0,0
1737803,2004,0,0,0,0,0
1737803,2005,0,0,0,0,0
1737803,2006,0,0,0,0,0
1737803,2007,0,0,0,0,0
1737803,2008,0,0,0,0,0
1737803,2009,0,0,0,0,0
1737803,2010,0,0,0,0,0
1737803,2011,0,0,0,0,0
1737803,2012,0,0,0,0,0
1737803,2013,0,0,0,0,0
1737803,2014,0,0,0,0,0
1737803,2015,0,0,0,0,0
1737803,2016,0,0,0,0,0
1737803,2017,0,0,0,0,0
1737803,2018,0,0,0,0,0
1737803,2019,0,0,0,0,0
1737803,2020,0,0,0,0,0
1737803,2021,0,0,0,0,0
1737803,2022,0,0,0,0,0
1737803,2023,0,0,0,0,0
1737803,2024,0,0,0,0,0
1737803,2025,0,0,0,0,0
1737894,2000,6,0,0,40,46
1737894,2001,36,0,0,0,36
1737894,2002,17,0,0,0,17
1737894,2003,9,0,0,0,9
1737894,2004,7,0,0,0,7
1737894,2005,34,0,0,0,34
1737894,2006,22,0,0,0,22
1737894,2007,39,0,0,0,39
1737894,2008,5,0,0,0,5
1737894,2009,1,0,0,0,1
1737894,2010,1,0,0,0,1
1737894,2011,0,0,0,0,0
1737894,2012,2,0,0,0,2
1737894,2013,14,0,0,0,14
1737894,2014,33,0,0,0,33
1737894,2015,20,0,0,0,20
1737894,2016,17,0,0,0,17
1737894,2017,6,0,0,0,6
1737894,2018,8,0,0,0,8
1737894,2019,2,0,0,0,2
1737894,2020,0,0,0,0,0
1737894,2021,1,0,0,0,1
1737894,2022,27,0,0,0,27
1737894,2023,10,0,0,0,10
1737894,2024,14,0,0,0,14
1737894,2025,1,0,0,0,1
1737907,2000,12,0,20,0,32
1737907,2001,18,0,0,0,18
1737907,2002,25,0,0,0,25
1737907,2003,39,0,0,0,39
1737907,2004,32,0,0,0,32
1737907,2005,24,0,0,0,24
1737907,2006,19,0,0,78,97
1737907,2007,11,0,0,10,21
1737907,2008,6,0,0,5,11
1737907,2009,4,0,4,5,13
1737907,2010,5,0,0,5,10
1737907,2011,5,0,4,0,9
1737907,2012,6,0,0,0,6
1737907,2013,6,0,0,0,6
1737907,2014,10,0,0,0,10
1737907,2015,2,0,0,0,2
1737907,2016,3,0,0,297,300
1737907,2017,4,0,0,214,218
1737907,2018,5,0,4,7,16
1737907,2019,0,0,0,0,0
1737907,2020,4,0,0,0,4
1737907,2021,2,0,3,0,5
1737907,2022,3,0,0,0,3
1737907,2023,6,0,0,0,6
1737907,2024,3,0,0,0,3
1737907,2025,3,0,0,87,90
1737998,2000,1,0,0,0,1
1737998,2001,0,0,0,0,0
1737998,2002,1,0,0,0,1
1737998,2003,1,0,0,0,1
1737998,2004,1,0,0,0,1
1737998,2005,1,0,0,0,1
1737998,2006,1,0,0,0,1
1737998,2007,1,0,0,0,1
1737998,2008,0,0,0,0,0
1737998,2009,0,0,0,0,0
1737998,2010,0,0,0,0,0
1737998,2011,0,0,0,0,0
1737998,2012,0,0,0,0,0
1737998,2013,0,0,0,0,0
1737998,2014,0,0,0,0,0
1737998,2015,0,0,0,0,0
1737998,2016,0,0,0,0,0
1737998,2017,0,0,0,0,0
1737998,2018,0,0,0,0,0
1737998,2019,0,0,0,0,0
1737998,2020,0,0,0,0,0
1737998,2021,0,0,0,0,0
1737998,2022,0,0,0,0,0
1737998,2023,0,0,0,0,0
1737998,2024,0,0,0,0,0
1737998,2025,0,0,0,0,0
1738115,2000,12,6,0,0,18
1738115,2001,16,2,0,0,18
1738115,2002,25,2,0,160,187
1738115,2003,13,2,0,0,15
1738115,2004,12,2,0,0,14
1738115,2005,9,4,4,0,17
1738115,2006,16,8,4,50,78
1738115,2007,17,0,14,8,39
1738115,2008,6,0,0,0,6
1738115,2009,8,0,0,0,8
1738115,2010,8,0,0,0,8
1738115,2011,4,0,0,0,4
1738115,2012,7,2,15,5,29
1738115,2013,2,2,0,0,4
1738115,2014,2,0,0,0,2
1738115,2015,0,4,0,0,4
1738115,2016,3,0,0,0,3
1738115,2017,4,0,0,0,4
1738115,2018,2,8,17,0,27
1738115,2019,4,12,0,0,16
1738115,2020,5,12,0,0,17
1738115,2021,0,0,0,0,0
1738115,2022,0,0,0,0,0
1738115,2023,0,0,0,0,0
1738115,2024,1,4,0,0,5
1738115,2025,2,10,0,0,12
1738375,2000,0,0,0,0,0
1738375,2001,0,0,0,0,0
1738375,2002,0,0,0,0,0
1738375,2003,0,0,0,0,0
1738375,2004,0,0,0,0,0
1738375,2005,0,0,0,0,0
1738375,2006,0,0,0,0,0
1738375,2007,0,0,0,0,0
1738375,2008,0,0,0,0,0
1738375,2009,0,0,0,0,0
1738375,2010,0,0,0,0,0
1738375,2011,0,0,0,0,0
1738375,2012,0,0,0,0,0
1738375,2013,0,0,0,0,0
1738375,2014,0,0,0,0,0
1738375,2015,0,0,0,0,0
1738375,2016,0,0,0,0,0
1738375,2017,0,0,0,0,0
1738375,2018,0,0,0,0,0
1738375,2019,0,0,0,0,0
1738375,2020,0,0,0,0,0
1738375,2021,0,0,0,0,0
1738375,2022,0,0,0,0,0
1738375,2023,0,0,0,0,0
1738375,2024,0,0,0,0,0
1738375,2025,0,0,0,0,0
1738414,2000,25,0,0,0,25
1738414,2001,20,6,4,0,30
1738414,2002,24,4,0,0,28
1738414,2003,26,2,0,0,28
1738414,2004,37,4,0,48,89
1738414,2005,35,2,0,40,77
1738414,2006,34,8,0,15,57
1738414,2007,22,8,0,15,45
1738414,2008,12,4,0,10,26
1738414,2009,8,0,0,20,28
1738414,2010,10,0,0,35,45
1738414,2011,8,0,0,50,58
1738414,2012,12,0,0,77,89
1738414,2013,11,0,0,0,11
1738414,2014,9,0,0,0,9
1738414,2015,11,0,0,0,11
1738414,2016,14,0,0,0,14
1738414,2017,13,0,0,0,13
1738414,2018,11,0,0,0,11
1738414,2019,12,0,0,0,12
1738414,2020,6,0,0,45,51
1738414,2021,7,0,0,49,56
1738414,2022,5,0,0,70,75
1738414,2023,7,0,0,61,68
1738414,2024,9,0,0,68,77
1738414,2025,9,0,0,0,9
1738479,2000,54,0,0,0,54
1738479,2001,79,0,0,0,79
1738479,2002,98,0,0,0,98
1738479,2003,68,0,0,0,68
1738479,2004,41,0,0,0,41
1738479,2005,66,0,4,0,70
1738479,2006,71,0,0,0,71
1738479,2007,39,0,0,0,39
1738479,2008,21,0,0,0,21
1738479,2009,9,0,0,0,9
1738479,2010,12,0,0,0,12
1738479,2011,7,0,0,0,7
1738479,2012,6,0,0,0,6
1738479,2013,7,0,0,0,7
1738479,2014,15,0,0,0,15
1738479,2015,2,0,0,0,2
1738479,2016,7,0,0,0,7
1738479,2017,8,0,0,0,8
1738479,2018,8,0,0,0,8
1738479,2019,6,0,0,0,6
1738479,2020,7,0,0,0,7
1738479,2021,14,0,0,5,19
1738479,2022,12,0,0,6,18
1738479,2023,9,0,0,0,9
1738479,2024,21,0,0,0,21
1738479,2025,30,0,0,0,30
1738544,2000,2,0,0,0,2
1738544,2001,2,0,0,0,2
1738544,2002,2,0,0,0,2
1738544,2003,2,0,0,0,2
1738544,2004,2,0,0,0,2
1738544,2005,5,0,0,0,5
1738544,2006,9,0,0,0,9
1738544,2007,7,0,0,0,7
1738544,2008,0,0,0,0,0
1738544,2009,19,0,0,0,19
1738544,2010,0,0,0,0,0
1738544,2011,0,0,0,0,0
1738544,2012,0,0,0,0,0
1738544,2013,0,0,0,0,0
1738544,2014,0,0,0,0,0
1738544,2015,0,0,0,0,0
1738544,2016,0,0,0,0,0
1738544,2017,3,0,0,0,3
1738544,2018,3,0,0,0,3
1738544,2019,0,0,0,0,0
1738544,2020,0,0,0,0,0
1738544,2021,0,0,0,0,0
1738544,2022,0,0,0,0,0
1738544,2023,0,0,0,0,0
1738544,2024,8,0,0,0,8
1738544,2025,9,0,0,0,9
1738570,2000,1522,0,0,16,1538
1738570,2001,1893,0,0,144,2037
1738570,2002,1836,0,0,0,1836
1738570,2003,1687,0,0,0,1687
1738570,2004,1625,0,8,0,1633
1738570,2005,2018,0,0,0,2018
1738570,2006,1520,0,0,48,1568
1738570,2007,769,0,0,16,785
1738570,2008,244,0,0,32,276
1738570,2009,29,0,0,0,29
1738570,2010,78,6,0,0,84
1738570,2011,92,10,0,0,102
1738570,2012,44,2,0,0,46
1738570,2013,74,0,0,0,74
1738570,2014,122,0,0,0,122
1738570,2015,143,0,0,67,210
1738570,2016,197,16,15,0,228
1738570,2017,221,0,0,0,221
1738570,2018,247,14,8,16,285
1738570,2019,172,34,16,16,238
1738570,2020,240,16,40,22,318
1738570,2021,221,30,20,60,331
1738570,2022,192,44,0,37,273
1738570,2023,179,18,0,29,226
1738570,2024,143,0,0,210,353
1738570,2025,271,4,0,180,455
1738635,2000,5,0,0,0,5
1738635,2001,6,0,0,0,6
1738635,2002,5,0,0,0,5
1738635,2003,5,0,0,0,5
1738635,2004,5,0,0,0,5
1738635,2005,5,0,0,0,5
1738635,2006,4,0,0,0,4
1738635,2007,3,0,0,0,3
1738635,2008,2,0,0,0,2
1738635,2009,1,0,0,0,1
1738635,2010,1,0,0,0,1
1738635,2011,1,0,0,0,1
1738635,2012,1,0,0,0,1
1738635,2013,1,0,0,0,1
1738635,2014,1,0,0,0,1
1738635,2015,2,0,0,0,2
1738635,2016,2,0,0,0,2
1738635,2017,2,0,0,0,2
1738635,2018,2,0,0,0,2
1738635,2019,1,0,0,0,1
1738635,2020,1,0,0,0,1
1738635,2021,0,0,0,0,0
1738635,2022,0,0,0,0,0
1738635,2023,0,0,0,0,0
1738635,2024,3,0,0,0,3
1738635,2025,1,0,0,0,1
1738739,2000,0,0,0,0,0
1738739,2001,1,0,0,0,1
1738739,2002,0,0,0,0,0
1738739,2003,0,0,0,0,0
1738739,2004,0,0,0,0,0
1738739,2005,0,0,0,0,0
1738739,2006,0,0,0,0,0
1738739,2007,0,0,0,0,0
1738739,2008,0,0,0,0,0
1738739,2009,0,0,0,0,0
1738739,2010,0,0,0,0,0
1738739,2011,0,0,0,0,0
1738739,2012,0,0,0,0,0
1738739,2013,0,0,0,0,0
1738739,2014,0,0,0,0,0
1738739,2015,0,0,0,0,0
1738739,2016,0,0,0,0,0
1738739,2017,0,0,0,0,0
1738739,2018,0,0,0,0,0
1738739,2019,0,0,0,0,0
1738739,2020,0,0,0,0,0
1738739,2021,0,0,0,0,0
1738739,2022,0,0,0,0,0
1738739,2023,0,0,0,0,0
1738739,2024,0,0,0,0,0
1738739,2025,0,0,0,0,0
1738830,2000,5,0,0,10,15
1738830,2001,17,0,6,24,47
1738830,2002,8,0,0,105,113
1738830,2003,34,0,0,144,178
1738830,2004,6,0,9,58,73
1738830,2005,17,0,3,5,25
1738830,2006,11,2,0,0,13
1738830,2007,9,0,0,0,9
1738830,2008,0,0,0,0,0
1738830,2009,1,0,0,0,1
1738830,2010,6,0,4,0,10
1738830,2011,0,0,0,0,0
1738830,2012,0,0,0,0,0
1738830,2013,0,0,0,0,0
1738830,2014,2,0,0,0,2
1738830,2015,0,0,0,0,0
1738830,2016,3,0,0,0,3
1738830,2017,1,0,0,0,1
1738830,2018,5,0,0,0,5
1738830,2019,2,0,0,0,2
1738830,2020,8,0,0,0,8
1738830,2021,3,0,8,0,11
1738830,2022,1,0,0,0,1
1738830,2023,4,0,0,0,4
1738830,2024,5,0,7,0,12
1738830,2025,10,0,0,0,10
1738921,2000,0,0,0,0,0
1738921,2001,0,0,0,0,0
1738921,2002,0,0,0,0,0
1738921,2003,0,0,0,0,0
1738921,2004,0,0,0,0,0
1738921,2005,0,0,0,0,0
1738921,2006,1,0,0,0,1
1738921,2007,1,0,0,0,1
1738921,2008,0,0,0,0,0
1738921,2009,0,0,0,0,0
1738921,2010,0,0,0,0,0
1738921,2011,0,0,0,0,0
1738921,2012,0,0,0,0,0
1738921,2013,0,0,0,0,0
1738921,2014,0,0,0,0,0
1738921,2015,0,0,0,0,0
1738921,2016,0,0,0,0,0
1738921,2017,0,0,0,0,0
1738921,2018,0,0,0,0,0
1738921,2019,0,0,0,0,0
1738921,2020,0,0,0,0,0
1738921,2021,0,0,0,0,0
1738921,2022,0,0,0,0,0
1738921,2023,0,0,0,0,0
1738921,2024,0,0,0,0,0
1738921,2025,0,0,0,0,0
1738934,2000,11,0,0,0,11
1738934,2001,6,0,0,0,6
1738934,2002,3,0,0,0,3
1738934,2003,11,0,0,0,11
1738934,2004,7,0,0,0,7
1738934,2005,7,0,0,0,7
1738934,2006,9,0,0,0,9
1738934,2007,24,2,4,0,30
1738934,2008,5,4,0,0,9
1738934,2009,11,0,0,0,11
1738934,2010,0,2,0,0,2
1738934,2011,4,0,0,0,4
1738934,2012,1,0,0,0,1
1738934,2013,1,0,0,0,1
1738934,2014,6,0,0,0,6
1738934,2015,6,0,0,0,6
1738934,2016,0,0,0,0,0
1738934,2017,0,0,0,70,70
1738934,2018,0,0,0,56,56
1738934,2019,0,0,0,0,0
1738934,2020,0,0,0,0,0
1738934,2021,0,0,0,0,0
1738934,2022,1,0,0,0,1
1738934,2023,4,0,0,0,4
1738934,2024,18,18,4,0,40
1738934,2025,9,12,6,0,27
1739038,2000,1,0,0,0,1
1739038,2001,1,0,0,0,1
1739038,2002,2,0,0,0,2
1739038,2003,2,0,0,0,2
1739038,2004,2,0,0,0,2
1739038,2005,3,0,0,0,3
1739038,2006,5,0,0,0,5
1739038,2007,4,0,0,0,4
1739038,2008,2,0,0,0,2
1739038,2009,2,0,0,0,2
1739038,2010,2,0,0,0,2
1739038,2011,1,0,0,0,1
1739038,2012,0,0,0,0,0
1739038,2013,1,0,0,0,1
1739038,2014,0,0,0,0,0
1739038,2015,0,0,0,0,0
1739038,2016,0,0,0,0,0
1739038,2017,3,0,0,0,3
1739038,2018,3,0,0,0,3
1739038,2019,3,0,0,0,3
1739038,2020,0,0,0,0,0
1739038,2021,0,0,0,0,0
1739038,2022,0,0,0,0,0
1739038,2023,0,0,0,0,0
1739038,2024,0,0,0,0,0
1739038,2025,0,0,0,0,0
1739298,2000,1,0,0,0,1
1739298,2001,2,0,0,0,2
1739298,2002,2,0,0,0,2
1739298,2003,2,0,0,0,2
1739298,2004,1,0,0,0,1
1739298,2005,0,0,0,0,0
1739298,2006,1,0,0,0,1
1739298,2007,1,0,0,0,1
1739298,2008,0,0,0,0,0
1739298,2009,2,0,0,0,2
1739298,2010,0,0,0,0,0
1739298,2011,1,0,0,0,1
1739298,2012,0,0,0,0,0
1739298,2013,1,0,0,0,1
1739298,2014,0,0,0,0,0
1739298,2015,0,0,0,0,0
1739298,2016,2,0,0,0,2
1739298,2017,0,0,0,0,0
1739298,2018,1,0,0,0,1
1739298,2019,1,0,0,0,1
1739298,2020,1,0,0,0,1
1739298,2021,1,0,0,0,1
1739298,2022,1,0,0,0,1
1739298,2023,2,0,0,0,2
1739298,2024,3,0,0,0,3
1739298,2025,3,0,0,0,3
1739519,2000,3,0,0,0,3
1739519,2001,4,0,0,0,4
1739519,2002,7,0,0,0,7
1739519,2003,8,0,0,0,8
1739519,2004,7,0,0,0,7
1739519,2005,3,0,0,0,3
1739519,2006,1,0,0,0,1
1739519,2007,7,0,0,0,7
1739519,2008,1,0,0,0,1
1739519,2009,1,0,0,0,1
1739519,2010,0,0,0,0,0
1739519,2011,2,0,0,0,2
1739519,2012,11,0,0,0,11
1739519,2013,5,0,0,0,5
1739519,2014,3,0,0,0,3
1739519,2015,0,0,0,0,0
1739519,2016,0,0,0,0,0
1739519,2017,1,0,0,0,1
1739519,2018,3,0,0,0,3
1739519,2019,0,0,0,0,0
1739519,2020,1,0,0,0,1
1739519,2021,3,0,0,0,3
1739519,2022,1,0,0,0,1
1739519,2023,0,0,0,0,0
1739519,2024,3,0,0,0,3
1739519,2025,2,0,0,0,2
1739727,2000,10,4,0,0,14
1739727,2001,4,0,0,50,54
1739727,2002,1,0,0,0,1
1739727,2003,3,0,0,0,3
1739727,2004,4,2,0,0,6
1739727,2005,6,4,0,10,20
1739727,2006,5,4,0,0,9
1739727,2007,7,0,0,0,7
1739727,2008,6,0,0,0,6
1739727,2009,6,0,0,0,6
1739727,2010,4,0,0,0,4
1739727,2011,1,0,0,0,1
1739727,2012,3,0,0,0,3
1739727,2013,2,0,0,0,2
1739727,2014,3,0,0,0,3
1739727,2015,1,0,0,0,1
1739727,2016,3,0,0,0,3
1739727,2017,3,0,0,0,3
1739727,2018,2,0,0,0,2
1739727,2019,1,0,0,0,1
1739727,2020,0,0,0,0,0
1739727,2021,0,0,0,0,0
1739727,2022,1,0,0,0,1
1739727,2023,0,0,0,0,0
1739727,2024,3,0,0,0,3
1739727,2025,0,0,0,0,0
1739753,2003,0,0,0,0,0
1739753,2004,0,0,0,0,0
1739753,2005,1,0,0,0,1
1739753,2006,0,0,0,0,0
1739753,2007,0,0,0,0,0
1739753,2008,0,0,0,0,0
1739753,2009,0,0,0,0,0
1739753,2010,0,0,0,0,0
1739753,2011,0,0,0,0,0
1739753,2012,0,0,0,0,0
1739753,2013,0,0,0,0,0
1739753,2014,0,0,0,0,0
1739753,2015,3,0,0,0,3
1739753,2016,1,0,0,0,1
1739753,2017,2,0,0,0,2
1739753,2018,0,0,0,0,0
1739753,2019,0,0,0,0,0
1739753,2020,2,0,0,0,2
1739753,2021,1,0,0,0,1
1739753,2022,0,0,0,0,0
1739753,2023,0,0,0,0,0
1739753,2024,0,0,0,0,0
1739753,2025,0,0,0,0,0
1739883,2000,42,0,0,0,42
1739883,2001,38,0,0,0,38
1739883,2002,43,0,0,0,43
1739883,2003,23,0,0,0,23
1739883,2004,17,0,0,0,17
1739883,2005,18,0,0,0,18
1739883,2006,20,0,0,0,20
1739883,2007,5,0,0,0,5
1739883,2008,0,0,0,0,0
1739883,2009,0,0,0,0,0
1739883,2010,0,0,0,0,0
1739883,2011,4,0,0,0,4
1739883,2012,4,0,0,0,4
1739883,2013,10,0,0,0,10
1739883,2014,35,0,0,0,35
1739883,2015,9,0,0,0,9
1739883,2016,6,0,0,0,6
1739883,2017,7,0,0,0,7
1739883,2018,9,0,0,0,9
1739883,2019,5,0,0,0,5
1739883,2020,19,14,0,0,33
1739883,2021,25,18,0,0,43
1739883,2022,51,0,0,0,51
1739883,2023,44,0,0,0,44
1739883,2024,54,0,0,0,54
1739883,2025,29,0,0,0,29
1739909,2000,9,0,0,0,9
1739909,2001,6,0,0,0,6
1739909,2002,6,0,0,0,6
1739909,2003,9,0,0,0,9
1739909,2004,9,0,0,0,9
1739909,2005,6,0,0,0,6
1739909,2006,6,0,0,0,6
1739909,2007,6,0,0,0,6
1739909,2008,4,0,0,0,4
1739909,2009,2,0,0,0,2
1739909,2010,0,0,0,0,0
1739909,2011,0,0,0,0,0
1739909,2012,0,0,0,0,0
1739909,2013,0,0,0,0,0
1739909,2014,0,0,0,0,0
1739909,2015,0,0,0,0,0
1739909,2016,1,0,0,0,1
1739909,2017,0,0,0,0,0
1739909,2018,0,0,0,0,0
1739909,2019,1,0,0,0,1
1739909,2020,1,0,0,0,1
1739909,2021,1,0,0,0,1
1739909,2022,1,0,0,0,1
1739909,2023,1,0,0,0,1
1739909,2024,0,0,0,0,0
1739909,2025,0,0,0,0,0
1740065,2003,15,0,0,0,15
1740065,2004,11,0,0,0,11
1740065,2005,1,0,0,0,1
1740065,2006,1,0,0,0,1
1740065,2007,1,0,0,0,1
1740065,2008,1,0,0,0,1
1740065,2009,1,0,0,0,1
1740065,2010,2,0,0,0,2
1740065,2011,0,0,0,0,0
1740065,2012,1,0,0,0,1
1740065,2013,0,0,0,0,0
1740065,2014,0,0,0,0,0
1740065,2015,0,0,0,0,0
1740065,2016,1,0,0,0,1
1740065,2017,0,0,0,0,0
1740065,2018,1,0,0,0,1
1740065,2019,0,0,0,0,0
1740065,2020,0,0,0,0,0
1740065,2021,0,0,0,0,0
1740065,2022,0,0,0,0,0
1740065,2023,2,0,0,0,2
1740065,2024,1,0,0,0,1
1740065,2025,0,0,0,0,0
1740091,2000,0,0,0,0,0
1740091,2001,0,0,0,0,0
1740091,2002,1,0,0,0,1
1740091,2003,1,0,0,0,1
1740091,2004,1,0,0,0,1
1740091,2005,1,0,0,0,1
1740091,2006,1,0,0,0,1
1740091,2007,1,0,0,0,1
1740091,2008,0,0,0,0,0
1740091,2009,0,0,0,0,0
1740091,2010,0,0,0,0,0
1740091,2011,0,0,0,0,0
1740091,2012,0,0,0,0,0
1740091,2013,0,0,0,0,0
1740091,2014,0,0,0,0,0
1740091,2015,0,0,0,0,0
1740091,2016,0,0,0,0,0
1740091,2017,0,0,0,0,0
1740091,2018,0,0,0,0,0
1740091,2019,0,0,0,0,0
1740091,2020,0,0,0,0,0
1740091,2021,0,0,0,0,0
1740091,2022,0,0,0,0,0
1740091,2023,0,0,0,0,0
1740091,2024,0,0,0,0,0
1740091,2025,0,0,0,0,0
1740143,2000,0,0,0,0,0
1740143,2001,0,0,0,0,0
1740143,2002,0,0,0,0,0
1740143,2003,0,0,0,0,0
1740143,2004,0,0,0,0,0
1740143,2005,0,0,0,0,0
1740143,2006,0,0,0,0,0
1740143,2007,0,0,0,0,0
1740143,2008,0,0,0,0,0
1740143,2009,0,0,0,0,0
1740143,2010,0,0,0,0,0
1740143,2011,0,0,0,0,0
1740143,2012,0,0,0,0,0
1740143,2013,0,0,0,0,0
1740143,2014,0,0,0,0,0
1740143,2015,0,0,0,0,0
1740143,2016,0,0,0,0,0
1740143,2017,2,0,0,0,2
1740143,2018,0,0,0,0,0
1740143,2019,0,0,0,0,0
1740143,2020,0,0,0,0,0
1740143,2021,0,0,0,0,0
1740143,2022,0,0,0,0,0
1740143,2023,0,0,0,0,0
1740143,2024,0,0,0,0,0
1740143,2025,0,0,0,0,0
1740156,2000,4,0,0,0,4
1740156,2001,9,0,0,0,9
1740156,2002,13,0,0,0,13
1740156,2003,96,0,0,0,96
1740156,2004,57,0,0,0,57
1740156,2005,25,0,0,0,25
1740156,2006,7,0,0,0,7
1740156,2007,3,0,0,0,3
1740156,2008,0,0,0,0,0
1740156,2009,0,0,0,0,0
1740156,2010,0,0,0,0,0
1740156,2011,1,0,0,0,1
1740156,2012,0,0,0,0,0
1740156,2013,0,0,0,0,0
1740156,2014,0,0,0,0,0
1740156,2015,0,0,0,0,0
1740156,2016,0,0,0,0,0
1740156,2017,0,0,0,0,0
1740156,2018,0,0,0,0,0
1740156,2019,0,0,0,0,0
1740156,2020,0,0,0,0,0
1740156,2021,0,0,0,0,0
1740156,2022,0,0,0,0,0
1740156,2023,0,0,0,0,0
1740156,2024,1,0,0,0,1
1740156,2025,0,0,0,0,0
1740182,2000,1,0,0,0,1
1740182,2001,0,0,0,0,0
1740182,2002,0,0,0,0,0
1740182,2003,0,0,0,0,0
1740182,2004,0,0,0,0,0
1740182,2005,0,0,0,0,0
1740182,2006,0,0,0,0,0
1740182,2007,0,0,0,0,0
1740182,2008,0,0,0,0,0
1740182,2009,0,0,0,0,0
1740182,2010,0,0,0,0,0
1740182,2011,0,0,0,0,0
1740182,2012,1,0,0,0,1
1740182,2013,0,0,0,0,0
1740182,2014,0,0,0,0,0
1740182,2015,0,0,0,0,0
1740182,2016,0,0,0,0,0
1740182,2017,0,0,0,0,0
1740182,2018,0,0,0,0,0
1740182,2019,1,0,0,0,1
1740182,2020,0,0,0,0,0
1740182,2021,0,0,0,0,0
1740182,2022,0,0,0,0,0
1740182,2023,1,0,0,0,1
1740182,2024,0,0,0,0,0
1740182,2025,0,0,0,0,0
1740416,2000,2,0,0,0,2
1740416,2001,1,0,0,0,1
1740416,2002,2,0,0,0,2
1740416,2003,4,0,0,0,4
1740416,2004,3,0,0,0,3
1740416,2005,3,0,0,0,3
1740416,2006,2,0,0,0,2
1740416,2007,1,0,0,0,1
1740416,2008,4,0,0,0,4
1740416,2009,1,0,0,0,1
1740416,2010,4,0,0,0,4
1740416,2011,2,0,0,0,2
1740416,2012,1,0,0,0,1
1740416,2013,0,0,0,0,0
1740416,2014,1,0,0,0,1
1740416,2015,1,0,0,0,1
1740416,2016,1,0,0,0,1
1740416,2017,0,0,0,0,0
1740416,2018,0,0,0,0,0
1740416,2019,0,0,0,0,0
1740416,2020,1,0,3,0,4
1740416,2021,0,0,0,0,0
1740416,2022,1,0,0,0,1
1740416,2023,1,0,0,0,1
1740416,2024,2,0,0,0,2
1740416,2025,0,0,0,0,0
1740559,2000,4,0,0,0,4
1740559,2001,2,0,0,0,2
1740559,2002,2,0,0,0,2
1740559,2003,2,0,0,0,2
1740559,2004,2,0,0,0,2
1740559,2005,2,0,0,0,2
1740559,2006,1,0,0,0,1
1740559,2007,1,0,0,0,1
1740559,2008,0,0,0,0,0
1740559,2009,0,0,0,0,0
1740559,2010,0,0,0,0,0
1740559,2011,0,0,0,0,0
1740559,2012,0,0,0,0,0
1740559,2013,0,0,0,0,0
1740559,2014,0,0,0,0,0
1740559,2015,0,0,0,0,0
1740559,2016,0,0,0,0,0
1740559,2017,0,0,0,0,0
1740559,2018,0,0,0,0,0
1740559,2019,0,0,0,0,0
1740559,2020,0,0,0,0,0
1740559,2021,0,0,0,0,0
1740559,2022,0,0,0,0,0
1740559,2023,0,0,0,0,0
1740559,2024,0,0,0,0,0
1740559,2025,1,0,0,0,1
1740598,2000,3,0,0,0,3
1740598,2001,6,0,0,0,6
1740598,2002,3,0,0,0,3
1740598,2003,2,0,0,0,2
1740598,2004,0,0,0,0,0
1740598,2005,0,0,0,0,0
1740598,2006,0,0,0,0,0
1740598,2007,0,0,0,0,0
1740598,2008,0,0,0,0,0
1740598,2009,1,0,0,0,1
1740598,2010,0,0,0,0,0
1740598,2011,0,0,0,0,0
1740598,2012,0,0,0,0,0
1740598,2013,1,0,0,0,1
1740598,2014,0,0,0,0,0
1740598,2015,0,0,0,0,0
1740598,2016,0,0,0,0,0
1740598,2017,1,0,0,0,1
1740598,2018,0,0,0,0,0
1740598,2019,1,0,0,0,1
1740598,2020,0,0,16,64,80
1740598,2021,1,0,0,0,1
1740598,2022,0,0,0,0,0
1740598,2023,0,0,0,0,0
1740598,2024,0,0,0,0,0
1740598,2025,0,0,0,0,0
1740767,2000,7,0,0,0,7
1740767,2001,32,2,0,30,64
1740767,2002,23,2,0,83,108
1740767,2003,36,2,0,0,38
1740767,2004,44,0,0,0,44
1740767,2005,39,2,0,0,41
1740767,2006,23,0,0,0,23
1740767,2007,27,0,0,0,27
1740767,2008,14,0,0,0,14
1740767,2009,15,0,0,0,15
1740767,2010,14,0,0,0,14
1740767,2011,14,0,0,0,14
1740767,2012,19,0,0,0,19
1740767,2013,20,0,0,0,20
1740767,2014,19,0,0,0,19
1740767,2015,19,0,0,0,19
1740767,2016,7,0,0,0,7
1740767,2017,12,0,0,0,12
1740767,2018,12,0,0,0,12
1740767,2019,13,0,0,6,19
1740767,2020,15,0,0,0,15
1740767,2021,31,0,0,0,31
1740767,2022,7,0,0,0,7
1740767,2023,14,0,0,0,14
1740767,2024,10,0,0,0,10
1740767,2025,6,0,0,0,6
1740793,2000,2,2,0,0,4
1740793,2001,13,0,0,0,13
1740793,2002,3,0,0,0,3
1740793,2003,7,0,0,0,7
1740793,2004,9,0,0,0,9
1740793,2005,9,0,0,0,9
1740793,2006,9,0,0,0,9
1740793,2007,5,0,0,0,5
1740793,2008,5,0,0,0,5
1740793,2009,6,0,0,0,6
1740793,2010,2,0,0,0,2
1740793,2011,2,0,0,0,2
1740793,2012,2,0,0,0,2
1740793,2013,10,0,0,0,10
1740793,2014,4,0,0,0,4
1740793,2015,4,0,0,0,4
1740793,2016,3,0,0,0,3
1740793,2017,4,0,0,0,4
1740793,2018,4,0,0,0,4
1740793,2019,3,0,0,0,3
1740793,2020,4,0,0,0,4
1740793,2021,5,0,0,0,5
1740793,2022,1,0,0,59,60
1740793,2023,7,0,0,0,7
1740793,2024,3,0,0,0,3
1740793,2025,2,0,0,0,2
1740884,2000,25,0,0,0,25
1740884,2001,60,0,0,0,60
1740884,2002,16,0,0,0,16
1740884,2003,3,0,0,0,3
1740884,2004,5,0,0,0,5
1740884,2005,6,0,0,0,6
1740884,2006,3,0,0,0,3
1740884,2007,9,0,0,0,9
1740884,2008,1,0,0,0,1
1740884,2009,1,0,0,0,1
1740884,2010,2,0,0,0,2
1740884,2011,0,0,0,0,0
1740884,2012,1,0,0,0,1
1740884,2013,3,0,0,0,3
1740884,2014,4,0,0,0,4
1740884,2015,2,0,0,0,2
1740884,2016,7,0,0,0,7
1740884,2017,9,0,0,0,9
1740884,2018,16,0,0,0,16
1740884,2019,3,0,0,0,3
1740884,2020,11,0,0,0,11
1740884,2021,25,0,0,0,25
1740884,2022,5,0,0,0,5
1740884,2023,4,0,0,0,4
1740884,2024,2,0,0,0,2
1740884,2025,2,0,0,0,2
1740910,2000,12,0,0,0,12
1740910,2001,12,0,0,0,12
1740910,2002,12,0,0,0,12
1740910,2003,21,0,0,0,21
1740910,2004,16,0,0,0,16
1740910,2005,15,0,0,0,15
1740910,2006,11,0,0,0,11
1740910,2007,10,0,0,0,10
1740910,2008,5,0,0,0,5
1740910,2009,3,0,0,0,3
1740910,2010,1,0,0,0,1
1740910,2011,1,0,0,0,1
1740910,2012,2,0,0,0,2
1740910,2013,6,0,0,0,6
1740910,2014,5,0,0,0,5
1740910,2015,6,0,0,0,6
1740910,2016,5,0,0,0,5
1740910,2017,8,0,0,0,8
1740910,2018,5,0,0,0,5
1740910,2019,4,0,0,0,4
1740910,2020,1,0,0,0,1
1740910,2021,3,0,0,0,3
1740910,2022,5,0,0,0,5
1740910,2023,3,0,0,0,3
1740910,2024,2,0,0,0,2
1740910,2025,2,0,0,8,10
1741105,2000,113,0,0,0,113
1741105,2001,76,0,0,0,76
1741105,2002,84,0,0,0,84
1741105,2003,48,0,0,0,48
1741105,2004,98,0,0,0,98
1741105,2005,86,0,0,0,86
1741105,2006,27,0,0,0,27
1741105,2007,30,0,0,45,75
1741105,2008,14,0,0,5,19
1741105,2009,3,0,0,0,3
1741105,2010,7,0,0,0,7
1741105,2011,9,0,0,0,9
1741105,2012,8,0,0,0,8
1741105,2013,12,0,0,0,12
1741105,2014,15,0,0,0,15
1741105,2015,23,2,0,0,25
1741105,2016,21,0,0,108,129
1741105,2017,10,0,0,38,48
1741105,2018,26,0,0,0,26
1741105,2019,22,0,0,6,28
1741105,2020,21,4,0,0,25
1741105,2021,33,0,0,0,33
1741105,2022,34,0,0,45,79
1741105,2023,21,0,0,18,39
1741105,2024,14,0,0,0,14
1741105,2025,16,0,0,0,16
1741183,2000,620,0,0,0,620
1741183,2001,306,0,0,0,306
1741183,2002,227,0,0,0,227
1741183,2003,225,0,0,0,225
1741183,2004,202,0,0,0,202
1741183,2005,190,0,0,0,190
1741183,2006,77,0,0,0,77
1741183,2007,36,0,0,0,36
1741183,2008,16,0,0,0,16
1741183,2009,9,0,0,0,9
1741183,2010,3,0,0,0,3
1741183,2011,13,0,0,92,105
1741183,2012,4,0,0,0,4
1741183,2013,18,0,0,0,18
1741183,2014,6,0,0,56,62
1741183,2015,6,0,0,0,6
1741183,2016,16,0,0,0,16
1741183,2017,15,0,0,0,15
1741183,2018,11,0,0,0,11
1741183,2019,0,0,0,0,0
1741183,2020,2,0,0,0,2
1741183,2021,1,0,0,0,1
1741183,2022,15,0,0,0,15
1741183,2023,2,0,0,0,2
1741183,2024,3,0,0,16,19
1741183,2025,1,0,0,20,21
1741214,2002,2,0,0,0,2
1741214,2003,0,0,0,0,0
1741214,2004,0,0,0,0,0
1741214,2005,0,0,0,0,0
1741214,2006,1,0,0,0,1
1741214,2007,0,0,0,0,0
1741214,2008,0,0,0,0,0
1741214,2009,0,0,0,0,0
1741214,2010,0,0,0,0,0
1741214,2011,0,0,0,0,0
1741214,2012,0,0,0,0,0
1741214,2013,0,0,0,0,0
1741214,2014,0,0,0,0,0
1741214,2015,0,0,0,0,0
1741214,2016,0,0,0,0,0
1741214,2017,0,0,0,0,0
1741214,2018,1,0,0,0,1
1741214,2019,0,0,0,0,0
1741214,2020,1,0,0,0,1
1741214,2021,1,0,0,0,1
1741214,2022,1,0,0,0,1
1741214,2023,2,0,0,0,2
1741214,2024,0,0,0,0,0
1741214,2025,0,0,0,0,0
1741326,2000,129,0,0,0,129
1741326,2001,56,0,0,0,56
1741326,2002,205,0,0,89,294
1741326,2003,170,0,0,0,170
1741326,2004,126,0,0,0,126
1741326,2005,29,0,0,0,29
1741326,2006,160,0,0,0,160
1741326,2007,93,0,0,0,93
1741326,2008,22,0,0,0,22
1741326,2009,2,0,0,0,2
1741326,2010,0,0,0,0,0
1741326,2011,15,0,0,12,27
1741326,2012,2,0,0,0,2
1741326,2013,0,0,0,0,0
1741326,2014,0,0,0,0,0
1741326,2015,0,0,0,0,0
1741326,2016,0,0,0,0,0
1741326,2017,2,0,0,0,2
1741326,2018,1,0,0,0,1
1741326,2019,0,0,0,0,0
1741326,2020,32,0,0,0,32
1741326,2021,38,0,0,0,38
1741326,2022,37,0,0,0,37
1741326,2023,28,0,0,0,28
1741326,2024,20,0,0,0,20
1741326,2025,5,0,0,0,5
1741586,2000,220,0,7,164,391
1741586,2001,185,0,0,0,185
1741586,2002,70,2,3,80,155
1741586,2003,66,0,0,0,66
1741586,2004,80,0,0,0,80
1741586,2005,46,0,0,0,46
1741586,2006,49,0,0,0,49
1741586,2007,31,0,0,0,31
1741586,2008,18,0,0,0,18
1741586,2009,13,0,0,0,13
1741586,2010,9,0,0,0,9
1741586,2011,12,0,0,0,12
1741586,2012,15,0,0,0,15
1741586,2013,24,0,0,0,24
1741586,2014,18,0,0,0,18
1741586,2015,0,0,0,0,0
1741586,2016,2,0,0,0,2
1741586,2017,0,0,0,0,0
1741586,2018,3,0,0,0,3
1741586,2019,4,0,0,0,4
1741586,2020,2,0,0,0,2
1741586,2021,6,0,0,0,6
1741586,2022,4,0,0,0,4
1741586,2023,4,0,0,0,4
1741586,2024,5,0,0,0,5
1741586,2025,1,0,0,40,41
1741651,2000,77,2,8,0,87
1741651,2001,52,26,0,0,78
1741651,2002,127,2,0,5,134
1741651,2003,70,0,0,0,70
1741651,2004,79,0,0,0,79
1741651,2005,43,0,0,0,43
1741651,2006,27,0,0,0,27
1741651,2007,25,0,12,0,37
1741651,2008,11,0,0,0,11
1741651,2009,3,0,0,0,3
1741651,2010,0,0,0,0,0
1741651,2011,0,0,0,0,0
1741651,2012,6,0,0,0,6
1741651,2013,3,0,0,0,3
1741651,2014,16,0,0,0,16
1741651,2015,32,0,4,0,36
1741651,2016,18,0,0,0,18
1741651,2017,17,2,9,0,28
1741651,2018,19,0,0,0,19
1741651,2019,4,0,0,0,4
1741651,2020,9,0,0,0,9
1741651,2021,10,0,0,0,10
1741651,2022,0,0,0,0,0
1741651,2023,4,0,0,0,4
1741651,2024,11,0,0,0,11
1741651,2025,10,0,0,0,10
1741742,2000,34,0,0,0,34
1741742,2001,111,0,0,26,137
1741742,2002,69,0,6,0,75
1741742,2003,47,0,10,0,57
1741742,2004,163,0,0,96,259
1741742,2005,61,6,3,0,70
1741742,2006,88,0,0,0,88
1741742,2007,28,0,0,0,28
1741742,2008,6,0,0,0,6
1741742,2009,19,0,0,0,19
1741742,2010,6,0,0,0,6
1741742,2011,7,0,0,95,102
1741742,2012,18,0,0,0,18
1741742,2013,23,0,0,0,23
1741742,2014,18,0,0,0,18
1741742,2015,23,0,0,0,23
1741742,2016,5,0,0,0,5
1741742,2017,4,0,0,112,116
1741742,2018,4,0,0,6,10
1741742,2019,7,0,0,0,7
1741742,2020,7,0,0,0,7
1741742,2021,31,0,0,0,31
1741742,2022,39,4,8,0,51
1741742,2023,11,2,0,0,13
1741742,2024,14,4,0,0,18
1741742,2025,6,0,0,0,6
1741859,2000,2,0,0,0,2
1741859,2001,1,0,0,0,1
1741859,2002,4,0,0,0,4
1741859,2003,0,0,0,0,0
1741859,2004,3,0,0,0,3
1741859,2005,2,0,3,0,5
1741859,2006,1,0,0,0,1
1741859,2007,0,0,0,0,0
1741859,2008,1,0,0,0,1
1741859,2009,1,0,0,0,1
1741859,2010,0,0,0,0,0
1741859,2011,0,0,0,0,0
1741859,2012,0,0,0,0,0
1741859,2013,0,0,0,0,0
1741859,2014,1,0,0,0,1
1741859,2015,0,0,0,0,0
1741859,2016,0,0,0,0,0
1741859,2017,0,0,0,0,0
1741859,2018,0,0,0,0,0
1741859,2019,0,0,0,0,0
1741859,2020,0,0,0,0,0
1741859,2021,0,0,0,0,0
1741859,2022,1,0,0,0,1
1741859,2023,0,0,0,0,0
1741859,2024,0,0,0,0,0
1741859,2025,0,0,0,0,0
1742028,2000,6,0,0,0,6
1742028,2001,22,0,0,0,22
1742028,2002,59,0,0,0,59
1742028,2003,23,0,0,0,23
1742028,2004,29,0,0,0,29
1742028,2005,35,0,0,0,35
1742028,2006,8,0,0,0,8
1742028,2007,11,0,0,0,11
1742028,2008,7,0,0,0,7
1742028,2009,2,0,0,0,2
1742028,2010,0,0,0,0,0
1742028,2011,0,0,0,0,0
1742028,2012,0,0,0,0,0
1742028,2013,0,0,0,0,0
1742028,2014,0,0,0,0,0
1742028,2015,0,0,0,0,0
1742028,2016,0,0,0,0,0
1742028,2017,0,0,0,0,0
1742028,2018,0,0,0,0,0
1742028,2019,0,0,0,0,0
1742028,2020,0,0,0,0,0
1742028,2021,0,0,0,0,0
1742028,2022,0,0,0,0,0
1742028,2023,0,0,0,0,0
1742028,2024,0,0,0,0,0
1742028,2025,0,0,0,0,0
1742171,2000,0,0,0,0,0
1742171,2001,0,0,0,0,0
1742171,2002,0,0,0,0,0
1742171,2003,0,0,0,0,0
1742171,2004,0,0,0,0,0
1742171,2005,0,0,0,0,0
1742171,2006,0,0,0,0,0
1742171,2007,0,0,0,0,0
1742171,2008,0,0,0,0,0
1742171,2009,0,0,0,0,0
1742184,2000,10,4,0,0,14
1742184,2001,13,4,0,0,17
1742184,2002,7,0,0,0,7
1742184,2003,11,0,0,0,11
1742184,2004,13,0,0,0,13
1742184,2005,19,0,0,0,19
1742184,2006,21,0,0,0,21
1742184,2007,9,0,0,0,9
1742184,2008,2,0,0,0,2
1742184,2009,0,0,0,0,0
1742184,2010,1,0,0,0,1
1742184,2011,0,0,0,0,0
1742184,2012,1,0,0,0,1
1742184,2013,2,0,0,0,2
1742184,2014,3,2,0,0,5
1742184,2015,3,0,0,0,3
1742184,2016,3,0,0,0,3
1742184,2017,3,0,0,0,3
1742184,2018,3,0,0,0,3
1742184,2019,0,0,0,0,0
1742184,2020,4,0,0,0,4
1742184,2021,5,0,0,0,5
1742184,2022,6,0,0,0,6
1742184,2023,1,0,0,0,1
1742184,2024,1,0,0,0,1
1742184,2025,7,0,0,0,7
1742249,2000,0,0,0,0,0
1742249,2001,0,0,0,0,0
1742249,2002,1,0,0,0,1
1742249,2003,0,0,0,0,0
1742249,2004,0,0,0,0,0
1742249,2005,0,0,0,0,0
1742249,2006,1,0,0,0,1
1742249,2007,0,0,0,0,0
1742249,2008,0,0,0,0,0
1742249,2009,0,0,0,0,0
1742249,2010,0,0,0,0,0
1742249,2011,0,0,0,0,0
1742249,2012,0,0,0,0,0
1742249,2013,0,0,0,0,0
1742249,2014,0,0,0,0,0
1742249,2015,1,0,0,0,1
1742249,2016,0,0,0,0,0
1742249,2017,0,0,0,0,0
1742249,2018,0,0,0,0,0
1742249,2019,0,0,0,0,0
1742249,2020,0,0,0,0,0
1742249,2021,0,0,0,0,0
1742249,2022,0,0,0,0,0
1742249,2023,0,0,0,0,0
1742249,2024,0,0,0,0,0
1742249,2025,0,0,0,0,0
1742405,2000,3,0,0,0,3
1742405,2001,1,0,0,0,1
1742405,2002,1,0,0,0,1
1742405,2003,2,0,0,0,2
1742405,2004,3,0,0,0,3
1742405,2005,0,0,0,0,0
1742405,2006,0,0,0,0,0
1742405,2007,0,0,0,0,0
1742405,2008,0,0,0,0,0
1742405,2009,0,0,0,0,0
1742405,2010,0,0,0,0,0
1742405,2011,0,0,0,0,0
1742405,2012,40,0,0,0,40
1742405,2013,41,0,0,0,41
1742405,2014,42,0,0,0,42
1742405,2015,47,0,0,0,47
1742405,2016,46,0,0,0,46
1742405,2017,51,0,0,0,51
1742405,2018,50,0,0,0,50
1742405,2019,50,0,0,0,50
1742405,2020,56,0,0,0,56
1742405,2021,64,0,0,0,64
1742405,2022,61,0,0,0,61
1742405,2023,58,0,0,0,58
1742405,2024,64,0,0,0,64
1742405,2025,67,0,0,0,67
1742457,2000,0,0,0,0,0
1742457,2001,0,0,0,0,0
1742457,2002,0,0,0,0,0
1742457,2003,0,0,0,0,0
1742457,2004,0,0,0,0,0
1742457,2005,0,0,0,0,0
1742457,2006,0,0,0,0,0
1742457,2007,0,0,0,0,0
1742457,2008,0,0,0,0,0
1742457,2009,0,0,0,0,0
1742457,2010,0,0,0,0,0
1742457,2011,0,0,0,0,0
1742457,2012,0,0,0,0,0
1742457,2013,0,0,0,0,0
1742457,2014,0,0,0,0,0
1742457,2015,0,0,0,0,0
1742457,2016,0,0,0,0,0
1742457,2017,0,0,0,0,0
1742457,2018,0,0,0,0,0
1742457,2019,0,0,0,0,0
1742457,2020,0,0,0,0,0
1742457,2021,0,0,0,0,0
1742457,2022,0,0,0,0,0
1742457,2023,0,0,0,0,0
1742457,2024,0,0,0,0,0
1742457,2025,0,0,0,0,0
1742496,2000,1,0,0,0,1
1742496,2001,22,0,0,0,22
1742496,2002,9,0,0,0,9
1742496,2003,19,2,4,24,49
1742496,2004,48,24,0,0,72
1742496,2005,42,18,0,0,60
1742496,2006,15,6,0,0,21
1742496,2007,15,16,0,5,36
1742496,2008,19,0,0,16,35
1742496,2009,5,6,0,16,27
1742496,2010,9,14,3,0,26
1742496,2011,7,0,0,0,7
1742496,2012,4,2,0,14,20
1742496,2013,4,0,0,27,31
1742496,2014,6,0,0,24,30
1742496,2015,2,0,0,0,2
1742496,2016,4,0,0,0,4
1742496,2017,2,0,0,0,2
1742496,2018,7,0,0,0,7
1742496,2019,6,0,0,0,6
1742496,2020,4,2,0,0,6
1742496,2021,6,2,0,0,8
1742496,2022,6,0,0,0,6
1742496,2023,4,0,0,0,4
1742496,2024,2,4,0,0,6
1742496,2025,2,0,0,0,2
1742587,2000,1,0,0,0,1
1742587,2001,2,0,0,0,2
1742587,2002,0,0,0,0,0
1742587,2003,0,0,0,0,0
1742587,2004,2,0,0,0,2
1742587,2005,0,0,0,0,0
1742587,2006,1,0,0,0,1
1742587,2007,0,0,0,0,0
1742587,2008,0,0,0,0,0
1742587,2009,0,0,0,0,0
1742587,2010,0,0,0,0,0
1742587,2011,0,0,0,0,0
1742587,2012,0,0,0,0,0
1742587,2013,1,0,0,0,1
1742587,2014,0,0,0,0,0
1742587,2015,0,0,0,0,0
1742587,2016,0,0,0,0,0
1742587,2017,0,0,0,0,0
1742587,2018,0,0,0,0,0
1742587,2019,0,0,0,0,0
1742587,2020,0,0,0,0,0
1742587,2021,0,0,0,0,0
1742587,2022,0,0,0,0,0
1742587,2023,0,0,0,0,0
1742587,2024,0,0,0,0,0
1742587,2025,0,0,0,0,0
1742756,2000,1,0,0,0,1
1742756,2001,2,0,0,0,2
1742756,2002,0,0,0,0,0
1742756,2003,0,0,0,0,0
1742756,2004,3,0,0,0,3
1742756,2005,9,0,0,0,9
1742756,2006,5,0,0,0,5
1742756,2007,2,0,0,0,2
1742756,2008,1,0,0,0,1
1742756,2009,0,0,0,0,0
1742756,2010,0,0,0,0,0
1742756,2011,0,0,0,0,0
1742756,2012,0,2,0,0,2
1742756,2013,0,0,0,0,0
1742756,2014,0,0,0,0,0
1742756,2015,0,0,0,0,0
1742756,2016,0,0,0,0,0
1742756,2017,0,0,0,0,0
1742756,2018,0,0,0,0,0
1742756,2019,0,0,0,0,0
1742756,2020,0,0,0,0,0
1742756,2021,0,0,0,0,0
1742756,2022,0,0,0,0,0
1742756,2023,0,0,0,0,0
1742756,2024,0,0,0,0,0
1742756,2025,0,0,0,0,0
1742769,2000,0,0,0,0,0
1742769,2001,0,0,0,0,0
1742769,2002,0,0,0,0,0
1742769,2003,0,0,0,0,0
1742769,2004,0,0,0,0,0
1742769,2005,0,0,0,0,0
1742769,2006,0,0,0,0,0
1742769,2007,0,0,0,0,0
1742769,2008,0,0,0,0,0
1742769,2009,24,0,0,0,24
1742769,2010,23,0,0,0,23
1742769,2011,0,0,0,0,0
1742769,2012,1,0,0,0,1
1742769,2013,0,0,0,0,0
1742769,2014,0,0,0,0,0
1742769,2015,0,0,0,0,0
1742769,2016,0,0,0,0,0
1742769,2017,0,0,0,0,0
1742769,2018,0,0,0,0,0
1742769,2019,0,0,0,0,0
1742769,2020,0,0,0,0,0
1742769,2021,0,0,0,0,0
1742769,2022,0,0,0,0,0
1742769,2023,0,0,0,0,0
1742769,2024,0,0,0,0,0
1742769,2025,0,0,0,0,0
1742795,2000,142,0,3,40,185
1742795,2001,195,0,0,0,195
1742795,2002,169,0,0,0,169
1742795,2003,176,0,0,0,176
1742795,2004,218,0,0,0,218
1742795,2005,173,0,0,6,179
1742795,2006,92,0,0,113,205
1742795,2007,130,0,0,0,130
1742795,2008,42,0,0,0,42
1742795,2009,15,0,0,0,15
1742795,2010,34,0,0,0,34
1742795,2011,26,2,0,0,28
1742795,2012,49,2,0,0,51
1742795,2013,62,0,0,0,62
1742795,2014,78,0,0,0,78
1742795,2015,102,6,8,0,116
1742795,2016,73,6,12,0,91
1742795,2017,85,4,7,7,103
1742795,2018,93,6,11,0,110
1742795,2019,63,26,7,0,96
1742795,2020,56,14,3,5,78
1742795,2021,92,2,9,0,103
1742795,2022,40,0,0,0,40
1742795,2023,108,22,15,0,145
1742795,2024,136,0,0,0,136
1742795,2025,156,0,0,0,156
1742834,2000,3,0,0,0,3
1742834,2001,2,0,0,0,2
1742834,2002,5,0,0,0,5
1742834,2003,7,0,0,0,7
1742834,2004,8,0,0,0,8
1742834,2005,5,0,0,0,5
1742834,2006,4,0,0,0,4
1742834,2007,7,0,0,0,7
1742834,2008,3,0,0,0,3
1742834,2009,0,0,0,0,0
1742834,2010,1,0,0,0,1
1742834,2011,2,0,0,0,2
1742834,2012,0,0,0,0,0
1742834,2013,0,0,0,0,0
1742834,2014,0,0,0,0,0
1742834,2015,3,0,0,0,3
1742834,2016,0,0,0,0,0
1742834,2017,1,0,0,0,1
1742834,2018,0,0,0,0,0
1742834,2019,2,0,0,0,2
1742834,2020,1,0,0,0,1
1742834,2021,0,0,0,0,0
1742834,2022,0,0,0,0,0
1742834,2023,1,0,0,0,1
1742834,2024,0,0,0,0,0
1742834,2025,0,0,0,0,0
1742912,2013,0,0,0,0,0
1742912,2014,0,0,0,0,0
1742912,2015,0,0,0,0,0
1742912,2016,0,0,0,0,0
1742912,2017,0,0,0,0,0
1742912,2018,0,0,0,0,0
1742912,2019,0,0,0,0,0
1742912,2020,0,0,0,0,0
1742912,2021,0,0,0,0,0
1742912,2022,0,0,0,0,0
1742912,2023,0,0,0,0,0
1742912,2024,0,0,0,0,0
1742912,2025,0,0,0,0,0
1742971,2000,15,0,0,0,15
1742971,2001,13,0,0,0,13
1742971,2002,25,4,0,0,29
1742971,2003,27,6,0,0,33
1742971,2004,16,0,0,0,16
1742971,2005,16,0,0,0,16
1742971,2006,14,0,0,0,14
1742971,2007,13,0,0,0,13
1742971,2008,2,0,0,0,2
1742971,2009,6,0,0,0,6
1742971,2010,6,0,0,0,6
1742971,2011,2,0,0,0,2
1742971,2012,4,0,0,0,4
1742971,2013,11,0,0,0,11
1742971,2014,2,2,0,0,4
1742971,2015,2,0,0,0,2
1742971,2016,7,0,0,0,7
1742971,2017,4,0,0,0,4
1742971,2018,1,0,0,0,1
1742971,2019,1,0,0,0,1
1742971,2020,1,0,0,0,1
1742971,2021,3,0,0,0,3
1742971,2022,3,0,0,0,3
1742971,2023,1,0,0,0,1
1742971,2024,0,0,0,0,0
1742971,2025,2,0,0,0,2
1743055,2000,1,0,0,0,1
1743055,2001,2,0,0,0,2
1743055,2002,3,0,0,0,3
1743055,2003,0,0,0,0,0
1743055,2004,2,0,0,0,2
1743055,2005,3,0,0,0,3
1743055,2006,0,0,0,0,0
1743055,2007,3,0,0,0,3
1743055,2008,0,0,0,0,0
1743055,2009,0,0,0,0,0
1743055,2010,0,0,0,0,0
1743055,2011,0,0,0,0,0
1743055,2012,0,0,0,0,0
1743055,2013,0,0,0,0,0
1743055,2014,0,0,0,0,0
1743055,2015,1,0,0,0,1
1743055,2016,0,0,0,0,0
1743055,2017,0,0,0,0,0
1743055,2018,0,0,0,0,0
1743055,2019,0,0,0,0,0
1743055,2020,0,0,0,0,0
1743055,2021,0,0,0,0,0
1743055,2022,0,0,0,0,0
1743055,2023,1,0,0,0,1
1743055,2024,0,0,0,0,0
1743055,2025,0,0,0,0,0
1743094,2000,8,0,0,0,8
1743094,2001,5,0,0,0,5
1743094,2002,7,0,0,0,7
1743094,2003,3,0,0,0,3
1743094,2004,3,0,0,0,3
1743094,2005,4,0,0,0,4
1743094,2006,3,0,0,0,3
1743094,2007,3,0,0,0,3
1743094,2008,1,0,0,0,1
1743094,2009,0,0,0,0,0
1743094,2010,2,0,0,0,2
1743094,2011,2,0,0,0,2
1743094,2012,0,0,0,0,0
1743094,2013,4,0,0,0,4
1743094,2014,4,0,0,0,4
1743094,2015,4,0,0,0,4
1743094,2016,4,0,0,0,4
1743094,2017,0,0,0,0,0
1743094,2018,5,0,0,0,5
1743094,2019,3,0,0,0,3
1743094,2020,2,2,0,0,4
1743094,2021,0,0,0,0,0
1743094,2022,3,0,0,0,3
1743094,2023,2,2,0,0,4
1743094,2024,0,0,0,0,0
1743094,2025,0,0,0,0,0
1743250,2000,25,0,3,0,28
1743250,2001,19,2,26,0,47
1743250,2002,29,0,4,0,33
1743250,2003,37,0,0,159,196
1743250,2004,55,0,0,12,67
1743250,2005,86,0,0,0,86
1743250,2006,58,0,0,0,58
1743250,2007,48,0,0,0,48
1743250,2008,11,0,0,7,18
1743250,2009,7,0,0,0,7
1743250,2010,17,0,0,0,17
1743250,2011,27,0,0,0,27
1743250,2012,22,0,0,15,37
1743250,2013,33,0,0,0,33
1743250,2014,20,0,0,0,20
1743250,2015,18,0,0,0,18
1743250,2016,33,0,0,12,45
1743250,2017,33,2,0,0,35
1743250,2018,15,0,0,0,15
1743250,2019,39,0,0,0,39
1743250,2020,22,0,0,0,22
1743250,2021,10,0,7,0,17
1743250,2022,9,0,0,0,9
1743250,2023,26,0,0,10,36
1743250,2024,53,0,0,34,87
1743250,2025,5,0,0,0,5
1743406,2013,6,0,0,0,6
1743406,2014,2,0,0,0,2
1743406,2015,3,0,0,0,3
1743406,2016,3,0,0,0,3
1743406,2017,1,0,0,0,1
1743406,2018,3,0,0,0,3
1743406,2019,2,0,0,0,2
1743406,2020,1,0,0,0,1
1743406,2021,4,0,0,0,4
1743406,2022,5,0,0,0,5
1743406,2023,6,0,0,0,6
1743406,2024,7,0,0,0,7
1743406,2025,4,0,0,0,4
1743510,2013,0,0,0,0,0
1743510,2014,1,0,0,0,1
1743510,2015,1,0,0,0,1
1743510,2016,2,0,0,0,2
1743510,2017,2,0,0,0,2
1743510,2018,2,0,0,0,2
1743510,2019,1,0,0,0,1
1743510,2020,2,0,0,0,2
1743510,2021,2,0,0,0,2
1743510,2022,0,0,0,0,0
1743510,2023,0,0,0,0,0
1743510,2024,0,0,0,0,0
1743510,2025,0,0,0,0,0
1743536,2000,5,0,0,0,5
1743536,2001,6,0,0,0,6
1743536,2002,4,0,0,0,4
1743536,2003,6,0,0,56,62
1743536,2004,10,0,0,0,10
1743536,2005,12,2,0,0,14
1743536,2006,6,2,0,0,8
1743536,2007,5,0,0,46,51
1743536,2008,3,0,0,0,3
1743536,2009,2,0,0,0,2
1743536,2010,2,0,0,0,2
1743536,2011,1,0,0,0,1
1743536,2012,1,0,0,0,1
1743536,2013,1,0,0,0,1
1743536,2014,2,0,0,0,2
1743536,2015,2,0,0,0,2
1743536,2016,2,0,0,0,2
1743536,2017,2,0,0,0,2
1743536,2018,1,0,0,0,1
1743536,2019,3,0,0,0,3
1743536,2020,5,0,0,0,5
1743536,2021,3,0,0,0,3
1743536,2022,1,0,0,0,1
1743536,2023,4,0,0,0,4
1743536,2024,0,0,0,0,0
1743536,2025,2,0,0,57,59
1743666,2000,13,0,0,0,13
1743666,2001,6,0,0,52,58
1743666,2002,20,0,0,0,20
1743666,2003,26,0,0,25,51
1743666,2004,15,0,0,101,116
1743666,2005,17,0,0,170,187
1743666,2006,23,0,0,126,149
1743666,2007,10,0,0,134,144
1743666,2008,12,0,0,0,12
1743666,2009,5,0,0,0,5
1743666,2010,5,0,0,0,5
1743666,2011,2,0,0,0,2
1743666,2012,4,0,0,0,4
1743666,2013,9,0,0,0,9
1743666,2014,15,0,0,0,15
1743666,2015,6,0,0,0,6
1743666,2016,45,0,0,0,45
1743666,2017,31,0,0,302,333
1743666,2018,5,0,0,0,5
1743666,2019,28,0,0,0,28
1743666,2020,19,0,0,0,19
1743666,2021,16,0,0,0,16
1743666,2022,6,0,0,0,6
1743666,2023,6,0,0,0,6
1743666,2024,1,0,0,0,1
1743666,2025,6,0,0,0,6
1743744,2000,12,0,0,0,12
1743744,2001,12,0,0,0,12
1743744,2002,24,0,0,0,24
1743744,2003,27,0,0,0,27
1743744,2004,26,0,0,0,26
1743744,2005,23,0,0,0,23
1743744,2006,17,0,0,0,17
1743744,2007,13,0,0,0,13
1743744,2008,5,0,0,0,5
1743744,2009,1,0,0,0,1
1743744,2010,0,0,0,0,0
1743744,2011,3,0,0,0,3
1743744,2012,5,0,0,0,5
1743744,2013,4,0,0,0,4
1743744,2014,7,0,0,0,7
1743744,2015,2,0,0,0,2
1743744,2016,4,0,0,0,4
1743744,2017,2,0,0,0,2
1743744,2018,4,0,0,0,4
1743744,2019,1,0,0,0,1
1743744,2020,2,0,0,0,2
1743744,2021,4,0,0,0,4
1743744,2022,6,0,0,0,6
1743744,2023,2,0,0,0,2
1743744,2024,0,0,0,0,0
1743744,2025,3,0,0,0,3
1743770,2000,125,0,52,78,255
1743770,2001,85,0,12,58,155
1743770,2002,83,0,0,0,83
1743770,2003,37,0,0,0,37
1743770,2004,33,0,0,0,33
1743770,2005,86,0,0,0,86
1743770,2006,67,0,0,0,67
1743770,2007,44,0,0,0,44
1743770,2008,16,0,0,0,16
1743770,2009,10,0,0,6,16
1743770,2010,0,0,0,0,0
1743770,2011,9,0,0,0,9
1743770,2012,14,0,0,0,14
1743770,2013,17,0,0,0,17
1743770,2014,7,0,0,0,7
1743770,2015,0,0,0,0,0
1743770,2016,0,0,0,0,0
1743770,2017,2,0,0,0,2
1743770,2018,0,0,0,0,0
1743770,2019,0,0,0,0,0
1743770,2020,2,0,0,0,2
1743770,2021,39,0,0,0,39
1743770,2022,29,0,0,0,29
1743770,2023,23,0,0,0,23
1743770,2024,32,2,20,78,132
1743770,2025,33,0,0,0,33
1743900,2000,2,0,0,0,2
1743900,2001,0,0,0,0,0
1743900,2002,0,0,0,0,0
1743900,2003,2,0,0,0,2
1743900,2004,1,0,0,0,1
1743900,2005,2,0,0,0,2
1743900,2006,3,0,0,0,3
1743900,2007,2,0,0,0,2
1743900,2008,0,0,0,0,0
1743900,2009,0,0,0,0,0
1743900,2010,0,0,0,0,0
1743900,2011,0,0,0,0,0
1743900,2012,0,0,0,0,0
1743900,2013,0,0,0,0,0
1743900,2014,1,0,0,0,1
1743900,2015,0,0,0,0,0
1743900,2016,0,2,0,0,2
1743900,2017,0,0,0,0,0
1743900,2018,0,0,0,0,0
1743900,2019,0,0,0,0,0
1743900,2020,1,0,0,0,1
1743900,2021,0,0,0,0,0
1743900,2022,0,0,0,0,0
1743900,2023,0,0,0,0,0
1743900,2024,0,0,0,0,0
1743900,2025,1,0,0,0,1
1743939,2000,137,0,0,0,137
1743939,2001,144,0,0,0,144
1743939,2002,44,2,0,0,46
1743939,2003,67,0,0,0,67
1743939,2004,98,2,0,141,241
1743939,2005,46,0,0,0,46
1743939,2006,36,0,0,0,36
1743939,2007,28,0,0,0,28
1743939,2008,8,0,0,0,8
1743939,2009,2,0,0,0,2
1743939,2010,6,0,0,0,6
1743939,2011,10,0,0,0,10
1743939,2012,9,0,0,0,9
1743939,2013,55,0,0,0,55
1743939,2014,93,0,0,0,93
1743939,2015,51,0,0,0,51
1743939,2016,12,0,0,0,12
1743939,2017,35,0,0,0,35
1743939,2018,19,0,0,0,19
1743939,2019,7,0,0,8,15
1743939,2020,5,0,0,0,5
1743939,2021,3,0,0,0,3
1743939,2022,2,2,3,0,7
1743939,2023,4,2,0,0,6
1743939,2024,11,0,0,0,11
1743939,2025,48,0,0,0,48
1743965,2000,6,0,0,0,6
1743965,2001,14,8,0,0,22
1743965,2002,6,0,0,0,6
1743965,2003,0,0,0,0,0
1743965,2004,0,0,0,0,0
1744082,2003,0,0,0,0,0
1744082,2004,0,0,0,0,0
1744082,2005,0,0,0,0,0
1744082,2006,0,0,0,0,0
1744082,2007,0,0,0,0,0
1744082,2008,0,0,0,0,0
1744082,2009,0,0,0,0,0
1744082,2010,0,0,0,0,0
1744082,2011,0,0,0,0,0
1744082,2012,0,0,0,0,0
1744082,2013,0,0,0,0,0
1744082,2014,0,0,0,0,0
1744082,2015,0,0,0,0,0
1744082,2016,0,0,0,0,0
1744082,2017,0,0,0,0,0
1744082,2018,0,0,0,0,0
1744082,2019,0,0,0,0,0
1744082,2020,0,0,0,0,0
1744082,2021,0,0,0,0,0
1744082,2022,0,0,0,0,0
1744082,2023,0,0,0,0,0
1744082,2024,0,0,0,0,0
1744082,2025,0,0,0,0,0
1744160,2000,0,0,0,0,0
1744160,2001,0,0,0,0,0
1744160,2002,0,0,0,0,0
1744160,2003,0,0,0,0,0
1744160,2004,0,0,0,0,0
1744160,2005,0,0,0,0,0
1744160,2006,0,0,0,0,0
1744160,2007,0,0,0,0,0
1744160,2008,0,0,0,0,0
1744160,2009,0,0,0,0,0
1744160,2010,0,0,0,0,0
1744160,2011,0,0,0,0,0
1744160,2012,0,0,0,0,0
1744160,2013,0,0,0,0,0
1744160,2014,0,0,0,0,0
1744160,2015,0,0,0,0,0
1744160,2016,0,0,0,0,0
1744160,2017,0,0,0,0,0
1744160,2018,0,0,0,0,0
1744160,2019,0,0,0,0,0
1744160,2020,0,0,0,0,0
1744160,2021,0,0,0,0,0
1744160,2022,0,0,0,0,0
1744160,2023,2,0,0,0,2
1744160,2024,0,0,0,0,0
1744160,2025,0,0,0,0,0
1744173,2000,1,0,0,0,1
1744173,2001,2,0,0,0,2
1744173,2002,2,0,0,0,2
1744173,2003,3,0,0,0,3
1744173,2004,3,0,0,0,3
1744173,2005,8,0,0,0,8
1744173,2006,2,0,0,0,2
1744173,2007,1,0,0,0,1
1744173,2008,1,0,0,0,1
1744173,2009,1,0,0,0,1
1744173,2010,2,0,0,0,2
1744173,2011,2,0,0,0,2
1744173,2012,2,0,0,0,2
1744173,2013,2,0,0,0,2
1744173,2014,2,0,0,0,2
1744173,2015,2,0,0,0,2
1744173,2016,2,0,0,0,2
1744173,2017,0,0,0,0,0
1744173,2018,0,0,0,0,0
1744173,2019,0,0,0,0,0
1744173,2020,0,0,0,0,0
1744173,2021,0,0,0,0,0
1744173,2022,0,0,0,0,0
1744173,2023,0,0,0,0,0
1744173,2024,0,0,0,0,0
1744173,2025,0,0,0,0,0
1744225,2000,425,6,0,12,443
1744225,2001,382,0,0,0,382
1744225,2002,426,0,0,0,426
1744225,2003,433,0,0,0,433
1744225,2004,427,0,0,72,499
1744225,2005,563,0,0,0,563
1744225,2006,300,0,0,16,316
1744225,2007,152,0,0,0,152
1744225,2008,83,0,0,6,89
1744225,2009,18,0,3,0,21
1744225,2010,35,0,0,0,35
1744225,2011,25,0,0,0,25
1744225,2012,33,0,0,0,33
1744225,2013,29,0,0,0,29
1744225,2014,49,0,0,6,55
1744225,2015,42,0,0,0,42
1744225,2016,115,0,0,0,115
1744225,2017,98,0,0,0,98
1744225,2018,96,0,8,40,144
1744225,2019,43,0,0,140,183
1744225,2020,40,2,0,0,42
1744225,2021,77,2,10,0,89
1744225,2022,202,0,0,0,202
1744225,2023,95,0,0,0,95
1744225,2024,92,0,0,320,412
1744225,2025,97,0,0,0,97
1744264,2000,3,0,0,0,3
1744264,2001,0,0,0,0,0
1744264,2002,1,0,0,0,1
1744264,2003,0,0,0,0,0
1744264,2004,2,0,0,0,2
1744264,2005,2,0,0,0,2
1744264,2006,1,0,0,0,1
1744264,2007,1,0,0,0,1
1744264,2008,1,0,0,0,1
1744264,2009,1,0,0,0,1
1744264,2010,1,0,0,0,1
1744264,2011,1,0,0,0,1
1744264,2012,2,0,0,0,2
1744264,2013,2,0,0,0,2
1744264,2014,2,0,0,0,2
1744264,2015,2,0,0,0,2
1744264,2016,2,0,0,0,2
1744264,2017,2,0,0,0,2
1744264,2018,2,0,0,0,2
1744264,2019,0,0,0,0,0
1744264,2020,0,0,0,0,0
1744264,2021,0,0,0,0,0
1744264,2022,0,0,0,0,0
1744264,2023,0,0,0,0,0
1744264,2024,0,0,0,0,0
1744264,2025,0,0,0,0,0
1744381,2000,0,0,0,0,0
1744381,2001,0,0,0,0,0
1744381,2002,0,0,0,0,0
1744381,2003,0,0,0,0,0
1744381,2004,0,0,0,0,0
1744381,2005,3,0,0,0,3
1744381,2006,0,0,0,0,0
1744381,2007,0,0,0,0,0
1744381,2008,0,0,0,0,0
1744381,2009,0,0,0,0,0
1744381,2010,0,0,0,0,0
1744381,2011,0,0,0,0,0
1744381,2012,0,0,0,0,0
1744381,2013,0,0,0,0,0
1744381,2014,0,0,0,0,0
1744381,2015,0,0,0,0,0
1744381,2016,0,0,0,0,0
1744381,2017,0,0,0,0,0
1744381,2018,0,0,0,0,0
1744381,2019,0,0,0,0,0
1744381,2020,0,0,0,0,0
1744381,2021,0,0,0,0,0
1744381,2022,0,0,0,0,0
1744381,2023,0,0,0,0,0
1744381,2024,0,0,0,0,0
1744381,2025,0,0,0,0,0
1744407,2000,38,0,0,82,120
1744407,2001,39,0,0,304,343
1744407,2002,42,0,0,21,63
1744407,2003,59,0,0,0,59
1744407,2004,62,0,0,0,62
1744407,2005,104,0,0,0,104
1744407,2006,65,0,0,140,205
1744407,2007,33,0,0,80,113
1744407,2008,13,2,0,0,15
1744407,2009,12,0,4,0,16
1744407,2010,5,0,0,0,5
1744407,2011,13,0,0,0,13
1744407,2012,16,0,0,0,16
1744407,2013,37,0,4,0,41
1744407,2014,16,0,0,0,16
1744407,2015,19,0,0,181,200
1744407,2016,20,0,0,0,20
1744407,2017,19,0,0,470,489
1744407,2018,27,0,0,0,27
1744407,2019,29,0,0,0,29
1744407,2020,15,0,0,0,15
1744407,2021,10,0,0,118,128
1744407,2022,13,0,0,0,13
1744407,2023,23,0,0,21,44
1744407,2024,44,0,0,30,74
1744407,2025,32,0,0,276,308
1744498,2000,5,0,0,0,5
1744498,2001,5,0,0,0,5
1744498,2002,5,0,0,0,5
1744498,2003,4,0,0,0,4
1744498,2004,4,0,0,0,4
1744498,2005,6,0,0,0,6
1744498,2006,6,0,0,0,6
1744498,2007,4,0,0,0,4
1744498,2008,1,0,0,0,1
1744498,2009,2,0,0,0,2
1744498,2010,3,0,0,0,3
1744498,2011,3,0,0,0,3
1744498,2012,3,0,0,0,3
1744498,2013,4,0,0,0,4
1744498,2014,0,0,0,0,0
1744498,2015,3,0,0,0,3
1744498,2016,0,0,0,0,0
1744498,2017,0,0,0,0,0
1744498,2018,0,0,0,0,0
1744498,2019,1,0,0,0,1
1744498,2020,2,0,0,0,2
1744498,2021,0,0,0,0,0
1744498,2022,0,0,0,0,0
1744498,2023,2,0,0,0,2
1744498,2024,1,0,0,0,1
1744498,2025,1,0,0,0,1
1744524,2000,80,0,0,0,80
1744524,2001,82,0,0,0,82
1744524,2002,48,0,0,0,48
1744524,2003,60,0,0,0,60
1744524,2004,54,0,0,0,54
1744524,2005,72,0,0,0,72
1744524,2006,41,0,0,0,41
1744524,2007,13,0,0,0,13
1744524,2008,8,0,0,0,8
1744524,2009,2,0,0,0,2
1744524,2010,2,0,0,0,2
1744524,2011,4,0,0,0,4
1744524,2012,14,0,0,0,14
1744524,2013,30,0,0,0,30
1744524,2014,10,0,0,0,10
1744524,2015,9,0,0,0,9
1744524,2016,9,0,0,0,9
1744524,2017,3,0,0,0,3
1744524,2018,5,0,0,0,5
1744524,2019,2,0,0,0,2
1744524,2020,1,0,0,0,1
1744524,2021,4,0,0,0,4
1744524,2022,7,0,0,0,7
1744524,2023,5,0,0,0,5
1744524,2024,3,0,0,0,3
1744524,2025,9,0,0,0,9
1744823,2000,2,0,0,0,2
1744823,2001,0,0,0,0,0
1744823,2002,1,0,0,0,1
1744823,2003,2,0,0,0,2
1744823,2004,2,0,0,0,2
1744823,2005,2,0,0,0,2
1744823,2006,2,0,0,0,2
1744823,2007,2,0,0,0,2
1744823,2008,2,0,0,0,2
1744823,2009,1,0,0,0,1
1744823,2010,0,0,0,0,0
1744823,2011,0,0,0,0,0
1744823,2012,0,0,0,0,0
1744823,2013,0,0,0,0,0
1744823,2014,1,0,0,0,1
1744823,2015,1,0,0,0,1
1744823,2016,1,0,0,0,1
1744823,2017,1,0,0,0,1
1744823,2018,1,0,0,0,1
1744823,2019,1,0,0,0,1
1744823,2020,1,0,0,0,1
1744823,2021,1,0,0,0,1
1744823,2022,1,0,0,0,1
1744823,2023,0,0,0,0,0
1744823,2024,0,0,0,0,0
1744823,2025,0,0,0,0,0
1745031,2000,150,18,67,0,235
1745031,2001,109,24,88,40,261
1745031,2002,111,8,84,5,208
1745031,2003,160,24,244,0,428
1745031,2004,229,0,12,0,241
1745031,2005,217,22,47,0,286
1745031,2006,192,0,0,0,192
1745031,2007,102,0,0,0,102
1745031,2008,53,0,0,0,53
1745031,2009,29,0,0,0,29
1745031,2010,27,0,0,0,27
1745031,2011,9,0,12,0,21
1745031,2012,3,0,12,0,15
1745031,2013,9,0,0,0,9
1745031,2014,11,0,12,0,23
1745031,2015,19,10,0,0,29
1745031,2016,22,0,0,0,22
1745031,2017,25,0,0,0,25
1745031,2018,70,0,0,0,70
1745031,2019,61,16,0,0,77
1745031,2020,41,0,0,0,41
1745031,2021,56,2,0,8,66
1745031,2022,40,6,0,0,46
1745031,2023,47,0,0,0,47
1745031,2024,37,0,0,0,37
1745031,2025,41,0,0,0,41
1745044,2000,1,0,0,0,1
1745044,2001,5,0,0,0,5
1745044,2002,0,0,0,0,0
1745044,2003,0,0,0,0,0
1745044,2004,0,0,0,0,0
1745044,2005,2,0,0,0,2
1745044,2006,1,0,0,0,1
1745044,2007,2,0,0,0,2
1745044,2008,1,0,0,0,1
1745044,2009,0,0,0,0,0
1745044,2010,0,0,0,0,0
1745044,2011,1,0,0,0,1
1745044,2012,1,0,0,0,1
1745044,2013,0,0,0,0,0
1745044,2014,0,0,0,0,0
1745044,2015,0,0,0,0,0
1745044,2016,0,0,0,0,0
1745044,2017,0,0,0,0,0
1745044,2018,0,0,0,0,0
1745044,2019,0,0,0,0,0
1745044,2020,0,0,0,0,0
1745044,2021,0,0,0,0,0
1745044,2022,1,0,0,0,1
1745044,2023,0,0,0,0,0
1745044,2024,0,0,0,0,0
1745044,2025,0,0,0,0,0
1745174,2000,0,0,0,0,0
1745174,2001,2,0,0,0,2
1745174,2002,3,0,0,0,3
1745174,2003,3,0,0,0,3
1745174,2004,1,0,0,0,1
1745174,2005,0,0,0,0,0
1745174,2006,1,0,0,0,1
1745174,2007,0,0,0,0,0
1745174,2008,0,0,0,0,0
1745174,2009,0,0,0,0,0
1745174,2010,0,0,0,0,0
1745174,2011,0,0,0,0,0
1745174,2012,0,0,0,0,0
1745174,2013,0,0,0,0,0
1745174,2014,0,0,0,0,0
1745174,2015,0,0,0,0,0
1745174,2016,0,0,0,0,0
1745174,2017,0,0,0,0,0
1745174,2018,0,0,0,0,0
1745174,2019,0,0,0,0,0
1745174,2020,0,0,0,0,0
1745174,2021,0,0,0,0,0
1745174,2022,0,0,0,0,0
1745174,2023,0,0,0,0,0
1745174,2024,0,0,0,0,0
1745174,2025,0,0,0,0,0
1745278,2000,0,0,0,0,0
1745278,2001,0,0,0,0,0
1745278,2002,0,0,0,0,0
1745278,2003,2,0,0,0,2
1745278,2004,0,0,0,0,0
1745278,2005,0,0,0,0,0
1745278,2006,1,0,0,0,1
1745278,2007,3,0,0,0,3
1745278,2008,2,0,0,0,2
1745278,2009,0,0,0,0,0
1745278,2010,2,0,0,0,2
1745278,2011,0,0,0,0,0
1745278,2012,0,0,0,0,0
1745278,2013,0,0,0,0,0
1745278,2014,0,0,0,0,0
1745278,2015,1,0,0,0,1
1745278,2016,0,0,0,0,0
1745278,2017,0,0,0,0,0
1745278,2018,0,0,0,0,0
1745278,2019,0,0,0,0,0
1745278,2020,0,0,0,0,0
1745278,2021,0,0,0,0,0
1745278,2022,0,0,0,0,0
1745278,2023,2,0,0,0,2
1745278,2024,1,0,0,0,1
1745278,2025,1,0,0,0,1
1745421,2000,32,0,0,0,32
1745421,2001,25,0,0,0,25
1745421,2002,43,0,0,0,43
1745421,2003,63,0,0,0,63
1745421,2004,40,0,0,0,40
1745421,2005,80,0,20,16,116
1745421,2006,52,0,13,10,75
1745421,2007,41,0,0,16,57
1745421,2008,44,0,3,0,47
1745421,2009,5,2,0,0,7
1745421,2010,76,0,0,0,76
1745421,2011,10,0,0,0,10
1745421,2012,6,0,0,0,6
1745421,2013,7,0,0,0,7
1745421,2014,4,0,0,0,4
1745421,2015,1,0,0,0,1
1745421,2016,2,0,0,0,2
1745421,2017,4,0,0,0,4
1745421,2018,13,0,0,0,13
1745421,2019,11,0,0,0,11
1745421,2020,23,0,0,0,23
1745421,2021,51,0,0,0,51
1745421,2022,40,0,0,0,40
1745421,2023,35,0,0,0,35
1745421,2024,26,0,0,0,26
1745421,2025,30,0,0,0,30
1745434,2000,3,0,0,0,3
1745434,2001,2,0,0,120,122
1745434,2002,4,2,0,84,90
1745434,2003,1,0,0,52,53
1745434,2004,3,2,0,44,49
1745434,2005,3,0,0,14,17
1745434,2006,2,10,0,14,26
1745434,2007,0,0,0,0,0
1745434,2008,1,0,0,0,1
1745434,2009,1,0,0,0,1
1745434,2010,0,0,0,0,0
1745434,2011,0,0,0,0,0
1745434,2012,1,0,0,0,1
1745434,2013,1,0,0,0,1
1745434,2014,1,0,0,0,1
1745434,2015,2,0,0,0,2
1745434,2016,3,0,0,0,3
1745434,2017,1,0,0,0,1
1745434,2018,2,0,0,0,2
1745434,2019,2,0,0,0,2
1745434,2020,2,0,0,0,2
1745434,2021,0,0,0,0,0
1745434,2022,0,0,0,0,0
1745434,2023,0,0,0,0,0
1745434,2024,4,0,0,0,4
1745434,2025,1,0,0,0,1
1745564,2000,0,0,0,0,0
1745564,2001,0,0,0,0,0
1745564,2002,0,0,0,0,0
1745564,2003,0,0,0,0,0
1745564,2004,0,0,0,0,0
1745564,2005,0,0,0,0,0
1745564,2006,0,0,0,0,0
1745564,2007,0,0,0,0,0
1745564,2008,0,0,0,0,0
1745564,2009,0,0,0,0,0
1745564,2010,0,0,0,0,0
1745564,2011,0,0,0,0,0
1745564,2012,0,0,0,0,0
1745564,2013,0,0,0,0,0
1745564,2014,0,0,0,0,0
1745564,2015,0,0,0,0,0
1745564,2016,0,0,0,0,0
1745564,2017,0,0,0,0,0
1745564,2018,0,0,0,0,0
1745564,2019,0,0,0,0,0
1745564,2020,0,0,0,0,0
1745564,2021,0,0,0,0,0
1745564,2022,0,0,0,0,0
1745564,2023,0,0,0,0,0
1745564,2024,0,0,0,0,0
1745564,2025,1,0,0,0,1
1745616,2000,1,0,0,0,1
1745616,2001,1,0,0,0,1
1745616,2002,1,0,0,0,1
1745616,2003,1,0,0,0,1
1745616,2004,6,0,0,0,6
1745616,2005,15,0,0,0,15
1745616,2006,10,0,0,0,10
1745616,2007,7,0,0,0,7
1745616,2008,3,0,0,0,3
1745616,2009,0,0,0,0,0
1745616,2010,0,0,0,0,0
1745616,2011,0,0,0,0,0
1745616,2012,0,0,0,0,0
1745616,2013,0,0,0,0,0
1745616,2014,0,0,0,0,0
1745616,2015,0,0,0,0,0
1745616,2016,0,0,0,0,0
1745616,2017,0,0,0,0,0
1745616,2018,1,0,0,0,1
1745616,2019,0,0,0,0,0
1745616,2020,0,0,0,0,0
1745616,2021,0,0,0,0,0
1745616,2022,0,0,0,0,0
1745616,2023,0,0,0,0,0
1745616,2024,0,0,0,0,0
1745616,2025,1,0,0,0,1
1745694,2000,162,0,16,22,200
1745694,2001,209,0,12,10,231
1745694,2002,244,0,0,0,244
1745694,2003,357,0,4,5,366
1745694,2004,307,0,3,5,315
1745694,2005,170,2,144,44,360
1745694,2006,132,4,60,117,313
1745694,2007,124,2,48,12,186
1745694,2008,28,2,32,41,103
1745694,2009,4,2,0,22,28
1745694,2010,8,0,0,0,8
1745694,2011,6,0,0,0,6
1745694,2012,14,0,0,0,14
1745694,2013,7,0,12,0,19
1745694,2014,7,2,32,0,41
1745694,2015,8,0,56,0,64
1745694,2016,8,0,52,30,90
1745694,2017,72,0,12,25,109
1745694,2018,84,0,0,0,84
1745694,2019,143,0,0,0,143
1745694,2020,98,0,0,0,98
1745694,2021,104,0,0,288,392
1745694,2022,39,0,0,0,39
1745694,2023,16,4,0,210,230
1745694,2024,21,0,0,208,229
1745694,2025,10,0,0,232,242
1745726,2000,80,0,4,0,84
1745726,2001,65,0,8,0,73
1745726,2002,69,0,8,36,113
1745726,2003,122,0,48,0,170
1745726,2004,230,4,12,0,246
1745726,2005,158,0,26,0,184
1745726,2006,127,0,15,0,142
1745726,2007,0,0,0,0,0
1745726,2011,0,0,0,0,0
1745726,2012,14,0,0,0,14
1745726,2013,7,0,0,0,7
1745726,2014,13,0,0,0,13
1745726,2015,0,0,0,0,0
1745726,2016,2,0,0,0,2
1745726,2017,12,0,0,0,12
1745726,2018,47,0,4,0,51
1745726,2019,62,0,0,0,62
1745726,2020,3,0,0,0,3
1745726,2021,34,0,0,0,34
1745726,2022,1,4,0,0,5
1745726,2023,5,0,0,0,5
1745726,2024,2,0,0,0,2
1745726,2025,25,0,0,0,25
1745785,2000,5,0,0,0,5
1745785,2001,9,2,0,0,11
1745785,2002,7,4,0,0,11
1745785,2003,14,0,0,0,14
1745785,2004,13,0,0,0,13
1745785,2005,19,0,0,0,19
1745785,2006,10,4,0,0,14
1745785,2007,18,0,0,0,18
1745785,2008,12,0,0,0,12
1745785,2009,7,0,0,0,7
1745785,2010,2,2,0,0,4
1745785,2011,2,0,0,0,2
1745785,2012,3,0,0,0,3
1745785,2013,4,0,0,0,4
1745785,2014,3,0,0,0,3
1745785,2015,6,2,0,0,8
1745785,2016,2,0,0,0,2
1745785,2017,2,0,0,0,2
1745785,2018,0,0,0,0,0
1745785,2019,0,0,0,0,0
1745785,2020,0,0,0,0,0
1745785,2021,0,0,0,0,0
1745785,2022,1,0,0,0,1
1745785,2023,0,2,0,0,2
1745785,2024,3,0,0,0,3
1745785,2025,5,0,0,0,5
1745811,2000,0,0,0,0,0
1745811,2001,0,0,0,0,0
1745811,2002,0,0,0,0,0
1745811,2003,2,0,8,0,10
1745811,2004,0,0,0,0,0
1745811,2005,0,0,0,0,0
1745811,2006,0,0,0,0,0
1745811,2007,0,0,0,0,0
1745811,2008,0,0,0,0,0
1745811,2009,0,0,0,0,0
1745811,2010,0,0,0,0,0
1745811,2011,0,0,0,0,0
1745811,2012,0,0,0,0,0
1745811,2013,0,0,0,0,0
1745811,2014,0,0,0,0,0
1745811,2015,0,0,0,0,0
1745811,2016,0,0,0,0,0
1745811,2017,0,0,0,0,0
1745811,2018,0,0,0,0,0
1745811,2019,0,0,0,0,0
1745811,2020,0,0,0,0,0
1745811,2021,0,0,0,0,0
1745811,2022,1,0,0,0,1
1745811,2023,1,0,0,0,1
1745811,2024,1,0,0,0,1
1745811,2025,1,0,0,0,1
1745824,2002,0,0,0,0,0
1745824,2003,1,0,0,0,1
1745824,2004,0,0,0,0,0
1745824,2005,0,0,0,0,0
1745824,2006,0,0,0,0,0
1745824,2007,0,0,0,0,0
1745824,2008,0,0,0,0,0
1745824,2009,0,0,0,0,0
1745824,2010,0,0,0,0,0
1745824,2011,0,0,0,0,0
1745824,2012,0,0,0,0,0
1745824,2013,0,0,0,0,0
1745824,2014,0,0,0,0,0
1745850,2000,0,0,0,0,0
1745850,2001,0,0,0,0,0
1745850,2002,0,0,0,0,0
1745850,2003,0,0,0,0,0
1745850,2004,0,0,0,0,0
1745850,2005,0,0,0,0,0
1745850,2006,0,0,0,0,0
1745850,2007,1,0,0,0,1
1745850,2008,0,0,0,0,0
1745850,2009,0,0,0,0,0
1745850,2010,0,0,0,0,0
1745850,2011,0,0,0,0,0
1745850,2012,0,0,0,0,0
1745850,2013,0,0,0,0,0
1745850,2014,0,0,0,0,0
1745850,2015,0,0,0,0,0
1745850,2016,0,0,0,0,0
1745850,2017,0,0,0,0,0
1745850,2018,0,0,0,0,0
1745850,2019,0,0,0,0,0
1745850,2020,0,0,0,0,0
1745850,2021,0,0,0,0,0
1745850,2022,0,0,0,0,0
1745850,2023,0,0,0,0,0
1745850,2024,0,0,0,0,0
1745850,2025,0,0,0,0,0
1745889,2000,19,0,0,133,152
1745889,2001,12,2,4,86,104
1745889,2002,8,0,12,62,82
1745889,2003,8,6,12,212,238
1745889,2004,7,14,10,33,64
1745889,2005,12,16,6,9,43
1745889,2006,12,16,6,180,214
1745889,2007,14,6,20,60,100
1745889,2008,59,14,3,0,76
1745889,2009,5,6,4,0,15
1745889,2010,4,2,3,0,9
1745889,2011,2,8,0,9,19
1745889,2012,4,2,0,39,45
1745889,2013,9,0,0,0,9
1745889,2014,2,6,0,0,8
1745889,2015,4,0,0,0,4
1745889,2016,1,0,0,0,1
1745889,2017,1,0,0,0,1
1745889,2018,1,0,0,0,1
1745889,2019,1,0,0,0,1
1745889,2020,1,0,0,0,1
1745889,2021,2,0,0,0,2
1745889,2022,0,0,0,0,0
1745889,2023,1,0,0,0,1
1745889,2024,1,0,0,0,1
1745889,2025,1,0,0,0,1
1745941,2000,1,0,0,0,1
1745941,2001,3,0,0,0,3
1745941,2002,1,0,0,0,1
1745941,2003,4,0,0,0,4
1745941,2004,6,0,0,0,6
1745941,2005,3,2,0,0,5
1745941,2006,3,0,0,0,3
1745941,2007,1,0,0,0,1
1745941,2008,2,0,0,0,2
1745941,2009,2,0,0,0,2
1745941,2010,1,4,0,0,5
1745941,2011,0,2,4,0,6
1745941,2012,2,2,0,0,4
1745941,2013,2,0,0,0,2
1745941,2014,1,0,0,0,1
1745941,2015,3,0,0,0,3
1745941,2016,2,0,0,0,2
1745941,2017,1,0,0,0,1
1745941,2018,0,0,0,0,0
1745941,2019,0,0,0,0,0
1745941,2020,0,0,0,0,0
1745941,2021,0,0,0,0,0
1745941,2022,0,0,0,0,0
1745941,2023,2,0,0,0,2
1745941,2024,1,0,0,0,1
1745941,2025,0,0,0,0,0
1745993,2000,4,0,0,0,4
1745993,2001,1,0,0,0,1
1745993,2002,2,0,0,0,2
1745993,2003,1,0,0,0,1
1745993,2004,44,2,0,42,88
1745993,2005,17,2,0,0,19
1745993,2006,2,0,0,0,2
1745993,2007,2,0,0,0,2
1745993,2008,2,0,0,0,2
1745993,2009,4,0,0,0,4
1745993,2010,3,0,0,0,3
1745993,2011,1,14,41,0,56
1745993,2012,1,0,0,0,1
1745993,2013,0,0,0,0,0
1745993,2014,0,0,0,0,0
1745993,2015,0,0,0,0,0
1745993,2016,0,0,0,0,0
1745993,2017,0,0,0,0,0
1745993,2018,0,0,0,0,0
1745993,2019,0,0,0,0,0
1745993,2020,0,0,0,0,0
1745993,2021,0,0,0,0,0
1745993,2022,0,0,0,0,0
1745993,2023,0,0,0,0,0
1745993,2024,0,0,0,0,0
1745993,2025,0,0,0,0,0
1746110,2000,1,0,0,0,1
1746110,2001,1,0,0,0,1
1746110,2002,1,0,0,0,1
1746110,2003,2,0,0,0,2
1746110,2004,3,0,0,0,3
1746110,2005,1,0,0,0,1
1746110,2006,0,0,0,0,0
1746110,2007,0,0,0,0,0
1746110,2008,0,0,0,0,0
1746110,2009,0,0,0,0,0
1746110,2010,0,0,0,0,0
1746110,2011,0,0,0,0,0
1746110,2012,0,0,0,0,0
1746110,2013,5,0,0,0,5
1746110,2014,0,0,0,0,0
1746110,2015,0,0,0,0,0
1746110,2016,0,0,0,0,0
1746110,2017,0,0,0,0,0
1746110,2018,0,0,0,0,0
1746110,2019,0,0,0,0,0
1746110,2020,0,0,0,0,0
1746110,2021,0,0,0,0,0
1746110,2022,1,0,0,0,1
1746110,2023,1,0,0,0,1
1746110,2024,0,0,0,0,0
1746110,2025,0,0,0,0,0
1746136,2000,49,0,0,0,49
1746136,2001,73,0,8,0,81
1746136,2002,79,0,8,0,87
1746136,2003,51,0,0,0,51
1746136,2004,103,0,0,0,103
1746136,2005,101,0,0,0,101
1746136,2006,87,0,0,8,95
1746136,2007,85,0,0,16,101
1746136,2008,43,0,17,48,108
1746136,2009,46,0,0,0,46
1746136,2010,36,0,0,0,36
1746136,2011,48,0,0,0,48
1746136,2012,65,4,3,0,72
1746136,2013,73,0,0,0,73
1746136,2014,56,0,0,0,56
1746136,2015,90,0,0,0,90
1746136,2016,94,20,0,0,114
1746136,2017,65,4,8,0,77
1746136,2018,52,0,7,8,67
1746136,2019,50,2,24,120,196
1746136,2020,92,2,0,0,94
1746136,2021,69,0,0,116,185
1746136,2022,104,0,32,0,136
1746136,2023,43,0,0,0,43
1746136,2024,55,0,0,0,55
1746136,2025,53,0,0,0,53
1746240,2000,0,0,0,0,0
1746240,2001,0,0,0,0,0
1746279,2003,0,0,0,0,0
1746279,2004,0,0,0,0,0
1746279,2005,45,0,0,0,45
1746279,2006,39,0,0,0,39
1746279,2007,7,0,0,0,7
1746279,2008,0,0,0,0,0
1746279,2009,0,0,0,0,0
1746279,2010,0,0,0,0,0
1746279,2011,0,0,0,0,0
1746279,2012,0,0,0,0,0
1746279,2013,0,0,0,0,0
1746279,2014,0,0,0,0,0
1746279,2015,0,0,0,0,0
1746279,2016,2,0,0,0,2
1746279,2017,0,0,0,0,0
1746279,2018,0,0,0,0,0
1746279,2019,0,0,0,0,0
1746279,2020,0,0,0,0,0
1746279,2021,2,0,0,0,2
1746279,2022,0,0,0,0,0
1746279,2023,1,0,0,0,1
1746279,2024,0,0,0,0,0
1746279,2025,39,0,0,0,39
1746357,2000,40,2,0,0,42
1746357,2001,33,4,0,0,37
1746357,2002,32,8,0,0,40
1746357,2003,196,2,0,0,198
1746357,2004,217,0,0,0,217
1746357,2005,282,2,12,0,296
1746357,2006,241,0,0,0,241
1746357,2007,164,0,0,0,164
1746357,2008,69,0,0,0,69
1746357,2009,43,0,0,0,43
1746357,2010,10,0,0,0,10
1746357,2011,7,0,0,0,7
1746357,2012,29,0,0,0,29
1746357,2013,46,0,0,0,46
1746357,2014,45,0,0,0,45
1746357,2015,54,4,0,0,58
1746357,2016,76,8,0,0,84
1746357,2017,85,4,4,5,98
1746357,2018,105,4,7,0,116
1746357,2019,160,36,4,30,230
1746357,2020,113,34,24,24,195
1746357,2021,118,12,0,12,142
1746357,2022,81,2,0,0,83
1746357,2023,59,2,0,0,61
1746357,2024,79,0,0,0,79
1746357,2025,57,0,0,0,57
1746383,2000,0,0,0,0,0
1746383,2001,2,0,0,0,2
1746383,2002,8,0,0,0,8
1746383,2003,2,0,0,0,2
1746383,2004,4,0,0,0,4
1746383,2005,0,0,0,0,0
1746383,2006,1,0,0,0,1
1746383,2007,0,0,0,0,0
1746383,2008,1,0,0,0,1
1746383,2009,1,0,0,0,1
1746383,2010,0,0,0,0,0
1746383,2011,1,0,0,0,1
1746383,2012,0,0,0,0,0
1746383,2013,0,0,0,0,0
1746383,2014,0,0,0,0,0
1746383,2015,0,0,0,0,0
1746383,2016,0,0,0,0,0
1746383,2017,0,0,0,0,0
1746383,2018,0,0,0,0,0
1746383,2019,1,0,0,0,1
1746383,2020,0,0,0,0,0
1746383,2021,0,0,0,0,0
1746383,2022,0,0,0,0,0
1746383,2023,1,0,0,0,1
1746383,2024,1,0,0,0,1
1746383,2025,1,0,0,0,1
1746487,2000,5,0,0,0,5
1746487,2001,0,0,0,0,0
1746487,2002,2,0,0,0,2
1746487,2003,2,0,0,0,2
1746487,2004,2,0,0,0,2
1746487,2005,1,0,0,0,1
1746487,2006,0,0,0,0,0
1746487,2007,0,0,0,0,0
1746487,2008,0,0,0,0,0
1746487,2009,0,0,0,0,0
1746487,2010,0,0,0,0,0
1746487,2011,0,0,0,0,0
1746487,2012,0,0,0,0,0
1746487,2013,0,0,0,0,0
1746487,2014,1,0,0,0,1
1746487,2015,0,0,0,0,0
1746487,2016,0,0,0,0,0
1746487,2017,1,0,0,0,1
1746487,2018,1,0,0,0,1
1746487,2019,0,0,0,0,0
1746487,2020,0,0,0,0,0
1746487,2021,0,0,0,0,0
1746487,2022,1,0,0,0,1
1746487,2023,0,0,0,0,0
1746487,2024,0,0,0,0,0
1746487,2025,0,0,0,0,0
1746500,2000,65,10,19,5,99
1746500,2001,46,12,8,0,66
1746500,2002,66,4,17,0,87
1746500,2003,128,10,4,0,142
1746500,2004,124,6,4,0,134
1746500,2005,131,14,0,12,157
1746500,2006,83,4,0,0,87
1746500,2007,29,2,6,0,37
1746500,2008,9,0,0,0,9
1746500,2009,1,0,0,0,1
1746500,2010,3,0,0,0,3
1746500,2011,3,0,0,0,3
1746500,2012,5,0,0,6,11
1746500,2013,15,0,0,0,15
1746500,2014,15,4,0,0,19
1746500,2015,26,0,0,0,26
1746500,2016,20,0,0,0,20
1746500,2017,16,0,8,0,24
1746500,2018,12,0,0,0,12
1746500,2019,11,0,0,0,11
1746500,2020,22,2,0,0,24
1746500,2021,28,0,0,0,28
1746500,2022,8,2,7,0,17
1746500,2023,9,0,7,7,23
1746500,2024,7,0,9,5,21
1746500,2025,2,0,3,0,5
1746604,2000,17,0,0,7,24
1746604,2001,26,0,0,0,26
1746604,2002,36,0,0,0,36
1746604,2003,37,0,0,0,37
1746604,2004,9,0,0,0,9
1746604,2005,34,0,0,0,34
1746604,2006,18,0,0,0,18
1746604,2007,12,0,0,0,12
1746604,2008,2,0,0,0,2
1746604,2009,0,0,0,0,0
1746604,2010,0,0,0,0,0
1746604,2011,0,0,0,0,0
1746604,2012,0,0,0,0,0
1746604,2013,0,0,0,0,0
1746604,2014,0,0,0,0,0
1746604,2015,0,0,0,0,0
1746604,2016,8,0,0,0,8
1746604,2017,8,2,0,0,10
1746604,2018,13,0,0,0,13
1746604,2019,11,0,0,0,11
1746604,2020,16,0,0,0,16
1746604,2021,12,0,0,0,12
1746604,2022,1,0,0,0,1
1746604,2023,0,0,0,0,0
1746604,2024,17,0,0,0,17
1746604,2025,27,0,0,0,27
1746643,2000,0,0,0,0,0
1746643,2001,0,0,0,0,0
1746643,2002,1,0,0,0,1
1746643,2003,1,0,0,0,1
1746643,2004,1,0,0,0,1
1746643,2005,1,0,0,0,1
1746643,2006,1,0,0,0,1
1746643,2007,0,0,0,0,0
1746643,2008,1,0,0,0,1
1746643,2009,0,0,0,0,0
1746643,2010,0,0,0,0,0
1746643,2011,0,0,0,0,0
1746643,2012,0,0,0,0,0
1746643,2013,3,0,0,0,3
1746643,2014,3,0,0,0,3
1746643,2015,0,0,0,0,0
1746643,2016,1,0,0,0,1
1746643,2017,0,0,0,0,0
1746643,2018,0,0,0,0,0
1746643,2019,0,0,0,0,0
1746643,2020,0,0,0,0,0
1746643,2021,0,0,0,0,0
1746643,2022,0,0,0,0,0
1746643,2023,0,0,0,0,0
1746643,2024,0,0,0,0,0
1746643,2025,0,0,0,0,0
1746695,2000,0,0,0,0,0
1746695,2001,0,0,0,0,0
1746695,2002,0,0,0,0,0
1746695,2003,0,0,0,0,0
1746695,2004,0,0,0,0,0
1746695,2005,0,0,0,0,0
1746695,2006,0,0,0,0,0
1746695,2007,0,0,0,0,0
1746695,2008,0,0,0,0,0
1746695,2009,0,0,0,0,0
1746695,2010,0,0,0,0,0
1746695,2011,0,0,0,0,0
1746695,2012,0,0,0,0,0
1746695,2013,0,0,0,0,0
1746695,2014,0,0,0,0,0
1746695,2015,0,0,0,0,0
1746695,2016,0,0,0,0,0
1746695,2017,0,0,0,0,0
1746695,2018,0,0,0,0,0
1746695,2019,0,0,0,0,0
1746695,2020,0,0,0,0,0
1746695,2021,0,0,0,0,0
1746695,2022,0,0,0,0,0
1746695,2023,0,0,0,0,0
1746695,2024,0,0,0,0,0
1746695,2025,0,0,0,0,0
1746786,2000,35,2,0,0,37
1746786,2001,58,0,4,0,62
1746786,2002,148,6,0,0,154
1746786,2003,135,0,0,0,135
1746786,2004,64,8,0,0,72
1746786,2005,42,0,0,0,42
1746786,2006,34,0,0,0,34
1746786,2007,11,0,0,0,11
1746786,2008,8,0,0,0,8
1746786,2009,11,0,0,0,11
1746786,2010,2,0,0,0,2
1746786,2011,3,0,0,0,3
1746786,2012,3,0,0,0,3
1746786,2013,0,0,0,0,0
1746786,2014,0,0,0,0,0
1746786,2015,1,0,0,0,1
1746786,2016,1,0,0,0,1
1746786,2017,3,4,0,0,7
1746786,2018,2,2,0,0,4
1746786,2019,5,0,0,0,5
1746786,2020,8,0,0,0,8
1746786,2021,24,0,0,0,24
1746786,2022,14,6,9,0,29
1746786,2023,15,8,12,0,35
1746786,2024,21,6,9,0,36
1746786,2025,29,0,6,0,35
1746864,2000,4,0,0,0,4
1746864,2001,7,0,0,0,7
1746864,2002,3,4,0,0,7
1746864,2003,4,0,0,0,4
1746864,2004,4,0,0,0,4
1746864,2005,3,0,0,0,3
1746864,2006,3,0,0,0,3
1746864,2007,3,0,0,0,3
1746864,2008,0,0,0,0,0
1746864,2009,0,0,0,0,0
1746864,2010,0,0,0,0,0
1746864,2011,1,0,0,0,1
1746864,2012,1,0,0,0,1
1746864,2013,1,0,0,0,1
1746864,2014,1,0,0,0,1
1746864,2015,0,0,0,0,0
1746864,2016,0,0,0,0,0
1746864,2017,1,0,0,0,1
1746864,2018,2,0,0,0,2
1746864,2019,1,0,0,0,1
1746864,2020,0,0,0,24,24
1746864,2021,0,0,0,0,0
1746864,2022,3,0,0,0,3
1746864,2023,12,0,0,0,12
1746864,2024,2,0,0,0,2
1746864,2025,0,0,0,0,0
1746916,2000,64,0,0,0,64
1746916,2001,62,0,0,0,62
1746916,2002,81,14,8,33,136
1746916,2003,86,18,0,40,144
1746916,2004,94,52,6,15,167
1746916,2005,78,56,20,11,165
1746916,2006,79,10,19,0,108
1746916,2007,37,8,31,0,76
1746916,2008,13,8,18,14,53
1746916,2009,24,2,18,11,55
1746916,2010,14,8,27,0,49
1746916,2011,18,12,27,5,62
1746916,2012,17,8,20,25,70
1746916,2013,17,4,14,11,46
1746916,2014,22,6,14,0,42
1746916,2015,20,6,3,0,29
1746916,2016,29,2,22,0,53
1746916,2017,24,8,23,0,55
1746916,2018,36,6,12,20,74
1746916,2019,32,2,0,0,34
1746916,2020,24,0,3,0,27
1746916,2021,41,0,8,0,49
1746916,2022,25,4,65,10,104
1746916,2023,24,4,51,0,79
1746916,2024,27,2,51,5,85
1746916,2025,27,6,55,0,88
1746955,2000,3,0,0,0,3
1746955,2001,1,0,0,0,1
1746955,2002,0,0,0,0,0
1746955,2003,0,0,0,0,0
1746955,2004,1,0,0,0,1
1746955,2005,3,0,0,0,3
1746955,2006,2,0,0,0,2
1746955,2007,1,0,0,0,1
1746955,2008,5,0,0,0,5
1746955,2009,0,0,0,0,0
1746955,2010,0,0,0,0,0
1746955,2011,0,0,0,0,0
1746955,2012,0,0,0,0,0
1746955,2013,0,0,0,0,0
1746955,2014,0,0,0,0,0
1746955,2015,0,0,0,0,0
1746955,2016,0,0,0,0,0
1746955,2017,1,0,0,0,1
1746955,2018,0,0,0,0,0
1746955,2019,0,0,0,0,0
1746955,2020,0,0,0,0,0
1746955,2021,0,0,0,0,0
1746955,2022,0,0,0,0,0
1746955,2023,0,0,0,0,0
1746955,2024,0,0,0,0,0
1746955,2025,0,0,0,0,0
1746981,2000,1,0,0,0,1
1746981,2001,1,0,0,0,1
1746981,2002,1,0,0,0,1
1746981,2003,6,0,0,0,6
1746981,2004,6,0,0,0,6
1746981,2005,6,0,0,0,6
1746981,2006,6,0,0,0,6
1746981,2007,5,0,0,0,5
1746981,2008,4,0,0,0,4
1746981,2009,3,0,0,0,3
1746981,2010,3,0,0,0,3
1746981,2011,3,0,0,0,3
1746981,2012,1,0,0,0,1
1746981,2013,1,0,0,0,1
1746981,2014,1,0,0,0,1
1746981,2015,1,0,0,0,1
1746981,2016,1,0,0,0,1
1746981,2017,1,0,0,0,1
1746981,2018,1,0,0,0,1
1746981,2019,0,0,0,0,0
1746981,2020,1,0,0,0,1
1746981,2021,0,0,0,0,0
1746981,2022,0,0,0,0,0
1746981,2023,0,0,0,0,0
1746981,2024,0,0,0,0,0
1746981,2025,0,0,0,0,0
1747007,2000,17,0,0,0,17
1747007,2001,15,0,0,0,15
1747007,2002,15,0,0,0,15
1747007,2003,15,0,0,0,15
1747007,2004,34,0,0,0,34
1747007,2005,29,0,0,0,29
1747007,2006,21,0,0,0,21
1747007,2007,15,0,0,0,15
1747007,2008,9,0,0,0,9
1747007,2009,9,0,0,0,9
1747007,2010,11,0,0,0,11
1747007,2011,8,0,0,0,8
1747007,2012,10,0,0,0,10
1747007,2013,11,0,0,0,11
1747007,2014,10,0,0,0,10
1747007,2015,4,0,0,0,4
1747007,2016,6,0,0,0,6
1747007,2017,6,0,0,0,6
1747007,2018,5,0,0,0,5
1747007,2019,1,0,0,0,1
1747007,2020,3,0,0,0,3
1747007,2021,1,0,0,0,1
1747007,2022,1,0,0,0,1
1747007,2023,2,0,0,0,2
1747007,2024,0,0,0,0,0
1747007,2025,0,0,0,0,0
1747072,2000,2,0,0,0,2
1747072,2001,5,0,0,0,5
1747072,2002,0,0,0,0,0
1747072,2003,5,2,0,0,7
1747072,2004,4,0,0,0,4
1747072,2005,9,0,0,0,9
1747072,2006,0,0,0,0,0
1747072,2007,5,0,0,0,5
1747072,2008,3,0,0,0,3
1747072,2009,1,0,0,0,1
1747072,2010,2,0,0,0,2
1747072,2011,2,0,0,0,2
1747072,2012,0,0,0,0,0
1747072,2013,2,0,0,0,2
1747072,2014,2,0,0,0,2
1747072,2015,2,0,0,0,2
1747072,2016,3,0,0,0,3
1747072,2017,1,0,0,0,1
1747072,2018,2,2,0,0,4
1747072,2019,2,0,0,0,2
1747072,2020,1,2,0,0,3
1747072,2021,0,0,0,0,0
1747072,2022,0,0,0,0,0
1747072,2023,2,0,0,0,2
1747072,2024,1,0,0,0,1
1747072,2025,2,0,4,0,6
1747111,2000,12,0,0,0,12
1747111,2001,12,0,0,0,12
1747111,2002,12,0,0,0,12
1747111,2003,14,0,0,0,14
1747111,2004,4,0,0,0,4
1747111,2005,10,0,0,0,10
1747111,2006,4,0,0,0,4
1747111,2007,7,0,0,0,7
1747111,2008,2,0,0,0,2
1747111,2009,1,0,0,0,1
1747111,2010,2,0,0,0,2
1747111,2011,0,0,0,0,0
1747111,2012,0,0,0,0,0
1747111,2013,1,0,0,0,1
1747111,2014,0,0,0,0,0
1747111,2015,0,0,0,0,0
1747111,2016,0,0,0,0,0
1747111,2017,0,0,0,0,0
1747111,2018,0,0,0,0,0
1747111,2019,1,0,0,0,1
1747111,2020,1,0,0,0,1
1747111,2021,1,0,0,0,1
1747111,2022,0,0,0,0,0
1747111,2023,0,0,0,0,0
1747111,2024,0,0,0,0,0
1747111,2025,0,0,0,0,0
1747150,2000,45,0,20,0,65
1747150,2001,23,0,0,0,23
1747150,2002,27,0,0,0,27
1747150,2003,29,0,0,0,29
1747150,2004,30,0,0,0,30
1747150,2005,28,0,0,0,28
1747150,2006,25,0,0,0,25
1747150,2007,19,0,0,0,19
1747150,2008,5,4,20,0,29
1747150,2009,3,0,0,0,3
1747150,2010,2,0,0,0,2
1747150,2011,0,0,8,0,8
1747150,2012,2,0,4,0,6
1747150,2013,7,0,0,0,7
1747150,2014,4,0,0,0,4
1747150,2015,0,0,0,0,0
1747150,2016,1,0,0,0,1
1747150,2017,4,0,0,0,4
1747150,2018,2,0,0,0,2
1747150,2019,2,0,0,0,2
1747150,2020,2,0,0,0,2
1747150,2021,0,0,0,0,0
1747150,2022,1,2,4,0,7
1747150,2023,0,0,0,0,0
1747150,2024,6,0,0,0,6
1747150,2025,2,4,0,0,6
1747163,2000,12,2,0,0,14
1747163,2001,7,2,0,0,9
1747163,2002,4,0,0,0,4
1747163,2003,6,0,0,0,6
1747163,2004,6,0,0,0,6
1747163,2005,5,0,0,0,5
1747163,2006,14,0,16,0,30
1747163,2007,7,0,0,0,7
1747163,2008,1,0,0,46,47
1747163,2009,0,0,0,8,8
1747163,2010,5,0,0,0,5
1747163,2011,4,0,0,0,4
1747163,2012,5,0,0,0,5
1747163,2013,12,0,0,0,12
1747163,2014,4,0,3,0,7
1747163,2015,6,0,0,6,12
1747163,2016,5,0,0,12,17
1747163,2017,6,0,0,14,20
1747163,2018,4,0,0,0,4
1747163,2019,1,0,0,0,1
1747163,2020,2,0,0,0,2
1747163,2021,6,0,0,0,6
1747163,2022,1,0,0,0,1
1747163,2023,1,0,0,0,1
1747163,2024,8,0,0,0,8
1747163,2025,4,0,4,0,8
1747280,2000,3,0,0,0,3
1747280,2001,3,0,0,0,3
1747280,2002,3,0,0,0,3
1747280,2003,0,0,0,0,0
1747280,2004,0,0,0,0,0
1747280,2005,3,0,0,0,3
1747280,2006,0,0,0,0,0
1747280,2007,0,0,0,0,0
1747280,2008,0,0,0,0,0
1747280,2009,0,0,0,0,0
1747280,2010,0,0,0,0,0
1747280,2011,1,0,0,0,1
1747280,2012,1,0,0,0,1
1747280,2013,1,0,0,0,1
1747280,2014,0,0,0,0,0
1747280,2015,0,0,0,0,0
1747280,2016,0,0,0,0,0
1747280,2017,0,0,0,0,0
1747280,2018,0,0,0,0,0
1747280,2019,0,0,0,0,0
1747280,2020,0,0,0,0,0
1747280,2021,0,0,0,0,0
1747280,2022,0,0,0,0,0
1747280,2023,0,0,0,0,0
1747280,2024,0,0,0,0,0
1747280,2025,0,0,0,0,0
1747397,2000,31,0,0,0,31
1747397,2001,49,0,8,0,57
1747397,2002,104,0,0,0,104
1747397,2003,163,0,0,0,163
1747397,2004,157,0,0,0,157
1747397,2005,109,0,4,0,113
1747397,2006,98,0,0,0,98
1747397,2007,106,0,0,0,106
1747397,2008,74,0,0,0,74
1747397,2009,77,0,4,8,89
1747397,2010,75,0,3,0,78
1747397,2011,73,0,6,0,79
1747397,2012,9,0,0,0,9
1747397,2013,33,0,0,12,45
1747397,2014,37,0,0,14,51
1747397,2015,16,0,0,0,16
1747397,2016,19,0,0,0,19
1747397,2017,33,0,0,0,33
1747397,2018,22,0,0,0,22
1747397,2019,25,0,0,0,25
1747397,2020,31,0,0,0,31
1747397,2021,46,0,0,0,46
1747397,2022,25,0,0,0,25
1747397,2023,21,0,0,0,21
1747397,2024,38,0,0,0,38
1747397,2025,21,0,0,0,21
1747423,2000,7,0,0,0,7
1747423,2001,14,0,0,16,30
1747423,2002,35,0,0,0,35
1747423,2003,40,0,3,0,43
1747423,2004,46,4,6,24,80
1747423,2005,142,2,0,16,160
1747423,2006,161,0,0,0,161
1747423,2007,125,0,0,0,125
1747423,2008,56,0,0,0,56
1747423,2009,82,0,0,0,82
1747423,2010,82,0,0,0,82
1747423,2011,39,0,4,80,123
1747423,2012,44,0,0,0,44
1747423,2013,29,0,0,0,29
1747423,2014,29,0,0,61,90
1747423,2015,30,0,0,0,30
1747423,2016,30,0,0,0,30
1747423,2017,42,0,0,0,42
1747423,2018,24,0,0,0,24
1747423,2019,22,0,0,0,22
1747423,2020,22,0,0,0,22
1747423,2021,27,0,0,0,27
1747423,2022,21,0,0,150,171
1747423,2023,35,0,16,36,87
1747423,2024,28,0,0,64,92
1747423,2025,18,0,6,0,24
1747475,2000,1,0,0,0,1
1747475,2001,3,2,0,0,5
1747475,2002,0,0,0,0,0
1747475,2003,0,0,0,0,0
1747475,2004,0,0,0,0,0
1747475,2005,0,0,0,0,0
1747475,2006,2,0,0,0,2
1747475,2007,0,0,0,0,0
1747475,2008,0,0,0,0,0
1747475,2009,0,0,0,0,0
1747475,2010,0,0,0,0,0
1747475,2011,0,0,0,0,0
1747475,2012,0,0,0,0,0
1747475,2013,0,0,0,0,0
1747475,2014,0,0,0,0,0
1747475,2015,1,0,0,0,1
1747475,2016,0,0,0,0,0
1747475,2017,0,0,0,0,0
1747475,2018,0,0,0,0,0
1747475,2019,0,0,0,0,0
1747475,2020,0,0,0,0,0
1747475,2021,0,0,0,0,0
1747475,2022,0,0,0,0,0
1747475,2023,0,0,0,0,0
1747475,2024,0,0,0,0,0
1747475,2025,0,0,0,0,0
1747527,2000,3,0,0,0,3
1747527,2001,3,0,0,0,3
1747527,2002,3,0,0,0,3
1747527,2003,4,0,0,0,4
1747527,2004,0,0,0,0,0
1747527,2005,0,0,0,0,0
1747527,2006,0,0,0,0,0
1747527,2007,0,0,0,0,0
1747527,2008,0,0,0,0,0
1747527,2009,0,0,0,0,0
1747527,2010,0,0,0,0,0
1747527,2011,0,0,0,0,0
1747527,2012,0,0,0,0,0
1747527,2013,0,0,0,0,0
1747527,2014,0,0,0,0,0
1747527,2015,0,0,0,0,0
1747527,2016,1,0,0,0,1
1747527,2017,0,0,0,0,0
1747527,2018,0,0,0,0,0
1747527,2019,0,0,0,0,0
1747527,2020,0,0,0,0,0
1747527,2021,0,0,0,0,0
1747527,2022,0,0,0,0,0
1747527,2023,1,0,0,0,1
1747527,2024,1,0,0,0,1
1747527,2025,0,0,0,0,0
1747540,2000,145,0,0,0,145
1747540,2001,177,0,0,0,177
1747540,2002,235,0,0,0,235
1747540,2003,236,0,0,0,236
1747540,2004,451,2,0,0,453
1747540,2005,370,0,0,0,370
1747540,2006,283,0,0,28,311
1747540,2007,112,0,0,74,186
1747540,2008,19,0,0,0,19
1747540,2009,0,0,0,0,0
1747540,2010,7,0,0,0,7
1747540,2011,1,0,0,0,1
1747540,2012,0,0,0,0,0
1747540,2013,6,0,0,0,6
1747540,2014,1,0,0,40,41
1747540,2015,16,0,16,0,32
1747540,2016,118,0,0,0,118
1747540,2017,91,0,0,0,91
1747540,2018,45,0,0,0,45
1747540,2019,30,0,0,0,30
1747540,2020,0,0,0,0,0
1747540,2021,6,0,0,0,6
1747540,2022,11,0,0,0,11
1747540,2023,2,0,0,0,2
1747540,2024,0,0,0,0,0
1747540,2025,1,0,0,0,1
1747553,2000,20,0,0,0,20
1747553,2001,20,0,0,0,20
1747553,2002,20,0,0,0,20
1747553,2003,21,0,0,0,21
1747553,2004,22,0,0,0,22
1747553,2005,21,0,0,0,21
1747553,2006,19,0,0,0,19
1747553,2007,15,0,0,0,15
1747553,2008,5,0,0,32,37
1747553,2009,6,2,0,0,8
1747553,2010,8,2,0,0,10
1747553,2011,7,0,0,0,7
1747553,2012,4,2,0,0,6
1747553,2013,2,4,0,0,6
1747553,2014,7,0,0,0,7
1747553,2015,4,0,0,0,4
1747553,2016,6,4,0,0,10
1747553,2017,7,4,0,0,11
1747553,2018,7,4,0,0,11
1747553,2019,3,0,0,0,3
1747553,2020,3,0,0,0,3
1747553,2021,0,0,0,0,0
1747553,2022,3,0,0,0,3
1747553,2023,1,0,0,25,26
1747553,2024,7,0,0,25,32
1747553,2025,8,0,0,0,8
1747774,2000,1,0,0,22,23
1747774,2001,0,0,0,8,8
1747774,2002,10,0,0,0,10
1747774,2003,7,0,0,0,7
1747774,2004,5,0,0,0,5
1747774,2005,10,4,0,0,14
1747774,2006,3,2,0,0,5
1747774,2007,0,0,0,0,0
1747774,2008,1,0,0,0,1
1747774,2009,3,0,0,0,3
1747774,2010,0,0,0,0,0
1747774,2011,0,0,0,0,0
1747774,2012,0,0,0,0,0
1747774,2013,0,0,0,0,0
1747774,2014,0,0,0,0,0
1747774,2015,0,0,0,0,0
1747774,2016,0,0,0,0,0
1747774,2017,0,0,0,0,0
1747774,2018,0,0,9,0,9
1747774,2019,2,0,0,0,2
1747774,2020,1,0,0,72,73
1747774,2021,0,0,0,58,58
1747774,2022,0,0,0,77,77
1747774,2023,0,0,0,65,65
1747774,2024,3,8,3,0,14
1747774,2025,0,0,6,0,6
1747787,2000,2,0,0,0,2
1747787,2001,1,0,0,0,1
1747787,2002,0,0,0,0,0
1747787,2003,2,0,0,0,2
1747787,2004,4,0,0,0,4
1747787,2005,3,0,0,0,3
1747787,2006,6,0,0,20,26
1747787,2007,0,2,0,0,2
1747787,2008,0,0,0,0,0
1747787,2009,0,0,0,0,0
1747787,2010,0,0,0,0,0
1747787,2011,0,0,0,0,0
1747787,2012,0,0,0,0,0
1747787,2013,0,0,0,0,0
1747787,2014,0,0,0,0,0
1747787,2015,0,0,0,0,0
1747787,2016,0,0,0,0,0
1747787,2017,3,0,0,0,3
1747787,2018,0,0,0,0,0
1747787,2019,0,0,0,0,0
1747787,2020,0,0,0,0,0
1747787,2021,0,0,0,0,0
1747787,2022,0,0,0,0,0
1747787,2023,0,0,0,0,0
1747787,2024,1,0,0,0,1
1747787,2025,0,0,0,0,0
1748021,2000,2,0,0,0,2
1748021,2001,1,0,0,0,1
1748021,2002,1,0,0,0,1
1748021,2003,1,0,0,0,1
1748021,2004,1,0,0,0,1
1748021,2005,1,0,0,0,1
1748021,2006,1,0,0,0,1
1748021,2007,1,0,0,0,1
1748021,2008,0,0,0,0,0
1748021,2009,4,0,0,0,4
1748021,2010,2,0,0,0,2
1748021,2011,3,0,0,0,3
1748021,2012,1,0,0,0,1
1748021,2013,3,0,0,0,3
1748021,2014,12,0,0,0,12
1748021,2015,8,0,0,0,8
1748021,2016,7,0,0,0,7
1748021,2017,4,0,0,0,4
1748021,2018,0,0,0,0,0
1748021,2019,0,0,0,0,0
1748021,2020,1,0,0,0,1
1748021,2021,2,0,0,0,2
1748021,2022,1,0,0,0,1
1748021,2023,2,0,0,0,2
1748021,2024,2,0,0,0,2
1748021,2025,2,0,0,0,2
1748073,2000,0,0,0,0,0
1748073,2001,0,0,0,0,0
1748073,2002,0,0,0,0,0
1748073,2003,0,0,0,0,0
1748073,2004,0,0,0,0,0
1748073,2005,0,0,0,0,0
1748073,2006,0,0,0,0,0
1748073,2007,0,0,0,0,0
1748073,2008,0,0,0,0,0
1748073,2009,0,0,0,0,0
1748073,2010,0,0,0,0,0
1748073,2011,0,0,0,0,0
1748073,2012,0,0,0,0,0
1748073,2013,0,0,0,0,0
1748073,2014,0,0,0,0,0
1748073,2015,0,0,0,0,0
1748073,2016,0,0,0,0,0
1748073,2017,0,0,0,0,0
1748073,2018,0,0,0,0,0
1748073,2019,0,0,0,0,0
1748073,2020,0,0,0,0,0
1748073,2021,0,0,0,0,0
1748073,2022,0,0,0,0,0
1748073,2023,0,0,0,0,0
1748073,2024,0,0,0,0,0
1748073,2025,0,0,0,0,0
1748138,2025,0,0,0,0,0
1748242,2000,2,12,0,0,14
1748242,2001,3,6,0,0,9
1748242,2002,1,12,0,95,108
1748242,2003,7,10,0,0,17
1748242,2004,2,16,0,0,18
1748242,2005,0,2,0,0,2
1748242,2006,2,0,0,0,2
1748242,2007,4,0,0,0,4
1748242,2008,3,0,0,0,3
1748242,2009,2,0,0,0,2
1748242,2010,3,0,0,0,3
1748242,2011,5,0,0,0,5
1748242,2012,6,0,0,0,6
1748242,2013,0,0,0,0,0
1748242,2014,1,0,0,0,1
1748242,2015,0,14,24,0,38
1748242,2016,0,0,0,0,0
1748242,2017,1,0,0,0,1
1748242,2018,0,0,4,0,4
1748242,2019,1,0,0,0,1
1748242,2020,0,0,0,0,0
1748242,2021,2,0,0,0,2
1748242,2022,5,0,0,0,5
1748242,2023,1,0,0,0,1
1748242,2024,3,4,0,0,7
1748242,2025,1,0,4,0,5
1748307,2013,2,0,0,0,2
1748307,2014,0,0,0,0,0
1748307,2015,3,0,0,0,3
1748307,2016,2,0,0,0,2
1748307,2017,0,0,0,0,0
1748307,2018,3,0,0,0,3
1748307,2019,1,0,0,0,1
1748307,2020,0,0,0,0,0
1748307,2021,0,0,0,0,0
1748307,2022,0,0,0,0,0
1748307,2023,0,0,0,0,0
1748307,2024,0,0,0,0,0
1748307,2025,0,0,0,0,0
1748333,2000,18,4,0,0,22
1748333,2001,4,0,0,0,4
1748333,2002,6,0,0,0,6
1748333,2003,7,0,0,0,7
1748333,2004,7,0,0,0,7
1748333,2005,7,0,0,0,7
1748333,2006,5,2,0,0,7
1748333,2007,3,0,0,0,3
1748333,2008,9,0,0,0,9
1748333,2009,0,0,0,0,0
1748333,2010,3,0,0,0,3
1748333,2011,0,0,0,50,50
1748333,2012,0,0,0,0,0
1748333,2013,0,0,0,0,0
1748333,2014,2,0,0,0,2
1748333,2015,2,0,0,0,2
1748333,2016,0,0,0,0,0
1748333,2017,0,0,0,0,0
1748333,2018,0,0,0,0,0
1748333,2019,0,0,0,0,0
1748333,2020,0,0,0,0,0
1748333,2021,0,0,0,0,0
1748333,2022,0,0,0,0,0
1748333,2023,0,0,0,0,0
1748333,2024,0,0,0,0,0
1748333,2025,1,0,0,0,1
1748424,2000,0,0,0,0,0
1748424,2001,2,0,0,0,2
1748424,2002,0,0,0,0,0
1748424,2003,0,0,0,0,0
1748424,2004,0,0,0,0,0
1748424,2005,0,0,0,0,0
1748424,2006,0,0,0,0,0
1748424,2007,0,0,0,0,0
1748424,2008,2,0,0,0,2
1748424,2009,0,0,0,0,0
1748424,2010,0,0,0,0,0
1748424,2011,0,0,0,0,0
1748424,2012,0,0,0,0,0
1748424,2013,0,0,0,0,0
1748424,2014,0,0,0,0,0
1748424,2015,0,0,0,0,0
1748424,2016,0,0,0,0,0
1748424,2017,0,0,0,0,0
1748424,2018,0,0,0,0,0
1748424,2019,0,0,0,0,0
1748424,2020,0,0,0,0,0
1748424,2021,0,0,0,0,0
1748424,2022,0,0,0,0,0
1748424,2023,0,0,0,0,0
1748424,2024,0,0,0,0,0
1748424,2025,0,0,0,0,0
1748554,2000,11,0,0,0,11
1748554,2001,12,0,0,0,12
1748554,2002,15,0,0,0,15
1748554,2003,15,0,0,0,15
1748554,2004,17,0,0,0,17
1748554,2005,0,0,0,0,0
1748554,2006,0,0,0,0,0
1748554,2007,0,0,0,0,0
1748554,2008,0,0,0,0,0
1748554,2009,0,0,0,0,0
1748554,2010,0,0,0,0,0
1748554,2011,0,0,0,0,0
1748554,2012,0,0,0,0,0
1748554,2013,0,0,0,0,0
1748554,2014,0,0,0,0,0
1748554,2015,0,0,0,0,0
1748554,2016,0,0,0,0,0
1748554,2017,0,0,0,0,0
1748554,2018,0,0,0,0,0
1748554,2019,0,0,0,0,0
1748554,2020,0,0,0,0,0
1748554,2021,0,0,0,0,0
1748554,2022,0,0,0,0,0
1748554,2023,0,0,0,0,0
1748554,2024,0,0,0,0,0
1748554,2025,0,0,0,0,0
1748606,2000,5,12,0,0,17
1748606,2001,8,0,0,0,8
1748606,2002,32,0,0,0,32
1748606,2003,34,6,0,0,40
1748606,2004,68,16,0,0,84
1748606,2005,46,6,0,0,52
1748606,2006,68,6,0,0,74
1748606,2007,19,8,0,0,27
1748606,2008,13,0,3,0,16
1748606,2009,12,14,0,0,26
1748606,2010,6,4,0,0,10
1748606,2011,6,4,0,0,10
1748606,2012,10,4,0,0,14
1748606,2013,11,0,0,0,11
1748606,2014,5,0,0,0,5
1748606,2015,16,0,0,0,16
1748606,2016,6,0,0,0,6
1748606,2017,10,0,0,0,10
1748606,2018,3,0,0,0,3
1748606,2019,1,0,0,0,1
1748606,2020,4,0,0,0,4
1748606,2021,2,0,0,0,2
1748606,2022,2,0,0,0,2
1748606,2023,2,0,0,0,2
1748606,2024,3,0,0,0,3
1748606,2025,1,0,0,0,1
1748645,2000,5,0,0,0,5
1748645,2001,5,0,0,0,5
1748645,2002,0,0,0,0,0
1748645,2003,5,0,0,0,5
1748645,2004,38,2,4,0,44
1748645,2005,36,2,0,0,38
1748645,2006,53,0,3,0,56
1748645,2007,7,0,0,0,7
1748645,2008,6,0,0,14,20
1748645,2009,2,0,0,0,2
1748645,2010,1,0,0,0,1
1748645,2011,2,0,0,0,2
1748645,2012,1,0,0,36,37
1748645,2013,2,0,0,0,2
1748645,2014,2,0,0,0,2
1748645,2015,1,0,0,0,1
1748645,2016,1,0,0,0,1
1748645,2017,2,0,11,8,21
1748645,2018,0,0,0,0,0
1748645,2019,0,0,0,0,0
1748645,2020,0,0,0,25,25
1748645,2021,15,0,0,0,15
1748645,2022,1,2,0,0,3
1748645,2023,5,4,0,0,9
1748645,2024,7,0,0,0,7
1748645,2025,3,2,0,0,5
1748671,2000,9,0,0,0,9
1748671,2001,12,0,0,0,12
1748671,2002,3,0,0,0,3
1748671,2003,2,0,0,0,2
1748671,2004,3,0,0,0,3
1748671,2005,19,0,0,0,19
1748671,2006,2,0,0,0,2
1748671,2007,6,0,0,0,6
1748671,2008,2,0,0,0,2
1748671,2009,1,0,0,0,1
1748671,2010,0,0,0,0,0
1748671,2011,3,0,0,0,3
1748671,2012,0,0,0,0,0
1748671,2013,1,0,0,0,1
1748671,2014,4,0,0,0,4
1748671,2015,0,0,0,0,0
1748671,2016,1,0,0,0,1
1748671,2017,2,0,0,0,2
1748671,2018,0,0,0,0,0
1748671,2019,2,0,0,0,2
1748671,2020,2,0,0,0,2
1748671,2021,5,0,0,0,5
1748671,2022,3,0,0,0,3
1748671,2023,5,0,0,0,5
1748671,2024,6,0,0,0,6
1748671,2025,4,0,0,0,4
1748853,2013,0,0,0,0,0
1748853,2014,0,0,0,0,0
1748853,2015,0,0,0,0,0
1748853,2016,0,0,0,0,0
1748853,2017,0,0,0,0,0
1748853,2018,0,0,0,0,0
1748853,2019,0,0,0,0,0
1748853,2020,0,0,0,0,0
1748853,2021,0,0,0,0,0
1748853,2022,0,0,0,0,0
1748853,2023,1,0,0,0,1
1748853,2024,0,0,0,0,0
1748853,2025,0,0,0,0,0
1748892,2000,24,2,10,0,36
1748892,2001,16,0,0,0,16
1748892,2002,22,0,0,5,27
1748892,2003,20,0,0,0,20
1748892,2004,15,0,0,0,15
1748892,2005,12,0,0,0,12
1748892,2006,14,0,0,0,14
1748892,2007,8,0,0,0,8
1748892,2008,1,0,0,0,1
1748892,2009,0,0,0,0,0
1748892,2010,0,0,0,0,0
1748892,2011,1,0,0,0,1
1748892,2012,2,0,0,0,2
1748892,2013,1,0,0,0,1
1748892,2014,2,0,0,0,2
1748892,2015,0,0,0,0,0
1748892,2016,0,0,0,0,0
1748892,2017,0,0,0,0,0
1748892,2018,3,0,0,0,3
1748892,2019,4,0,0,0,4
1748892,2020,3,0,0,0,3
1748892,2021,9,0,0,0,9
1748892,2022,1,0,0,0,1
1748892,2023,3,0,0,0,3
1748892,2024,2,0,0,0,2
1748892,2025,0,0,0,0,0
1749009,2000,3,0,0,0,3
1749009,2001,0,0,0,0,0
1749009,2002,1,0,0,0,1
1749009,2003,0,0,0,0,0
1749009,2004,1,0,0,0,1
1749009,2005,7,0,0,0,7
1749009,2006,11,0,0,0,11
1749009,2007,15,0,0,0,15
1749009,2008,2,0,0,0,2
1749009,2009,8,0,0,0,8
1749009,2010,6,0,0,0,6
1749009,2011,4,0,0,0,4
1749009,2012,4,0,0,0,4
1749009,2013,9,0,0,0,9
1749009,2014,8,0,0,0,8
1749009,2015,2,0,0,0,2
1749009,2016,10,0,0,0,10
1749009,2017,2,0,0,0,2
1749009,2018,3,0,0,0,3
1749009,2019,5,0,0,0,5
1749009,2020,7,0,0,0,7
1749009,2021,0,0,0,0,0
1749009,2022,0,0,0,0,0
1749009,2023,4,0,0,0,4
1749009,2024,3,0,0,0,3
1749009,2025,4,0,8,0,12
1749048,2000,3,0,0,0,3
1749048,2001,0,0,0,0,0
1749048,2002,0,0,0,0,0
1749048,2003,1,0,0,0,1
1749048,2004,0,0,0,0,0
1749048,2005,0,0,0,0,0
1749048,2006,0,0,0,0,0
1749048,2007,1,0,0,0,1
1749048,2008,0,0,0,0,0
1749048,2009,1,0,0,0,1
1749048,2010,0,0,0,0,0
1749048,2011,0,0,0,0,0
1749048,2012,0,0,0,0,0
1749048,2013,0,0,0,0,0
1749048,2014,0,0,0,0,0
1749048,2015,0,0,0,0,0
1749048,2016,0,0,0,0,0
1749048,2017,0,0,0,0,0
1749048,2018,0,0,0,0,0
1749048,2019,0,0,0,0,0
1749048,2020,0,0,0,0,0
1749048,2021,0,0,0,0,0
1749048,2022,0,0,0,0,0
1749048,2023,0,0,0,0,0
1749048,2024,1,0,0,0,1
1749048,2025,0,0,0,0,0
1749191,2000,3,0,0,0,3
1749191,2001,1,0,0,0,1
1749191,2002,0,0,0,0,0
1749191,2003,0,0,0,0,0
1749191,2004,0,0,0,0,0
1749191,2005,3,0,0,0,3
1749191,2006,3,0,0,0,3
1749191,2007,1,0,0,0,1
1749191,2008,0,0,0,0,0
1749191,2009,0,0,0,0,0
1749191,2010,0,0,0,0,0
1749191,2011,2,0,0,0,2
1749191,2012,0,0,0,0,0
1749191,2013,1,0,0,0,1
1749191,2014,1,0,0,0,1
1749191,2015,0,0,0,0,0
1749191,2016,0,0,0,0,0
1749191,2017,1,0,0,0,1
1749191,2018,0,0,0,0,0
1749191,2019,0,0,0,0,0
1749191,2020,0,0,0,0,0
1749191,2021,1,0,0,0,1
1749191,2022,0,0,0,0,0
1749191,2023,0,0,0,0,0
1749191,2024,0,0,0,0,0
1749191,2025,1,0,0,0,1
1749308,2013,1,0,0,0,1
1749308,2014,0,0,0,0,0
1749308,2015,0,0,0,0,0
1749308,2016,0,0,0,0,0
1749308,2017,1,0,0,0,1
1749308,2018,0,0,0,0,0
1749308,2019,0,0,0,0,0
1749308,2020,0,0,0,0,0
1749308,2021,2,0,0,0,2
1749308,2022,2,0,0,0,2
1749308,2023,1,0,0,0,1
1749308,2024,3,0,0,0,3
1749308,2025,3,0,0,0,3
1749386,2000,27,2,0,0,29
1749386,2001,14,0,0,0,14
1749386,2002,36,2,0,0,38
1749386,2003,46,2,0,0,48
1749386,2004,41,0,0,0,41
1749386,2005,58,6,0,0,64
1749386,2006,43,8,0,0,51
1749386,2007,26,2,0,0,28
1749386,2008,20,0,0,0,20
1749386,2009,11,4,0,0,15
1749386,2010,11,0,0,0,11
1749386,2011,6,0,0,0,6
1749386,2012,14,0,0,0,14
1749386,2013,16,0,0,0,16
1749386,2014,10,0,0,0,10
1749386,2015,9,0,0,0,9
1749386,2016,6,0,0,0,6
1749386,2017,10,2,0,0,12
1749386,2018,9,0,0,0,9
1749386,2019,4,0,0,0,4
1749386,2020,5,0,0,0,5
1749386,2021,6,0,0,0,6
1749386,2022,9,0,0,0,9
1749386,2023,11,0,0,0,11
1749386,2024,8,0,0,0,8
1749386,2025,7,0,0,0,7
1749555,2000,9,2,0,0,11
1749555,2001,8,0,0,0,8
1749555,2002,3,0,0,0,3
1749555,2003,2,0,0,0,2
1749555,2004,2,0,0,0,2
1749555,2005,3,0,0,0,3
1749555,2006,0,0,0,0,0
1749555,2007,2,2,0,0,4
1749555,2008,1,0,0,0,1
1749555,2009,1,0,0,0,1
1749555,2010,1,0,0,0,1
1749555,2011,2,0,0,0,2
1749555,2012,1,0,0,0,1
1749555,2013,1,0,0,0,1
1749555,2014,0,0,0,0,0
1749555,2015,0,0,0,0,0
1749555,2016,1,0,0,0,1
1749555,2017,1,0,0,0,1
1749555,2018,0,0,0,0,0
1749555,2019,0,0,0,0,0
1749555,2020,0,0,0,0,0
1749555,2021,1,0,0,0,1
1749555,2022,0,0,0,0,0
1749555,2023,1,0,0,0,1
1749555,2024,2,0,0,0,2
1749555,2025,2,0,0,0,2
1749568,2000,2,0,0,0,2
1749568,2001,5,0,0,0,5
1749568,2002,7,0,0,0,7
1749568,2003,6,0,0,0,6
1749568,2004,5,0,0,0,5
1749568,2005,3,0,0,0,3
1749568,2006,1,0,0,0,1
1749568,2007,1,0,0,0,1
1749568,2008,1,0,0,0,1
1749568,2009,2,0,0,0,2
1749568,2010,2,0,0,0,2
1749568,2011,0,0,0,0,0
1749568,2012,0,0,0,0,0
1749568,2013,0,0,0,0,0
1749568,2014,0,0,0,0,0
1749568,2015,0,0,0,0,0
1749568,2016,2,0,0,0,2
1749568,2017,2,0,0,0,2
1749568,2018,0,0,0,0,0
1749568,2019,0,0,0,0,0
1749568,2020,0,0,0,0,0
1749568,2021,0,0,0,0,0
1749568,2022,0,0,0,0,0
1749568,2023,1,0,0,0,1
1749568,2024,0,0,0,0,0
1749568,2025,1,0,0,0,1
1749607,2000,44,14,4,0,62
1749607,2001,42,8,0,6,56
1749607,2002,83,10,4,11,108
1749607,2003,578,0,0,0,578
1749607,2004,628,0,0,0,628
1749607,2005,411,0,0,0,411
1749607,2006,175,0,0,0,175
1749607,2007,46,0,0,0,46
1749607,2008,61,0,0,0,61
1749607,2009,30,0,0,0,30
1749607,2010,24,0,0,0,24
1749607,2011,35,0,0,0,35
1749607,2012,29,0,0,0,29
1749607,2013,32,0,0,0,32
1749607,2014,34,0,0,0,34
1749607,2015,33,0,0,0,33
1749607,2016,40,0,0,0,40
1749607,2017,14,0,0,0,14
1749607,2018,46,0,0,0,46
1749607,2019,55,0,0,0,55
1749607,2020,12,0,0,0,12
1749607,2021,15,0,0,0,15
1749607,2022,0,0,0,0,0
1749607,2023,5,0,0,0,5
1749607,2024,6,0,0,0,6
1749607,2025,10,4,4,0,18
1749854,2000,184,0,0,0,184
1749854,2001,199,0,0,0,199
1749854,2002,214,2,52,0,268
1749854,2003,202,0,0,0,202
1749854,2004,299,0,0,0,299
1749854,2005,299,0,0,0,299
1749854,2006,218,0,0,0,218
1749854,2007,110,0,0,0,110
1749854,2008,31,0,0,0,31
1749854,2009,25,0,0,0,25
1749854,2010,45,0,0,0,45
1749854,2011,41,0,0,0,41
1749854,2012,71,0,0,0,71
1749854,2013,86,18,4,0,108
1749854,2014,55,6,10,116,187
1749854,2015,62,10,0,0,72
1749854,2016,85,0,0,0,85
1749854,2017,73,0,0,0,73
1749854,2018,50,0,0,0,50
1749854,2019,35,0,0,0,35
1749854,2020,35,0,0,0,35
1749854,2021,37,0,0,0,37
1749854,2022,18,0,0,0,18
1749854,2023,17,0,0,0,17
1749854,2024,27,0,0,0,27
1749854,2025,23,0,0,0,23
1749867,2000,37,8,0,0,45
1749867,2001,34,0,0,0,34
1749867,2002,27,0,0,23,50
1749867,2003,34,0,4,0,38
1749867,2004,33,0,8,16,57
1749867,2005,11,0,0,60,71
1749867,2006,41,0,0,132,173
1749867,2007,46,0,0,192,238
1749867,2008,17,0,0,0,17
1749867,2009,13,0,0,60,73
1749867,2010,0,0,0,0,0
1749867,2011,10,0,0,0,10
1749867,2012,10,0,4,0,14
1749867,2013,5,0,8,0,13
1749867,2014,10,0,8,90,108
1749867,2015,15,0,11,17,43
1749867,2016,15,0,10,19,44
1749867,2017,16,0,10,21,47
1749867,2018,15,0,14,17,46
1749867,2019,14,0,4,18,36
1749867,2020,15,0,4,21,40
1749867,2021,17,0,4,24,45
1749867,2022,13,0,6,30,49
1749867,2023,12,0,6,30,48
1749867,2024,12,0,9,50,71
1749867,2025,12,0,9,62,83
1749893,2000,0,0,0,0,0
1749893,2001,0,0,0,0,0
1749893,2002,3,0,0,0,3
1749893,2003,3,0,0,0,3
1749893,2004,4,0,0,0,4
1749893,2005,4,0,0,0,4
1749893,2006,3,0,0,0,3
1749893,2007,2,0,0,0,2
1749893,2008,1,0,0,0,1
1749893,2009,2,0,0,0,2
1749893,2010,1,0,0,0,1
1749893,2011,1,0,0,0,1
1749893,2012,1,0,0,0,1
1749893,2013,3,0,0,0,3
1749893,2014,0,0,0,0,0
1749893,2015,0,0,0,0,0
1749893,2016,0,0,0,0,0
1749893,2017,0,0,0,0,0
1749893,2018,0,0,0,0,0
1749893,2019,0,0,0,0,0
1749893,2020,0,0,0,0,0
1749893,2021,0,0,0,0,0
1749893,2022,0,0,0,0,0
1749893,2023,1,0,0,0,1
1749893,2024,0,0,0,0,0
1749893,2025,2,0,0,0,2
1749945,2000,123,0,3,0,126
1749945,2001,125,0,3,0,128
1749945,2002,132,0,3,0,135
1749945,2003,144,0,12,0,156
1749945,2004,75,0,0,0,75
1749945,2005,90,0,0,0,90
1749945,2006,63,0,0,0,63
1749945,2007,20,0,0,0,20
1749945,2008,2,0,0,0,2
1749945,2009,0,0,0,0,0
1749945,2010,0,0,0,0,0
1749945,2011,1,0,0,0,1
1749945,2012,0,0,0,0,0
1749945,2013,1,0,0,0,1
1749945,2014,0,0,0,0,0
1749945,2015,4,0,0,0,4
1749945,2016,1,0,0,0,1
1749945,2017,8,0,4,0,12
1749945,2018,1,0,0,0,1
1749945,2019,1,0,0,0,1
1749945,2020,4,0,0,0,4
1749945,2021,11,0,0,0,11
1749945,2022,9,0,0,0,9
1749945,2023,4,2,0,0,6
1749945,2024,2,0,0,0,2
1749945,2025,14,0,0,0,14
1750010,2000,1,0,0,0,1
1750010,2001,3,0,0,0,3
1750010,2002,2,0,0,0,2
1750010,2003,2,0,0,51,53
1750010,2004,4,0,0,0,4
1750010,2005,4,0,0,0,4
1750010,2006,0,0,0,0,0
1750010,2007,0,0,0,9,9
1750010,2008,0,0,0,0,0
1750010,2009,2,0,0,0,2
1750010,2010,22,20,0,0,42
1750010,2011,0,0,0,0,0
1750010,2012,0,0,0,0,0
1750010,2013,0,0,0,0,0
1750010,2014,0,0,0,0,0
1750010,2015,0,0,0,0,0
1750010,2016,0,0,0,0,0
1750010,2017,1,0,0,0,1
1750010,2018,1,0,0,0,1
1750010,2019,0,0,0,0,0
1750010,2020,0,0,0,0,0
1750010,2021,0,0,0,0,0
1750010,2022,1,0,0,0,1
1750010,2023,0,44,0,0,44
1750010,2024,0,0,0,0,0
1750010,2025,0,0,0,0,0
1750062,2004,0,0,0,0,0
1750062,2005,2,0,0,0,2
1750062,2006,0,0,0,0,0
1750062,2007,0,0,0,0,0
1750062,2008,1,0,0,0,1
1750062,2009,0,0,0,0,0
1750062,2010,0,0,0,0,0
1750062,2011,0,0,0,0,0
1750062,2012,0,0,0,0,0
1750062,2013,0,0,0,0,0
1750062,2014,0,0,0,0,0
1750062,2015,0,0,0,0,0
1750062,2016,0,0,0,0,0
1750062,2017,0,0,0,0,0
1750062,2018,0,0,0,0,0
1750062,2019,0,0,0,0,0
1750062,2020,0,0,0,0,0
1750062,2021,0,0,0,0,0
1750062,2022,0,0,0,0,0
1750062,2023,0,0,0,0,0
1750062,2024,0,0,0,0,0
1750062,2025,0,0,0,0,0
1750218,2000,20,0,0,0,20
1750218,2001,524,12,0,0,536
1750218,2002,634,0,0,0,634
1750218,2003,659,0,0,0,659
1750218,2004,626,0,0,0,626
1750218,2005,701,0,0,0,701
1750218,2006,413,0,0,0,413
1750218,2007,244,0,0,0,244
1750218,2008,88,0,0,0,88
1750218,2009,51,0,0,0,51
1750218,2010,67,0,0,0,67
1750218,2011,46,0,0,0,46
1750218,2012,51,0,0,0,51
1750218,2013,25,0,0,0,25
1750218,2014,31,0,0,0,31
1750218,2015,28,0,4,0,32
1750218,2016,4,0,4,0,8
1750218,2017,2,0,11,0,13
1750218,2018,13,0,12,0,25
1750218,2019,63,0,0,144,207
1750218,2020,95,0,4,216,315
1750218,2021,58,0,28,108,194
1750218,2022,32,0,4,0,36
1750218,2023,1,2,0,0,3
1750218,2024,0,0,0,0,0
1750218,2025,23,0,0,0,23
1750244,2000,25,0,0,0,25
1750244,2001,28,4,0,0,32
1750244,2002,19,0,0,0,19
1750244,2003,27,0,4,0,31
1750244,2004,33,0,0,0,33
1750244,2005,58,0,0,0,58
1750244,2006,30,0,0,0,30
1750244,2007,34,0,0,0,34
1750244,2008,13,0,0,0,13
1750244,2009,8,0,0,0,8
1750244,2010,8,0,0,0,8
1750244,2011,5,0,0,0,5
1750244,2012,8,0,0,50,58
1750244,2013,10,0,0,0,10
1750244,2014,9,0,0,0,9
1750244,2015,16,0,0,0,16
1750244,2016,11,2,0,0,13
1750244,2017,22,0,0,0,22
1750244,2018,9,0,0,0,9
1750244,2019,15,0,0,0,15
1750244,2020,23,2,0,0,25
1750244,2021,13,0,0,0,13
1750244,2022,20,0,0,0,20
1750244,2023,19,0,0,0,19
1750244,2024,20,0,0,0,20
1750244,2025,18,0,0,8,26
1750283,2013,0,0,0,0,0
1750283,2014,0,0,0,0,0
1750283,2015,0,0,0,0,0
1750283,2016,0,0,0,0,0
1750283,2017,1,0,0,0,1
1750283,2018,0,0,0,0,0
1750283,2019,0,0,0,0,0
1750283,2020,0,0,0,0,0
1750283,2021,0,0,0,0,0
1750283,2022,1,0,0,0,1
1750283,2023,0,0,0,0,0
1750283,2024,0,0,0,0,0
1750283,2025,1,0,0,0,1
1750491,2000,34,10,4,9,57
1750491,2001,44,8,6,39,97
1750491,2002,44,10,0,40,94
1750491,2003,46,10,0,55,111
1750491,2004,47,4,0,54,105
1750491,2005,40,6,0,56,102
1750491,2006,30,4,0,54,88
1750491,2007,19,0,0,53,72
1750491,2008,14,2,0,47,63
1750491,2009,12,0,0,30,42
1750491,2010,11,0,0,36,47
1750491,2011,9,0,0,55,64
1750491,2012,11,0,0,75,86
1750491,2013,14,0,0,105,119
1750491,2014,15,0,0,129,144
1750491,2015,13,0,0,117,130
1750491,2016,12,0,0,136,148
1750491,2017,14,0,0,133,147
1750491,2018,11,0,0,119,130
1750491,2019,11,0,0,124,135
1750491,2020,48,14,0,0,62
1750491,2021,24,6,0,0,30
1750491,2022,8,16,0,0,24
1750491,2023,7,14,0,0,21
1750491,2024,19,18,12,0,49
1750491,2025,20,2,0,0,22
1750530,2000,7,0,0,0,7
1750530,2001,3,0,0,0,3
1750530,2002,1,0,0,0,1
1750530,2003,2,2,0,0,4
1750530,2004,3,0,0,0,3
1750530,2005,0,0,28,0,28
1750530,2006,1,0,0,0,1
1750530,2007,3,2,0,0,5
1750530,2008,0,0,0,0,0
1750530,2009,2,0,0,0,2
1750530,2010,4,0,0,0,4
1750530,2011,4,0,0,0,4
1750530,2012,3,0,0,0,3
1750530,2013,40,0,0,0,40
1750530,2014,0,0,0,0,0
1750530,2015,0,0,0,0,0
1750530,2016,0,0,0,0,0
1750530,2017,0,0,0,0,0
1750530,2018,0,0,0,0,0
1750530,2019,0,0,0,0,0
1750530,2020,0,0,0,0,0
1750530,2021,0,0,0,0,0
1750530,2022,0,0,0,0,0
1750530,2023,0,0,0,0,0
1750530,2024,0,0,0,0,0
1750530,2025,0,0,0,0,0
1750621,2000,47,8,11,10,76
1750621,2001,41,2,6,10,59
1750621,2002,40,16,8,0,64
1750621,2003,73,4,0,78,155
1750621,2004,69,40,0,0,109
1750621,2005,49,6,0,0,55
1750621,2006,57,18,0,0,75
1750621,2007,27,16,3,0,46
1750621,2008,44,8,0,0,52
1750621,2009,31,4,0,0,35
1750621,2010,40,0,0,0,40
1750621,2011,42,0,0,0,42
1750621,2012,70,2,0,0,72
1750621,2013,49,4,0,0,53
1750621,2014,37,0,0,0,37
1750621,2015,34,16,0,0,50
1750621,2016,36,14,0,0,50
1750621,2017,30,0,0,0,30
1750621,2018,12,4,0,0,16
1750621,2019,7,0,12,24,43
1750621,2020,16,2,0,44,62
1750621,2021,10,0,0,140,150
1750621,2022,7,0,0,96,103
1750621,2023,7,0,0,0,7
1750621,2024,12,0,0,0,12
1750621,2025,16,0,0,8,24
1750647,2000,2,0,0,0,2
1750647,2001,0,0,0,88,88
1750647,2002,7,0,0,168,175
1750647,2003,19,0,0,14,33
1750647,2004,31,0,0,0,31
1750647,2005,119,0,0,87,206
1750647,2006,106,0,0,0,106
1750647,2007,60,0,0,0,60
1750647,2008,33,0,0,10,43
1750647,2009,6,0,0,13,19
1750647,2010,1,0,0,11,12
1750647,2011,5,0,8,5,18
1750647,2012,0,0,0,7,7
1750647,2013,4,0,0,0,4
1750647,2014,7,0,0,17,24
1750647,2015,9,0,0,5,14
1750647,2016,4,0,3,0,7
1750647,2017,7,0,0,20,27
1750647,2018,15,0,0,15,30
1750647,2019,14,0,0,0,14
1750647,2020,0,0,0,0,0
1750647,2021,1,0,0,0,1
1750647,2022,3,0,0,0,3
1750647,2023,2,0,0,0,2
1750647,2024,53,0,0,0,53
1750647,2025,2,0,0,0,2
1750751,2000,3,0,0,0,3
1750751,2001,3,0,0,0,3
1750751,2002,0,0,0,0,0
1750751,2003,0,0,0,0,0
1750751,2004,0,0,0,0,0
1750751,2005,0,0,0,0,0
1750751,2006,0,0,0,0,0
1750751,2007,0,0,0,0,0
1750751,2008,0,0,0,0,0
1750751,2009,0,0,0,0,0
1750751,2010,0,0,0,0,0
1750751,2011,0,0,0,0,0
1750751,2012,0,0,0,0,0
1750751,2013,0,0,0,0,0
1750751,2014,0,0,0,0,0
1750751,2015,0,0,0,0,0
1750751,2016,0,0,0,0,0
1750751,2017,0,0,0,0,0
1750751,2018,0,0,0,0,0
1750751,2019,0,0,0,0,0
1750751,2020,0,0,0,0,0
1750751,2021,0,0,0,0,0
1750751,2022,0,0,0,0,0
1750751,2023,0,0,0,0,0
1750751,2024,0,0,0,0,0
1750751,2025,2,0,0,0,2
1750777,2000,0,0,0,0,0
1750777,2001,0,0,0,0,0
1750777,2002,0,0,0,0,0
1750777,2003,0,0,0,0,0
1750777,2004,0,0,0,0,0
1750777,2005,0,0,0,0,0
1750777,2006,0,0,0,0,0
1750777,2007,1,0,4,0,5
1750777,2008,1,0,3,0,4
1750777,2009,2,0,0,0,2
1750777,2010,0,0,0,0,0
1750777,2011,0,0,0,0,0
1750777,2012,0,0,0,0,0
1750777,2013,0,0,0,0,0
1750777,2014,0,0,0,0,0
1750777,2015,0,0,0,0,0
1750777,2016,0,0,0,0,0
1750777,2017,0,0,0,0,0
1750777,2018,0,0,0,0,0
1750777,2019,0,0,0,0,0
1750777,2020,0,0,0,0,0
1750777,2021,0,0,0,0,0
1750777,2022,0,0,0,0,0
1750777,2023,0,0,0,0,0
1750777,2024,0,0,0,0,0
1750777,2025,1,0,0,0,1
1750829,2000,4,0,0,0,4
1750829,2001,4,0,0,0,4
1750829,2002,4,0,0,0,4
1750829,2003,4,0,0,0,4
1750829,2004,4,0,0,0,4
1750829,2005,4,0,0,0,4
1750829,2006,4,0,0,0,4
1750829,2007,3,0,0,0,3
1750829,2008,2,0,0,0,2
1750829,2009,1,0,0,0,1
1750829,2010,1,0,0,0,1
1750829,2011,1,0,0,0,1
1750829,2012,1,0,0,0,1
1750829,2013,1,0,0,0,1
1750829,2014,0,0,0,0,0
1750829,2015,0,0,0,0,0
1750829,2016,0,0,0,0,0
1750829,2017,0,0,0,0,0
1750829,2018,0,0,0,0,0
1750829,2019,0,0,0,0,0
1750829,2020,0,0,0,0,0
1750829,2021,0,0,0,0,0
1750829,2022,0,0,0,0,0
1750829,2023,0,0,0,0,0
1750829,2024,0,0,0,0,0
1750829,2025,1,0,0,0,1
1750868,2000,13,0,0,0,13
1750868,2001,11,0,0,0,11
1750868,2002,13,0,0,0,13
1750868,2003,7,0,0,0,7
1750868,2004,16,8,0,0,24
1750868,2005,10,6,0,0,16
1750868,2006,11,8,0,0,19
1750868,2007,4,0,0,0,4
1750868,2008,2,0,0,0,2
1750868,2009,2,0,0,0,2
1750868,2010,0,0,0,0,0
1750868,2011,0,0,0,0,0
1750868,2012,2,0,0,0,2
1750868,2013,1,0,0,0,1
1750868,2014,1,0,0,0,1
1750868,2015,3,0,0,0,3
1750868,2016,0,0,0,0,0
1750868,2017,4,0,0,0,4
1750868,2018,3,0,6,0,9
1750868,2019,2,0,0,25,27
1750868,2020,0,0,0,0,0
1750868,2021,4,0,0,0,4
1750868,2022,4,0,0,0,4
1750868,2023,0,0,0,0,0
1750868,2024,2,0,0,0,2
1750868,2025,5,2,0,0,7
1750881,2000,2,0,0,0,2
1750881,2001,4,0,0,0,4
1750881,2002,0,0,0,0,0
1750881,2003,0,0,0,0,0
1750881,2004,0,0,0,0,0
1750881,2005,0,0,0,0,0
1750881,2006,0,0,0,0,0
1750881,2007,1,0,0,0,1
1750881,2008,0,0,0,0,0
1750881,2009,0,0,0,0,0
1750881,2010,0,0,0,0,0
1750881,2011,0,0,0,0,0
1750881,2012,1,0,0,0,1
1750881,2013,0,0,0,0,0
1750881,2014,0,0,0,0,0
1750881,2015,0,0,0,0,0
1750881,2016,0,0,0,0,0
1750881,2017,0,0,0,0,0
1750881,2018,0,0,0,0,0
1750881,2019,0,0,0,0,0
1750881,2020,0,0,0,0,0
1750881,2021,0,0,0,0,0
1750881,2022,0,0,0,0,0
1750881,2023,0,0,0,0,0
1750881,2024,0,0,0,0,0
1750881,2025,0,0,0,0,0
1750998,2000,1,0,0,0,1
1750998,2001,2,0,0,0,2
1750998,2002,8,0,0,0,8
1750998,2003,7,0,0,0,7
1750998,2004,6,10,0,0,16
1750998,2005,12,0,0,0,12
1750998,2006,12,0,0,0,12
1750998,2007,6,0,0,0,6
1750998,2008,3,0,0,0,3
1750998,2009,0,0,0,0,0
1750998,2010,4,0,0,0,4
1750998,2011,0,0,0,0,0
1750998,2012,0,0,0,0,0
1750998,2013,0,0,0,0,0
1750998,2014,0,0,0,0,0
1750998,2015,1,0,0,0,1
1750998,2016,0,0,0,0,0
1750998,2017,0,0,0,0,0
1750998,2018,0,0,0,0,0
1750998,2019,0,0,0,0,0
1750998,2020,0,0,0,0,0
1750998,2021,0,0,0,0,0
1750998,2022,0,0,0,0,0
1750998,2023,0,0,0,0,0
1750998,2024,0,0,0,0,0
1750998,2025,24,0,0,0,24
1751024,2002,4,0,0,0,4
1751024,2003,3,2,0,0,5
1751024,2004,2,2,0,0,4
1751024,2005,5,0,0,0,5
1751024,2006,4,0,0,0,4
1751024,2007,1,0,0,0,1
1751024,2008,1,0,0,0,1
1751024,2009,1,0,0,0,1
1751024,2010,2,0,0,0,2
1751024,2011,0,0,0,0,0
1751024,2012,0,0,0,0,0
1751024,2013,1,0,0,0,1
1751024,2014,1,0,0,0,1
1751024,2015,2,0,0,0,2
1751024,2016,1,0,0,0,1
1751024,2017,1,0,0,0,1
1751024,2018,0,0,0,0,0
1751024,2019,0,0,0,0,0
1751024,2020,1,0,0,0,1
1751024,2021,2,0,0,0,2
1751024,2022,1,0,0,0,1
1751024,2023,1,0,0,0,1
1751024,2024,1,0,0,0,1
1751024,2025,1,0,0,0,1
1751089,2000,8,8,0,0,16
1751089,2001,8,0,0,65,73
1751089,2002,43,2,0,70,115
1751089,2003,17,0,0,70,87
1751089,2004,29,0,0,0,29
1751089,2005,37,12,8,52,109
1751089,2006,30,0,0,0,30
1751089,2007,12,0,0,0,12
1751089,2008,6,0,0,0,6
1751089,2009,8,0,0,0,8
1751089,2010,3,0,0,0,3
1751089,2011,3,0,0,0,3
1751089,2012,2,0,0,39,41
1751089,2013,8,0,0,92,100
1751089,2014,5,0,7,5,17
1751089,2015,6,0,0,0,6
1751089,2016,5,0,0,0,5
1751089,2017,3,0,0,0,3
1751089,2018,4,0,0,0,4
1751089,2019,7,0,0,95,102
1751089,2020,3,0,0,0,3
1751089,2021,7,0,0,7,14
1751089,2022,7,0,0,0,7
1751089,2023,5,0,0,152,157
1751089,2024,3,0,0,0,3
1751089,2025,1,0,0,0,1
1751128,2000,0,0,0,0,0
1751128,2001,0,0,0,0,0
1751128,2002,0,0,0,0,0
1751128,2003,4,0,0,0,4
1751128,2004,1,0,0,0,1
1751128,2005,1,0,0,0,1
1751128,2006,1,0,0,0,1
1751128,2007,1,0,0,0,1
1751128,2008,0,0,0,0,0
1751128,2009,1,0,0,0,1
1751128,2010,0,0,0,0,0
1751128,2011,0,0,0,0,0
1751128,2012,1,0,0,0,1
1751128,2013,0,0,0,0,0
1751128,2014,0,0,0,0,0
1751128,2015,0,0,0,0,0
1751128,2016,0,0,0,0,0
1751128,2017,0,0,0,0,0
1751128,2018,1,0,0,0,1
1751128,2019,0,0,0,0,0
1751128,2020,0,0,0,0,0
1751128,2021,0,0,0,0,0
1751128,2022,1,0,0,0,1
1751128,2023,0,0,0,0,0
1751128,2024,1,0,0,0,1
1751128,2025,1,0,0,0,1
1751154,2000,2,0,0,15,17
1751154,2001,4,0,0,0,4
1751154,2002,1,0,0,0,1
1751154,2003,1,0,0,0,1
1751154,2004,13,0,0,0,13
1751154,2005,1,0,0,0,1
1751154,2006,0,0,0,0,0
1751154,2007,1,0,0,0,1
1751154,2008,2,0,0,0,2
1751154,2009,0,0,0,0,0
1751154,2010,0,0,0,0,0
1751154,2011,0,0,0,0,0
1751154,2012,0,0,0,0,0
1751154,2013,0,0,0,0,0
1751154,2014,0,0,0,0,0
1751154,2015,0,0,0,0,0
1751154,2016,0,0,0,0,0
1751154,2017,0,0,0,0,0
1751154,2018,1,0,0,0,1
1751154,2019,1,0,0,0,1
1751154,2020,0,0,0,0,0
1751154,2021,0,0,0,0,0
1751154,2022,2,0,0,0,2
1751154,2023,2,0,0,0,2
1751154,2024,6,0,4,0,10
1751154,2025,7,0,0,0,7
1751180,2000,29,0,0,58,87
1751180,2001,52,0,0,8,60
1751180,2002,19,0,0,0,19
1751180,2003,20,0,0,0,20
1751180,2004,55,0,0,0,55
1751180,2005,34,0,0,0,34
1751180,2006,30,0,0,0,30
1751180,2007,23,8,0,0,31
1751180,2008,3,0,0,0,3
1751180,2009,8,0,0,0,8
1751180,2010,0,0,0,0,0
1751180,2011,0,0,0,0,0
1751180,2012,10,4,0,0,14
1751180,2013,6,0,0,6,12
1751180,2014,7,0,0,0,7
1751180,2015,11,0,0,0,11
1751180,2016,7,0,0,0,7
1751180,2017,6,0,0,39,45
1751180,2018,2,0,0,0,2
1751180,2019,8,0,0,22,30
1751180,2020,3,0,0,0,3
1751180,2021,8,0,0,0,8
1751180,2022,5,0,0,0,5
1751180,2023,4,0,0,0,4
1751180,2024,6,0,0,0,6
1751180,2025,12,0,0,0,12
1751206,2000,38,0,0,0,38
1751206,2001,27,0,0,0,27
1751206,2002,31,0,0,0,31
1751206,2003,49,0,4,10,63
1751206,2004,67,4,0,0,71
1751206,2005,30,6,4,0,40
1751206,2006,31,2,0,0,33
1751206,2007,36,0,0,0,36
1751206,2008,22,0,4,35,61
1751206,2009,27,0,0,0,27
1751206,2010,19,0,0,0,19
1751206,2011,11,0,0,0,11
1751206,2012,20,0,0,16,36
1751206,2013,16,0,0,0,16
1751206,2014,16,0,0,0,16
1751206,2015,17,0,0,0,17
1751206,2016,13,0,0,0,13
1751206,2017,14,0,0,0,14
1751206,2018,12,0,0,0,12
1751206,2019,11,0,0,0,11
1751206,2020,10,0,0,0,10
1751206,2021,8,0,0,0,8
1751206,2022,6,0,0,0,6
1751206,2023,6,0,0,0,6
1751206,2024,11,6,12,0,29
1751206,2025,9,0,0,0,9
1751232,2000,4,0,0,0,4
1751232,2001,0,0,0,0,0
1751232,2002,2,0,0,0,2
1751232,2003,3,0,0,0,3
1751232,2004,4,0,0,0,4
1751232,2005,10,0,0,0,10
1751232,2006,2,0,0,0,2
1751232,2007,6,0,0,0,6
1751232,2008,2,0,0,0,2
1751232,2009,2,0,0,0,2
1751232,2010,0,0,0,0,0
1751232,2011,0,0,0,0,0
1751232,2012,0,0,0,0,0
1751232,2013,0,0,0,0,0
1751232,2014,0,0,0,0,0
1751232,2015,0,0,0,0,0
1751232,2016,0,0,0,0,0
1751232,2017,1,0,0,0,1
1751232,2018,0,0,0,0,0
1751232,2019,2,0,0,0,2
1751232,2020,3,0,0,0,3
1751232,2021,3,0,0,0,3
1751232,2022,3,0,0,0,3
1751232,2023,3,0,0,0,3
1751232,2024,5,0,0,0,5
1751232,2025,0,0,0,0,0
1751271,2000,0,0,0,0,0
1751271,2001,0,0,0,0,0
1751271,2002,0,0,0,0,0
1751271,2003,0,0,0,0,0
1751271,2004,0,0,0,0,0
1751271,2005,0,0,0,0,0
1751271,2006,0,0,0,0,0
1751271,2007,0,0,0,0,0
1751271,2008,0,0,0,0,0
1751271,2009,0,0,0,0,0
1751271,2010,0,0,0,0,0
1751271,2011,0,0,0,0,0
1751271,2012,0,0,0,0,0
1751271,2013,0,0,0,0,0
1751271,2014,0,0,0,0,0
1751271,2015,0,0,0,0,0
1751271,2016,0,0,0,0,0
1751271,2017,0,0,0,0,0
1751271,2018,0,0,0,0,0
1751271,2019,0,0,0,0,0
1751271,2020,0,0,0,0,0
1751271,2021,0,0,0,0,0
1751271,2022,0,0,0,0,0
1751271,2023,0,0,0,0,0
1751271,2024,0,0,0,0,0
1751271,2025,0,0,0,0,0
1751284,2003,0,0,0,0,0
1751284,2004,0,0,0,0,0
1751284,2005,0,0,0,0,0
1751284,2006,0,0,0,0,0
1751284,2007,0,0,0,0,0
1751284,2008,0,0,0,0,0
1751284,2009,0,0,0,0,0
1751284,2010,0,0,0,0,0
1751284,2011,0,0,0,0,0
1751284,2012,0,0,0,0,0
1751284,2013,0,0,0,0,0
1751284,2014,0,0,0,0,0
1751284,2015,0,0,0,0,0
1751284,2016,0,0,0,0,0
1751284,2017,0,0,0,0,0
1751284,2018,1,0,0,0,1
1751284,2019,0,0,0,0,0
1751284,2020,0,0,0,0,0
1751284,2021,0,0,0,0,0
1751284,2022,0,0,0,0,0
1751284,2023,0,0,0,0,0
1751284,2024,0,0,0,0,0
1751284,2025,0,0,0,0,0
1751336,2000,1,0,0,0,1
1751336,2001,0,0,0,0,0
1751336,2002,0,0,0,0,0
1751336,2003,0,0,0,0,0
1751336,2004,0,0,0,0,0
1751336,2005,0,0,0,0,0
1751336,2006,0,0,0,0,0
1751336,2007,0,0,0,0,0
1751336,2008,0,0,0,0,0
1751336,2009,0,0,0,0,0
1751336,2010,0,0,0,0,0
1751336,2011,0,0,0,0,0
1751336,2012,0,0,0,0,0
1751336,2013,0,0,0,0,0
1751336,2014,0,0,0,0,0
1751336,2015,0,0,0,0,0
1751336,2016,0,0,0,0,0
1751336,2017,2,0,0,0,2
1751336,2018,0,0,0,0,0
1751336,2019,0,0,0,0,0
1751336,2020,0,0,0,0,0
1751336,2021,0,0,0,0,0
1751336,2022,0,0,0,0,0
1751336,2023,0,0,0,0,0
1751336,2024,0,0,0,0,0
1751336,2025,0,0,0,0,0
1751349,2000,111,0,0,0,111
1751349,2001,118,0,0,0,118
1751349,2002,124,0,0,0,124
1751349,2003,135,0,0,0,135
1751349,2004,51,0,0,6,57
1751349,2005,78,0,32,0,110
1751349,2006,25,0,8,0,33
1751349,2007,406,0,0,0,406
1751349,2008,112,0,0,18,130
1751349,2009,46,0,0,0,46
1751349,2010,49,0,0,0,49
1751349,2011,36,0,0,0,36
1751349,2012,55,0,0,0,55
1751349,2013,84,0,0,0,84
1751349,2014,73,0,0,0,73
1751349,2015,10,0,9,0,19
1751349,2016,36,0,0,0,36
1751349,2017,65,0,0,0,65
1751349,2018,33,2,0,0,35
1751349,2019,43,0,0,0,43
1751349,2020,69,0,0,0,69
1751349,2021,112,0,0,0,112
1751349,2022,123,0,0,0,123
1751349,2023,193,0,0,0,193
1751349,2024,106,0,0,0,106
1751349,2025,67,0,0,0,67
1751453,2000,8,0,0,0,8
1751453,2001,10,0,0,0,10
1751453,2002,3,0,0,0,3
1751453,2003,6,0,0,0,6
1751453,2004,5,2,0,0,7
1751453,2005,7,0,0,0,7
1751453,2006,6,0,0,0,6
1751453,2007,3,4,0,0,7
1751453,2008,7,0,0,0,7
1751453,2009,6,0,0,0,6
1751453,2010,0,0,0,0,0
1751453,2011,0,0,0,0,0
1751453,2012,2,0,0,0,2
1751453,2013,1,0,0,0,1
1751453,2014,0,0,0,0,0
1751453,2015,2,0,0,0,2
1751453,2016,0,0,0,0,0
1751453,2017,1,0,0,0,1
1751453,2018,2,0,0,0,2
1751453,2019,0,0,0,0,0
1751453,2020,1,0,0,0,1
1751453,2021,2,0,0,0,2
1751453,2022,1,0,0,0,1
1751453,2023,3,0,0,0,3
1751453,2024,2,0,0,0,2
1751453,2025,3,0,0,0,3
1751622,2000,1107,0,0,22,1129
1751622,2001,764,0,0,298,1062
1751622,2002,671,0,0,396,1067
1751622,2003,614,4,0,50,668
1751622,2004,481,0,0,50,531
1751622,2005,407,28,39,91,565
1751622,2006,364,6,20,204,594
1751622,2007,281,0,4,58,343
1751622,2008,154,0,0,0,154
1751622,2009,86,0,0,0,86
1751622,2010,94,0,0,0,94
1751622,2011,186,0,0,0,186
1751622,2012,295,0,0,0,295
1751622,2013,297,0,0,298,595
1751622,2014,375,0,37,48,460
1751622,2015,328,0,4,5,337
1751622,2016,335,6,8,51,400
1751622,2017,337,16,81,124,558
1751622,2018,273,42,36,221,572
1751622,2019,246,0,0,68,314
1751622,2020,319,0,0,112,431
1751622,2021,276,0,0,459,735
1751622,2022,247,0,0,0,247
1751622,2023,169,10,32,252,463
1751622,2024,228,2,10,129,369
1751622,2025,224,4,0,0,228
1751700,2000,9,0,4,0,13
1751700,2001,9,0,0,0,9
1751700,2002,15,0,0,0,15
1751700,2003,18,0,0,0,18
1751700,2004,16,0,0,0,16
1751700,2005,4,0,0,0,4
1751700,2006,3,0,0,0,3
1751700,2007,0,0,0,0,0
1751700,2008,9,0,0,0,9
1751700,2009,1,0,0,0,1
1751700,2010,3,2,0,0,5
1751700,2011,0,2,0,0,2
1751700,2012,1,0,0,0,1
1751700,2013,2,0,0,0,2
1751700,2014,2,0,0,0,2
1751700,2015,4,0,0,0,4
1751700,2016,2,0,0,0,2
1751700,2017,2,0,0,0,2
1751700,2018,3,0,0,0,3
1751700,2019,1,0,0,0,1
1751700,2020,1,0,0,0,1
1751700,2021,0,0,0,0,0
1751700,2022,0,0,0,0,0
1751700,2023,1,0,0,0,1
1751700,2024,3,0,0,0,3
1751700,2025,2,0,0,0,2
1751791,2000,5,0,0,0,5
1751791,2001,31,0,38,0,69
1751791,2002,3,2,0,0,5
1751791,2003,7,2,0,0,9
1751791,2004,1,0,0,0,1
1751791,2005,4,2,0,0,6
1751791,2006,4,2,0,0,6
1751791,2007,5,0,0,0,5
1751791,2008,0,0,0,0,0
1751791,2009,0,0,0,0,0
1751791,2010,0,0,0,0,0
1751791,2011,0,0,0,0,0
1751791,2012,0,0,0,0,0
1751791,2013,0,0,0,0,0
1751791,2014,1,0,0,0,1
1751791,2015,0,0,0,0,0
1751791,2016,0,0,0,0,0
1751791,2017,0,0,0,0,0
1751791,2018,0,0,0,0,0
1751791,2019,0,0,0,0,0
1751791,2020,0,0,0,0,0
1751791,2021,1,0,0,0,1
1751791,2022,0,0,0,0,0
1751791,2023,0,0,0,0,0
1751791,2024,0,0,0,0,0
1751791,2025,0,0,0,0,0
1751882,2003,0,0,0,0,0
1751882,2004,0,0,0,0,0
1751882,2005,0,0,0,0,0
1751882,2006,0,0,0,0,0
1751986,2000,4,0,0,0,4
1751986,2001,4,0,0,0,4
1751986,2002,4,0,0,0,4
1751986,2003,1,0,0,0,1
1751986,2004,2,0,0,0,2
1751986,2005,1,0,0,0,1
1751986,2006,2,0,0,0,2
1751986,2007,2,0,0,0,2
1751986,2008,0,0,0,0,0
1751986,2009,2,0,0,0,2
1751986,2010,2,0,0,0,2
1751986,2011,1,0,0,0,1
1751986,2012,1,0,0,0,1
1751986,2013,1,0,0,0,1
1751986,2014,0,0,0,0,0
1751986,2015,2,0,0,0,2
1751986,2016,2,0,0,0,2
1751986,2017,0,0,0,0,0
1751986,2018,0,0,0,0,0
1751986,2019,0,0,0,0,0
1751986,2020,1,0,0,0,1
1751986,2021,0,0,0,0,0
1751986,2022,0,0,0,0,0
1751986,2023,2,0,0,0,2
1751986,2024,0,0,0,0,0
1751986,2025,0,0,0,0,0
1751999,2000,0,0,0,0,0
1751999,2001,0,0,0,0,0
1751999,2002,0,0,0,0,0
1751999,2003,0,0,0,0,0
1751999,2004,0,0,0,0,0
1751999,2005,0,0,0,0,0
1751999,2006,0,0,0,0,0
1751999,2007,0,0,0,0,0
1751999,2008,0,0,0,0,0
1751999,2009,0,0,0,0,0
1751999,2010,0,0,0,0,0
1751999,2011,0,0,0,0,0
1751999,2012,0,0,0,0,0
1751999,2013,0,0,0,0,0
1751999,2014,0,0,0,0,0
1751999,2015,0,0,0,0,0
1751999,2016,0,0,0,0,0
1751999,2017,0,0,0,0,0
1751999,2018,0,0,0,0,0
1751999,2019,0,0,0,0,0
1751999,2020,0,0,0,0,0
1751999,2021,0,0,0,0,0
1751999,2022,0,0,0,0,0
1751999,2023,0,0,0,0,0
1751999,2024,0,0,0,0,0
1751999,2025,0,0,0,0,0
1752103,2000,5,0,0,0,5
1752103,2001,7,0,0,0,7
1752103,2002,9,0,6,0,15
1752103,2003,21,0,0,0,21
1752103,2004,4,0,0,0,4
1752103,2005,3,0,0,0,3
1752103,2006,1,0,0,0,1
1752103,2007,3,0,0,0,3
1752103,2008,1,0,0,0,1
1752103,2009,0,0,0,0,0
1752103,2010,2,0,0,0,2
1752103,2011,0,0,0,0,0
1752103,2012,0,0,0,0,0
1752103,2013,0,0,0,0,0
1752103,2014,0,0,0,0,0
1752103,2015,0,0,0,0,0
1752103,2016,0,0,0,0,0
1752103,2017,0,0,0,0,0
1752103,2018,0,0,0,0,0
1752103,2019,0,0,0,0,0
1752103,2020,0,0,0,0,0
1752103,2021,0,0,0,0,0
1752103,2022,1,0,0,0,1
1752103,2023,0,0,0,0,0
1752103,2024,0,0,0,0,0
1752103,2025,0,0,0,0,0
1752116,2000,9,0,0,0,9
1752116,2001,12,0,0,0,12
1752116,2002,12,0,0,0,12
1752116,2003,12,0,0,0,12
1752116,2004,14,0,0,0,14
1752116,2005,12,0,0,0,12
1752116,2006,10,0,0,0,10
1752116,2007,6,0,0,0,6
1752116,2008,0,0,0,0,0
1752116,2009,4,0,0,0,4
1752116,2010,0,0,0,0,0
1752116,2011,2,0,0,0,2
1752116,2012,1,0,0,0,1
1752116,2013,0,0,0,0,0
1752116,2014,0,0,0,0,0
1752116,2015,1,0,0,0,1
1752116,2016,0,0,0,0,0
1752116,2017,0,0,0,0,0
1752116,2018,0,0,0,0,0
1752116,2019,0,0,0,0,0
1752116,2020,1,0,0,0,1
1752116,2021,1,0,0,0,1
1752116,2022,1,0,0,0,1
1752116,2023,1,0,0,0,1
1752116,2024,0,0,0,0,0
1752116,2025,2,0,0,0,2
1752142,2000,11,0,0,0,11
1752142,2001,10,0,0,0,10
1752142,2002,14,0,0,0,14
1752142,2003,27,0,0,0,27
1752142,2004,14,0,0,0,14
1752142,2005,34,0,0,0,34
1752142,2006,36,0,0,0,36
1752142,2007,33,0,0,0,33
1752142,2008,23,0,0,0,23
1752142,2009,18,0,0,0,18
1752142,2010,7,0,0,0,7
1752142,2011,6,0,0,0,6
1752142,2012,4,0,0,0,4
1752142,2013,6,0,0,0,6
1752142,2014,4,0,0,0,4
1752142,2015,2,0,0,0,2
1752142,2016,4,0,0,0,4
1752142,2017,0,0,0,0,0
1752142,2018,4,0,0,0,4
1752142,2019,3,0,0,0,3
1752142,2020,3,0,0,0,3
1752142,2021,2,0,0,0,2
1752142,2022,2,0,0,0,2
1752142,2023,1,0,0,0,1
1752142,2024,2,0,0,0,2
1752142,2025,1,0,0,0,1
1752168,2000,20,0,0,0,20
1752168,2001,5,0,4,0,9
1752168,2002,20,0,0,0,20
1752168,2003,22,0,0,0,22
1752168,2004,4,0,0,0,4
1752168,2005,6,0,0,0,6
1752168,2006,4,0,0,0,4
1752168,2007,3,0,0,0,3
1752168,2008,4,0,0,0,4
1752168,2009,8,0,0,0,8
1752168,2010,0,0,0,0,0
1752168,2011,0,4,0,0,4
1752168,2012,1,0,0,0,1
1752168,2013,1,0,0,0,1
1752168,2014,1,0,0,0,1
1752168,2015,4,0,0,0,4
1752168,2016,1,0,0,0,1
1752168,2017,4,0,0,0,4
1752168,2018,7,0,0,0,7
1752168,2019,2,0,0,0,2
1752168,2020,2,0,0,0,2
1752168,2021,0,0,0,0,0
1752168,2022,0,0,0,0,0
1752168,2023,3,0,0,0,3
1752168,2024,3,0,0,0,3
1752168,2025,3,0,0,0,3
1752415,2000,0,0,0,0,0
1752415,2001,3,0,0,0,3
1752415,2002,0,0,0,0,0
1752415,2003,1,0,0,0,1
1752415,2004,1,0,0,0,1
1752415,2005,3,0,0,0,3
1752415,2006,2,0,0,0,2
1752415,2007,5,0,0,0,5
1752415,2008,1,0,0,0,1
1752415,2009,2,0,0,0,2
1752415,2010,2,0,0,0,2
1752415,2011,1,0,0,0,1
1752415,2012,0,0,0,0,0
1752415,2013,0,0,0,0,0
1752415,2014,0,0,0,0,0
1752415,2015,0,0,0,0,0
1752415,2016,0,0,0,0,0
1752415,2017,1,0,0,0,1
1752415,2018,0,0,0,0,0
1752415,2019,0,0,0,0,0
1752415,2020,0,0,0,0,0
1752415,2021,0,0,0,0,0
1752415,2022,0,0,0,0,0
1752415,2023,1,0,0,0,1
1752415,2024,0,0,0,0,0
1752415,2025,0,0,0,0,0
1752584,2000,313,0,0,0,313
1752584,2001,324,0,0,0,324
1752584,2002,364,0,0,0,364
1752584,2003,303,0,0,0,303
1752584,2004,240,0,0,0,240
1752584,2005,293,0,0,0,293
1752584,2006,215,0,0,0,215
1752584,2007,135,0,0,0,135
1752584,2008,60,0,4,0,64
1752584,2009,21,0,0,0,21
1752584,2010,23,0,0,0,23
1752584,2011,62,0,0,0,62
1752584,2012,119,0,0,0,119
1752584,2013,174,0,0,0,174
1752584,2014,162,0,0,0,162
1752584,2015,162,0,0,0,162
1752584,2016,170,0,0,0,170
1752584,2017,141,0,0,0,141
1752584,2018,142,0,0,0,142
1752584,2019,119,0,0,25,144
1752584,2020,131,0,0,0,131
1752584,2021,134,0,0,0,134
1752584,2022,96,0,0,88,184
1752584,2023,107,0,0,0,107
1752584,2024,185,0,0,0,185
1752584,2025,99,0,0,0,99
1752623,2000,1,0,0,0,1
1752623,2001,1,0,0,0,1
1752623,2002,4,0,0,0,4
1752623,2003,0,0,0,0,0
1752623,2004,3,0,0,0,3
1752623,2005,1,0,0,0,1
1752623,2006,4,0,0,0,4
1752623,2007,1,0,0,0,1
1752623,2008,0,0,0,0,0
1752623,2009,0,0,0,0,0
1752623,2010,0,0,0,0,0
1752623,2011,0,0,0,0,0
1752623,2012,0,0,0,0,0
1752623,2013,0,0,0,0,0
1752623,2014,2,0,0,0,2
1752623,2015,1,0,0,0,1
1752623,2016,3,0,0,0,3
1752623,2017,0,0,0,0,0
1752623,2018,0,0,0,0,0
1752623,2019,1,0,0,0,1
1752623,2020,0,0,0,0,0
1752623,2021,0,0,0,0,0
1752623,2022,2,0,0,0,2
1752623,2023,1,0,0,0,1
1752623,2024,1,0,0,0,1
1752623,2025,0,0,0,0,0
1752844,2013,3,0,0,0,3
1752844,2014,1,0,0,0,1
1752844,2015,0,0,0,0,0
1752844,2016,0,0,0,0,0
1752844,2017,1,0,0,0,1
1752844,2018,1,0,0,0,1
1752844,2019,1,0,0,0,1
1752844,2020,1,0,0,0,1
1752844,2021,3,0,0,0,3
1752844,2022,1,0,0,0,1
1752844,2023,0,0,0,0,0
1752844,2024,2,0,0,0,2
1752844,2025,2,0,4,0,6
1752961,2000,2,0,0,0,2
1752961,2001,0,0,0,0,0
1752961,2002,0,0,0,0,0
1752961,2003,0,0,0,0,0
1752961,2004,0,0,0,0,0
1752961,2005,0,0,0,0,0
1752961,2006,0,0,0,0,0
1752961,2007,0,0,0,0,0
1752961,2008,0,0,0,0,0
1752961,2009,0,0,0,0,0
1752961,2010,0,0,0,0,0
1752961,2011,0,0,0,0,0
1752961,2012,0,0,0,0,0
1752961,2013,0,0,0,0,0
1752961,2014,0,0,0,0,0
1752961,2015,0,0,0,0,0
1752961,2016,0,0,0,0,0
1752961,2017,0,0,0,0,0
1752961,2018,0,0,0,0,0
1752961,2019,0,0,0,0,0
1752961,2020,0,0,0,0,0
1752961,2021,0,0,0,0,0
1752961,2022,0,0,0,0,0
1752961,2023,0,0,0,0,0
1752961,2024,0,0,0,0,0
1752961,2025,0,0,0,0,0
1753000,2000,9,0,0,0,9
1753000,2001,21,0,0,68,89
1753000,2002,12,0,0,68,80
1753000,2003,8,0,0,72,80
1753000,2004,16,0,0,0,16
1753000,2005,23,0,0,0,23
1753000,2006,21,0,0,0,21
1753000,2007,13,0,0,0,13
1753000,2008,8,0,0,0,8
1753000,2009,0,0,0,0,0
1753000,2010,3,0,0,0,3
1753000,2011,1,0,0,0,1
1753000,2012,2,0,0,0,2
1753000,2013,5,0,0,0,5
1753000,2014,3,0,0,0,3
1753000,2015,7,0,0,0,7
1753000,2016,3,0,0,0,3
1753000,2017,1,0,0,0,1
1753000,2018,2,0,0,0,2
1753000,2019,2,0,0,0,2
1753000,2020,0,0,0,0,0
1753000,2021,3,0,0,0,3
1753000,2022,0,0,0,0,0
1753000,2023,3,0,0,0,3
1753000,2024,4,0,0,228,232
1753000,2025,1,0,0,0,1
1753143,2002,0,0,0,0,0
1753143,2003,0,0,0,0,0
1753143,2004,1,0,0,0,1
1753143,2005,1,0,0,0,1
1753143,2006,0,0,0,0,0
1753143,2007,0,0,0,0,0
1753143,2008,0,0,0,0,0
1753143,2009,0,0,0,0,0
1753143,2010,3,0,0,0,3
1753143,2011,0,0,0,0,0
1753143,2012,0,0,0,0,0
1753143,2013,0,0,0,0,0
1753143,2014,0,0,0,0,0
1753143,2015,1,0,0,0,1
1753143,2016,0,0,0,0,0
1753143,2017,0,0,0,0,0
1753143,2018,0,0,0,0,0
1753143,2019,0,0,0,0,0
1753143,2020,1,0,0,0,1
1753143,2021,1,0,0,0,1
1753143,2022,0,0,0,0,0
1753143,2023,0,0,0,0,0
1753143,2024,1,0,0,0,1
1753143,2025,0,0,0,0,0
1753169,2000,2,0,0,0,2
1753169,2001,2,0,0,0,2
1753169,2002,1,0,0,0,1
1753169,2003,0,0,0,0,0
1753169,2004,0,0,0,0,0
1753234,2000,140,0,3,149,292
1753234,2001,341,0,0,217,558
1753234,2002,354,20,6,158,538
1753234,2003,436,6,8,158,608
1753234,2004,335,0,4,135,474
1753234,2005,279,0,11,18,308
1753234,2006,261,2,0,0,263
1753234,2007,129,0,0,125,254
1753234,2008,122,0,0,53,175
1753234,2009,66,0,0,111,177
1753234,2010,80,0,0,97,177
1753234,2011,51,0,0,260,311
1753234,2012,85,0,0,105,190
1753234,2013,117,0,0,109,226
1753234,2014,81,0,0,6,87
1753234,2015,69,0,4,64,137
1753234,2016,77,0,0,74,151
1753234,2017,59,0,0,164,223
1753234,2018,37,0,0,58,95
1753234,2019,39,10,0,27,76
1753234,2020,65,16,0,0,81
1753234,2021,68,16,0,0,84
1753234,2022,114,0,0,0,114
1753234,2023,71,0,0,0,71
1753234,2024,57,0,4,42,103
1753234,2025,86,2,0,62,150
1753377,2000,7,0,0,0,7
1753377,2001,6,0,0,0,6
1753377,2002,14,0,0,0,14
1753377,2003,15,0,0,0,15
1753377,2004,24,0,0,0,24
1753377,2005,33,0,0,33,66
1753377,2006,52,0,0,0,52
1753377,2007,14,0,0,0,14
1753377,2008,5,0,0,0,5
1753377,2009,2,0,0,0,2
1753377,2010,2,0,0,0,2
1753377,2011,5,0,0,0,5
1753377,2012,4,0,0,0,4
1753377,2013,2,0,0,0,2
1753377,2014,6,0,0,0,6
1753377,2015,9,0,0,0,9
1753377,2016,7,0,0,0,7
1753377,2017,1,0,0,0,1
1753377,2018,1,0,0,0,1
1753377,2019,2,0,0,0,2
1753377,2020,0,0,0,27,27
1753377,2021,4,0,0,0,4
1753377,2022,0,0,0,0,0
1753377,2023,0,0,0,0,0
1753377,2024,0,0,0,0,0
1753377,2025,0,0,0,0,0
1753442,2000,418,0,0,0,418
1753442,2001,239,0,0,0,239
1753442,2002,163,0,0,0,163
1753442,2003,264,0,0,0,264
1753442,2004,242,0,0,60,302
1753442,2005,218,0,0,0,218
1753442,2006,269,0,0,0,269
1753442,2007,97,0,0,0,97
1753442,2008,37,0,0,0,37
1753442,2009,18,0,0,0,18
1753442,2010,17,0,0,0,17
1753442,2011,17,0,0,0,17
1753442,2012,24,0,32,0,56
1753442,2013,31,0,8,48,87
1753442,2014,40,0,0,0,40
1753442,2015,29,0,0,0,29
1753442,2016,13,0,0,300,313
1753442,2017,35,0,0,24,59
1753442,2018,59,0,0,0,59
1753442,2019,81,8,0,0,89
1753442,2020,55,14,0,0,69
1753442,2021,65,18,18,0,101
1753442,2022,52,36,12,200,300
1753442,2023,33,24,0,60,117
1753442,2024,43,2,0,0,45
1753442,2025,55,6,0,0,61
1753455,2000,42,0,0,0,42
1753455,2001,21,0,0,0,21
1753455,2002,13,0,0,0,13
1753455,2003,9,0,0,0,9
1753455,2004,14,0,0,0,14
1753455,2005,9,0,0,0,9
1753455,2006,4,0,0,0,4
1753455,2007,7,0,0,0,7
1753455,2008,2,0,0,0,2
1753455,2009,1,0,0,0,1
1753455,2010,2,0,0,0,2
1753455,2011,3,0,0,0,3
1753455,2012,0,0,0,0,0
1753455,2013,1,0,0,0,1
1753455,2014,4,0,0,0,4
1753455,2015,2,0,0,0,2
1753455,2016,2,0,0,0,2
1753455,2017,1,0,0,0,1
1753455,2018,4,0,0,0,4
1753455,2019,1,0,0,0,1
1753455,2020,1,0,0,0,1
1753455,2021,3,0,0,0,3
1753455,2022,4,0,0,0,4
1753455,2023,1,0,0,0,1
1753455,2024,4,0,0,0,4
1753455,2025,4,0,0,0,4
1753481,2000,94,0,0,0,94
1753481,2001,171,0,0,0,171
1753481,2002,178,0,0,0,178
1753481,2003,120,6,0,164,290
1753481,2004,98,0,0,44,142
1753481,2005,109,0,0,0,109
1753481,2006,83,0,0,0,83
1753481,2007,59,0,0,0,59
1753481,2008,23,0,0,0,23
1753481,2009,21,0,0,0,21
1753481,2010,24,0,0,0,24
1753481,2011,20,0,0,0,20
1753481,2012,27,0,0,0,27
1753481,2013,39,0,0,0,39
1753481,2014,46,0,0,0,46
1753481,2015,38,0,0,0,38
1753481,2016,45,0,0,0,45
1753481,2017,46,0,0,0,46
1753481,2018,37,0,0,0,37
1753481,2019,37,0,0,0,37
1753481,2020,44,0,0,0,44
1753481,2021,49,0,0,0,49
1753481,2022,23,0,18,19,60
1753481,2023,18,0,0,0,18
1753481,2024,25,0,4,68,97
1753481,2025,24,0,4,65,93
1753559,2000,39,2,0,5,46
1753559,2001,24,2,0,0,26
1753559,2002,33,0,0,5,38
1753559,2003,34,2,0,5,41
1753559,2004,32,2,0,0,34
1753559,2005,18,0,0,0,18
1753559,2006,13,0,0,0,13
1753559,2007,4,0,0,0,4
1753559,2008,2,0,0,0,2
1753559,2009,1,0,0,0,1
1753559,2010,0,0,0,0,0
1753559,2011,0,0,0,0,0
1753559,2012,0,0,0,0,0
1753559,2013,0,0,0,0,0
1753559,2014,0,0,0,0,0
1753559,2015,0,0,0,0,0
1753559,2016,0,0,0,0,0
1753559,2017,4,0,0,0,4
1753559,2018,0,0,0,0,0
1753559,2019,7,0,0,0,7
1753559,2020,6,0,0,0,6
1753559,2021,4,0,0,0,4
1753559,2022,5,0,0,0,5
1753559,2023,13,0,0,0,13
1753559,2024,10,0,0,0,10
1753559,2025,12,0,0,0,12
1753585,2002,1,0,0,0,1
1753585,2003,0,0,0,0,0
1753585,2004,0,0,0,0,0
1753585,2005,0,0,0,0,0
1753585,2006,0,0,0,0,0
1753585,2007,8,0,0,0,8
1753585,2008,1,0,0,0,1
1753585,2009,0,0,0,0,0
1753585,2010,0,0,0,0,0
1753585,2011,0,0,0,0,0
1753585,2012,0,0,0,0,0
1753585,2013,0,0,0,0,0
1753585,2014,1,0,0,0,1
1753585,2015,0,0,0,0,0
1753585,2016,0,0,0,0,0
1753585,2017,0,0,0,0,0
1753585,2018,0,0,0,0,0
1753585,2019,0,0,0,0,0
1753585,2020,0,0,0,0,0
1753585,2021,0,0,0,0,0
1753585,2022,0,0,0,0,0
1753585,2023,0,0,0,0,0
1753585,2024,2,0,0,0,2
1753585,2025,0,0,0,0,0
1753663,2000,6,0,0,13,19
1753663,2001,18,0,0,0,18
1753663,2002,43,0,0,0,43
1753663,2003,16,0,0,0,16
1753663,2004,13,0,0,0,13
1753663,2005,15,0,0,0,15
1753663,2006,15,0,0,0,15
1753663,2007,1,0,0,0,1
1753663,2008,9,0,0,6,15
1753663,2009,4,0,0,0,4
1753663,2010,2,0,0,0,2
1753663,2011,6,0,0,0,6
1753663,2012,3,0,0,0,3
1753663,2013,4,0,0,0,4
1753663,2014,10,0,0,0,10
1753663,2015,9,0,0,0,9
1753663,2016,7,0,0,0,7
1753663,2017,3,0,0,0,3
1753663,2018,8,0,0,0,8
1753663,2019,3,2,4,22,31
1753663,2020,4,0,0,0,4
1753663,2021,6,0,0,0,6
1753663,2022,10,0,0,0,10
1753663,2023,5,0,0,0,5
1753663,2024,6,0,0,0,6
1753663,2025,8,0,0,0,8
1753871,2000,0,0,0,0,0
1753871,2001,1,0,0,0,1
1753871,2002,1,0,0,0,1
1753871,2003,2,0,0,0,2
1753871,2004,6,0,0,0,6
1753871,2005,8,0,0,0,8
1753871,2006,11,0,0,133,144
1753871,2007,11,0,0,0,11
1753871,2008,1,0,0,0,1
1753871,2009,0,0,0,0,0
1753871,2010,0,0,0,0,0
1753871,2011,0,0,0,0,0
1753871,2012,0,0,0,0,0
1753871,2013,0,0,0,0,0
1753871,2014,0,0,0,0,0
1753871,2015,1,0,0,71,72
1753871,2016,0,0,0,11,11
1753871,2017,2,0,0,0,2
1753871,2018,0,0,0,16,16
1753871,2019,4,0,0,0,4
1753871,2020,2,0,0,0,2
1753871,2021,2,0,0,0,2
1753871,2022,0,0,0,0,0
1753871,2023,3,0,0,0,3
1753871,2024,0,0,0,0,0
1753871,2025,0,0,0,0,0
1754092,2000,1,0,0,0,1
1754092,2001,6,0,0,0,6
1754092,2002,2,0,0,0,2
1754092,2003,24,0,0,0,24
1754092,2004,24,0,0,0,24
1754092,2005,14,0,0,0,14
1754092,2006,9,0,0,0,9
1754092,2007,13,0,0,0,13
1754092,2008,1,0,0,0,1
1754092,2009,0,0,0,0,0
1754092,2010,7,0,0,0,7
1754092,2011,6,0,0,0,6
1754092,2012,3,0,3,0,6
1754092,2013,3,0,0,0,3
1754092,2014,0,0,0,0,0
1754092,2015,0,0,0,0,0
1754092,2016,1,0,0,0,1
1754092,2017,1,0,0,0,1
1754092,2018,2,0,0,0,2
1754092,2019,0,0,0,0,0
1754092,2020,0,0,0,0,0
1754092,2021,0,0,0,0,0
1754092,2022,0,0,0,0,0
1754092,2023,0,0,0,0,0
1754092,2024,0,0,0,0,0
1754092,2025,0,0,0,0,0
1754144,2000,1,0,0,0,1
1754144,2001,1,0,0,0,1
1754144,2002,2,0,0,0,2
1754144,2003,1,0,0,0,1
1754144,2004,0,0,0,0,0
1754144,2005,0,0,0,0,0
1754144,2006,0,0,4,0,4
1754144,2007,0,0,0,0,0
1754144,2008,1,0,0,0,1
1754144,2009,0,0,0,0,0
1754144,2010,0,0,0,0,0
1754144,2011,0,0,0,0,0
1754144,2012,0,0,0,0,0
1754144,2013,0,0,0,0,0
1754144,2014,0,0,0,0,0
1754144,2015,0,0,0,0,0
1754144,2016,0,0,0,0,0
1754144,2017,0,0,0,0,0
1754144,2018,0,0,0,0,0
1754144,2019,0,0,0,0,0
1754144,2020,0,0,0,0,0
1754144,2021,0,0,0,0,0
1754144,2022,0,0,0,0,0
1754144,2023,0,0,0,0,0
1754144,2024,0,0,0,0,0
1754144,2025,0,0,0,0,0
1754222,2000,8,0,0,0,8
1754222,2001,7,0,0,0,7
1754222,2002,4,0,0,0,4
1754222,2003,1,0,0,0,1
1754222,2004,1,0,0,0,1
1754222,2005,9,0,0,0,9
1754222,2006,10,4,0,0,14
1754222,2007,11,4,0,0,15
1754222,2008,6,0,0,0,6
1754222,2009,10,0,0,0,10
1754222,2010,10,0,0,0,10
1754222,2011,10,0,0,0,10
1754222,2012,1,0,0,0,1
1754222,2013,1,0,0,0,1
1754222,2014,1,0,0,0,1
1754222,2015,1,0,0,0,1
1754222,2016,1,0,0,0,1
1754222,2017,5,0,0,0,5
1754222,2018,5,0,0,0,5
1754222,2019,5,0,0,0,5
1754222,2020,6,0,0,0,6
1754222,2021,7,0,0,0,7
1754222,2022,2,0,0,0,2
1754222,2023,2,0,0,0,2
1754222,2024,1,0,0,0,1
1754222,2025,1,0,0,0,1
1754404,2024,0,0,0,0,0
1754404,2025,0,0,0,0,0
1754534,2000,37,0,0,0,37
1754534,2001,33,0,0,0,33
1754534,2002,32,0,0,0,32
1754534,2003,34,0,0,0,34
1754534,2004,33,0,0,0,33
1754534,2005,32,0,0,0,32
1754534,2006,12,0,0,0,12
1754534,2007,17,0,0,0,17
1754534,2008,9,0,0,0,9
1754534,2009,13,0,0,0,13
1754534,2010,8,0,0,0,8
1754534,2011,6,0,0,0,6
1754534,2012,11,0,0,0,11
1754534,2013,19,0,0,0,19
1754534,2014,20,0,0,0,20
1754534,2015,19,0,0,0,19
1754534,2016,12,0,0,0,12
1754534,2017,20,0,0,0,20
1754534,2018,6,0,0,0,6
1754534,2019,15,0,0,0,15
1754534,2020,7,0,0,0,7
1754534,2021,5,0,0,0,5
1754534,2022,17,0,0,0,17
1754534,2023,14,0,0,0,14
1754534,2024,19,0,0,0,19
1754534,2025,20,0,0,0,20
1754560,2000,1,0,0,0,1
1754560,2001,3,0,0,0,3
1754560,2002,1,0,0,0,1
1754560,2003,1,0,0,0,1
1754560,2004,5,0,0,0,5
1754560,2005,0,0,0,112,112
1754560,2006,10,0,0,0,10
1754560,2007,7,0,0,0,7
1754560,2008,1,0,0,0,1
1754560,2009,0,0,0,0,0
1754560,2010,0,0,0,0,0
1754560,2011,1,0,0,0,1
1754560,2012,0,0,0,0,0
1754560,2013,11,0,0,0,11
1754560,2014,0,0,0,0,0
1754560,2015,5,0,3,0,8
1754560,2016,5,0,0,0,5
1754560,2017,1,0,0,0,1
1754560,2018,0,0,0,0,0
1754560,2019,0,0,0,0,0
1754560,2020,3,0,0,0,3
1754560,2021,0,0,0,0,0
1754560,2022,1,0,0,0,1
1754560,2023,0,0,0,0,0
1754560,2024,2,0,0,0,2
1754560,2025,2,0,0,0,2
1754638,2000,51,0,0,24,75
1754638,2001,62,0,0,25,87
1754638,2002,60,0,0,38,98
1754638,2003,29,0,12,38,79
1754638,2004,31,2,25,73,131
1754638,2005,20,0,0,38,58
1754638,2006,13,0,0,52,65
1754638,2007,4,0,0,12,16
1754638,2008,4,0,0,0,4
1754638,2009,1,0,0,0,1
1754638,2010,4,0,0,0,4
1754638,2011,1,0,0,0,1
1754638,2012,1,0,0,0,1
1754638,2013,1,0,0,0,1
1754638,2014,2,0,0,0,2
1754638,2015,3,0,0,0,3
1754638,2016,1,0,0,0,1
1754638,2017,2,0,0,0,2
1754638,2018,4,0,0,0,4
1754638,2019,1,0,0,0,1
1754638,2020,1,0,0,0,1
1754638,2021,1,0,0,0,1
1754638,2022,1,0,0,0,1
1754638,2023,18,0,0,75,93
1754638,2024,1,0,0,0,1
1754638,2025,32,0,0,55,87
1754703,2000,0,0,0,0,0
1754703,2001,0,0,0,0,0
1754703,2002,0,0,0,0,0
1754703,2003,0,0,0,0,0
1754703,2004,0,0,0,0,0
1754703,2005,0,0,0,0,0
1754703,2006,0,0,0,0,0
1754703,2007,0,0,0,0,0
1754703,2008,1,0,0,0,1
1754703,2009,0,0,0,0,0
1754703,2010,0,0,0,0,0
1754703,2011,0,0,0,0,0
1754703,2012,0,0,0,0,0
1754703,2017,0,0,0,0,0
1754703,2018,0,0,0,0,0
1754703,2019,0,0,0,0,0
1754703,2020,0,0,0,0,0
1754703,2021,0,0,0,0,0
1754703,2022,0,0,0,0,0
1754703,2023,0,0,0,0,0
1754703,2024,5,0,0,0,5
1754703,2025,5,0,0,0,5
1754781,2000,0,0,0,0,0
1754781,2001,0,0,0,0,0
1754781,2002,3,0,0,0,3
1754781,2003,0,0,0,0,0
1754781,2004,0,0,0,0,0
1754781,2005,0,0,0,0,0
1754781,2006,2,0,0,0,2
1754781,2007,3,0,0,0,3
1754781,2008,2,0,0,0,2
1754781,2009,1,0,0,0,1
1754781,2010,0,0,0,0,0
1754781,2011,5,0,0,0,5
1754781,2012,7,0,0,0,7
1754781,2013,0,0,0,0,0
1754781,2014,0,0,0,0,0
1754781,2015,0,0,0,0,0
1754781,2016,0,0,0,0,0
1754781,2017,0,0,0,0,0
1754781,2018,0,0,0,0,0
1754781,2019,0,0,0,0,0
1754781,2020,0,0,0,0,0
1754781,2021,0,0,0,0,0
1754781,2022,0,0,0,0,0
1754781,2023,0,0,0,0,0
1754781,2024,0,0,0,0,0
1754781,2025,0,0,0,0,0
1754820,2000,68,0,4,24,96
1754820,2001,84,0,0,18,102
1754820,2002,106,2,0,23,131
1754820,2003,57,0,0,12,69
1754820,2004,49,0,0,104,153
1754820,2005,66,0,0,108,174
1754820,2006,56,0,0,5,61
1754820,2007,30,0,0,80,110
1754820,2008,11,0,0,0,11
1754820,2009,1,0,0,0,1
1754820,2010,5,0,0,0,5
1754820,2011,2,0,0,0,2
1754820,2012,5,0,0,0,5
1754820,2013,6,0,0,0,6
1754820,2014,5,0,0,0,5
1754820,2015,10,0,0,0,10
1754820,2016,14,0,0,0,14
1754820,2017,9,0,0,0,9
1754820,2018,3,0,0,0,3
1754820,2019,13,0,0,0,13
1754820,2020,17,0,0,0,17
1754820,2021,13,0,0,0,13
1754820,2022,8,0,0,0,8
1754820,2023,5,0,0,0,5
1754820,2024,1,0,0,0,1
1754820,2025,5,0,0,6,11
1754885,2000,6,0,0,0,6
1754885,2001,14,0,0,0,14
1754885,2002,13,0,0,0,13
1754885,2003,13,0,0,0,13
1754885,2004,6,0,0,7,13
1754885,2005,6,0,3,59,68
1754885,2006,60,0,0,16,76
1754885,2007,35,0,0,32,67
1754885,2008,23,0,0,15,38
1754885,2009,4,0,0,0,4
1754885,2010,2,0,0,0,2
1754885,2011,0,0,0,0,0
1754885,2012,2,0,0,60,62
1754885,2013,1,0,0,0,1
1754885,2014,10,0,0,270,280
1754885,2015,29,0,0,0,29
1754885,2016,20,0,0,270,290
1754885,2017,3,0,0,291,294
1754885,2018,9,0,21,283,313
1754885,2019,18,0,6,41,65
1754885,2020,1,0,0,0,1
1754885,2021,1,0,0,42,43
1754885,2022,2,0,0,44,46
1754885,2023,1,0,0,0,1
1754885,2024,0,0,0,0,0
1754885,2025,0,0,0,0,0
1755002,2000,0,2,0,0,2
1755002,2001,0,2,0,0,2
1755002,2002,1,0,0,0,1
1755002,2003,2,0,0,0,2
1755002,2004,2,0,0,0,2
1755002,2005,0,0,0,0,0
1755002,2006,0,0,0,0,0
1755002,2007,0,0,0,0,0
1755002,2008,0,0,0,0,0
1755002,2009,0,0,0,0,0
1755002,2010,0,0,0,0,0
1755002,2011,1,0,0,0,1
1755002,2012,0,0,0,0,0
1755002,2013,0,0,0,0,0
1755002,2014,0,0,0,0,0
1755002,2015,1,0,0,0,1
1755002,2016,1,0,0,0,1
1755002,2017,0,0,0,0,0
1755002,2018,0,0,0,0,0
1755002,2019,0,0,0,0,0
1755002,2020,0,0,0,0,0
1755002,2021,0,0,0,0,0
1755002,2022,0,0,0,0,0
1755002,2023,0,0,0,0,0
1755002,2024,0,0,0,0,0
1755002,2025,0,0,0,0,0
1755041,2000,15,0,0,0,15
1755041,2001,13,0,0,0,13
1755041,2002,11,0,0,0,11
1755041,2003,13,0,0,0,13
1755041,2004,10,0,0,0,10
1755041,2005,7,0,0,0,7
1755041,2006,5,0,0,0,5
1755041,2007,4,0,0,0,4
1755041,2008,3,0,0,0,3
1755041,2009,3,0,0,0,3
1755041,2010,4,0,0,0,4
1755041,2011,2,0,0,0,2
1755041,2012,4,0,0,0,4
1755041,2013,0,0,0,0,0
1755041,2014,0,0,0,0,0
1755041,2015,1,0,0,0,1
1755041,2016,1,0,0,0,1
1755041,2017,0,0,0,0,0
1755041,2018,1,0,0,0,1
1755041,2019,2,0,0,0,2
1755041,2020,3,0,0,0,3
1755041,2021,0,0,0,0,0
1755041,2022,0,0,0,0,0
1755041,2023,0,0,0,0,0
1755041,2024,0,0,0,0,0
1755041,2025,0,0,0,0,0
1755132,2000,0,0,0,0,0
1755132,2001,0,0,0,0,0
1755132,2002,0,0,0,0,0
1755132,2003,0,0,0,0,0
1755132,2004,0,0,0,0,0
1755132,2005,0,0,0,0,0
1755132,2006,0,0,0,0,0
1755132,2007,0,0,0,0,0
1755132,2008,0,0,0,0,0
1755132,2009,0,0,0,0,0
1755132,2010,0,0,0,0,0
1755132,2011,0,0,0,0,0
1755132,2012,0,0,0,0,0
1755132,2013,1,0,0,0,1
1755132,2014,0,0,0,0,0
1755132,2015,0,0,0,0,0
1755132,2016,0,0,0,0,0
1755132,2017,0,0,0,0,0
1755132,2018,1,0,0,0,1
1755132,2019,0,0,0,0,0
1755132,2020,0,0,0,0,0
1755132,2021,0,0,0,0,0
1755132,2022,0,0,0,0,0
1755132,2023,0,0,0,0,0
1755132,2024,0,0,0,0,0
1755132,2025,0,0,0,0,0
1755171,2000,1,0,0,0,1
1755171,2001,1,0,0,0,1
1755171,2002,5,0,0,0,5
1755171,2003,2,0,0,0,2
1755171,2004,7,2,0,0,9
1755171,2005,5,0,0,0,5
1755171,2006,1,0,0,0,1
1755171,2007,3,0,0,0,3
1755171,2008,0,0,0,0,0
1755171,2009,0,0,0,0,0
1755171,2010,1,0,0,0,1
1755171,2011,0,0,0,0,0
1755171,2012,0,0,0,0,0
1755171,2013,1,0,0,0,1
1755171,2014,0,0,0,0,0
1755171,2015,0,0,0,0,0
1755171,2016,1,0,0,0,1
1755171,2017,0,0,0,0,0
1755171,2018,1,0,0,0,1
1755171,2019,0,0,0,0,0
1755171,2020,0,0,0,0,0
1755171,2021,0,0,0,0,0
1755171,2022,0,0,0,0,0
1755171,2023,0,0,0,0,0
1755171,2024,0,0,0,0,0
1755171,2025,0,0,0,0,0
1755210,2003,0,0,0,0,0
1755210,2004,1,0,0,0,1
1755210,2005,1,0,0,0,1
1755210,2006,0,0,0,0,0
1755210,2007,0,0,0,0,0
1755210,2008,0,0,0,0,0
1755210,2009,0,0,0,0,0
1755210,2010,0,0,0,0,0
1755210,2011,0,0,0,0,0
1755210,2012,0,0,0,0,0
1755210,2013,0,0,0,0,0
1755210,2014,0,0,0,0,0
1755210,2015,0,0,0,0,0
1755210,2016,0,0,0,0,0
1755210,2017,0,0,0,0,0
1755210,2018,0,0,0,0,0
1755210,2019,0,0,0,0,0
1755210,2020,0,0,0,0,0
1755210,2021,0,0,0,0,0
1755210,2022,0,0,0,0,0
1755210,2023,0,0,0,0,0
1755210,2024,0,0,0,0,0
1755210,2025,0,0,0,0,0
1755249,2000,224,0,0,24,248
1755249,2001,240,10,0,30,280
1755249,2002,194,42,0,252,488
1755249,2003,296,28,0,0,324
1755249,2004,358,4,0,0,362
1755249,2005,384,0,0,24,408
1755249,2006,304,0,0,24,328
1755249,2007,203,2,0,0,205
1755249,2008,121,0,0,0,121
1755249,2009,99,0,0,0,99
1755249,2010,140,0,0,232,372
1755249,2011,95,0,0,0,95
1755249,2012,101,0,0,0,101
1755249,2013,84,0,0,0,84
1755249,2014,126,0,0,0,126
1755249,2015,134,0,0,0,134
1755249,2016,145,0,0,0,145
1755249,2017,148,0,16,56,220
1755249,2018,166,0,0,0,166
1755249,2019,126,0,0,0,126
1755249,2020,108,0,0,46,154
1755249,2021,116,0,0,12,128
1755249,2022,90,0,0,31,121
1755249,2023,83,2,6,14,105
1755249,2024,100,24,0,212,336
1755249,2025,72,92,7,29,200
1755275,2000,0,0,3,0,3
1755275,2001,3,0,0,0,3
1755275,2002,0,0,0,0,0
1755275,2003,4,0,0,0,4
1755275,2004,1,0,0,0,1
1755275,2005,1,0,0,0,1
1755275,2006,0,0,0,0,0
1755275,2007,0,0,0,0,0
1755275,2008,0,0,0,0,0
1755275,2009,0,0,0,0,0
1755275,2010,0,0,0,0,0
1755275,2011,0,0,0,0,0
1755275,2012,0,0,0,0,0
1755275,2013,0,0,0,0,0
1755275,2014,1,0,0,0,1
1755275,2015,1,0,0,0,1
1755275,2016,1,0,0,0,1
1755275,2017,2,0,0,0,2
1755275,2018,2,0,0,0,2
1755275,2019,0,0,0,0,0
1755275,2020,2,0,0,0,2
1755275,2021,0,0,0,0,0
1755275,2022,0,0,0,0,0
1755275,2023,0,0,0,0,0
1755275,2024,0,0,0,0,0
1755275,2025,0,0,0,0,0
1755353,2000,4,2,8,0,14
1755353,2001,9,0,0,0,9
1755353,2002,11,0,4,0,15
1755353,2003,5,0,0,0,5
1755353,2004,20,2,0,0,22
1755353,2005,18,0,0,0,18
1755353,2006,25,0,0,0,25
1755353,2007,17,0,0,0,17
1755353,2008,5,2,4,0,11
1755353,2009,5,0,0,0,5
1755353,2010,4,0,0,0,4
1755353,2011,0,0,0,0,0
1755353,2012,0,0,0,0,0
1755353,2013,1,0,0,0,1
1755353,2014,1,0,0,0,1
1755353,2015,0,0,0,0,0
1755353,2016,1,2,0,0,3
1755353,2017,6,0,0,0,6
1755353,2018,6,0,0,0,6
1755353,2019,0,0,0,0,0
1755353,2020,0,0,0,0,0
1755353,2021,0,0,0,0,0
1755353,2022,0,0,0,0,0
1755353,2023,0,0,0,0,0
1755353,2024,2,0,0,0,2
1755353,2025,1,0,0,0,1
1755470,2000,6,0,0,0,6
1755470,2001,6,0,0,0,6
1755470,2002,1,0,0,0,1
1755470,2003,12,0,0,0,12
1755470,2004,8,0,0,0,8
1755470,2005,8,0,0,0,8
1755470,2006,5,0,0,0,5
1755470,2007,5,0,0,0,5
1755470,2008,6,0,0,0,6
1755470,2009,3,2,0,0,5
1755470,2010,5,0,0,0,5
1755470,2011,1,0,0,0,1
1755470,2012,5,0,0,0,5
1755470,2013,1,2,0,0,3
1755470,2014,3,0,0,0,3
1755470,2015,3,0,0,0,3
1755470,2016,1,0,0,0,1
1755470,2017,1,0,0,0,1
1755470,2018,1,0,0,0,1
1755470,2019,2,0,0,0,2
1755470,2020,3,0,0,0,3
1755470,2021,2,0,0,0,2
1755470,2022,5,0,0,0,5
1755470,2023,1,0,0,0,1
1755470,2024,0,0,0,0,0
1755470,2025,0,0,0,0,0
1755639,2000,0,0,0,0,0
1755639,2001,1,0,0,0,1
1755639,2002,0,0,0,0,0
1755639,2003,0,0,0,0,0
1755639,2004,0,0,0,0,0
1755639,2005,0,0,0,0,0
1755639,2006,0,0,0,0,0
1755639,2007,0,0,0,0,0
1755639,2008,0,0,0,0,0
1755639,2009,0,0,0,0,0
1755639,2010,1,0,0,0,1
1755639,2011,0,0,0,0,0
1755639,2012,0,0,0,0,0
1755639,2013,0,0,0,0,0
1755639,2014,0,0,0,0,0
1755639,2015,0,0,0,0,0
1755639,2016,0,0,0,0,0
1755639,2017,0,0,0,0,0
1755639,2018,0,0,0,0,0
1755639,2019,0,0,0,0,0
1755639,2020,0,0,0,0,0
1755639,2021,0,0,0,0,0
1755639,2022,0,0,0,0,0
1755639,2023,0,0,0,0,0
1755639,2024,0,0,0,0,0
1755639,2025,0,0,0,0,0
1755899,2000,0,0,0,0,0
1755899,2001,0,0,0,0,0
1755899,2002,0,0,0,0,0
1755899,2003,0,0,0,0,0
1755899,2004,0,0,0,0,0
1755912,2000,15,0,0,30,45
1755912,2001,19,42,0,0,61
1755912,2002,14,0,0,20,34
1755912,2003,15,0,0,0,15
1755912,2004,12,0,0,18,30
1755912,2005,12,0,0,0,12
1755912,2006,14,0,0,0,14
1755912,2007,11,0,0,0,11
1755912,2008,8,0,0,0,8
1755912,2009,9,0,0,0,9
1755912,2010,7,0,0,0,7
1755912,2011,8,0,0,0,8
1755912,2012,5,0,0,0,5
1755912,2013,4,0,0,0,4
1755912,2014,4,0,0,0,4
1755912,2015,9,0,0,0,9
1755912,2016,3,0,0,0,3
1755912,2017,3,0,0,0,3
1755912,2018,2,0,0,0,2
1755912,2019,2,0,0,0,2
1755912,2020,0,0,0,0,0
1755912,2021,1,0,0,0,1
1755912,2022,3,0,0,0,3
1755912,2023,3,0,0,0,3
1755912,2024,6,0,0,0,6
1755912,2025,8,0,0,0,8
1755938,2000,16,2,0,0,18
1755938,2001,2,2,0,0,4
1755938,2002,13,0,0,0,13
1755938,2003,7,0,0,0,7
1755938,2004,9,0,8,0,17
1755938,2005,17,6,12,0,35
1755938,2006,14,0,0,0,14
1755938,2007,32,0,0,0,32
1755938,2008,6,0,0,0,6
1755938,2009,1,0,0,0,1
1755938,2010,1,0,0,0,1
1755938,2011,3,0,0,0,3
1755938,2012,0,0,0,0,0
1755938,2013,2,0,0,0,2
1755938,2014,0,0,0,0,0
1755938,2015,0,0,0,0,0
1755938,2016,0,0,0,0,0
1755938,2017,0,0,0,0,0
1755938,2018,0,0,0,0,0
1755938,2019,7,0,0,0,7
1755938,2020,0,0,0,0,0
1755938,2021,0,2,0,0,2
1755938,2022,0,2,0,0,2
1755938,2023,0,2,0,0,2
1755938,2024,0,0,0,0,0
1755938,2025,0,0,0,0,0
1756081,2000,0,0,0,0,0
1756081,2001,2,4,0,0,6
1756081,2002,1,0,0,0,1
1756081,2003,2,0,0,0,2
1756081,2004,2,0,0,0,2
1756081,2005,3,0,0,0,3
1756081,2006,1,0,0,0,1
1756081,2007,0,0,0,0,0
1756081,2008,1,0,0,0,1
1756081,2009,0,0,0,0,0
1756081,2010,0,0,0,0,0
1756081,2011,0,0,0,0,0
1756081,2012,3,0,0,0,3
1756081,2013,4,0,0,0,4
1756081,2014,1,0,0,0,1
1756081,2015,0,0,0,0,0
1756081,2016,1,0,0,0,1
1756081,2017,3,0,0,0,3
1756081,2018,1,0,0,0,1
1756081,2019,0,0,0,0,0
1756081,2020,0,0,0,0,0
1756081,2021,0,0,0,0,0
1756081,2022,2,0,0,0,2
1756081,2023,1,0,0,0,1
1756081,2024,1,0,0,0,1
1756081,2025,1,0,0,0,1
1756237,2000,0,0,0,0,0
1756237,2001,1,0,0,0,1
1756237,2002,6,0,0,0,6
1756237,2003,4,0,0,0,4
1756237,2004,3,0,0,0,3
1756237,2005,1,0,0,0,1
1756237,2006,2,0,0,0,2
1756237,2007,1,0,0,0,1
1756237,2008,4,0,0,0,4
1756237,2009,4,0,0,0,4
1756237,2010,4,0,0,0,4
1756237,2011,4,0,0,0,4
1756237,2012,4,0,0,0,4
1756237,2013,1,0,0,0,1
1756237,2014,1,0,0,0,1
1756237,2015,0,0,0,0,0
1756237,2016,2,0,0,0,2
1756237,2017,0,0,0,0,0
1756237,2018,2,0,0,0,2
1756237,2019,4,0,0,0,4
1756237,2020,2,0,0,0,2
1756237,2021,0,0,0,0,0
1756237,2022,1,0,0,0,1
1756237,2023,0,0,0,0,0
1756237,2024,1,0,0,0,1
1756237,2025,0,0,0,0,0
1756341,2000,5,0,0,0,5
1756341,2001,4,0,0,0,4
1756341,2002,4,0,0,0,4
1756341,2003,3,0,0,0,3
1756341,2004,1,0,0,0,1
1756341,2005,6,0,0,0,6
1756341,2006,4,0,0,0,4
1756341,2007,3,0,0,0,3
1756341,2008,2,0,0,0,2
1756341,2009,1,0,0,0,1
1756341,2010,0,0,0,0,0
1756341,2011,0,0,0,0,0
1756341,2012,0,0,0,0,0
1756341,2013,0,0,0,0,0
1756341,2014,0,0,0,0,0
1756341,2015,0,0,0,0,0
1756341,2016,0,0,0,0,0
1756341,2017,1,0,0,0,1
1756341,2018,0,0,0,0,0
1756341,2019,0,0,0,0,0
1756341,2020,0,0,0,0,0
1756341,2021,0,0,0,0,0
1756341,2022,0,0,0,0,0
1756341,2023,0,0,0,0,0
1756341,2024,0,0,0,0,0
1756341,2025,0,0,0,0,0
1756471,2000,6,0,0,0,6
1756471,2001,3,0,0,8,11
1756471,2002,3,0,0,9,12
1756471,2003,3,0,0,11,14
1756471,2004,3,0,0,9,12
1756471,2005,1,0,0,0,1
1756471,2006,0,0,0,0,0
1756471,2007,0,0,0,0,0
1756471,2008,0,0,0,0,0
1756471,2009,0,0,0,0,0
1756471,2010,0,0,0,0,0
1756471,2011,0,0,0,0,0
1756471,2012,0,0,0,0,0
1756471,2013,0,0,0,0,0
1756471,2014,0,0,0,0,0
1756471,2015,0,0,0,0,0
1756471,2016,0,0,0,0,0
1756471,2017,0,0,0,0,0
1756471,2018,0,0,0,0,0
1756471,2019,0,0,0,0,0
1756471,2020,0,0,0,0,0
1756471,2021,0,0,0,0,0
1756471,2022,0,0,0,0,0
1756471,2023,0,0,0,0,0
1756471,2024,0,0,0,0,0
1756471,2025,0,0,0,0,0
1756484,2000,7,0,0,0,7
1756484,2001,15,0,0,0,15
1756484,2002,20,0,0,0,20
1756484,2003,5,4,0,0,9
1756484,2004,8,0,0,0,8
1756484,2005,4,2,0,0,6
1756484,2006,4,0,0,12,16
1756484,2007,3,0,0,0,3
1756484,2008,0,0,0,0,0
1756484,2009,1,0,0,0,1
1756484,2010,0,2,0,0,2
1756484,2011,1,0,0,0,1
1756484,2012,0,0,0,0,0
1756484,2013,2,0,0,0,2
1756484,2014,1,0,4,0,5
1756484,2015,0,0,0,0,0
1756484,2016,2,0,0,0,2
1756484,2017,5,0,0,0,5
1756484,2018,4,0,0,0,4
1756484,2019,0,2,0,0,2
1756484,2020,0,2,0,0,2
1756484,2021,0,0,0,0,0
1756484,2022,0,0,0,0,0
1756484,2023,0,6,0,0,6
1756484,2024,2,0,0,0,2
1756484,2025,1,0,0,0,1
1756601,2000,6,0,0,0,6
1756601,2001,1,0,0,0,1
1756601,2002,7,0,0,0,7
1756601,2003,2,0,0,0,2
1756601,2004,5,0,0,0,5
1756601,2005,11,0,0,0,11
1756601,2006,5,0,0,0,5
1756601,2007,1,0,0,0,1
1756601,2008,1,0,0,0,1
1756601,2009,0,0,0,0,0
1756601,2010,0,0,0,0,0
1756601,2011,6,0,0,0,6
1756601,2012,1,0,0,0,1
1756601,2013,1,0,0,0,1
1756601,2014,1,0,0,0,1
1756601,2015,0,0,0,0,0
1756601,2016,0,0,0,0,0
1756601,2017,0,0,0,0,0
1756601,2018,0,0,0,0,0
1756601,2019,0,0,0,0,0
1756601,2020,1,0,0,0,1
1756601,2021,1,0,0,0,1
1756601,2022,0,0,0,0,0
1756601,2023,0,0,0,0,0
1756601,2024,0,0,0,0,0
1756601,2025,0,0,0,0,0
1756627,2000,40,0,0,0,40
1756627,2001,50,0,0,0,50
1756627,2002,62,0,0,0,62
1756627,2003,41,0,0,60,101
1756627,2004,1,0,0,0,1
1756627,2005,0,0,0,36,36
1756627,2006,0,0,0,0,0
1756627,2007,0,0,0,0,0
1756627,2008,0,0,0,0,0
1756627,2009,0,0,0,0,0
1756627,2010,0,0,0,0,0
1756627,2011,0,0,0,0,0
1756627,2012,0,0,0,0,0
1756627,2013,0,0,0,0,0
1756627,2014,0,0,0,0,0
1756627,2015,0,0,0,0,0
1756627,2016,0,0,0,0,0
1756627,2017,0,0,0,0,0
1756627,2018,0,0,0,0,0
1756627,2019,0,0,0,0,0
1756627,2020,0,0,0,0,0
1756627,2021,0,0,0,0,0
1756627,2022,0,0,0,0,0
1756627,2023,0,0,0,0,0
1756627,2024,0,0,0,0,0
1756627,2025,0,0,0,0,0
1756640,2000,357,0,0,108,465
1756640,2001,391,0,0,36,427
1756640,2002,477,0,0,12,489
1756640,2003,403,36,10,137,586
1756640,2004,475,0,0,24,499
1756640,2005,221,0,0,32,253
1756640,2006,196,0,0,51,247
1756640,2007,45,0,0,24,69
1756640,2008,44,0,0,0,44
1756640,2009,13,0,0,0,13
1756640,2010,38,0,0,0,38
1756640,2011,34,0,0,0,34
1756640,2012,76,0,0,375,451
1756640,2013,68,0,0,0,68
1756640,2014,81,0,0,0,81
1756640,2015,139,0,0,168,307
1756640,2016,62,0,0,0,62
1756640,2017,64,2,0,0,66
1756640,2018,29,0,0,0,29
1756640,2019,39,16,8,0,63
1756640,2020,34,14,13,123,184
1756640,2021,174,0,0,0,174
1756640,2022,51,0,0,0,51
1756640,2023,48,0,0,0,48
1756640,2024,23,0,0,0,23
1756640,2025,29,0,0,0,29
1756887,2000,513,64,16,0,593
1756887,2001,439,4,20,160,623
1756887,2002,356,8,28,185,577
1756887,2003,649,10,24,37,720
1756887,2004,620,10,24,90,744
1756887,2005,734,6,53,75,868
1756887,2006,679,0,0,48,727
1756887,2007,421,0,0,11,432
1756887,2008,149,0,0,5,154
1756887,2009,136,0,0,0,136
1756887,2010,116,0,0,0,116
1756887,2011,112,0,0,0,112
1756887,2012,115,0,0,0,115
1756887,2013,226,0,0,0,226
1756887,2014,119,0,0,63,182
1756887,2015,70,0,0,0,70
1756887,2016,50,0,0,0,50
1756887,2017,52,0,0,0,52
1756887,2018,112,46,0,280,438
1756887,2019,92,0,0,0,92
1756887,2020,105,6,0,26,137
1756887,2021,118,12,0,30,160
1756887,2022,222,8,8,136,374
1756887,2023,107,6,77,427,617
1756887,2024,181,2,0,215,398
1756887,2025,267,2,44,116,429
1756926,2000,73,0,38,0,111
1756926,2001,71,0,40,0,111
1756926,2002,73,0,45,0,118
1756926,2003,81,0,0,0,81
1756926,2004,84,12,0,60,156
1756926,2005,80,8,0,60,148
1756926,2006,72,6,0,59,137
1756926,2007,39,0,0,0,39
1756926,2008,20,8,0,0,28
1756926,2009,9,0,0,0,9
1756926,2010,5,2,0,0,7
1756926,2011,8,0,4,0,12
1756926,2012,11,0,12,52,75
1756926,2013,27,0,0,0,27
1756926,2014,27,0,0,0,27
1756926,2015,21,0,0,0,21
1756926,2016,25,0,0,0,25
1756926,2017,29,2,0,0,31
1756926,2018,29,8,0,0,37
1756926,2019,22,4,0,56,82
1756926,2020,26,0,0,0,26
1756926,2021,33,0,0,0,33
1756926,2022,20,8,16,0,44
1756926,2023,27,6,0,0,33
1756926,2024,13,0,0,0,13
1756926,2025,9,0,0,0,9
1757225,2000,209,0,8,28,245
1757225,2001,172,2,10,97,281
1757225,2002,133,0,12,163,308
1757225,2003,114,0,12,106,232
1757225,2004,118,0,29,426,573
1757225,2005,110,0,17,206,333
1757225,2006,90,2,4,121,217
1757225,2007,40,2,0,54,96
1757225,2008,25,0,0,0,25
1757225,2009,8,0,0,0,8
1757225,2010,16,0,0,0,16
1757225,2011,31,0,3,0,34
1757225,2012,33,0,3,0,36
1757225,2013,51,0,0,0,51
1757225,2014,34,0,45,10,89
1757225,2015,31,0,0,16,47
1757225,2016,30,0,16,16,62
1757225,2017,39,0,12,0,51
1757225,2018,11,0,0,0,11
1757225,2019,6,0,12,44,62
1757225,2020,7,0,0,0,7
1757225,2021,6,0,0,0,6
1757225,2022,11,0,0,0,11
1757225,2023,6,0,0,58,64
1757225,2024,5,0,0,0,5
1757225,2025,3,4,0,0,7
1757303,2000,0,0,0,0,0
1757303,2001,0,0,0,0,0
1757303,2002,0,0,0,0,0
1757303,2003,0,0,0,0,0
1757303,2004,0,0,0,0,0
1757303,2005,0,0,0,0,0
1757303,2006,0,0,0,0,0
1757303,2007,0,0,0,0,0
1757303,2008,0,0,0,0,0
1757303,2009,0,0,0,0,0
1757303,2010,0,0,0,0,0
1757303,2011,0,0,0,0,0
1757303,2012,0,0,0,0,0
1757303,2013,0,0,0,0,0
1757303,2014,0,0,0,0,0
1757303,2015,0,0,0,0,0
1757303,2016,0,0,0,0,0
1757303,2017,0,0,0,0,0
1757303,2018,0,0,0,0,0
1757303,2019,0,0,0,0,0
1757303,2020,0,0,0,0,0
1757303,2021,0,0,0,0,0
1757303,2022,0,0,0,0,0
1757303,2023,0,0,0,0,0
1757303,2024,0,0,0,0,0
1757303,2025,0,0,0,0,0
1757381,2000,98,12,4,7,121
1757381,2001,137,20,4,31,192
1757381,2002,145,4,3,10,162
1757381,2003,157,0,0,0,157
1757381,2004,108,0,0,0,108
1757381,2005,55,0,0,0,55
1757381,2006,17,0,0,0,17
1757381,2007,9,0,0,20,29
1757381,2008,3,0,0,0,3
1757381,2009,1,0,0,0,1
1757381,2010,2,0,0,0,2
1757381,2011,1,0,0,0,1
1757381,2012,0,0,0,0,0
1757381,2013,0,0,0,0,0
1757381,2014,0,0,0,0,0
1757381,2015,1,0,0,0,1
1757381,2016,0,0,0,0,0
1757381,2017,0,0,0,154,154
1757381,2018,0,0,0,0,0
1757381,2019,0,0,0,0,0
1757381,2020,0,0,0,0,0
1757381,2021,1,0,0,0,1
1757381,2022,0,0,0,0,0
1757381,2023,1,0,0,0,1
1757381,2024,6,0,0,0,6
1757381,2025,1,0,0,0,1
1757394,2000,18,0,0,12,30
1757394,2001,19,0,4,12,35
1757394,2002,33,0,0,12,45
1757394,2003,25,0,0,0,25
1757394,2004,20,0,0,0,20
1757394,2005,32,0,0,0,32
1757394,2006,15,0,0,0,15
1757394,2007,6,0,0,0,6
1757394,2008,3,0,0,0,3
1757394,2009,2,0,0,0,2
1757394,2010,3,0,0,0,3
1757394,2011,0,0,0,0,0
1757394,2012,2,0,0,0,2
1757394,2013,3,0,0,0,3
1757394,2014,6,0,0,0,6
1757394,2015,7,0,0,0,7
1757394,2016,5,0,0,0,5
1757394,2017,7,0,0,0,7
1757394,2018,6,0,0,0,6
1757394,2019,6,0,0,0,6
1757394,2020,7,0,0,0,7
1757394,2021,5,0,0,0,5
1757394,2022,23,0,0,0,23
1757394,2023,4,0,0,0,4
1757394,2024,11,0,0,0,11
1757394,2025,2,0,0,0,2
1757407,2000,47,0,0,0,47
1757407,2001,7,0,0,0,7
1757407,2002,10,0,0,0,10
1757407,2003,7,0,0,0,7
1757407,2004,22,0,0,0,22
1757407,2005,20,0,0,0,20
1757407,2006,26,0,0,0,26
1757407,2007,14,0,0,0,14
1757407,2008,4,0,0,81,85
1757407,2009,6,0,0,0,6
1757407,2010,4,0,0,0,4
1757407,2011,4,0,0,0,4
1757407,2012,1,0,0,0,1
1757407,2013,2,0,0,0,2
1757407,2014,1,0,0,0,1
1757407,2015,2,0,0,0,2
1757407,2016,0,0,0,0,0
1757407,2017,2,0,0,0,2
1757407,2018,1,0,0,0,1
1757407,2019,16,0,0,0,16
1757407,2020,16,0,0,0,16
1757407,2021,7,0,0,0,7
1757407,2022,7,0,0,0,7
1757407,2023,3,0,0,0,3
1757407,2024,2,0,0,0,2
1757407,2025,2,0,0,0,2
1757472,2000,8,0,0,0,8
1757472,2001,5,0,0,0,5
1757472,2002,32,0,0,0,32
1757472,2003,21,0,0,0,21
1757472,2004,2,0,0,0,2
1757472,2005,4,0,0,0,4
1757472,2006,4,0,0,0,4
1757472,2007,7,0,0,0,7
1757472,2008,7,0,0,0,7
1757472,2009,5,0,0,0,5
1757472,2010,4,0,0,0,4
1757472,2011,1,0,0,0,1
1757472,2012,4,0,0,0,4
1757472,2013,4,0,0,0,4
1757472,2014,4,0,0,0,4
1757472,2015,4,0,0,0,4
1757472,2016,0,0,0,0,0
1757472,2017,2,0,0,0,2
1757472,2018,3,0,0,0,3
1757472,2019,0,0,0,0,0
1757472,2020,0,0,0,0,0
1757472,2021,3,0,0,0,3
1757472,2022,2,0,0,0,2
1757472,2023,1,0,0,0,1
1757472,2024,2,0,0,0,2
1757472,2025,0,0,0,0,0
1757576,2000,1,0,0,0,1
1757576,2001,1,0,0,0,1
1757576,2002,1,0,0,0,1
1757576,2003,1,0,0,0,1
1757576,2004,1,0,0,0,1
1757576,2005,1,0,0,0,1
1757576,2006,0,0,0,0,0
1757576,2007,0,0,0,0,0
1757576,2008,0,0,0,0,0
1757576,2009,0,0,0,0,0
1757576,2010,0,0,0,0,0
1757576,2011,0,0,0,0,0
1757576,2012,0,0,0,0,0
1757576,2013,0,0,0,0,0
1757576,2014,0,0,0,0,0
1757576,2015,0,0,0,0,0
1757576,2016,0,0,0,0,0
1757576,2017,0,0,0,0,0
1757576,2018,0,0,0,0,0
1757576,2019,0,0,0,0,0
1757576,2020,0,0,0,0,0
1757576,2021,0,0,0,0,0
1757576,2022,0,0,0,0,0
1757576,2023,0,0,0,0,0
1757576,2024,0,0,0,0,0
1757576,2025,0,0,0,0,0
1757628,2000,22,0,0,46,68
1757628,2001,12,0,0,0,12
1757628,2002,10,0,0,0,10
1757628,2003,20,0,0,0,20
1757628,2004,9,4,0,0,13
1757628,2005,8,2,0,0,10
1757628,2006,17,0,0,0,17
1757628,2007,10,0,0,0,10
1757628,2008,7,4,0,0,11
1757628,2009,3,0,0,0,3
1757628,2010,5,0,0,0,5
1757628,2011,2,0,0,0,2
1757628,2012,5,0,0,0,5
1757628,2013,2,0,0,0,2
1757628,2014,3,34,8,0,45
1757628,2015,45,0,0,0,45
1757628,2016,3,0,0,0,3
1757628,2017,1,0,0,0,1
1757628,2018,0,0,0,0,0
1757628,2019,3,0,0,0,3
1757628,2020,0,0,0,0,0
1757628,2021,0,0,0,0,0
1757628,2022,0,0,0,0,0
1757628,2023,8,0,0,0,8
1757628,2024,5,0,0,0,5
1757628,2025,3,0,0,0,3
1757654,2000,0,0,0,0,0
1757654,2001,7,0,0,0,7
1757654,2002,7,0,0,0,7
1757654,2003,8,0,0,0,8
1757654,2004,9,0,0,0,9
1757654,2005,1,0,0,0,1
1757654,2006,0,0,0,0,0
1757654,2007,0,0,0,0,0
1757654,2008,0,0,0,0,0
1757654,2009,0,0,0,0,0
1757654,2010,0,0,0,0,0
1757654,2011,0,0,0,0,0
1757654,2012,0,0,0,0,0
1757654,2013,0,0,0,0,0
1757654,2014,0,0,0,0,0
1757654,2015,0,0,0,0,0
1757654,2016,0,0,0,0,0
1757654,2017,0,0,0,0,0
1757654,2018,0,0,0,0,0
1757654,2019,0,0,0,0,0
1757654,2020,0,0,0,0,0
1757654,2021,0,0,0,0,0
1757654,2022,0,0,0,0,0
1757654,2023,0,0,0,0,0
1757654,2024,0,0,0,0,0
1757654,2025,0,0,0,0,0
1757732,2000,15,0,0,95,110
1757732,2001,4,0,0,0,4
1757732,2002,7,0,0,0,7
1757732,2003,4,0,0,0,4
1757732,2004,11,0,0,0,11
1757732,2005,10,0,0,0,10
1757732,2006,40,0,0,0,40
1757732,2007,24,0,0,0,24
1757732,2008,0,0,0,0,0
1757732,2009,0,0,0,0,0
1757732,2010,0,0,0,0,0
1757732,2011,0,0,0,0,0
1757732,2012,0,2,0,0,2
1757732,2013,0,0,0,0,0
1757732,2014,0,0,0,0,0
1757732,2015,0,0,0,0,0
1757732,2016,0,0,0,0,0
1757732,2017,0,0,0,0,0
1757732,2018,0,0,0,0,0
1757732,2019,0,0,0,0,0
1757732,2020,0,0,0,0,0
1757732,2021,0,0,0,0,0
1757732,2022,2,0,0,0,2
1757732,2023,0,0,0,0,0
1757732,2024,0,0,0,44,44
1757732,2025,0,0,0,0,0
1757875,2000,68,0,0,0,68
1757875,2001,82,0,3,0,85
1757875,2002,63,0,0,0,63
1757875,2003,87,0,0,20,107
1757875,2004,97,0,0,0,97
1757875,2005,140,0,0,0,140
1757875,2006,100,0,4,31,135
1757875,2007,48,0,0,114,162
1757875,2008,44,0,0,0,44
1757875,2009,27,0,0,0,27
1757875,2010,8,0,0,0,8
1757875,2011,23,0,0,0,23
1757875,2012,34,0,0,0,34
1757875,2013,24,0,0,0,24
1757875,2014,35,2,0,0,37
1757875,2015,49,0,0,0,49
1757875,2016,50,0,0,10,60
1757875,2017,38,0,0,28,66
1757875,2018,27,0,0,0,27
1757875,2019,18,0,0,0,18
1757875,2020,20,0,0,0,20
1757875,2021,24,0,0,0,24
1757875,2022,8,0,0,0,8
1757875,2023,11,0,0,0,11
1757875,2024,16,0,0,0,16
1757875,2025,14,0,0,0,14
1758174,2000,4,0,0,0,4
1758174,2001,5,0,0,0,5
1758174,2002,5,0,0,0,5
1758174,2003,10,2,0,0,12
1758174,2004,15,0,0,0,15
1758174,2005,9,0,0,0,9
1758174,2006,3,0,0,0,3
1758174,2007,3,2,0,0,5
1758174,2008,2,0,0,0,2
1758174,2009,1,0,0,0,1
1758174,2010,2,0,0,0,2
1758174,2011,1,0,0,0,1
1758174,2012,2,0,0,0,2
1758174,2013,1,0,0,0,1
1758174,2014,3,0,0,0,3
1758174,2015,3,0,0,0,3
1758174,2016,2,0,0,0,2
1758174,2017,1,0,0,0,1
1758174,2018,1,0,0,0,1
1758174,2019,0,0,0,0,0
1758174,2020,30,0,0,0,30
1758174,2021,0,0,0,0,0
1758174,2022,3,0,0,0,3
1758174,2023,0,0,0,0,0
1758174,2024,0,0,0,0,0
1758174,2025,0,0,0,0,0
1758226,2000,2,0,0,0,2
1758226,2001,2,0,0,0,2
1758226,2002,3,0,0,0,3
1758226,2003,2,0,0,0,2
1758226,2004,8,0,0,0,8
1758226,2005,14,0,0,0,14
1758226,2006,4,0,0,0,4
1758226,2007,0,0,0,0,0
1758226,2008,0,0,0,0,0
1758226,2009,0,0,0,0,0
1758226,2010,0,0,0,0,0
1758226,2011,1,0,0,0,1
1758226,2012,0,0,0,0,0
1758226,2013,0,0,0,0,0
1758226,2014,0,0,0,0,0
1758226,2015,0,0,0,0,0
1758226,2016,0,0,0,0,0
1758226,2017,0,0,0,0,0
1758226,2018,0,0,0,0,0
1758226,2019,0,0,0,0,0
1758226,2020,0,0,0,0,0
1758226,2021,0,0,0,0,0
1758226,2022,0,0,0,0,0
1758226,2023,0,0,0,0,0
1758226,2024,0,0,0,0,0
1758226,2025,0,0,0,0,0
1758239,2000,11,2,0,0,13
1758239,2001,9,0,0,12,21
1758239,2002,6,0,4,0,10
1758239,2003,6,0,0,0,6
1758239,2004,7,0,0,0,7
1758239,2005,2,0,4,0,6
1758239,2006,12,0,0,0,12
1758239,2007,3,0,3,5,11
1758239,2008,2,0,0,0,2
1758239,2009,6,0,0,0,6
1758239,2010,2,0,0,0,2
1758239,2011,2,0,0,6,8
1758239,2012,4,0,0,8,12
1758239,2013,4,0,0,0,4
1758239,2014,2,0,0,0,2
1758239,2015,0,0,0,0,0
1758239,2016,0,0,4,0,4
1758239,2017,2,0,0,8,10
1758239,2018,1,0,0,0,1
1758239,2019,2,0,0,0,2
1758239,2020,1,0,0,0,1
1758239,2021,0,0,0,0,0
1758239,2022,1,0,0,0,1
1758239,2023,0,0,0,0,0
1758239,2024,2,0,0,0,2
1758239,2025,2,0,0,0,2
1758369,2000,3,0,0,0,3
1758369,2001,3,0,0,0,3
1758369,2002,2,0,0,0,2
1758369,2003,2,0,0,0,2
1758369,2004,2,0,0,0,2
1758369,2005,3,0,0,0,3
1758369,2006,1,0,0,0,1
1758369,2007,1,0,0,0,1
1758369,2008,0,0,0,0,0
1758369,2009,0,0,0,0,0
1758369,2010,0,0,0,0,0
1758369,2011,0,0,0,0,0
1758369,2012,1,0,0,0,1
1758369,2013,2,0,0,0,2
1758369,2014,0,0,0,0,0
1758369,2015,0,0,0,0,0
1758369,2016,0,0,0,0,0
1758369,2017,0,0,0,0,0
1758369,2018,0,0,0,0,0
1758369,2019,1,0,0,0,1
1758369,2020,1,0,0,0,1
1758369,2021,1,0,0,0,1
1758369,2022,0,0,0,0,0
1758369,2023,0,0,0,0,0
1758369,2024,0,0,0,0,0
1758369,2025,0,0,0,0,0
1758408,2000,27,0,0,0,27
1758408,2001,5,4,0,0,9
1758408,2002,14,0,0,0,14
1758408,2003,30,0,0,0,30
1758408,2004,17,0,0,0,17
1758408,2005,9,0,0,0,9
1758408,2006,5,0,0,0,5
1758408,2007,2,0,0,0,2
1758408,2008,1,0,0,0,1
1758408,2009,0,0,0,0,0
1758408,2010,0,0,0,0,0
1758408,2011,0,0,0,0,0
1758408,2012,0,0,0,0,0
1758408,2013,0,0,0,0,0
1758408,2014,0,0,0,0,0
1758408,2015,0,0,0,0,0
1758408,2016,0,0,0,0,0
1758408,2017,0,0,0,0,0
1758408,2018,1,0,0,0,1
1758408,2019,0,0,0,0,0
1758408,2020,0,0,0,0,0
1758408,2021,0,0,0,0,0
1758408,2022,0,0,0,0,0
1758408,2023,0,0,0,0,0
1758408,2024,0,0,0,0,0
1758408,2025,1,0,0,0,1
1758447,2000,56,0,0,0,56
1758447,2001,62,0,0,0,62
1758447,2002,62,8,0,0,70
1758447,2003,74,22,9,0,105
1758447,2004,68,32,3,0,103
1758447,2005,70,74,0,0,144
1758447,2006,64,14,0,0,78
1758447,2007,56,18,0,60,134
1758447,2008,29,0,0,0,29
1758447,2009,25,0,0,0,25
1758447,2010,30,0,0,0,30
1758447,2011,20,0,0,0,20
1758447,2012,20,6,0,0,26
1758447,2013,22,8,0,0,30
1758447,2014,28,0,0,0,28
1758447,2015,34,0,0,0,34
1758447,2016,8,2,0,0,10
1758447,2017,4,0,0,0,4
1758447,2018,4,0,0,0,4
1758447,2019,7,20,0,0,27
1758447,2020,8,2,0,0,10
1758447,2021,6,8,0,0,14
1758447,2022,5,2,0,16,23
1758447,2023,4,2,0,0,6
1758447,2024,7,0,0,0,7
1758447,2025,7,0,0,0,7
1759000,2000,401,2,8,278,689
1759000,2001,296,0,8,0,304
1759000,2002,352,34,20,0,406
1759000,2003,291,74,0,136,501
1759000,2004,318,66,16,132,532
1759000,2005,301,60,8,315,684
1759000,2006,240,72,4,144,460
1759000,2007,306,22,7,96,431
1759000,2008,233,0,0,112,345
1759000,2009,132,2,4,7,145
1759000,2010,146,12,0,191,349
1759000,2011,143,2,0,16,161
1759000,2012,220,14,0,0,234
1759000,2013,147,6,0,0,153
1759000,2014,51,0,0,0,51
1759000,2015,49,0,0,0,49
1759000,2016,39,0,0,0,39
1759000,2017,32,0,0,0,32
1759000,2018,32,0,0,0,32
1759000,2019,33,0,0,0,33
1759000,2020,35,0,0,0,35
1759000,2021,51,0,0,0,51
1759000,2022,39,0,0,0,39
1759000,2023,35,0,0,0,35
1759000,2024,36,0,0,0,36
1759000,2025,36,0,0,0,36
1759026,2000,2,0,0,0,2
1759026,2001,2,2,0,0,4
1759026,2002,2,0,0,0,2
1759026,2003,3,0,0,0,3
1759026,2004,3,0,0,0,3
1759026,2005,3,0,0,0,3
1759026,2006,3,0,0,0,3
1759026,2007,2,0,0,0,2
1759026,2008,1,0,0,0,1
1759026,2009,2,0,0,0,2
1759026,2010,0,0,0,0,0
1759026,2011,0,0,0,0,0
1759026,2012,0,0,0,0,0
1759026,2013,0,0,0,0,0
1759026,2014,3,0,0,0,3
1759026,2015,3,0,0,0,3
1759026,2016,2,0,0,0,2
1759026,2017,1,0,0,0,1
1759026,2018,1,0,0,36,37
1759026,2019,0,0,0,0,0
1759026,2020,0,0,0,0,0
1759026,2021,0,0,0,0,0
1759026,2022,0,0,0,0,0
1759026,2023,0,0,0,0,0
1759026,2024,0,0,0,0,0
1759026,2025,0,0,0,0,0
1759052,2000,19,0,0,0,19
1759052,2001,22,0,0,0,22
1759052,2002,35,0,0,0,35
1759052,2003,52,0,0,0,52
1759052,2004,22,0,0,0,22
1759052,2005,66,0,0,0,66
1759052,2006,52,0,0,0,52
1759052,2007,23,0,0,0,23
1759052,2008,4,0,0,0,4
1759052,2009,3,0,0,0,3
1759052,2010,5,0,0,0,5
1759052,2011,0,0,0,0,0
1759052,2012,0,0,0,0,0
1759052,2013,4,0,0,0,4
1759052,2014,1,0,0,0,1
1759052,2015,2,0,0,8,10
1759052,2016,3,0,0,8,11
1759052,2017,5,0,0,0,5
1759052,2018,2,0,0,0,2
1759052,2019,12,0,0,0,12
1759052,2020,19,0,3,0,22
1759052,2021,16,0,0,0,16
1759052,2022,11,0,0,0,11
1759052,2023,9,0,0,0,9
1759052,2024,6,0,0,0,6
1759052,2025,3,0,0,0,3
1759104,2000,0,0,0,0,0
1759104,2001,0,0,0,0,0
1759104,2002,0,4,0,0,4
1759104,2003,0,0,0,0,0
1759104,2004,0,0,0,0,0
1759156,2000,0,0,0,0,0
1759156,2001,0,0,0,0,0
1759156,2002,0,0,0,0,0
1759156,2003,0,0,0,0,0
1759156,2004,0,0,0,0,0
1759156,2005,0,0,0,0,0
1759156,2006,0,0,0,0,0
1759156,2007,0,0,0,0,0
1759156,2008,0,0,0,0,0
1759156,2009,1,0,0,0,1
1759156,2010,1,0,0,0,1
1759156,2011,0,0,0,0,0
1759156,2012,0,0,0,0,0
1759156,2013,0,0,0,0,0
1759156,2014,4,0,0,0,4
1759156,2015,1,0,0,0,1
1759156,2016,0,0,0,0,0
1759156,2017,0,0,0,0,0
1759156,2018,0,0,0,0,0
1759156,2019,0,0,0,0,0
1759156,2020,0,0,0,0,0
1759156,2021,2,0,0,0,2
1759156,2022,0,0,0,0,0
1759156,2023,0,0,0,0,0
1759156,2024,0,0,0,0,0
1759156,2025,0,0,0,0,0
1759234,2000,29,12,0,0,41
1759234,2001,16,6,0,0,22
1759234,2002,37,0,0,0,37
1759234,2003,44,4,0,0,48
1759234,2004,40,0,0,0,40
1759234,2005,27,0,0,0,27
1759234,2006,29,0,0,0,29
1759234,2007,17,0,0,0,17
1759234,2008,6,0,0,6,12
1759234,2009,10,0,0,0,10
1759234,2010,6,0,0,0,6
1759234,2011,4,0,0,0,4
1759234,2012,3,0,0,0,3
1759234,2013,6,0,0,0,6
1759234,2014,6,0,0,0,6
1759234,2015,5,2,0,0,7
1759234,2016,7,0,0,0,7
1759234,2017,7,4,3,0,14
1759234,2018,3,0,0,0,3
1759234,2019,3,0,0,0,3
1759234,2020,3,0,0,0,3
1759234,2021,3,0,0,0,3
1759234,2022,3,0,0,0,3
1759234,2023,16,2,0,0,18
1759234,2024,14,0,0,0,14
1759234,2025,5,0,0,0,5
1759273,2000,1,0,0,0,1
1759273,2001,1,0,0,0,1
1759273,2002,1,0,0,0,1
1759273,2003,0,0,0,0,0
1759273,2004,4,0,0,0,4
1759273,2005,2,0,0,0,2
1759273,2006,3,0,0,0,3
1759273,2007,3,0,0,0,3
1759273,2008,0,0,0,0,0
1759273,2009,0,0,0,0,0
1759273,2010,0,0,0,0,0
1759273,2011,0,0,0,0,0
1759273,2012,0,0,0,0,0
1759273,2013,0,0,0,0,0
1759273,2014,0,0,0,0,0
1759273,2015,0,0,0,0,0
1759273,2016,0,0,0,0,0
1759273,2017,1,0,0,0,1
1759273,2018,0,0,0,0,0
1759273,2019,2,0,0,0,2
1759273,2020,2,0,0,0,2
1759273,2021,1,0,0,0,1
1759273,2022,0,0,0,0,0
1759273,2023,0,0,0,0,0
1759273,2024,0,2,0,0,2
1759273,2025,0,0,0,0,0
1759312,2000,9,0,0,0,9
1759312,2001,6,0,0,0,6
1759312,2002,15,0,0,0,15
1759312,2003,16,0,0,0,16
1759312,2004,6,0,0,0,6
1759312,2005,6,0,0,0,6
1759312,2006,4,0,0,0,4
1759312,2007,1,0,0,0,1
1759312,2008,1,0,0,0,1
1759312,2009,3,0,0,0,3
1759312,2010,3,0,0,0,3
1759312,2011,0,0,0,0,0
1759312,2012,0,0,0,0,0
1759312,2013,0,0,0,0,0
1759312,2014,3,0,0,0,3
1759312,2015,3,0,0,0,3
1759312,2016,3,0,0,0,3
1759312,2017,5,0,0,0,5
1759312,2018,5,0,0,0,5
1759312,2019,1,0,0,0,1
1759312,2020,1,0,0,0,1
1759312,2021,2,0,0,0,2
1759312,2022,2,0,0,0,2
1759312,2023,1,0,0,0,1
1759312,2024,1,0,0,0,1
1759312,2025,1,0,0,0,1
1759533,2000,20,0,0,0,20
1759533,2001,20,0,0,0,20
1759533,2002,22,0,0,0,22
1759533,2003,24,0,0,0,24
1759533,2004,24,0,0,0,24
1759533,2005,23,0,0,0,23
1759533,2006,15,0,0,0,15
1759533,2007,11,0,0,0,11
1759533,2008,6,0,0,0,6
1759533,2009,0,0,0,0,0
1759533,2010,0,0,0,0,0
1759533,2011,0,0,0,0,0
1759533,2012,0,0,0,0,0
1759533,2013,0,0,0,0,0
1759533,2014,0,0,0,0,0
1759533,2015,0,0,0,0,0
1759533,2016,0,0,0,0,0
1759533,2017,0,0,0,0,0
1759533,2018,0,0,0,0,0
1759533,2019,0,0,0,0,0
1759533,2020,0,0,0,0,0
1759533,2021,0,0,0,0,0
1759533,2022,0,0,0,0,0
1759533,2023,2,0,0,0,2
1759533,2024,0,0,0,0,0
1759533,2025,0,0,0,0,0
1759572,2000,1,0,0,0,1
1759572,2001,1,0,0,0,1
1759572,2002,2,0,0,0,2
1759572,2003,1,0,0,0,1
1759572,2004,2,0,0,0,2
1759572,2005,1,0,0,0,1
1759572,2006,7,4,0,0,11
1759572,2007,2,0,0,0,2
1759572,2008,2,0,0,0,2
1759572,2009,1,0,0,0,1
1759572,2010,0,0,0,0,0
1759572,2011,0,0,0,0,0
1759572,2012,0,0,0,0,0
1759572,2013,0,0,0,0,0
1759572,2014,0,0,0,0,0
1759572,2015,0,0,0,0,0
1759572,2016,0,0,0,0,0
1759572,2017,0,0,0,0,0
1759572,2018,0,0,0,0,0
1759572,2019,0,0,0,0,0
1759572,2020,0,0,0,0,0
1759572,2021,0,0,0,0,0
1759572,2022,0,0,0,0,0
1759572,2023,0,0,0,0,0
1759572,2024,0,0,0,0,0
1759572,2025,0,0,0,0,0
1759709,2003,0,0,0,0,0
1759709,2004,0,0,0,0,0
1759709,2005,2,0,0,0,2
1759709,2006,2,0,0,0,2
1759709,2007,0,0,0,0,0
1759709,2008,0,0,0,0,0
1759709,2009,0,0,0,0,0
1759709,2010,0,0,0,0,0
1759709,2011,0,0,0,0,0
1759709,2012,0,0,0,0,0
1759709,2013,0,0,0,0,0
1759709,2014,0,0,0,0,0
1759709,2015,1,0,0,0,1
1759709,2016,0,0,0,0,0
1759709,2017,0,0,0,0,0
1759709,2018,0,0,0,0,0
1759709,2019,2,0,0,0,2
1759709,2020,0,0,0,0,0
1759709,2021,0,0,0,0,0
1759709,2022,0,0,0,0,0
1759709,2023,0,0,0,0,0
1759709,2024,0,0,0,0,0
1759709,2025,0,0,0,0,0
1759988,2003,0,0,0,0,0
1759988,2004,3,0,0,0,3
1759988,2005,656,0,0,0,656
1759988,2006,550,0,0,32,582
1759988,2007,202,0,0,0,202
1759988,2008,104,0,0,0,104
1759988,2009,95,0,0,0,95
1759988,2010,25,10,4,0,39
1759988,2011,49,12,8,0,69
1759988,2012,111,48,35,11,205
1759988,2013,147,2,0,0,149
1759988,2014,277,0,0,0,277
1759988,2015,285,0,0,0,285
1759988,2016,263,0,0,0,263
1759988,2017,333,0,0,0,333
1759988,2018,379,0,0,0,379
1759988,2019,65,0,0,0,65
1759988,2020,151,0,0,0,151
1759988,2021,143,2,0,0,145
1759988,2022,51,0,0,5,56
1759988,2023,52,4,36,41,133
1759988,2024,152,0,16,30,198
1759988,2025,61,0,20,28,109
1760079,2000,0,0,0,0,0
1760079,2001,0,0,0,0,0
1760079,2002,0,0,0,0,0
1760079,2003,0,0,0,0,0
1760079,2004,0,0,0,0,0
1760079,2005,0,0,0,0,0
1760079,2006,1,0,0,0,1
1760079,2007,0,0,0,0,0
1760079,2008,0,0,0,0,0
1760079,2009,0,0,0,0,0
1760079,2010,0,0,0,0,0
1760079,2011,0,0,0,0,0
1760079,2012,0,0,0,0,0
1760079,2013,0,0,0,0,0
1760079,2014,0,0,0,0,0
1760079,2015,0,0,0,0,0
1760079,2016,0,0,0,0,0
1760079,2017,0,0,0,0,0
1760079,2018,0,0,0,0,0
1760079,2019,0,0,0,0,0
1760079,2020,0,0,0,0,0
1760079,2021,0,0,0,0,0
1760079,2022,0,0,0,0,0
1760079,2023,0,0,0,0,0
1760079,2024,0,0,0,0,0
1760079,2025,0,0,0,0,0
1760222,2000,13,0,0,0,13
1760222,2001,13,0,0,0,13
1760222,2002,13,0,0,0,13
1760222,2003,14,0,0,0,14
1760222,2004,15,0,0,0,15
1760222,2005,14,0,0,0,14
1760222,2006,12,0,0,0,12
1760222,2007,2,2,0,0,4
1760222,2008,5,0,0,0,5
1760222,2009,2,0,0,0,2
1760222,2010,2,0,0,0,2
1760222,2011,3,0,0,0,3
1760222,2012,2,0,0,0,2
1760222,2013,3,0,0,15,18
1760222,2014,4,0,0,0,4
1760222,2015,0,0,0,0,0
1760222,2016,0,0,0,0,0
1760222,2017,4,0,0,0,4
1760222,2018,1,2,0,0,3
1760222,2019,4,4,0,0,8
1760222,2020,4,0,0,0,4
1760222,2021,2,2,0,0,4
1760222,2022,2,2,0,0,4
1760222,2023,1,0,0,0,1
1760222,2024,0,0,0,0,0
1760222,2025,0,0,0,0,0
1760287,2000,602,0,0,0,602
1760287,2001,627,0,12,0,639
1760287,2002,947,0,0,0,947
1760287,2003,1449,0,0,0,1449
1760287,2004,1320,0,0,0,1320
1760287,2005,1407,0,0,0,1407
1760287,2006,998,0,0,186,1184
1760287,2007,400,4,0,0,404
1760287,2008,164,4,0,0,168
1760287,2009,66,0,0,0,66
1760287,2010,59,0,0,0,59
1760287,2011,88,0,0,0,88
1760287,2012,104,0,8,340,452
1760287,2013,136,0,0,0,136
1760287,2014,163,0,0,0,163
1760287,2015,139,12,0,0,151
1760287,2016,143,0,0,200,343
1760287,2017,144,0,0,0,144
1760287,2018,180,0,0,0,180
1760287,2019,202,0,0,0,202
1760287,2020,256,0,0,0,256
1760287,2021,356,0,0,0,356
1760287,2022,419,0,0,0,419
1760287,2023,390,0,0,0,390
1760287,2024,460,0,0,0,460
1760287,2025,740,0,0,0,740
1760352,2000,10,0,0,0,10
1760352,2001,11,0,0,0,11
1760352,2002,2,2,0,0,4
1760352,2003,24,6,0,0,30
1760352,2004,429,68,0,0,497
1760352,2005,678,0,0,0,678
1760352,2006,465,0,0,0,465
1760352,2007,167,0,0,0,167
1760352,2008,19,0,0,41,60
1760352,2009,5,0,0,0,5
1760352,2010,6,0,0,0,6
1760352,2011,0,0,0,0,0
1760352,2012,0,0,0,0,0
1760352,2013,0,0,0,0,0
1760352,2014,1,0,0,0,1
1760352,2015,0,0,4,0,4
1760352,2016,2,0,48,0,50
1760352,2017,4,0,0,0,4
1760352,2018,35,0,0,0,35
1760352,2019,59,0,0,0,59
1760352,2020,73,0,0,0,73
1760352,2021,91,0,0,0,91
1760352,2022,55,0,0,0,55
1760352,2023,14,0,0,0,14
1760352,2024,2,0,0,0,2
1760352,2025,0,0,4,0,4
1760599,2000,1,0,0,0,1
1760599,2001,1,0,0,0,1
1760599,2002,1,0,0,0,1
1760599,2003,1,0,0,0,1
1760599,2004,1,0,0,0,1
1760599,2005,1,0,0,0,1
1760599,2006,1,0,0,0,1
1760599,2007,1,0,0,0,1
1760599,2008,1,0,0,0,1
1760599,2009,1,0,0,0,1
1760599,2010,1,0,0,0,1
1760599,2011,1,0,0,0,1
1760599,2012,1,0,0,0,1
1760599,2013,2,0,0,0,2
1760599,2014,2,0,0,0,2
1760599,2015,2,0,0,0,2
1760599,2016,2,0,0,0,2
1760599,2017,2,0,0,0,2
1760599,2018,2,0,0,0,2
1760599,2019,2,0,0,0,2
1760599,2020,2,0,0,0,2
1760599,2021,2,0,0,0,2
1760599,2022,2,0,0,0,2
1760599,2023,3,0,0,0,3
1760599,2024,1,0,0,0,1
1760599,2025,0,0,0,0,0
1760872,2000,0,0,0,0,0
1760872,2001,1,0,0,0,1
1760872,2002,0,0,0,0,0
1760872,2003,1,0,0,7,8
1760872,2004,0,0,0,0,0
1760872,2005,1,0,0,0,1
1760872,2006,1,0,0,0,1
1760872,2007,2,0,0,0,2
1760872,2008,1,0,0,0,1
1760872,2009,3,0,0,0,3
1760872,2010,1,0,0,0,1
1760872,2011,1,0,0,0,1
1760872,2012,1,0,0,0,1
1760872,2013,0,0,0,0,0
1760872,2014,0,0,0,0,0
1760872,2015,0,0,0,0,0
1760872,2016,2,0,0,0,2
1760872,2017,0,0,0,0,0
1760872,2018,0,0,0,0,0
1760872,2019,0,0,0,0,0
1760872,2020,0,0,0,0,0
1760872,2021,0,0,0,0,0
1760872,2022,0,0,0,0,0
1760872,2023,0,0,0,0,0
1760872,2024,0,0,0,0,0
1760872,2025,3,0,0,0,3
1760937,2000,2,0,0,0,2
1760937,2001,4,0,0,0,4
1760937,2002,3,0,0,0,3
1760937,2003,6,0,0,0,6
1760937,2004,7,0,0,0,7
1760937,2005,2,0,0,0,2
1760937,2006,7,0,0,0,7
1760937,2007,4,0,0,0,4
1760937,2008,1,0,0,0,1
1760937,2009,0,0,0,0,0
1760937,2010,0,0,0,0,0
1760937,2011,1,0,0,0,1
1760937,2012,2,0,0,0,2
1760937,2013,0,0,0,0,0
1760937,2014,1,0,0,0,1
1760937,2015,0,0,0,0,0
1760937,2016,0,0,0,0,0
1760937,2017,0,0,0,0,0
1760937,2018,0,0,0,0,0
1760937,2019,0,0,0,0,0
1760937,2020,0,0,0,0,0
1760937,2021,1,0,0,0,1
1760937,2022,1,0,0,0,1
1760937,2023,0,0,0,0,0
1760937,2024,0,0,0,0,0
1760937,2025,0,0,0,0,0
1761015,2000,17,2,0,8,27
1761015,2001,13,0,0,0,13
1761015,2002,26,0,0,0,26
1761015,2003,19,2,0,0,21
1761015,2004,19,8,0,0,27
1761015,2005,13,6,0,0,19
1761015,2006,16,10,0,0,26
1761015,2007,13,4,4,60,81
1761015,2008,6,0,0,0,6
1761015,2009,4,2,0,0,6
1761015,2010,2,0,0,0,2
1761015,2011,2,2,0,0,4
1761015,2012,0,2,0,0,2
1761015,2013,0,4,0,0,4
1761015,2014,0,6,0,0,6
1761015,2015,0,2,0,0,2
1761015,2016,1,2,0,0,3
1761015,2017,2,0,0,0,2
1761015,2018,0,4,0,0,4
1761015,2019,3,0,0,0,3
1761015,2020,1,0,3,0,4
1761015,2021,2,4,0,0,6
1761015,2022,0,0,3,0,3
1761015,2023,4,0,0,0,4
1761015,2024,1,0,0,0,1
1761015,2025,1,0,0,0,1
1761067,2000,37,0,0,0,37
1761067,2001,33,0,0,0,33
1761067,2002,39,0,0,24,63
1761067,2003,37,0,0,0,37
1761067,2004,24,0,0,0,24
1761067,2005,20,0,0,0,20
1761067,2006,11,0,0,0,11
1761067,2007,16,0,0,0,16
1761067,2008,7,0,0,0,7
1761067,2009,4,0,0,0,4
1761067,2010,0,0,0,0,0
1761067,2011,3,0,0,0,3
1761067,2012,1,0,0,0,1
1761067,2013,3,0,0,0,3
1761067,2014,1,0,0,0,1
1761067,2015,1,0,0,0,1
1761067,2016,4,0,0,0,4
1761067,2017,6,0,0,0,6
1761067,2018,2,0,0,0,2
1761067,2019,4,0,0,0,4
1761067,2020,4,0,0,0,4
1761067,2021,6,0,0,0,6
1761067,2022,7,0,0,0,7
1761067,2023,23,0,0,0,23
1761067,2024,16,0,0,0,16
1761067,2025,10,0,0,0,10
1761145,2000,32,0,0,0,32
1761145,2001,38,0,0,0,38
1761145,2002,41,0,0,0,41
1761145,2003,163,0,0,0,163
1761145,2004,153,4,0,0,157
1761145,2005,144,6,0,0,150
1761145,2006,104,2,0,0,106
1761145,2007,72,2,0,0,74
1761145,2008,39,2,0,0,41
1761145,2009,33,2,0,0,35
1761145,2010,18,0,0,0,18
1761145,2011,15,2,0,0,17
1761145,2012,21,0,0,0,21
1761145,2013,24,0,0,0,24
1761145,2014,0,0,0,0,0
1761145,2015,0,0,0,0,0
1761145,2016,1,0,0,0,1
1761145,2017,2,0,0,0,2
1761145,2018,15,0,0,0,15
1761145,2019,17,0,0,0,17
1761145,2020,18,0,0,0,18
1761145,2021,21,0,0,0,21
1761145,2022,16,0,0,0,16
1761145,2023,9,0,0,0,9
1761145,2024,12,0,0,0,12
1761145,2025,13,0,0,0,13
1761216,2000,56,0,0,0,56
1761216,2001,47,0,0,0,47
1761216,2002,78,0,0,0,78
1761216,2003,32,0,0,0,32
1761216,2004,28,0,0,0,28
1761216,2005,5,0,0,0,5
1761216,2006,4,0,0,0,4
1761216,2007,0,0,0,0,0
1761216,2008,1,0,0,0,1
1761216,2009,0,0,0,0,0
1761216,2010,0,0,0,0,0
1761216,2011,0,0,0,0,0
1761216,2012,0,0,0,0,0
1761216,2013,2,0,0,0,2
1761216,2014,0,0,0,0,0
1761216,2015,0,0,0,0,0
1761216,2016,2,0,0,0,2
1761216,2017,2,0,0,0,2
1761216,2018,3,0,0,0,3
1761216,2019,3,0,0,0,3
1761216,2020,0,0,0,0,0
1761216,2021,0,0,0,0,0
1761216,2022,0,0,0,0,0
1761216,2023,4,0,0,0,4
1761216,2024,4,0,0,0,4
1761216,2025,4,0,0,0,4
1761223,2000,6,2,0,0,8
1761223,2001,12,0,0,0,12
1761223,2002,11,0,0,0,11
1761223,2003,15,0,0,0,15
1761223,2004,12,0,0,0,12
1761223,2005,20,0,0,0,20
1761223,2006,9,0,0,0,9
1761223,2007,5,2,0,0,7
1761223,2008,5,0,0,0,5
1761223,2009,2,2,0,0,4
1761223,2010,3,0,3,0,6
1761223,2011,4,0,0,0,4
1761223,2012,1,0,0,0,1
1761223,2013,3,0,0,0,3
1761223,2014,3,0,0,0,3
1761223,2015,3,0,0,0,3
1761223,2016,4,0,0,0,4
1761223,2017,2,0,0,0,2
1761223,2018,2,0,0,0,2
1761223,2019,1,0,0,0,1
1761223,2020,0,0,0,0,0
1761223,2021,3,0,0,0,3
1761223,2022,0,0,0,0,0
1761223,2023,0,0,0,0,0
1761223,2024,2,0,0,0,2
1761223,2025,2,0,0,0,2
1761314,2000,18,0,0,0,18
1761314,2001,29,0,0,0,29
1761314,2002,36,0,3,0,39
1761314,2003,31,0,0,0,31
1761314,2004,41,0,0,0,41
1761314,2005,30,0,0,0,30
1761314,2006,11,0,0,0,11
1761314,2007,6,0,0,0,6
1761314,2008,1,0,0,0,1
1761314,2009,0,0,0,0,0
1761314,2010,0,0,0,0,0
1761314,2011,0,0,0,0,0
1761314,2012,0,0,0,0,0
1761314,2013,0,0,0,0,0
1761314,2014,0,0,0,0,0
1761314,2015,0,0,0,0,0
1761314,2016,0,0,0,0,0
1761314,2017,0,0,0,0,0
1761314,2018,0,0,0,0,0
1761314,2019,0,0,0,0,0
1761314,2020,0,0,0,0,0
1761314,2021,0,0,0,0,0
1761314,2022,0,0,0,0,0
1761314,2023,0,0,0,0,0
1761314,2024,0,0,0,0,0
1761314,2025,0,0,0,0,0
1761366,2000,3,0,0,0,3
1761366,2001,0,0,0,0,0
1761366,2002,1,0,0,0,1
1761366,2003,0,0,0,0,0
1761366,2004,2,0,0,0,2
1761366,2005,1,0,0,0,1
1761366,2006,1,0,0,0,1
1761366,2007,2,0,0,0,2
1761366,2008,2,0,0,0,2
1761366,2009,0,0,0,0,0
1761366,2010,0,0,0,0,0
1761366,2011,0,0,0,0,0
1761366,2012,0,0,0,0,0
1761366,2013,0,0,0,0,0
1761366,2014,0,0,0,0,0
1761366,2015,0,0,0,0,0
1761366,2016,2,0,0,0,2
1761366,2017,0,0,0,0,0
1761366,2018,0,0,0,0,0
1761366,2019,0,0,0,0,0
1761366,2020,0,0,0,0,0
1761366,2021,0,0,0,0,0
1761366,2022,0,0,0,0,0
1761366,2023,0,0,0,0,0
1761366,2024,0,0,0,0,0
1761366,2025,1,0,0,0,1
1761639,2000,0,0,0,0,0
1761639,2001,0,0,0,0,0
1761639,2002,1,0,0,0,1
1761639,2003,0,0,0,0,0
1761639,2004,0,0,0,0,0
1761639,2005,0,0,0,0,0
1761639,2006,0,0,0,0,0
1761639,2007,0,0,0,0,0
1761639,2008,0,0,0,0,0
1761639,2009,0,0,0,0,0
1761639,2010,0,0,0,0,0
1761639,2011,1,0,0,0,1
1761639,2012,0,0,0,0,0
1761639,2013,0,0,0,0,0
1761639,2014,0,0,0,0,0
1761639,2015,0,0,0,0,0
1761639,2016,0,0,0,0,0
1761639,2017,0,0,0,0,0
1761639,2018,0,0,0,0,0
1761639,2019,0,0,0,0,0
1761639,2020,0,0,0,0,0
1761639,2021,9,0,0,0,9
1761639,2022,0,0,0,0,0
1761639,2023,0,0,0,0,0
1761639,2024,0,0,0,0,0
1761639,2025,0,0,0,0,0
1761678,2000,42,0,0,0,42
1761678,2001,49,0,0,0,49
1761678,2002,48,0,24,0,72
1761678,2003,26,0,28,0,54
1761678,2004,26,0,36,0,62
1761678,2005,18,0,3,0,21
1761678,2006,19,0,0,0,19
1761678,2007,9,0,0,0,9
1761678,2008,8,0,0,0,8
1761678,2009,0,0,0,0,0
1761678,2010,0,0,0,0,0
1761678,2011,1,0,0,0,1
1761678,2012,0,0,0,0,0
1761678,2013,1,0,0,0,1
1761678,2014,0,0,0,0,0
1761678,2015,1,0,0,0,1
1761678,2016,1,0,0,0,1
1761678,2017,1,0,0,0,1
1761678,2018,2,0,0,0,2
1761678,2019,1,0,0,0,1
1761678,2020,0,0,0,0,0
1761678,2021,3,0,0,0,3
1761678,2022,1,0,0,0,1
1761678,2023,2,0,0,0,2
1761678,2024,0,0,0,0,0
1761678,2025,4,0,0,0,4
1761899,2000,15,0,0,36,51
1761899,2001,12,0,0,0,12
1761899,2002,17,0,0,0,17
1761899,2003,15,0,0,0,15
1761899,2004,21,0,0,0,21
1761899,2005,20,0,0,0,20
1761899,2006,18,0,0,0,18
1761899,2007,13,0,0,0,13
1761899,2008,15,0,0,7,22
1761899,2009,11,0,0,6,17
1761899,2010,5,0,0,0,5
1761899,2011,5,0,0,0,5
1761899,2012,2,0,0,0,2
1761899,2013,2,2,0,0,4
1761899,2014,3,0,0,0,3
1761899,2015,3,0,0,40,43
1761899,2016,5,0,0,0,5
1761899,2017,6,0,0,0,6
1761899,2018,6,0,0,0,6
1761899,2019,6,0,0,0,6
1761899,2020,7,0,0,0,7
1761899,2021,8,0,0,0,8
1761899,2022,6,0,0,0,6
1761899,2023,6,0,0,0,6
1761899,2024,0,2,3,0,5
1761899,2025,2,0,0,0,2
1761925,2000,1,0,0,0,1
1761925,2001,2,0,0,0,2
1761925,2002,3,0,0,0,3
1761925,2003,5,0,0,0,5
1761925,2004,9,0,0,0,9
1761925,2005,6,0,0,0,6
1761925,2006,9,0,0,0,9
1761925,2007,3,0,0,0,3
1761925,2008,6,0,0,0,6
1761925,2009,3,0,0,0,3
1761925,2010,2,0,0,0,2
1761925,2011,0,0,0,0,0
1761925,2012,2,0,0,0,2
1761925,2013,2,0,0,0,2
1761925,2014,0,0,0,0,0
1761925,2015,2,0,0,0,2
1761925,2016,0,0,0,0,0
1761925,2017,2,0,0,0,2
1761925,2018,4,0,0,0,4
1761925,2019,4,0,0,0,4
1761925,2020,2,0,0,0,2
1761925,2021,3,0,0,0,3
1761925,2022,3,0,0,0,3
1761925,2023,1,0,0,0,1
1761925,2024,0,0,0,0,0
1761925,2025,0,0,0,0,0
1761977,2000,2,0,0,0,2
1761977,2001,2,0,0,0,2
1761977,2002,2,0,0,0,2
1761977,2003,2,0,0,0,2
1761977,2004,2,0,0,0,2
1761977,2005,2,0,0,0,2
1761977,2006,2,0,0,0,2
1761977,2007,2,0,0,0,2
1761977,2008,2,0,0,0,2
1761977,2009,0,0,0,0,0
1761977,2010,0,0,0,0,0
1761977,2011,0,0,0,0,0
1761977,2012,0,0,0,0,0
1761977,2013,0,0,0,0,0
1761977,2014,0,0,0,0,0
1761977,2015,0,0,0,0,0
1761977,2016,1,0,0,0,1
1761977,2017,0,0,0,0,0
1761977,2018,1,0,0,0,1
1761977,2019,0,0,0,0,0
1761977,2020,0,0,0,0,0
1761977,2021,0,0,0,0,0
1761977,2022,1,0,0,0,1
1761977,2023,2,0,0,0,2
1761977,2024,0,0,0,0,0
1761977,2025,0,0,0,0,0
1762016,2000,3,0,0,0,3
1762016,2001,5,0,0,0,5
1762016,2002,6,0,0,0,6
1762016,2003,11,0,0,0,11
1762016,2004,10,0,0,0,10
1762016,2005,14,0,0,0,14
1762016,2006,18,0,0,0,18
1762016,2007,9,0,0,0,9
1762016,2008,4,0,0,0,4
1762016,2009,2,0,0,0,2
1762016,2010,1,0,0,0,1
1762016,2011,2,0,0,0,2
1762016,2012,3,0,0,0,3
1762016,2013,16,0,0,0,16
1762016,2014,16,0,0,0,16
1762016,2015,2,0,0,0,2
1762016,2016,2,0,0,0,2
1762016,2017,2,0,0,0,2
1762016,2018,5,0,0,0,5
1762016,2019,4,0,0,0,4
1762016,2020,6,0,0,0,6
1762016,2021,4,0,0,0,4
1762016,2022,2,0,0,0,2
1762016,2023,4,0,0,0,4
1762016,2024,3,0,0,0,3
1762016,2025,5,0,0,0,5
1762211,2000,0,0,0,0,0
1762211,2001,0,0,0,0,0
1762211,2002,0,0,0,0,0
1762211,2003,0,0,0,0,0
1762211,2004,0,0,0,0,0
1762211,2005,0,0,0,0,0
1762211,2006,0,0,0,0,0
1762211,2007,0,0,0,0,0
1762211,2008,0,0,0,0,0
1762211,2009,0,0,0,0,0
1762211,2010,0,0,0,0,0
1762211,2011,0,0,0,0,0
1762211,2012,0,0,0,0,0
1762211,2013,0,0,0,0,0
1762211,2014,0,0,0,0,0
1762211,2015,0,0,0,0,0
1762211,2016,0,0,0,0,0
1762211,2017,0,0,0,0,0
1762211,2018,0,0,0,0,0
1762211,2019,0,0,0,0,0
1762211,2020,0,0,0,0,0
1762211,2021,0,0,0,0,0
1762211,2022,0,0,0,0,0
1762211,2023,0,0,0,0,0
1762211,2024,0,0,0,0,0
1762211,2025,0,0,0,0,0
1762367,2000,65,8,19,7,99
1762367,2001,81,8,3,80,172
1762367,2002,103,2,8,5,118
1762367,2003,103,12,4,16,135
1762367,2004,112,4,6,0,122
1762367,2005,123,0,0,0,123
1762367,2006,135,0,0,16,151
1762367,2007,62,22,20,9,113
1762367,2008,56,26,10,0,92
1762367,2009,56,30,27,12,125
1762367,2010,50,22,18,48,138
1762367,2011,47,2,0,0,49
1762367,2012,80,28,13,16,137
1762367,2013,43,0,0,0,43
1762367,2014,69,2,0,12,83
1762367,2015,64,0,0,0,64
1762367,2016,64,0,0,0,64
1762367,2017,62,4,4,8,78
1762367,2018,43,2,0,0,45
1762367,2019,59,0,0,0,59
1762367,2020,62,0,0,0,62
1762367,2021,68,0,0,0,68
1762367,2022,65,0,0,0,65
1762367,2023,57,0,0,0,57
1762367,2024,30,12,24,0,66
1762367,2025,23,2,3,0,28
1762744,2000,0,2,0,0,2
1762744,2001,0,0,0,0,0
1762744,2002,0,0,0,0,0
1762744,2003,0,0,0,0,0
1762744,2004,0,0,0,0,0
1762744,2005,0,0,0,0,0
1762744,2006,0,0,0,0,0
1762744,2007,0,0,0,0,0
1762744,2008,0,0,0,0,0
1762744,2009,0,0,0,0,0
1762744,2010,0,0,0,0,0
1762744,2011,0,0,0,0,0
1762744,2012,0,0,0,0,0
1762744,2013,0,0,0,0,0
1762744,2014,0,0,0,0,0
1762744,2015,0,0,0,0,0
1762744,2016,0,0,0,0,0
1762744,2017,0,0,0,0,0
1762744,2018,0,0,0,0,0
1762744,2019,0,0,0,0,0
1762744,2020,0,0,0,0,0
1762744,2021,0,0,0,0,0
1762744,2022,0,0,0,0,0
1762744,2023,0,0,0,0,0
1762744,2024,1,0,0,0,1
1762744,2025,1,0,0,0,1
1762757,2000,0,0,0,0,0
1762757,2001,0,0,0,0,0
1762757,2002,0,0,0,0,0
1762757,2003,0,0,0,0,0
1762757,2004,0,0,0,0,0
1762757,2005,0,0,0,0,0
1762757,2006,0,0,0,0,0
1762757,2007,0,0,0,0,0
1762757,2008,0,0,0,0,0
1762757,2009,0,0,0,0,0
1762757,2010,0,0,0,0,0
1762757,2011,0,0,0,0,0
1762757,2012,0,0,0,0,0
1762757,2013,0,0,0,0,0
1762757,2014,0,0,0,0,0
1762757,2015,0,0,0,0,0
1762757,2016,0,0,0,0,0
1762757,2017,0,0,0,0,0
1762757,2018,0,0,0,0,0
1762757,2019,0,0,0,0,0
1762757,2020,0,0,0,0,0
1762757,2021,0,0,0,0,0
1762757,2022,1,0,0,0,1
1762757,2023,2,0,0,0,2
1762757,2024,0,0,0,0,0
1762757,2025,0,0,0,0,0
1762783,2000,18,0,0,48,66
1762783,2001,2,0,0,0,2
1762783,2002,10,4,0,14,28
1762783,2003,1,4,0,0,5
1762783,2004,6,0,0,0,6
1762783,2005,4,6,0,17,27
1762783,2006,4,0,0,0,4
1762783,2007,4,0,0,0,4
1762783,2008,0,0,0,0,0
1762783,2009,1,0,0,0,1
1762783,2010,1,0,0,0,1
1762783,2011,1,0,0,5,6
1762783,2012,1,0,12,30,43
1762783,2013,1,0,0,0,1
1762783,2014,0,0,0,0,0
1762783,2015,2,0,0,0,2
1762783,2016,2,0,0,0,2
1762783,2017,2,0,0,0,2
1762783,2018,1,0,0,0,1
1762783,2019,1,0,0,0,1
1762783,2020,1,0,0,0,1
1762783,2021,2,0,0,0,2
1762783,2022,0,0,0,0,0
1762783,2023,5,0,0,0,5
1762783,2024,0,0,0,0,0
1762783,2025,3,0,8,0,11
1762822,2000,3,0,0,0,3
1762822,2001,4,0,0,0,4
1762822,2002,5,0,0,0,5
1762822,2003,5,0,0,0,5
1762822,2004,3,0,0,0,3
1762822,2005,3,0,0,0,3
1762822,2006,6,0,0,0,6
1762822,2007,4,0,0,0,4
1762822,2008,1,0,0,0,1
1762822,2009,3,0,0,0,3
1762822,2010,0,0,0,0,0
1762822,2011,2,0,0,0,2
1762822,2012,2,0,0,0,2
1762822,2013,2,0,0,0,2
1762822,2014,7,0,0,0,7
1762822,2015,2,0,0,0,2
1762822,2016,3,0,0,0,3
1762822,2017,4,0,0,0,4
1762822,2018,6,0,0,0,6
1762822,2019,2,0,0,0,2
1762822,2020,1,0,0,0,1
1762822,2021,0,0,0,0,0
1762822,2022,1,0,0,0,1
1762822,2023,1,0,0,0,1
1762822,2024,3,0,0,0,3
1762822,2025,2,0,0,0,2
1762848,2000,0,0,0,0,0
1762848,2001,0,0,0,0,0
1762848,2002,0,0,0,0,0
1762848,2003,0,0,0,0,0
1762848,2004,0,0,0,0,0
1762848,2005,0,0,0,0,0
1762848,2006,0,0,0,0,0
1762848,2007,0,0,0,0,0
1762848,2008,0,0,0,0,0
1762848,2009,0,0,0,0,0
1762848,2010,0,0,0,0,0
1762848,2011,0,0,0,0,0
1762848,2012,0,0,0,0,0
1762848,2013,0,0,0,0,0
1762848,2014,0,0,0,0,0
1762848,2015,0,0,0,0,0
1762848,2016,0,0,0,0,0
1762848,2017,0,0,0,0,0
1762848,2018,0,0,0,0,0
1762848,2019,0,0,0,0,0
1762848,2020,0,0,0,0,0
1762848,2021,0,0,0,0,0
1762848,2022,0,0,0,0,0
1762848,2023,0,0,0,0,0
1762848,2024,0,0,0,0,0
1762848,2025,0,0,0,0,0
1762965,2000,4,0,0,0,4
1762965,2001,3,0,0,0,3
1762965,2002,5,0,0,0,5
1762965,2003,2,0,0,0,2
1762965,2004,0,0,0,0,0
1763043,2000,15,6,0,0,21
1763043,2001,16,6,0,0,22
1763043,2002,10,12,0,0,22
1763043,2003,10,4,0,0,14
1763043,2004,11,6,4,0,21
1763043,2005,20,0,0,18,38
1763043,2006,22,0,0,19,41
1763043,2007,24,0,0,0,24
1763043,2008,12,0,0,0,12
1763043,2009,8,0,0,0,8
1763043,2010,6,0,0,0,6
1763043,2011,5,0,0,0,5
1763043,2012,3,0,0,0,3
1763043,2013,2,2,3,0,7
1763043,2014,4,0,0,0,4
1763043,2015,4,0,0,0,4
1763043,2016,5,0,0,0,5
1763043,2017,8,0,0,0,8
1763043,2018,3,0,0,0,3
1763043,2019,6,0,0,0,6
1763043,2020,3,0,0,0,3
1763043,2021,3,0,0,0,3
1763043,2022,2,0,0,0,2
1763043,2023,4,0,0,0,4
1763043,2024,6,0,0,0,6
1763043,2025,5,0,0,0,5
1763420,2000,0,0,0,0,0
1763420,2001,0,0,0,0,0
1763420,2002,0,0,0,0,0
1763420,2003,1,0,0,0,1
1763420,2004,0,0,0,0,0
1763420,2005,1,0,0,0,1
1763420,2006,0,0,0,0,0
1763420,2007,0,0,0,0,0
1763420,2008,0,0,0,0,0
1763420,2009,0,0,0,0,0
1763420,2010,0,0,0,0,0
1763420,2011,0,0,0,0,0
1763420,2012,0,0,0,0,0
1763420,2013,0,0,0,0,0
1763420,2014,0,0,0,0,0
1763420,2015,0,0,0,0,0
1763420,2016,0,0,0,0,0
1763420,2017,0,0,0,0,0
1763420,2018,0,0,0,0,0
1763420,2019,3,0,0,0,3
1763420,2020,0,0,0,0,0
1763420,2021,0,0,0,0,0
1763420,2022,0,0,0,0,0
1763420,2023,0,0,0,0,0
1763420,2024,0,0,0,0,0
1763420,2025,0,0,0,0,0
1763641,2000,6,0,0,0,6
1763641,2001,0,0,0,0,0
1763641,2002,8,0,0,108,116
1763641,2003,16,0,0,150,166
1763641,2004,22,0,0,162,184
1763641,2005,30,0,0,0,30
1763641,2006,7,0,0,0,7
1763641,2007,11,0,0,0,11
1763641,2008,3,0,0,0,3
1763641,2009,13,0,0,0,13
1763641,2010,13,0,0,0,13
1763641,2011,8,0,0,0,8
1763641,2012,4,0,0,0,4
1763641,2013,5,0,0,0,5
1763641,2014,7,0,0,0,7
1763641,2015,6,0,0,0,6
1763641,2016,6,0,0,0,6
1763641,2017,4,0,0,0,4
1763641,2018,6,0,0,0,6
1763641,2019,8,0,0,0,8
1763641,2020,10,0,0,0,10
1763641,2021,9,0,0,0,9
1763641,2022,8,0,0,0,8
1763641,2023,7,0,0,0,7
1763641,2024,3,0,0,0,3
1763641,2025,8,0,0,0,8
1763706,2000,59,0,0,0,59
1763706,2001,81,0,0,0,81
1763706,2002,75,0,0,0,75
1763706,2003,48,2,0,24,74
1763706,2004,39,0,0,64,103
1763706,2005,30,0,0,0,30
1763706,2006,20,0,0,0,20
1763706,2007,18,0,0,0,18
1763706,2008,20,0,0,0,20
1763706,2009,1,0,0,0,1
1763706,2010,0,0,0,0,0
1763706,2011,0,0,0,0,0
1763706,2012,0,0,0,0,0
1763706,2013,0,0,0,0,0
1763706,2014,0,0,0,0,0
1763706,2015,0,0,0,0,0
1763706,2016,0,0,0,0,0
1763706,2017,0,0,0,0,0
1763706,2018,0,0,0,0,0
1763706,2019,0,0,0,0,0
1763706,2020,0,0,0,0,0
1763706,2021,0,0,0,55,55
1763706,2022,0,0,0,0,0
1763706,2023,0,0,0,0,0
1763706,2024,0,0,0,0,0
1763706,2025,1,0,0,0,1
1763719,2000,0,0,0,0,0
1763719,2001,1,0,0,0,1
1763719,2002,0,0,0,0,0
1763719,2003,0,0,0,0,0
1763719,2004,0,0,0,0,0
1763719,2005,1,0,0,0,1
1763719,2006,0,0,0,0,0
1763719,2007,0,0,0,0,0
1763719,2008,0,0,0,0,0
1763719,2009,0,0,0,0,0
1763719,2010,0,0,0,0,0
1763719,2011,0,0,0,0,0
1763719,2012,0,0,0,0,0
1763719,2013,0,0,0,0,0
1763719,2014,0,0,0,0,0
1763719,2015,0,0,0,0,0
1763719,2016,1,0,0,0,1
1763719,2017,0,0,0,0,0
1763719,2018,0,0,0,0,0
1763719,2019,0,0,0,0,0
1763719,2020,0,0,0,0,0
1763719,2021,0,0,0,0,0
1763719,2022,0,0,0,0,0
1763719,2023,0,0,0,0,0
1763719,2024,0,0,0,0,0
1763719,2025,0,0,0,0,0
1763862,2000,0,0,0,0,0
1763862,2001,2,0,0,0,2
1763862,2002,0,0,0,0,0
1763862,2003,0,0,0,0,0
1763862,2004,0,0,0,0,0
1763862,2005,0,0,0,0,0
1763862,2006,0,0,0,0,0
1763862,2007,1,0,0,0,1
1763862,2008,0,0,0,0,0
1763862,2009,0,0,0,0,0
1763862,2010,0,0,0,0,0
1763862,2011,0,0,0,0,0
1763862,2012,0,0,0,0,0
1763862,2013,0,0,0,0,0
1763862,2014,0,0,0,0,0
1763862,2015,0,0,0,0,0
1763862,2016,0,0,0,0,0
1763862,2017,0,0,0,0,0
1763862,2018,1,0,0,0,1
1763862,2019,0,0,0,0,0
1763862,2020,0,0,0,0,0
1763862,2021,0,0,0,0,0
1763862,2022,0,0,0,0,0
1763862,2023,0,0,0,0,0
1763862,2024,0,0,0,0,0
1763862,2025,0,0,0,0,0
1764044,2000,0,0,0,0,0
1764044,2001,0,0,0,0,0
1764044,2002,0,0,0,0,0
1764044,2003,0,0,0,0,0
1764044,2004,0,0,0,0,0
1764174,2002,0,0,0,0,0
1764174,2003,0,0,0,0,0
1764174,2004,0,0,0,0,0
1764174,2005,0,0,0,0,0
1764174,2006,0,0,0,0,0
1764174,2007,0,0,0,0,0
1764174,2008,0,0,0,0,0
1764174,2009,0,0,0,0,0
1764174,2010,0,0,0,0,0
1764174,2011,0,0,0,0,0
1764174,2012,0,0,0,0,0
1764174,2013,0,0,0,0,0
1764174,2014,0,0,0,0,0
1764174,2015,0,0,0,0,0
1764174,2016,0,0,0,0,0
1764174,2017,0,0,0,0,0
1764174,2018,0,0,0,0,0
1764174,2019,0,0,0,0,0
1764174,2020,0,0,0,0,0
1764174,2021,0,0,0,0,0
1764174,2022,0,0,0,0,0
1764278,2000,3,0,0,0,3
1764278,2001,0,0,0,0,0
1764278,2002,1,0,0,0,1
1764278,2003,0,0,0,97,97
1764278,2004,1,0,0,0,1
1764278,2005,0,0,0,0,0
1764278,2006,0,0,0,0,0
1764278,2007,0,0,0,0,0
1764278,2008,3,0,0,0,3
1764278,2009,4,0,0,0,4
1764278,2010,0,0,0,0,0
1764278,2011,0,0,0,0,0
1764278,2012,0,0,0,0,0
1764278,2013,0,0,0,0,0
1764278,2014,0,0,0,0,0
1764278,2015,0,0,0,0,0
1764278,2016,0,0,0,0,0
1764278,2017,0,0,0,0,0
1764278,2018,0,0,0,0,0
1764278,2019,0,0,0,0,0
1764278,2020,0,0,0,0,0
1764278,2021,0,0,0,0,0
1764278,2022,0,0,0,0,0
1764278,2023,0,0,0,0,0
1764278,2024,0,0,0,0,0
1764278,2025,0,0,0,0,0
1764304,2000,6,0,0,0,6
1764304,2001,9,0,0,64,73
1764304,2002,4,0,0,0,4
1764304,2003,5,0,0,0,5
1764304,2004,4,0,0,16,20
1764304,2005,8,0,0,6,14
1764304,2006,5,0,0,0,5
1764304,2007,2,0,0,0,2
1764304,2008,3,0,0,0,3
1764304,2009,2,0,0,0,2
1764304,2010,2,0,0,0,2
1764304,2011,3,0,0,0,3
1764304,2012,2,0,0,0,2
1764304,2013,2,0,0,0,2
1764304,2014,0,0,0,0,0
1764304,2015,0,0,0,0,0
1764304,2016,32,0,0,0,32
1764304,2017,4,0,0,0,4
1764304,2018,3,0,0,0,3
1764304,2019,3,0,0,0,3
1764304,2020,8,0,0,0,8
1764304,2021,5,0,0,0,5
1764304,2022,4,0,0,0,4
1764304,2023,2,0,0,0,2
1764304,2024,1,0,0,0,1
1764304,2025,2,0,0,0,2
1764343,2000,2,0,0,0,2
1764343,2001,2,0,0,0,2
1764343,2002,4,0,0,0,4
1764343,2003,2,0,0,0,2
1764343,2004,5,0,0,15,20
1764343,2005,3,0,0,24,27
1764343,2006,3,0,0,0,3
1764343,2007,4,0,0,0,4
1764343,2008,0,0,0,0,0
1764343,2009,0,0,0,0,0
1764343,2010,1,0,0,0,1
1764343,2011,0,0,0,0,0
1764343,2012,0,0,0,0,0
1764343,2013,1,0,0,0,1
1764343,2014,0,0,0,0,0
1764343,2015,0,0,0,0,0
1764343,2016,0,0,0,0,0
1764343,2017,0,0,0,0,0
1764343,2018,0,0,0,0,0
1764343,2019,1,0,0,6,7
1764343,2020,0,0,0,80,80
1764343,2021,0,0,0,0,0
1764343,2022,0,0,0,0,0
1764343,2023,0,0,0,0,0
1764343,2024,0,0,0,0,0
1764343,2025,0,0,0,0,0
1764421,2000,2,0,0,0,2
1764421,2001,1,0,0,0,1
1764421,2002,10,0,0,0,10
1764421,2003,7,0,0,0,7
1764421,2004,7,0,0,0,7
1764421,2005,15,0,0,0,15
1764421,2006,5,0,0,22,27
1764421,2007,9,0,0,0,9
1764421,2008,3,0,0,0,3
1764421,2009,2,0,0,0,2
1764421,2010,0,0,0,0,0
1764421,2011,1,0,0,0,1
1764421,2012,2,0,0,0,2
1764421,2013,0,0,0,0,0
1764421,2014,3,0,0,0,3
1764421,2015,5,0,0,0,5
1764421,2016,3,0,0,0,3
1764421,2017,3,0,0,0,3
1764421,2018,2,0,0,0,2
1764421,2019,1,0,0,0,1
1764421,2020,0,0,0,0,0
1764421,2021,0,0,0,0,0
1764421,2022,1,0,0,0,1
1764421,2023,0,0,0,0,0
1764421,2024,0,0,0,0,0
1764421,2025,1,0,0,0,1
1764486,2000,29,0,0,0,29
1764486,2001,29,0,0,0,29
1764486,2002,4,4,0,0,8
1764486,2003,4,4,0,0,8
1764486,2004,0,0,0,0,0
1764486,2005,1,6,0,0,7
1764486,2006,4,0,0,0,4
1764486,2007,5,0,0,0,5
1764486,2008,9,2,0,0,11
1764486,2009,4,0,0,0,4
1764486,2010,4,0,0,0,4
1764486,2011,4,0,0,0,4
1764486,2012,4,0,0,0,4
1764486,2013,7,2,0,0,9
1764486,2014,5,0,0,0,5
1764486,2015,3,0,0,0,3
1764486,2016,12,0,0,0,12
1764486,2017,3,0,0,0,3
1764486,2018,2,0,0,0,2
1764486,2019,2,0,0,0,2
1764486,2020,1,0,0,0,1
1764486,2021,1,0,0,0,1
1764486,2022,2,0,0,0,2
1764486,2023,1,0,0,0,1
1764486,2024,0,0,0,0,0
1764486,2025,2,0,0,0,2
1764538,2000,11,0,0,0,11
1764538,2001,40,0,0,0,40
1764538,2002,11,0,0,0,11
1764538,2003,12,0,0,0,12
1764538,2004,12,0,0,0,12
1764538,2005,11,0,0,0,11
1764538,2006,7,0,0,0,7
1764538,2007,0,0,0,0,0
1764538,2008,0,0,0,0,0
1764538,2009,0,0,0,0,0
1764538,2010,0,0,0,0,0
1764538,2011,0,0,0,0,0
1764538,2012,2,0,0,0,2
1764538,2013,2,0,0,0,2
1764538,2014,2,0,0,0,2
1764538,2015,3,0,0,0,3
1764538,2016,0,0,0,0,0
1764538,2017,1,0,0,0,1
1764538,2018,0,0,0,0,0
1764538,2019,0,0,0,0,0
1764538,2020,0,0,0,0,0
1764538,2021,2,0,0,0,2
1764538,2022,2,0,0,0,2
1764538,2023,3,0,0,0,3
1764538,2024,2,0,0,0,2
1764538,2025,3,0,0,0,3
1764590,2000,5,2,0,0,7
1764590,2001,2,0,0,0,2
1764590,2002,4,2,0,0,6
1764590,2003,5,0,0,0,5
1764590,2004,1,2,0,0,3
1764590,2005,3,0,0,0,3
1764590,2006,2,4,0,0,6
1764590,2007,8,0,0,0,8
1764590,2008,1,0,0,0,1
1764590,2009,2,0,0,0,2
1764590,2010,4,0,0,0,4
1764590,2011,3,0,0,0,3
1764590,2012,3,0,0,0,3
1764590,2013,0,0,0,0,0
1764590,2014,1,0,0,0,1
1764590,2015,0,0,0,0,0
1764590,2016,0,0,0,0,0
1764590,2017,0,0,0,0,0
1764590,2018,0,0,0,0,0
1764590,2019,0,0,0,0,0
1764590,2020,0,0,0,0,0
1764590,2021,1,0,0,0,1
1764590,2022,1,0,0,0,1
1764590,2023,0,0,0,0,0
1764590,2024,0,0,0,0,0
1764590,2025,0,0,0,0,0
1764616,2000,0,0,0,0,0
1764616,2001,1,0,0,0,1
1764616,2002,4,0,0,0,4
1764616,2003,4,0,0,0,4
1764616,2004,4,0,0,0,4
1764616,2005,4,0,0,0,4
1764616,2006,24,0,0,0,24
1764616,2007,23,2,0,0,25
1764616,2008,11,0,0,0,11
1764616,2009,11,0,0,0,11
1764616,2010,12,0,0,0,12
1764616,2011,11,0,0,0,11
1764616,2012,12,0,0,0,12
1764616,2013,14,0,0,0,14
1764616,2014,11,0,0,0,11
1764616,2015,11,0,0,0,11
1764616,2016,13,0,0,0,13
1764616,2017,12,0,0,0,12
1764616,2018,12,0,0,0,12
1764616,2019,11,0,0,0,11
1764616,2020,10,0,0,0,10
1764616,2021,9,0,0,0,9
1764616,2022,9,0,0,0,9
1764616,2023,9,0,0,0,9
1764616,2024,8,0,0,0,8
1764616,2025,9,0,0,0,9
1764707,2000,5,0,0,0,5
1764707,2001,6,0,0,0,6
1764707,2002,1,0,4,0,5
1764707,2003,4,0,8,0,12
1764707,2004,4,0,4,0,8
1764707,2005,6,0,0,0,6
1764707,2006,8,0,0,0,8
1764707,2007,2,0,0,0,2
1764707,2008,6,0,0,0,6
1764707,2009,5,0,0,0,5
1764707,2010,7,0,0,0,7
1764707,2011,38,0,0,0,38
1764707,2012,6,0,0,0,6
1764707,2013,2,0,0,0,2
1764707,2014,5,0,0,0,5
1764707,2015,12,0,0,0,12
1764707,2016,1,0,0,0,1
1764707,2017,4,0,0,0,4
1764707,2018,2,0,0,0,2
1764707,2019,2,0,0,0,2
1764707,2020,0,0,0,0,0
1764707,2021,5,0,0,0,5
1764707,2022,2,0,0,0,2
1764707,2023,6,8,0,0,14
1764707,2024,8,0,0,0,8
1764707,2025,9,0,0,0,9
1764746,2000,11,0,0,0,11
1764746,2001,12,0,0,0,12
1764746,2002,31,0,0,0,31
1764746,2003,44,0,0,0,44
1764746,2004,33,0,0,0,33
1764746,2005,17,0,0,9,26
1764746,2006,9,0,0,0,9
1764746,2007,15,0,0,0,15
1764746,2008,1,0,0,0,1
1764746,2009,0,0,0,0,0
1764746,2010,11,0,0,46,57
1764746,2011,0,2,0,0,2
1764746,2012,0,2,0,0,2
1764746,2013,3,0,0,0,3
1764746,2014,3,2,0,0,5
1764746,2015,2,2,0,0,4
1764746,2016,4,0,0,0,4
1764746,2017,2,0,0,0,2
1764746,2018,4,0,0,10,14
1764746,2019,1,0,0,0,1
1764746,2020,1,0,0,0,1
1764746,2021,3,0,0,0,3
1764746,2022,2,0,0,0,2
1764746,2023,2,0,0,90,92
1764746,2024,0,0,0,0,0
1764746,2025,0,0,0,0,0
1764759,2000,12,0,0,0,12
1764759,2001,15,0,0,0,15
1764759,2002,21,2,0,0,23
1764759,2003,25,2,0,0,27
1764759,2004,33,8,0,0,41
1764759,2005,45,2,0,0,47
1764759,2006,46,6,0,0,52
1764759,2007,16,10,0,0,26
1764759,2008,8,2,0,0,10
1764759,2009,11,6,0,0,17
1764759,2010,10,4,0,0,14
1764759,2011,6,4,0,0,10
1764759,2012,3,2,0,0,5
1764759,2013,6,0,0,0,6
1764759,2014,7,4,0,0,11
1764759,2015,8,0,0,0,8
1764759,2016,8,0,0,0,8
1764759,2017,8,0,0,0,8
1764759,2018,10,0,0,0,10
1764759,2019,8,0,0,0,8
1764759,2020,11,0,0,0,11
1764759,2021,12,0,0,0,12
1764759,2022,2,4,0,24,30
1764759,2023,3,2,0,48,53
1764759,2024,2,2,0,24,28
1764759,2025,3,2,0,0,5
1764837,2000,1,0,0,0,1
1764837,2001,2,0,0,0,2
1764837,2002,0,0,0,0,0
1764837,2003,1,0,0,0,1
1764837,2004,1,0,0,0,1
1764837,2005,0,0,0,0,0
1764837,2006,1,0,0,0,1
1764837,2007,3,0,0,0,3
1764837,2008,2,0,0,0,2
1764837,2009,0,0,0,0,0
1764837,2010,0,0,0,0,0
1764837,2011,1,0,0,0,1
1764837,2012,0,0,0,0,0
1764837,2013,0,0,0,0,0
1764837,2014,0,0,0,0,0
1764837,2015,0,0,0,0,0
1764837,2016,0,0,0,0,0
1764837,2017,0,0,0,0,0
1764837,2018,0,0,0,0,0
1764837,2019,0,0,0,0,0
1764837,2020,0,0,0,0,0
1764837,2021,0,0,0,0,0
1764837,2022,0,0,0,0,0
1764837,2023,0,0,0,0,0
1764837,2024,0,0,0,0,0
1764837,2025,0,0,0,0,0
1764902,2000,3,0,0,0,3
1764902,2001,0,0,0,0,0
1764902,2002,4,0,0,0,4
1764902,2003,4,0,0,0,4
1764902,2004,4,0,0,0,4
1764902,2005,5,0,0,0,5
1764902,2006,1,0,0,0,1
1764902,2007,3,0,0,0,3
1764902,2008,0,0,0,0,0
1764902,2009,0,0,0,0,0
1764902,2010,0,0,0,0,0
1764902,2011,0,0,0,0,0
1764902,2012,0,0,0,0,0
1764902,2013,0,0,0,0,0
1764902,2014,0,0,0,0,0
1764902,2015,0,0,0,0,0
1764902,2016,0,0,0,0,0
1764902,2017,0,0,0,0,0
1764902,2018,0,0,0,0,0
1764902,2019,0,0,0,0,0
1764902,2020,0,0,0,0,0
1764902,2021,3,0,0,0,3
1764902,2022,1,0,0,0,1
1764902,2023,0,0,0,0,0
1764902,2024,0,0,0,0,0
1764902,2025,3,0,0,0,3
1764928,2000,7,4,0,0,11
1764928,2001,3,2,0,0,5
1764928,2002,23,0,24,0,47
1764928,2003,3,8,0,0,11
1764928,2004,7,20,0,24,51
1764928,2005,7,0,0,0,7
1764928,2006,8,0,0,0,8
1764928,2007,3,2,0,0,5
1764928,2008,2,0,0,0,2
1764928,2009,1,0,0,0,1
1764928,2010,4,0,0,0,4
1764928,2011,2,0,0,0,2
1764928,2012,2,0,0,0,2
1764928,2013,0,0,0,0,0
1764928,2014,0,0,0,0,0
1764928,2015,0,0,0,0,0
1764928,2016,1,0,0,0,1
1764928,2017,2,0,0,0,2
1764928,2018,3,0,0,0,3
1764928,2019,0,0,0,0,0
1764928,2020,2,0,0,0,2
1764928,2021,3,0,0,0,3
1764928,2022,2,6,0,0,8
1764928,2023,0,0,0,0,0
1764928,2024,2,0,0,0,2
1764928,2025,1,0,0,0,1
1765000,2000,212,44,0,45,301
1765000,2001,225,30,108,175,538
1765000,2002,280,88,136,12,516
1765000,2003,226,112,40,6,384
1765000,2004,219,70,43,0,332
1765000,2005,347,96,84,0,527
1765000,2006,276,140,58,8,482
1765000,2007,157,58,24,88,327
1765000,2008,64,24,12,5,105
1765000,2009,32,0,0,0,32
1765000,2010,24,2,0,0,26
1765000,2011,13,4,0,41,58
1765000,2012,18,4,0,8,30
1765000,2013,11,0,0,0,11
1765000,2014,33,4,0,0,37
1765000,2015,18,12,0,0,30
1765000,2016,86,0,0,0,86
1765000,2017,50,0,0,0,50
1765000,2018,16,46,0,0,62
1765000,2019,33,48,7,0,88
1765000,2020,12,30,7,0,49
1765000,2021,14,16,0,0,30
1765000,2022,17,6,0,0,23
1765000,2023,28,12,9,0,49
1765000,2024,99,14,22,0,135
1765000,2025,124,0,0,0,124
1765078,2000,17,0,0,0,17
1765078,2001,17,0,0,0,17
1765078,2002,19,0,0,0,19
1765078,2003,20,0,0,0,20
1765078,2004,20,0,0,0,20
1765078,2005,19,0,0,0,19
1765078,2006,14,0,0,0,14
1765078,2007,10,0,0,0,10
1765078,2008,6,0,0,0,6
1765078,2009,6,0,0,0,6
1765078,2010,9,0,0,70,79
1765078,2011,4,0,0,0,4
1765078,2012,29,0,0,15,44
1765078,2013,7,10,11,46,74
1765078,2014,14,50,4,0,68
1765078,2015,14,2,0,6,22
1765078,2016,4,0,0,0,4
1765078,2017,1,0,0,0,1
1765078,2018,3,0,0,0,3
1765078,2019,1,0,0,0,1
1765078,2020,2,0,0,0,2
1765078,2021,47,0,0,0,47
1765078,2022,2,2,0,0,4
1765078,2023,1,0,0,0,1
1765078,2024,0,0,0,0,0
1765078,2025,26,0,0,0,26
1765338,2000,11,0,3,5,19
1765338,2001,29,0,0,6,35
1765338,2002,4,0,0,0,4
1765338,2003,4,0,0,24,28
1765338,2004,5,0,0,52,57
1765338,2005,5,0,0,0,5
1765338,2006,16,0,0,48,64
1765338,2007,3,0,0,0,3
1765338,2008,2,0,0,0,2
1765338,2009,0,0,0,0,0
1765338,2010,1,0,0,0,1
1765338,2011,2,0,0,0,2
1765338,2012,0,0,0,0,0
1765338,2013,7,0,0,0,7
1765338,2014,5,0,0,0,5
1765338,2015,8,0,3,12,23
1765338,2016,35,0,0,0,35
1765338,2017,7,0,0,0,7
1765338,2018,1,0,0,0,1
1765338,2019,0,0,0,0,0
1765338,2020,12,0,28,12,52
1765338,2021,11,0,20,24,55
1765338,2022,0,0,0,0,0
1765338,2023,0,0,0,0,0
1765338,2024,1,0,0,0,1
1765338,2025,3,0,0,0,3
1765442,2000,1175,0,0,0,1175
1765442,2001,1148,0,0,0,1148
1765442,2002,1183,0,0,0,1183
1765442,2003,689,0,0,0,689
1765442,2004,524,0,0,0,524
1765442,2005,168,0,0,0,168
1765442,2006,107,0,0,10,117
1765442,2007,57,0,0,0,57
1765442,2008,16,0,0,0,16
1765442,2009,2,0,0,0,2
1765442,2010,9,0,0,0,9
1765442,2011,6,0,0,0,6
1765442,2012,17,0,0,0,17
1765442,2013,24,0,0,0,24
1765442,2014,16,0,0,0,16
1765442,2015,19,2,0,0,21
1765442,2016,19,2,0,0,21
1765442,2017,31,16,0,5,52
1765442,2018,45,4,0,108,157
1765442,2019,25,2,0,108,135
1765442,2020,42,0,0,240,282
1765442,2021,9,0,0,0,9
1765442,2022,0,0,0,0,0
1765442,2023,1,0,0,0,1
1765442,2024,1,0,0,0,1
1765442,2025,0,0,0,0,0
1765806,2000,22,2,4,31,59
1765806,2001,21,2,4,46,73
1765806,2002,38,0,0,0,38
1765806,2003,10,0,0,78,88
1765806,2004,35,4,0,0,39
1765806,2005,26,6,0,0,32
1765806,2006,31,2,0,62,95
1765806,2007,18,0,0,0,18
1765806,2008,3,0,0,0,3
1765806,2009,12,0,0,5,17
1765806,2010,2,0,0,0,2
1765806,2011,4,0,0,0,4
1765806,2012,9,0,0,0,9
1765806,2013,14,0,0,0,14
1765806,2014,13,0,0,0,13
1765806,2015,17,0,0,0,17
1765806,2016,19,0,0,0,19
1765806,2017,4,0,0,0,4
1765806,2018,9,0,0,0,9
1765806,2019,6,2,0,96,104
1765806,2020,8,0,0,0,8
1765806,2021,20,0,0,0,20
1765806,2022,25,0,0,12,37
1765806,2023,18,0,0,0,18
1765806,2024,3,0,0,0,3
1765806,2025,1,0,0,0,1
1765819,2000,0,0,0,0,0
1765819,2001,0,0,0,0,0
1765819,2002,0,0,0,0,0
1765819,2003,1,0,0,0,1
1765819,2004,2,0,0,0,2
1765819,2005,0,0,0,0,0
1765819,2006,1,0,0,0,1
1765819,2007,0,0,0,0,0
1765819,2008,0,0,0,0,0
1765819,2009,0,0,0,0,0
1765819,2010,0,0,0,0,0
1765819,2011,0,0,0,0,0
1765819,2012,0,0,0,0,0
1765819,2013,0,0,0,0,0
1765819,2014,0,0,0,0,0
1765819,2015,0,0,0,0,0
1765819,2016,0,0,0,0,0
1765819,2017,0,0,0,0,0
1765819,2018,0,0,0,0,0
1765819,2019,0,0,0,0,0
1765819,2020,0,0,0,0,0
1765819,2021,0,0,0,0,0
1765819,2022,0,0,0,0,0
1765819,2023,0,0,0,0,0
1765819,2024,0,0,0,0,0
1765819,2025,0,0,0,0,0
1765845,2000,0,0,0,0,0
1765845,2001,0,0,0,0,0
1765845,2002,0,0,0,0,0
1765845,2003,0,0,0,0,0
1765845,2004,0,0,0,0,0
1765845,2005,0,0,0,0,0
1765845,2006,1,0,0,0,1
1765845,2007,0,0,0,0,0
1765845,2008,0,0,0,0,0
1765845,2009,0,0,0,0,0
1765845,2010,0,0,0,0,0
1765845,2011,1,0,0,0,1
1765845,2012,0,0,0,0,0
1765845,2013,0,0,0,0,0
1765845,2014,0,0,0,0,0
1765845,2015,0,0,0,0,0
1765845,2016,0,0,0,0,0
1765845,2017,0,0,0,0,0
1765845,2018,0,0,0,0,0
1765845,2019,0,0,0,0,0
1765845,2020,0,0,0,0,0
1765845,2021,0,0,0,0,0
1765845,2022,0,0,0,0,0
1765845,2023,0,0,0,0,0
1765845,2024,0,0,0,0,0
1765845,2025,0,0,0,0,0
1765897,2000,0,0,0,0,0
1765897,2001,0,0,0,0,0
1765897,2002,0,0,0,0,0
1765897,2003,1,0,0,0,1
1765897,2004,0,0,0,0,0
1765897,2005,0,0,0,0,0
1765897,2006,3,0,0,0,3
1765897,2007,0,0,0,0,0
1765897,2008,0,0,0,0,0
1765897,2009,0,0,0,0,0
1765897,2010,0,0,0,0,0
1765897,2011,0,0,0,0,0
1765897,2012,0,0,0,0,0
1765897,2013,0,0,0,0,0
1765897,2014,0,0,0,0,0
1765897,2015,0,0,0,0,0
1765897,2016,0,0,0,0,0
1765897,2017,0,0,0,0,0
1765897,2018,0,0,0,0,0
1765897,2019,0,0,0,0,0
1765897,2020,0,0,0,0,0
1765897,2021,0,0,0,0,0
1765897,2022,0,0,0,0,0
1765897,2023,0,0,0,0,0
1765897,2024,0,0,0,0,0
1765897,2025,0,0,0,0,0
1765962,2000,5,0,0,0,5
1765962,2001,2,0,0,0,2
1765962,2002,0,0,0,0,0
1765962,2003,4,0,0,0,4
1765962,2004,0,0,0,0,0
1765962,2005,0,0,0,0,0
1765962,2006,0,0,0,0,0
1765962,2007,0,0,0,0,0
1765962,2008,0,0,0,0,0
1765962,2009,0,0,0,0,0
1765962,2010,0,0,0,0,0
1765962,2011,0,0,0,0,0
1765962,2012,0,0,0,0,0
1765962,2013,0,0,0,0,0
1765962,2014,0,0,0,0,0
1765962,2015,0,0,0,0,0
1765962,2016,0,0,0,0,0
1765962,2017,0,0,0,0,0
1765962,2018,0,0,0,0,0
1765962,2019,0,0,0,0,0
1765962,2020,0,0,0,0,0
1765962,2021,0,0,0,0,0
1765962,2022,0,0,0,0,0
1765962,2023,0,0,0,0,0
1765962,2024,0,0,0,0,0
1765962,2025,0,0,0,0,0
1766027,2000,194,0,0,0,194
1766027,2001,368,0,0,0,368
1766027,2002,627,0,16,16,659
1766027,2003,940,0,0,0,940
1766027,2004,979,0,0,20,999
1766027,2005,541,0,0,0,541
1766027,2006,174,0,0,0,174
1766027,2007,33,0,0,0,33
1766027,2008,12,0,0,0,12
1766027,2009,31,0,0,0,31
1766027,2010,17,0,0,0,17
1766027,2011,30,0,0,0,30
1766027,2012,18,0,0,0,18
1766027,2013,30,0,0,0,30
1766027,2014,11,0,0,0,11
1766027,2015,0,0,0,0,0
1766027,2016,0,0,0,0,0
1766027,2017,0,0,0,0,0
1766027,2018,0,0,0,0,0
1766027,2019,0,0,0,0,0
1766027,2020,0,0,0,0,0
1766027,2021,0,0,0,0,0
1766027,2022,0,0,0,0,0
1766027,2023,2,0,0,0,2
1766027,2024,3,0,0,0,3
1766027,2025,2,0,0,0,2
1766040,2000,200,16,8,75,299
1766040,2001,126,0,0,75,201
1766040,2002,63,0,0,0,63
1766040,2003,29,0,0,0,29
1766040,2004,33,0,0,0,33
1766040,2005,20,0,0,0,20
1766040,2006,16,0,0,0,16
1766040,2007,8,0,0,0,8
1766040,2008,1,0,0,0,1
1766040,2009,0,0,0,0,0
1766040,2010,0,0,0,0,0
1766040,2011,0,0,0,0,0
1766040,2012,0,0,0,0,0
1766040,2013,0,0,0,0,0
1766040,2014,0,0,0,0,0
1766040,2015,0,0,0,0,0
1766040,2016,1,0,0,0,1
1766040,2017,2,0,0,0,2
1766040,2018,1,0,0,0,1
1766040,2019,1,0,0,0,1
1766040,2020,0,0,0,0,0
1766040,2021,0,0,0,0,0
1766040,2022,2,0,0,0,2
1766040,2023,3,0,0,0,3
1766040,2024,3,0,0,0,3
1766040,2025,1,0,0,0,1
1766053,2000,33,0,0,0,33
1766053,2001,150,0,0,0,150
1766053,2002,163,0,0,0,163
1766053,2003,3,0,0,0,3
1766053,2004,0,0,0,0,0
1766053,2005,0,0,0,0,0
1766053,2006,0,0,0,0,0
1766053,2007,0,0,0,0,0
1766053,2008,0,0,0,0,0
1766053,2009,0,0,0,0,0
1766053,2010,0,0,0,0,0
1766053,2011,0,0,0,0,0
1766053,2012,0,0,0,0,0
1766053,2013,0,0,0,0,0
1766053,2014,0,0,0,0,0
1766053,2015,1,0,0,0,1
1766053,2016,1,0,0,0,1
1766053,2017,0,0,0,0,0
1766053,2018,0,0,0,0,0
1766053,2019,0,0,0,0,0
1766053,2020,0,0,0,0,0
1766053,2021,0,0,0,0,0
1766053,2022,0,0,0,0,0
1766053,2023,0,0,0,0,0
1766053,2024,0,0,0,0,0
1766053,2025,0,0,0,0,0
1766066,2000,5,0,0,0,5
1766066,2001,7,0,0,0,7
1766066,2002,11,0,0,0,11
1766066,2003,8,0,0,0,8
1766066,2004,16,0,0,0,16
1766066,2005,10,0,0,0,10
1766066,2006,12,0,0,0,12
1766066,2007,9,0,0,0,9
1766066,2008,2,0,0,0,2
1766066,2009,0,0,0,0,0
1766066,2010,0,0,0,0,0
1766066,2011,0,0,0,0,0
1766066,2012,0,0,0,0,0
1766066,2013,3,0,0,0,3
1766066,2014,36,0,0,0,36
1766066,2015,69,0,0,0,69
1766066,2016,41,0,0,0,41
1766066,2017,33,0,0,0,33
1766066,2018,37,0,0,0,37
1766066,2019,12,0,0,0,12
1766066,2020,22,0,0,0,22
1766066,2021,31,0,0,0,31
1766066,2022,23,0,0,0,23
1766066,2023,9,0,0,0,9
1766066,2024,20,0,0,0,20
1766066,2025,21,0,0,0,21
1766131,2000,0,0,0,0,0
1766131,2001,0,0,0,0,0
1766131,2002,0,0,0,0,0
1766131,2003,0,0,0,0,0
1766131,2004,0,0,0,0,0
1766131,2005,0,0,0,0,0
1766131,2006,0,0,0,0,0
1766131,2007,0,0,0,0,0
1766131,2008,0,0,0,0,0
1766131,2009,0,0,0,0,0
1766131,2010,0,0,0,0,0
1766131,2011,0,0,0,0,0
1766131,2012,0,0,0,0,0
1766131,2013,0,0,0,0,0
1766131,2014,0,0,0,0,0
1766131,2015,0,0,0,0,0
1766131,2016,0,0,0,0,0
1766131,2017,0,0,0,0,0
1766131,2018,0,0,0,0,0
1766131,2019,0,0,0,0,0
1766131,2020,0,0,0,0,0
1766131,2021,0,0,0,0,0
1766131,2022,0,0,0,0,0
1766131,2023,0,0,0,0,0
1766131,2024,0,0,0,0,0
1766131,2025,0,0,0,0,0
1766157,2000,2,0,0,0,2
1766157,2001,1,0,0,0,1
1766157,2002,0,0,0,0,0
1766157,2003,2,0,0,0,2
1766157,2004,1,0,0,0,1
1766157,2005,2,0,0,0,2
1766157,2006,1,0,0,0,1
1766157,2007,0,0,0,0,0
1766157,2008,0,0,0,0,0
1766157,2009,0,0,0,0,0
1766157,2010,0,0,0,0,0
1766157,2011,0,0,0,0,0
1766157,2012,0,0,0,0,0
1766157,2013,1,0,0,0,1
1766157,2014,1,0,0,0,1
1766157,2015,1,0,0,0,1
1766157,2016,0,0,0,0,0
1766157,2017,0,0,0,0,0
1766157,2018,0,0,0,0,0
1766157,2019,0,0,0,0,0
1766157,2020,0,0,0,0,0
1766157,2021,0,0,0,0,0
1766157,2022,0,0,0,0,0
1766157,2023,0,0,0,0,0
1766157,2024,0,0,0,0,0
1766157,2025,0,0,0,0,0
1766196,2013,0,0,0,0,0
1766196,2014,0,0,0,0,0
1766196,2015,0,0,0,0,0
1766196,2016,0,0,0,0,0
1766196,2017,0,0,0,0,0
1766196,2018,0,0,0,0,0
1766196,2019,0,0,0,0,0
1766196,2020,3,0,0,0,3
1766196,2021,0,0,0,0,0
1766196,2022,2,0,0,0,2
1766196,2023,1,0,0,0,1
1766196,2024,1,0,0,0,1
1766196,2025,1,0,0,0,1
1766209,2013,2,0,0,0,2
1766209,2014,0,0,0,0,0
1766209,2015,0,0,0,0,0
1766209,2016,0,0,0,0,0
1766209,2017,3,0,0,0,3
1766209,2018,0,0,0,0,0
1766209,2019,0,0,0,0,0
1766209,2020,0,0,0,0,0
1766209,2021,0,0,0,0,0
1766209,2022,0,0,0,0,0
1766209,2023,0,0,0,0,0
1766209,2024,0,0,0,0,0
1766209,2025,1,0,0,0,1
1766287,2000,1,0,0,0,1
1766287,2001,1,0,0,0,1
1766287,2002,0,0,0,0,0
1766287,2003,0,0,0,0,0
1766287,2004,0,0,0,0,0
1766287,2005,2,0,0,0,2
1766287,2006,6,0,0,0,6
1766287,2007,4,0,0,0,4
1766287,2008,2,0,0,6,8
1766287,2009,0,0,0,0,0
1766287,2010,1,0,0,0,1
1766287,2011,3,0,0,0,3
1766287,2012,0,0,0,0,0
1766287,2013,1,0,0,0,1
1766287,2014,0,0,0,0,0
1766287,2015,0,0,0,0,0
1766287,2016,0,0,0,0,0
1766287,2017,0,0,0,0,0
1766287,2018,0,0,0,0,0
1766287,2019,0,0,0,0,0
1766287,2020,0,0,0,0,0
1766287,2021,0,0,0,0,0
1766287,2022,0,0,0,0,0
1766287,2023,0,0,0,0,0
1766287,2024,0,0,0,0,0
1766287,2025,0,0,0,0,0
1766339,2013,0,0,0,0,0
1766339,2014,0,0,0,0,0
1766339,2015,0,0,0,0,0
1766339,2016,0,0,0,0,0
1766339,2017,0,0,0,0,0
1766339,2018,0,0,0,0,0
1766339,2019,0,0,0,0,0
1766339,2020,0,0,0,0,0
1766339,2021,0,0,0,0,0
1766339,2022,0,0,0,0,0
1766339,2023,0,0,0,0,0
1766339,2024,0,0,0,0,0
1766339,2025,0,0,0,0,0
1766534,2000,0,0,0,0,0
1766534,2001,0,0,0,0,0
1766534,2002,0,0,0,0,0
1766534,2003,0,0,0,0,0
1766534,2004,0,0,0,0,0
1766534,2005,1,0,0,0,1
1766534,2006,1,0,0,0,1
1766534,2007,1,0,0,0,1
1766534,2008,0,0,0,0,0
1766534,2009,0,0,0,0,0
1766534,2010,0,0,0,0,0
1766534,2011,0,0,0,0,0
1766534,2012,0,0,0,0,0
1766534,2013,0,0,0,0,0
1766534,2014,0,0,0,0,0
1766534,2015,0,0,0,0,0
1766534,2016,0,0,0,0,0
1766534,2017,0,0,0,0,0
1766534,2018,0,0,0,0,0
1766534,2019,0,0,0,0,0
1766534,2020,0,0,0,0,0
1766534,2021,0,0,0,0,0
1766534,2022,1,0,0,0,1
1766534,2023,0,0,0,0,0
1766534,2024,0,0,0,0,0
1766534,2025,0,0,0,0,0
1766638,2000,1,0,0,0,1
1766638,2001,1,0,0,0,1
1766638,2002,2,0,0,0,2
1766638,2003,14,0,0,0,14
1766638,2004,4,0,0,0,4
1766638,2005,7,0,0,0,7
1766638,2006,5,0,0,0,5
1766638,2007,4,0,0,0,4
1766638,2008,5,0,0,0,5
1766638,2009,7,0,0,0,7
1766638,2010,0,0,0,0,0
1766638,2011,0,0,0,0,0
1766638,2012,0,0,0,0,0
1766638,2013,0,0,0,0,0
1766638,2014,0,0,0,0,0
1766638,2015,0,0,0,0,0
1766638,2016,0,0,0,0,0
1766638,2017,0,0,0,0,0
1766638,2018,0,0,0,0,0
1766638,2019,0,0,0,0,0
1766638,2020,0,0,0,0,0
1766638,2021,0,0,0,0,0
1766638,2022,0,0,0,0,0
1766638,2023,0,0,0,0,0
1766638,2024,0,0,0,0,0
1766638,2025,0,0,0,0,0
1766677,2000,0,0,0,0,0
1766677,2001,0,0,0,0,0
1766677,2002,0,0,0,0,0
1766677,2003,0,0,0,0,0
1766677,2004,0,0,0,0,0
1766677,2005,0,0,0,0,0
1766677,2006,0,0,0,0,0
1766677,2007,0,0,0,0,0
1766677,2008,0,0,0,0,0
1766677,2009,0,0,0,0,0
1766677,2010,0,0,0,0,0
1766677,2011,0,0,0,0,0
1766677,2012,0,0,0,0,0
1766677,2013,0,0,0,0,0
1766677,2014,0,0,0,0,0
1766677,2015,0,0,0,0,0
1766677,2016,0,0,0,0,0
1766677,2017,0,0,0,0,0
1766677,2018,0,0,0,0,0
1766677,2019,0,0,0,0,0
1766677,2020,0,0,0,0,0
1766677,2021,0,0,0,0,0
1766677,2022,0,0,0,0,0
1766677,2023,0,0,0,0,0
1766677,2024,0,0,0,0,0
1766677,2025,0,0,0,0,0
1766703,2000,431,0,0,10,441
1766703,2001,425,0,0,104,529
1766703,2002,378,2,0,8,388
1766703,2003,173,0,0,20,193
1766703,2004,87,0,0,13,100
1766703,2005,89,0,0,22,111
1766703,2006,68,0,0,0,68
1766703,2007,30,0,0,0,30
1766703,2008,14,0,4,0,18
1766703,2009,5,0,4,0,9
1766703,2010,8,0,0,0,8
1766703,2011,11,0,0,0,11
1766703,2012,18,0,0,0,18
1766703,2013,37,0,0,0,37
1766703,2014,23,0,0,0,23
1766703,2015,27,0,8,0,35
1766703,2016,35,0,4,0,39
1766703,2017,27,0,0,250,277
1766703,2018,28,0,0,96,124
1766703,2019,44,0,0,0,44
1766703,2020,36,0,0,51,87
1766703,2021,25,0,0,0,25
1766703,2022,33,0,0,0,33
1766703,2023,50,0,0,268,318
1766703,2024,28,14,0,48,90
1766703,2025,48,34,11,21,114
1766768,2000,0,0,0,0,0
1766768,2001,0,0,0,0,0
1766768,2002,0,0,0,0,0
1766768,2003,0,0,0,0,0
1766768,2004,2,0,0,0,2
1766768,2005,0,0,0,0,0
1766768,2006,0,0,0,0,0
1766768,2007,0,0,0,0,0
1766768,2008,0,0,0,0,0
1766768,2009,0,0,0,0,0
1766768,2010,0,0,0,0,0
1766768,2011,0,0,0,0,0
1766768,2012,0,0,0,0,0
1766768,2013,0,0,0,0,0
1766768,2014,0,0,0,0,0
1766768,2015,0,0,0,0,0
1766768,2016,0,0,0,0,0
1766768,2017,0,0,0,0,0
1766768,2018,0,0,0,0,0
1766768,2019,0,0,0,0,0
1766768,2020,0,0,0,0,0
1766768,2021,0,0,0,0,0
1766768,2022,0,0,0,0,0
1766768,2023,0,0,0,0,0
1766768,2024,1,0,0,0,1
1766768,2025,1,0,0,0,1
1766794,2000,0,0,0,0,0
1766794,2001,0,0,0,0,0
1766794,2002,1,0,0,0,1
1766794,2003,1,0,0,0,1
1766794,2004,0,0,16,0,16
1766794,2005,5,0,0,0,5
1766794,2006,0,0,0,0,0
1766794,2007,0,0,0,0,0
1766794,2008,0,0,0,0,0
1766794,2009,0,0,0,0,0
1766794,2010,1,0,0,0,1
1766794,2011,0,0,0,0,0
1766794,2012,0,0,0,0,0
1766794,2013,0,0,0,0,0
1766794,2014,0,0,0,0,0
1766794,2015,1,0,0,0,1
1766794,2016,0,0,0,0,0
1766794,2017,0,0,0,0,0
1766794,2018,2,0,0,0,2
1766794,2019,0,0,0,0,0
1766794,2020,1,0,0,0,1
1766794,2021,0,0,0,0,0
1766794,2022,0,0,0,0,0
1766794,2023,0,0,0,0,0
1766794,2024,1,0,0,0,1
1766794,2025,3,0,0,0,3
1766800,2000,2,0,0,0,2
1766800,2001,1,0,0,0,1
1766800,2002,1,0,0,0,1
1766800,2003,1,0,0,0,1
1766800,2004,1,0,0,0,1
1766800,2005,1,0,0,0,1
1766800,2006,1,0,0,0,1
1766800,2007,1,0,0,0,1
1766800,2008,1,0,0,0,1
1766800,2009,0,0,0,0,0
1766800,2010,0,0,0,0,0
1766800,2011,0,0,0,0,0
1766800,2012,0,0,0,0,0
1766800,2013,0,0,0,0,0
1766800,2014,0,0,0,0,0
1766800,2015,0,0,0,0,0
1766800,2016,0,0,0,0,0
1766800,2017,0,0,0,0,0
1766800,2018,0,0,0,0,0
1766800,2019,0,0,0,0,0
1766800,2020,0,0,0,0,0
1766800,2021,0,0,0,0,0
1766800,2022,0,0,0,0,0
1766800,2023,0,0,0,0,0
1766800,2024,0,0,0,0,0
1766800,2025,0,0,0,0,0
1766859,2000,12,0,0,0,12
1766859,2001,20,0,0,0,20
1766859,2002,11,0,0,0,11
1766859,2003,2,0,0,0,2
1766859,2004,2,0,0,0,2
1766859,2005,4,0,0,0,4
1766859,2006,13,0,0,0,13
1766859,2007,2,0,0,0,2
1766859,2008,4,2,0,0,6
1766859,2009,10,0,0,0,10
1766859,2010,3,0,3,0,6
1766859,2011,7,0,3,0,10
1766859,2012,3,4,0,0,7
1766859,2013,8,0,0,0,8
1766859,2014,6,0,0,6,12
1766859,2015,9,0,4,10,23
1766859,2016,7,0,0,0,7
1766859,2017,17,0,0,0,17
1766859,2018,11,0,4,0,15
1766859,2019,6,0,0,0,6
1766859,2020,0,0,0,0,0
1766859,2021,7,0,0,0,7
1766859,2022,3,0,0,0,3
1766859,2023,0,0,0,0,0
1766859,2024,0,0,0,0,0
1766859,2025,0,0,0,0,0
1766950,2000,32,0,0,0,32
1766950,2001,32,0,0,0,32
1766950,2002,91,0,0,0,91
1766950,2003,97,0,0,0,97
1766950,2004,96,0,0,0,96
1766950,2005,93,0,0,0,93
1766950,2006,70,0,0,0,70
1766950,2007,52,0,0,0,52
1766950,2008,6,0,0,0,6
1766950,2009,4,0,0,0,4
1766950,2010,2,0,0,0,2
1766950,2011,0,0,0,0,0
1766950,2012,2,0,0,12,14
1766950,2013,2,0,0,0,2
1766950,2014,0,0,0,0,0
1766950,2015,1,0,0,0,1
1766950,2016,0,0,0,0,0
1766950,2017,0,0,0,0,0
1766950,2018,0,0,0,0,0
1766950,2019,0,0,0,0,0
1766950,2020,0,0,0,0,0
1766950,2021,0,0,0,0,0
1766950,2022,0,0,0,0,0
1766950,2023,0,0,0,0,0
1766950,2024,0,0,0,0,0
1766950,2025,0,0,0,0,0
1766989,2000,3,0,0,0,3
1766989,2001,2,0,0,0,2
1766989,2002,4,0,0,0,4
1766989,2003,2,0,0,0,2
1766989,2004,9,0,0,0,9
1766989,2005,4,2,0,0,6
1766989,2006,9,0,0,0,9
1766989,2007,2,0,0,0,2
1766989,2008,0,0,0,0,0
1766989,2009,1,0,0,0,1
1766989,2010,2,0,0,0,2
1766989,2011,0,2,0,0,2
1766989,2012,2,0,0,0,2
1766989,2013,2,0,0,0,2
1766989,2014,4,0,0,0,4
1766989,2015,5,0,0,0,5
1766989,2016,1,0,0,0,1
1766989,2017,3,0,0,0,3
1766989,2018,0,0,0,0,0
1766989,2019,0,0,0,0,0
1766989,2020,0,0,0,0,0
1766989,2021,3,0,0,0,3
1766989,2022,0,0,0,0,0
1766989,2023,0,0,0,0,0
1766989,2024,0,0,0,0,0
1766989,2025,0,0,0,0,0
1767236,2000,5,2,0,0,7
1767236,2001,14,12,0,0,26
1767236,2002,3,0,0,42,45
1767236,2003,6,0,0,0,6
1767236,2004,2,0,0,0,2
1767236,2005,1,0,0,0,1
1767236,2006,7,0,0,0,7
1767236,2007,6,0,0,0,6
1767236,2008,0,0,0,0,0
1767236,2009,1,2,0,0,3
1767236,2010,0,0,0,0,0
1767236,2011,3,0,0,0,3
1767236,2012,2,2,0,0,4
1767236,2013,1,0,0,0,1
1767236,2014,0,0,0,0,0
1767236,2015,0,0,0,0,0
1767236,2016,2,0,0,0,2
1767236,2017,0,0,0,0,0
1767236,2018,0,0,0,0,0
1767236,2019,0,0,0,0,0
1767236,2020,1,0,0,0,1
1767236,2021,1,0,0,0,1
1767236,2022,0,0,0,0,0
1767236,2023,0,0,0,0,0
1767236,2024,3,0,20,0,23
1767236,2025,1,0,8,0,9
1767372,2009,0,0,0,0,0
1767372,2010,1,0,0,0,1
1767372,2011,0,0,0,0,0
1767372,2012,0,0,0,0,0
1767372,2013,0,0,0,0,0
1767372,2014,0,0,0,0,0
1767372,2015,0,0,0,0,0
1767372,2016,0,0,0,0,0
1767372,2017,0,0,0,0,0
1767372,2018,0,0,0,0,0
1767372,2019,0,0,0,0,0
1767372,2020,0,0,0,0,0
1767372,2021,0,0,0,0,0
1767372,2022,0,0,0,0,0
1767372,2023,0,0,0,0,0
1767372,2024,0,0,0,0,0
1767372,2025,0,0,0,0,0
1767444,2000,3,0,0,0,3
1767444,2001,3,0,0,0,3
1767444,2002,0,0,0,0,0
1767444,2003,0,0,0,0,0
1767444,2004,0,0,0,0,0
1767444,2005,0,0,0,0,0
1767444,2006,0,0,0,0,0
1767444,2007,0,0,0,0,0
1767444,2008,0,0,0,0,0
1767444,2009,0,0,0,0,0
1767444,2010,0,0,0,0,0
1767444,2011,0,0,0,0,0
1767444,2012,0,0,0,0,0
1767444,2013,0,0,0,0,0
1767444,2014,0,0,0,0,0
1767444,2015,0,0,0,0,0
1767444,2016,0,0,0,0,0
1767444,2017,1,0,0,0,1
1767444,2018,0,0,0,0,0
1767444,2019,1,0,0,0,1
1767444,2020,0,0,0,0,0
1767444,2021,0,0,0,0,0
1767444,2022,0,0,0,0,0
1767444,2023,0,0,0,0,0
1767444,2024,0,0,0,0,0
1767444,2025,1,0,0,0,1
1767548,2000,38,2,0,0,40
1767548,2001,36,0,4,0,40
1767548,2002,26,0,8,0,34
1767548,2003,28,2,0,0,30
1767548,2004,63,0,0,0,63
1767548,2005,50,0,0,0,50
1767548,2006,49,0,0,0,49
1767548,2007,20,0,0,0,20
1767548,2008,1,0,0,0,1
1767548,2009,7,0,0,0,7
1767548,2010,4,0,0,0,4
1767548,2011,0,0,0,0,0
1767548,2012,0,0,0,0,0
1767548,2013,0,0,0,0,0
1767548,2014,0,0,0,0,0
1767548,2015,3,0,0,0,3
1767548,2016,1,0,0,0,1
1767548,2017,6,0,0,0,6
1767548,2018,8,0,0,0,8
1767548,2019,5,0,0,0,5
1767548,2020,0,0,0,0,0
1767548,2021,5,0,0,0,5
1767548,2022,41,0,0,0,41
1767548,2023,29,0,0,0,29
1767548,2024,28,0,0,0,28
1767548,2025,14,2,0,0,16
1767613,2000,0,0,0,0,0
1767613,2001,0,0,0,0,0
1767613,2002,0,0,0,0,0
1767613,2003,0,0,0,0,0
1767613,2004,0,0,0,0,0
1767613,2005,1,0,0,0,1
1767613,2006,0,0,0,0,0
1767613,2007,1,0,0,0,1
1767613,2008,0,0,0,0,0
1767613,2009,0,0,0,0,0
1767613,2010,1,0,0,0,1
1767613,2011,1,0,0,0,1
1767613,2012,1,0,0,0,1
1767613,2013,1,0,0,0,1
1767613,2014,0,0,0,0,0
1767613,2015,0,0,0,0,0
1767613,2016,0,0,0,0,0
1767613,2017,0,0,0,0,0
1767613,2018,0,0,0,0,0
1767613,2019,0,0,0,0,0
1767613,2020,0,0,0,0,0
1767613,2021,0,0,0,0,0
1767613,2022,0,0,0,0,0
1767613,2023,0,0,0,0,0
1767613,2024,0,0,0,0,0
1767613,2025,1,0,0,0,1
1767756,2013,0,0,0,0,0
1767756,2014,0,0,0,0,0
1767756,2015,0,0,0,0,0
1767756,2016,0,0,0,0,0
1767756,2017,0,0,0,0,0
1767756,2018,0,0,0,0,0
1767756,2019,0,0,0,0,0
1767756,2020,0,0,0,0,0
1767756,2021,0,0,0,0,0
1767756,2022,0,0,0,0,0
1767756,2023,0,0,0,0,0
1767756,2024,0,0,0,0,0
1767756,2025,0,0,0,0,0
1767769,2000,21,0,0,0,21
1767769,2001,37,0,0,0,37
1767769,2002,40,0,0,0,40
1767769,2003,49,0,0,0,49
1767769,2004,41,0,0,0,41
1767769,2005,15,0,0,0,15
1767769,2006,9,0,0,0,9
1767769,2007,0,0,0,0,0
1767769,2008,0,0,0,0,0
1767769,2009,0,0,0,0,0
1767769,2010,0,0,0,0,0
1767769,2011,0,0,0,0,0
1767769,2012,0,0,0,0,0
1767769,2013,0,0,0,0,0
1767769,2014,0,0,0,0,0
1767769,2015,0,0,0,0,0
1767769,2016,0,0,0,0,0
1767769,2017,0,0,0,0,0
1767769,2018,0,0,0,0,0
1767769,2019,0,0,0,0,0
1767769,2020,0,0,0,0,0
1767769,2021,0,0,0,0,0
1767769,2022,0,0,0,0,0
1767769,2023,0,0,0,0,0
1767769,2024,0,0,0,0,0
1767769,2025,0,0,0,0,0
1767821,2000,4,0,0,0,4
1767821,2001,1,0,0,0,1
1767821,2002,1,0,0,0,1
1767821,2003,1,0,0,0,1
1767821,2004,0,0,0,0,0
1767821,2005,1,0,0,0,1
1767821,2006,2,0,0,0,2
1767821,2007,2,0,0,0,2
1767821,2008,1,0,0,0,1
1767821,2009,0,0,0,0,0
1767821,2010,0,0,0,0,0
1767821,2011,0,0,0,0,0
1767821,2012,0,0,0,0,0
1767821,2013,0,0,0,0,0
1767821,2014,0,0,0,0,0
1767821,2015,0,0,0,0,0
1767821,2016,0,0,0,0,0
1767821,2017,0,0,0,0,0
1767821,2018,0,0,0,0,0
1767821,2019,0,0,0,0,0
1767821,2020,0,0,0,0,0
1767821,2021,0,0,0,0,0
1767821,2022,0,0,0,0,0
1767821,2023,0,0,0,0,0
1767821,2024,0,0,0,0,0
1767821,2025,0,0,0,0,0
1767860,2000,30,8,16,0,54
1767860,2001,30,8,15,0,53
1767860,2002,33,8,16,0,57
1767860,2003,35,8,16,0,59
1767860,2004,35,6,14,0,55
1767860,2005,34,4,8,0,46
1767860,2006,40,8,0,310,358
1767860,2007,46,2,0,0,48
1767860,2008,54,0,0,0,54
1767860,2009,78,4,0,0,82
1767860,2010,41,0,0,0,41
1767860,2011,36,0,0,0,36
1767860,2012,57,0,0,0,57
1767860,2013,69,0,0,12,81
1767860,2014,43,6,0,98,147
1767860,2015,69,4,0,24,97
1767860,2016,83,2,0,0,85
1767860,2017,83,2,0,0,85
1767860,2018,48,2,0,12,62
1767860,2019,41,0,0,0,41
1767860,2020,45,0,0,12,57
1767860,2021,39,0,0,0,39
1767860,2022,39,0,0,0,39
1767860,2023,38,0,0,29,67
1767860,2024,29,0,0,0,29
1767860,2025,29,0,0,0,29
1767912,2000,1,0,0,0,1
1767912,2001,1,0,0,0,1
1767912,2002,0,0,0,0,0
1767912,2003,4,0,0,0,4
1767912,2004,2,0,0,0,2
1767912,2005,1,0,0,0,1
1767912,2006,1,0,0,0,1
1767912,2007,1,0,0,0,1
1767912,2008,0,0,0,0,0
1767912,2009,0,0,0,0,0
1767912,2010,0,0,0,0,0
1767912,2011,0,0,0,0,0
1767912,2012,0,0,0,0,0
1767912,2013,1,0,0,0,1
1767912,2014,1,0,0,0,1
1767912,2015,0,0,0,0,0
1767912,2016,0,0,0,0,0
1767912,2017,0,0,0,0,0
1767912,2018,0,0,0,0,0
1767912,2019,0,0,0,0,0
1767912,2020,0,0,0,0,0
1767912,2021,0,0,0,0,0
1767912,2022,0,0,0,0,0
1767912,2023,0,0,0,0,0
1767912,2024,0,0,0,0,0
1767912,2025,0,0,0,0,0
1767925,2002,0,0,0,0,0
1767925,2003,0,0,0,0,0
1767925,2004,2,0,0,0,2
1767925,2005,2,0,0,0,2
1767925,2006,2,0,0,0,2
1767925,2007,0,0,0,0,0
1767925,2008,0,0,0,0,0
1767925,2009,3,0,0,0,3
1767925,2010,0,0,0,0,0
1767925,2011,0,0,0,0,0
1767925,2012,0,0,0,0,0
1767925,2013,0,0,0,0,0
1767925,2014,0,0,0,0,0
1767925,2015,0,0,0,0,0
1767925,2016,0,0,0,0,0
1767925,2017,1,0,0,0,1
1767925,2018,1,0,0,0,1
1767925,2019,1,0,0,0,1
1767925,2020,1,0,0,0,1
1767925,2021,0,0,0,0,0
1767925,2022,0,0,0,0,0
1767925,2023,0,0,0,0,0
1767925,2024,0,0,0,0,0
1767925,2025,0,0,0,0,0
1768003,2000,3,0,0,0,3
1768003,2001,31,0,0,6,37
1768003,2002,92,0,8,6,106
1768003,2003,22,0,0,0,22
1768003,2004,57,0,9,42,108
1768003,2005,127,0,3,171,301
1768003,2006,31,0,0,0,31
1768003,2007,25,0,0,0,25
1768003,2008,12,0,0,0,12
1768003,2009,1,0,0,0,1
1768003,2010,0,0,0,0,0
1768003,2011,1,0,0,0,1
1768003,2012,1,0,0,0,1
1768003,2013,1,0,14,17,32
1768003,2014,30,0,0,16,46
1768003,2015,2,4,0,194,200
1768003,2016,2,2,22,11,37
1768003,2017,7,2,4,23,36
1768003,2018,4,0,0,0,4
1768003,2019,2,0,0,0,2
1768003,2020,2,0,8,38,48
1768003,2021,12,0,24,74,110
1768003,2022,56,0,16,47,119
1768003,2023,92,2,8,5,107
1768003,2024,93,0,0,20,113
1768003,2025,42,0,0,0,42
1768081,2000,5,0,0,0,5
1768081,2001,6,0,0,0,6
1768081,2002,3,0,0,0,3
1768081,2003,2,0,0,99,101
1768081,2004,2,0,0,0,2
1768081,2005,6,0,0,0,6
1768081,2006,7,0,0,42,49
1768081,2007,24,0,0,41,65
1768081,2008,2,0,0,0,2
1768081,2009,0,0,0,0,0
1768081,2010,1,0,0,0,1
1768081,2011,0,0,0,0,0
1768081,2012,0,0,0,0,0
1768081,2013,0,0,0,0,0
1768081,2014,2,0,0,0,2
1768081,2015,1,0,0,0,1
1768081,2016,2,0,0,0,2
1768081,2017,1,0,0,0,1
1768081,2018,0,0,0,0,0
1768081,2019,2,0,0,0,2
1768081,2020,2,0,0,0,2
1768081,2021,2,0,0,0,2
1768081,2022,0,0,0,0,0
1768081,2023,2,0,0,0,2
1768081,2024,0,0,0,0,0
1768081,2025,0,0,0,0,0
1768120,2000,0,0,0,0,0
1768120,2001,0,0,0,0,0
1768120,2002,0,0,0,0,0
1768120,2003,0,0,0,0,0
1768120,2004,0,0,0,0,0
1768458,2000,0,0,0,0,0
1768458,2001,0,0,0,0,0
1768458,2002,0,0,0,0,0
1768458,2003,0,0,0,0,0
1768458,2004,0,0,0,0,0
1768458,2005,0,0,0,0,0
1768458,2006,0,0,0,0,0
1768458,2007,0,0,0,0,0
1768458,2008,0,0,0,0,0
1768458,2009,0,0,0,0,0
1768458,2010,0,0,0,0,0
1768458,2011,0,0,0,0,0
1768458,2012,0,0,0,0,0
1768458,2013,0,0,0,0,0
1768458,2014,0,0,0,0,0
1768458,2015,0,0,0,0,0
1768458,2016,0,0,0,0,0
1768458,2017,0,0,0,0,0
1768458,2018,0,0,0,0,0
1768458,2019,0,0,0,0,0
1768458,2020,0,0,0,0,0
1768458,2021,0,0,0,0,0
1768458,2022,0,0,0,0,0
1768458,2023,0,0,0,0,0
1768458,2024,0,0,0,0,0
1768458,2025,0,0,0,0,0
1768471,2000,1,0,0,0,1
1768471,2001,1,0,0,0,1
1768471,2002,0,0,0,0,0
1768471,2003,1,0,0,0,1
1768471,2004,2,0,0,0,2
1768471,2005,3,0,0,0,3
1768471,2006,1,0,0,0,1
1768471,2007,1,0,0,0,1
1768471,2008,2,0,0,0,2
1768471,2009,0,0,0,0,0
1768471,2010,1,0,0,0,1
1768471,2011,0,0,0,0,0
1768471,2012,1,0,0,0,1
1768471,2013,1,0,0,0,1
1768471,2014,0,0,0,0,0
1768471,2015,0,0,0,0,0
1768471,2016,0,0,0,0,0
1768471,2017,1,0,0,0,1
1768471,2018,0,0,0,0,0
1768471,2019,0,0,0,0,0
1768471,2020,0,0,0,0,0
1768471,2021,0,0,0,0,0
1768471,2022,0,0,0,0,0
1768471,2023,0,0,0,0,0
1768471,2024,0,0,0,0,0
1768471,2025,0,0,0,0,0
1768510,2000,0,0,0,0,0
1768510,2001,0,0,0,0,0
1768510,2002,2,0,0,0,2
1768510,2003,0,0,0,0,0
1768510,2004,0,0,0,0,0
1768510,2005,0,0,0,0,0
1768510,2006,0,0,0,0,0
1768510,2007,0,0,0,0,0
1768510,2008,0,0,0,0,0
1768510,2009,0,0,0,0,0
1768510,2010,0,0,0,0,0
1768510,2011,0,0,0,0,0
1768510,2012,0,0,0,0,0
1768510,2013,0,0,0,0,0
1768510,2014,0,0,0,0,0
1768510,2015,0,0,0,0,0
1768510,2016,0,0,0,0,0
1768510,2017,0,0,0,0,0
1768510,2018,0,0,0,0,0
1768510,2019,0,0,0,0,0
1768510,2020,0,0,0,0,0
1768510,2021,0,0,0,0,0
1768510,2022,0,0,0,0,0
1768510,2023,1,0,0,0,1
1768510,2024,0,0,0,0,0
1768510,2025,2,0,0,0,2
1768640,2000,8,0,0,0,8
1768640,2001,4,0,0,0,4
1768640,2002,7,0,0,0,7
1768640,2003,8,0,0,0,8
1768640,2004,8,0,0,0,8
1768640,2005,17,0,0,0,17
1768640,2006,18,0,0,0,18
1768640,2007,10,0,0,0,10
1768640,2008,3,0,0,0,3
1768640,2009,2,0,0,0,2
1768640,2010,1,0,0,0,1
1768640,2011,0,0,0,0,0
1768640,2012,2,0,0,0,2
1768640,2013,2,0,0,0,2
1768640,2014,2,0,0,0,2
1768640,2015,2,0,0,0,2
1768640,2016,2,0,0,0,2
1768640,2017,3,0,0,0,3
1768640,2018,3,0,4,0,7
1768640,2019,1,0,0,0,1
1768640,2020,0,0,0,0,0
1768640,2021,0,0,0,0,0
1768640,2022,0,0,0,0,0
1768640,2023,1,0,0,0,1
1768640,2024,1,0,0,0,1
1768640,2025,1,0,0,0,1
1768705,2000,2,0,0,0,2
1768705,2001,3,0,0,0,3
1768705,2002,3,0,0,0,3
1768705,2003,3,0,0,0,3
1768705,2004,3,0,0,0,3
1768705,2005,3,0,0,0,3
1768705,2006,3,0,0,0,3
1768705,2007,2,0,0,0,2
1768705,2008,1,0,0,0,1
1768705,2009,1,0,0,0,1
1768705,2010,1,0,0,0,1
1768705,2011,1,0,0,0,1
1768705,2012,1,0,0,0,1
1768705,2013,1,0,0,0,1
1768705,2014,1,0,0,0,1
1768705,2015,1,0,0,0,1
1768705,2016,1,0,0,0,1
1768705,2017,1,0,0,0,1
1768705,2018,1,0,0,0,1
1768705,2019,1,0,0,0,1
1768705,2020,1,0,0,0,1
1768705,2021,1,0,0,0,1
1768705,2022,1,0,0,0,1
1768705,2023,10,0,0,0,10
1768705,2024,9,0,0,0,9
1768705,2025,3,0,0,0,3
1768822,2000,0,0,0,0,0
1768822,2001,2,0,0,0,2
1768822,2002,2,0,0,0,2
1768822,2003,3,0,0,0,3
1768822,2004,5,0,0,0,5
1768822,2005,3,0,0,0,3
1768822,2006,0,0,0,0,0
1768822,2007,0,0,0,0,0
1768822,2008,0,0,0,0,0
1768822,2009,0,0,0,0,0
1768822,2010,0,0,0,0,0
1768822,2011,0,0,0,0,0
1768822,2012,2,0,0,0,2
1768822,2013,0,0,0,0,0
1768822,2014,0,0,0,0,0
1768822,2015,0,0,0,0,0
1768822,2016,0,0,0,0,0
1768822,2017,0,0,0,0,0
1768822,2018,0,0,0,0,0
1768822,2019,0,0,0,0,0
1768822,2020,0,0,0,0,0
1768822,2021,0,0,0,0,0
1768822,2022,0,0,0,0,0
1768822,2023,0,0,0,0,0
1768822,2024,0,0,0,0,0
1768822,2025,0,0,0,0,0
1768991,2000,0,0,0,0,0
1768991,2001,1,0,0,0,1
1768991,2002,0,0,0,0,0
1768991,2003,2,0,0,0,2
1768991,2004,1,0,0,0,1
1768991,2005,0,0,0,0,0
1768991,2006,4,0,0,0,4
1768991,2007,1,4,0,0,5
1768991,2008,0,0,0,0,0
1768991,2009,1,0,0,0,1
1768991,2010,0,0,0,0,0
1768991,2011,0,0,0,0,0
1768991,2012,0,0,0,0,0
1768991,2013,0,0,0,0,0
1768991,2014,0,0,0,0,0
1768991,2015,0,0,0,0,0
1768991,2016,0,0,0,0,0
1768991,2017,0,0,0,0,0
1768991,2018,0,0,0,0,0
1768991,2019,0,0,0,0,0
1768991,2020,15,0,0,0,15
1768991,2021,17,0,0,0,17
1768991,2022,0,0,0,0,0
1768991,2023,0,0,0,0,0
1768991,2024,0,0,0,0,0
1768991,2025,0,0,0,0,0
1769186,2000,2,0,3,0,5
1769186,2001,5,0,0,0,5
1769186,2002,5,0,0,0,5
1769186,2003,3,2,0,0,5
1769186,2004,3,2,0,0,5
1769186,2005,5,0,0,0,5
1769186,2006,5,0,0,0,5
1769186,2007,15,2,0,0,17
1769186,2008,35,0,0,0,35
1769186,2009,28,0,0,0,28
1769186,2010,3,0,0,46,49
1769186,2011,2,0,0,0,2
1769186,2012,2,0,0,0,2
1769186,2013,2,0,0,0,2
1769186,2014,2,0,0,0,2
1769186,2015,3,0,0,0,3
1769186,2016,4,0,0,0,4
1769186,2017,1,0,0,0,1
1769186,2018,0,0,0,0,0
1769186,2019,10,0,0,0,10
1769186,2020,0,0,0,16,16
1769186,2021,4,0,0,0,4
1769186,2022,2,0,0,0,2
1769186,2023,1,0,0,0,1
1769186,2024,1,0,0,0,1
1769186,2025,1,0,0,0,1
1769212,2000,1,0,0,0,1
1769212,2001,1,0,0,0,1
1769212,2002,0,0,0,0,0
1769212,2003,0,0,0,0,0
1769212,2004,0,0,0,0,0
1769212,2005,0,0,0,0,0
1769212,2006,0,0,0,0,0
1769212,2007,1,0,0,0,1
1769212,2008,0,0,0,0,0
1769212,2009,0,0,0,0,0
1769212,2010,0,0,0,0,0
1769212,2011,0,0,0,0,0
1769212,2012,0,0,0,0,0
1769212,2013,0,0,0,0,0
1769212,2014,0,0,0,0,0
1769212,2015,0,0,0,0,0
1769212,2016,0,0,0,0,0
1769212,2017,0,0,0,0,0
1769212,2018,0,0,0,0,0
1769212,2019,0,0,0,0,0
1769212,2020,0,0,0,0,0
1769212,2021,0,0,0,0,0
1769212,2022,0,0,0,0,0
1769212,2023,0,0,0,0,0
1769212,2024,0,0,0,0,0
1769212,2025,1,0,0,0,1
1769277,2000,4,0,0,0,4
1769277,2001,11,0,0,0,11
1769277,2002,1,0,0,0,1
1769277,2003,13,0,0,0,13
1769277,2004,14,0,0,0,14
1769277,2005,1,0,0,0,1
1769277,2006,2,0,0,0,2
1769277,2007,5,0,0,0,5
1769277,2008,0,0,0,0,0
1769277,2009,1,0,0,0,1
1769277,2010,0,0,0,0,0
1769277,2011,0,0,0,0,0
1769277,2012,0,0,0,0,0
1769277,2013,0,0,0,0,0
1769277,2014,0,0,0,0,0
1769277,2015,0,0,0,0,0
1769277,2016,0,0,0,0,0
1769277,2017,0,0,0,0,0
1769277,2018,0,0,0,0,0
1769277,2019,1,0,0,0,1
1769277,2020,0,0,0,0,0
1769277,2021,0,0,0,0,0
1769277,2022,1,0,0,0,1
1769277,2023,0,0,0,0,0
1769277,2024,0,0,0,0,0
1769277,2025,0,0,0,0,0
1769342,2000,33,12,0,0,45
1769342,2001,57,4,0,0,61
1769342,2002,45,18,0,0,63
1769342,2003,45,6,0,0,51
1769342,2004,50,22,0,0,72
1769342,2005,50,22,0,0,72
1769342,2006,54,6,0,0,60
1769342,2007,39,2,0,0,41
1769342,2008,22,4,0,0,26
1769342,2009,30,0,0,0,30
1769342,2010,33,0,0,0,33
1769342,2011,31,0,0,0,31
1769342,2012,36,0,0,0,36
1769342,2013,44,0,0,0,44
1769342,2014,45,0,0,0,45
1769342,2015,49,0,0,0,49
1769342,2016,23,8,0,0,31
1769342,2017,11,0,0,0,11
1769342,2018,12,0,0,0,12
1769342,2019,5,0,0,0,5
1769342,2020,5,0,0,0,5
1769342,2021,3,0,0,0,3
1769342,2022,4,0,0,0,4
1769342,2023,10,0,0,0,10
1769342,2024,11,0,0,0,11
1769342,2025,6,0,0,0,6
1769368,2000,0,0,0,0,0
1769368,2001,0,0,0,0,0
1769368,2002,0,0,0,0,0
1769368,2003,0,0,0,0,0
1769368,2004,0,0,0,0,0
1769368,2005,0,0,0,0,0
1769368,2006,0,0,0,0,0
1769368,2007,0,0,0,0,0
1769368,2008,0,0,0,0,0
1769368,2009,5,0,0,0,5
1769368,2010,0,0,0,0,0
1769368,2011,0,0,0,0,0
1769368,2012,0,0,0,0,0
1769368,2013,0,0,0,0,0
1769368,2014,0,0,0,0,0
1769368,2015,0,0,0,0,0
1769368,2016,1,0,0,0,1
1769368,2017,1,0,0,0,1
1769368,2018,1,0,0,0,1
1769368,2019,1,0,0,0,1
1769368,2020,1,0,0,0,1
1769368,2021,1,0,0,0,1
1769368,2022,1,0,0,0,1
1769368,2023,4,0,0,0,4
1769368,2024,3,0,0,0,3
1769368,2025,3,0,0,0,3
1769524,2000,149,2,0,6,157
1769524,2001,204,6,0,0,210
1769524,2002,229,2,0,0,231
1769524,2003,217,0,0,0,217
1769524,2004,208,4,0,0,212
1769524,2005,105,0,0,0,105
1769524,2006,126,0,0,48,174
1769524,2007,88,4,0,64,156
1769524,2008,47,0,3,80,130
1769524,2009,49,0,0,32,81
1769524,2010,63,2,0,87,152
1769524,2011,63,4,0,0,67
1769524,2012,76,6,0,0,82
1769524,2013,60,0,0,0,60
1769524,2014,62,0,0,0,62
1769524,2015,46,2,0,0,48
1769524,2016,33,0,0,0,33
1769524,2017,49,0,0,0,49
1769524,2018,60,0,0,216,276
1769524,2019,61,0,0,0,61
1769524,2020,98,20,0,72,190
1769524,2021,102,58,0,0,160
1769524,2022,51,16,0,116,183
1769524,2023,31,0,0,0,31
1769524,2024,38,0,0,0,38
1769524,2025,28,2,0,0,30
1769758,2000,101,0,0,22,123
1769758,2001,159,0,0,0,159
1769758,2002,294,0,4,21,319
1769758,2003,366,8,0,48,422
1769758,2004,341,8,20,34,403
1769758,2005,531,2,0,0,533
1769758,2006,417,0,0,0,417
1769758,2007,256,0,0,0,256
1769758,2008,115,0,0,0,115
1769758,2009,85,0,0,0,85
1769758,2010,78,0,0,51,129
1769758,2011,63,0,0,0,63
1769758,2012,78,0,0,0,78
1769758,2013,92,0,0,0,92
1769758,2014,92,0,0,0,92
1769758,2015,97,0,0,0,97
1769758,2016,97,0,0,0,97
1769758,2017,80,2,0,0,82
1769758,2018,121,0,0,0,121
1769758,2019,60,0,0,0,60
1769758,2020,63,2,0,0,65
1769758,2021,70,0,0,0,70
1769758,2022,55,0,0,0,55
1769758,2023,22,0,0,0,22
1769758,2024,31,0,0,0,31
1769758,2025,26,0,0,0,26
1769836,2000,0,0,0,0,0
1769836,2001,0,0,0,0,0
1769836,2002,0,0,0,0,0
1769836,2003,0,0,0,0,0
1769836,2004,0,0,0,0,0
1769836,2005,0,0,0,0,0
1769836,2006,0,0,0,0,0
1769836,2007,2,0,0,0,2
1769836,2008,0,0,0,0,0
1769836,2009,0,0,0,0,0
1769836,2010,0,0,0,0,0
1769836,2011,0,0,0,0,0
1769836,2012,0,0,0,0,0
1769836,2013,0,0,0,0,0
1769836,2014,0,0,0,0,0
1769836,2015,0,0,0,0,0
1769836,2016,0,0,0,0,0
1769836,2017,0,0,0,0,0
1769836,2018,0,0,0,0,0
1769836,2019,0,0,0,0,0
1769836,2020,0,0,0,0,0
1769836,2021,0,0,0,0,0
1769836,2022,0,0,0,0,0
1769836,2023,0,0,0,0,0
1769836,2024,0,0,0,0,0
1769836,2025,0,0,0,0,0
1769875,2000,0,8,0,0,8
1769875,2001,5,0,0,0,5
1769875,2002,6,0,0,0,6
1769875,2003,10,0,0,0,10
1769875,2004,10,0,0,0,10
1769875,2005,8,0,0,0,8
1769875,2006,3,6,0,0,9
1769875,2007,4,4,0,0,8
1769875,2008,0,0,0,0,0
1769875,2009,2,0,0,0,2
1769875,2010,0,0,0,0,0
1769875,2011,0,0,0,0,0
1769875,2012,0,0,0,0,0
1769875,2013,0,0,0,0,0
1769875,2014,0,0,0,0,0
1769875,2015,0,0,0,0,0
1769875,2016,1,0,0,0,1
1769875,2017,0,0,0,0,0
1769875,2018,0,0,0,0,0
1769875,2019,0,0,0,0,0
1769875,2020,0,0,0,0,0
1769875,2021,0,0,0,0,0
1769875,2022,0,0,0,0,0
1769875,2023,0,0,0,0,0
1769875,2024,0,0,0,0,0
1769875,2025,1,0,0,0,1
1769914,2000,4,0,0,0,4
1769914,2001,4,0,0,0,4
1769914,2002,4,0,0,0,4
1769914,2003,3,0,0,0,3
1769914,2004,2,0,0,0,2
1769914,2005,0,0,0,0,0
1769914,2006,0,0,0,0,0
1769914,2007,0,0,0,0,0
1769914,2008,0,0,0,0,0
1769914,2009,0,0,0,0,0
1769914,2010,0,0,0,0,0
1769914,2011,0,0,0,0,0
1769914,2012,0,0,0,0,0
1769914,2013,0,0,0,0,0
1769914,2014,0,0,0,0,0
1769979,2000,13,0,0,0,13
1769979,2001,23,6,4,0,33
1769979,2002,26,20,0,0,46
1769979,2003,38,12,4,0,54
1769979,2004,41,0,4,0,45
1769979,2005,28,0,4,136,168
1769979,2006,28,2,0,0,30
1769979,2007,10,0,0,0,10
1769979,2008,4,0,4,0,8
1769979,2009,9,2,0,0,11
1769979,2010,5,0,0,0,5
1769979,2011,20,0,0,0,20
1769979,2012,0,0,0,48,48
1769979,2013,0,2,0,0,2
1769979,2014,1,0,0,0,1
1769979,2015,8,0,0,78,86
1769979,2016,2,0,0,0,2
1769979,2017,22,0,0,0,22
1769979,2018,24,0,0,0,24
1769979,2019,22,0,0,0,22
1769979,2020,2,0,0,27,29
1769979,2021,6,10,0,0,16
1769979,2022,5,6,0,5,16
1769979,2023,3,10,0,0,13
1769979,2024,1,12,0,0,13
1769979,2025,3,14,0,0,17
1770122,2000,11,0,0,30,41
1770122,2001,17,0,0,60,77
1770122,2002,45,0,0,0,45
1770122,2003,38,0,0,126,164
1770122,2004,79,0,0,251,330
1770122,2005,51,0,0,770,821
1770122,2006,53,0,0,0,53
1770122,2007,38,0,0,0,38
1770122,2008,11,0,0,0,11
1770122,2009,4,0,0,0,4
1770122,2010,2,0,0,0,2
1770122,2011,2,0,0,0,2
1770122,2012,1,0,0,0,1
1770122,2013,3,0,0,0,3
1770122,2014,8,0,0,0,8
1770122,2015,10,0,0,0,10
1770122,2016,5,0,0,0,5
1770122,2017,4,0,0,0,4
1770122,2018,14,0,0,0,14
1770122,2019,5,0,0,201,206
1770122,2020,17,0,0,0,17
1770122,2021,12,0,0,0,12
1770122,2022,3,0,4,39,46
1770122,2023,4,0,0,0,4
1770122,2024,5,0,8,286,299
1770122,2025,1,2,0,0,3
1770161,2000,9,0,0,0,9
1770161,2001,8,0,0,0,8
1770161,2002,6,0,0,0,6
1770161,2003,1,0,0,0,1
1770161,2004,4,0,0,0,4
1770161,2005,4,0,0,0,4
1770161,2006,0,0,0,0,0
1770161,2007,0,0,0,0,0
1770161,2008,0,0,0,0,0
1770161,2009,0,0,0,0,0
1770161,2010,0,0,0,0,0
1770161,2011,1,0,0,0,1
1770161,2012,0,0,0,0,0
1770161,2013,0,0,0,0,0
1770161,2014,1,0,0,0,1
1770161,2015,0,0,0,0,0
1770161,2016,2,0,0,0,2
1770161,2017,0,0,0,0,0
1770161,2018,0,0,0,0,0
1770161,2019,0,0,0,0,0
1770161,2020,0,0,0,0,0
1770161,2021,0,0,0,0,0
1770161,2022,1,0,0,0,1
1770161,2023,0,0,0,0,0
1770161,2024,0,0,0,0,0
1770161,2025,0,0,0,0,0
1770213,2000,0,0,0,0,0
1770213,2001,0,0,0,0,0
1770213,2002,0,0,0,0,0
1770213,2003,0,0,0,0,0
1770213,2004,15,0,0,0,15
1770213,2005,2,0,0,0,2
1770213,2006,1,0,0,0,1
1770213,2007,0,0,0,0,0
1770213,2008,1,0,0,0,1
1770213,2009,0,0,0,0,0
1770213,2010,0,0,0,0,0
1770213,2011,0,0,0,0,0
1770213,2012,0,0,0,0,0
1770213,2013,0,0,0,0,0
1770213,2014,0,0,0,0,0
1770213,2015,0,0,0,0,0
1770213,2016,0,0,0,0,0
1770213,2017,0,0,0,0,0
1770213,2018,0,0,0,0,0
1770213,2019,0,0,0,0,0
1770213,2020,0,0,0,0,0
1770213,2021,0,0,0,0,0
1770213,2022,0,0,0,0,0
1770213,2023,0,0,0,0,0
1770213,2024,0,0,0,0,0
1770213,2025,0,0,0,0,0
1770252,2000,32,0,0,0,32
1770252,2001,53,0,0,0,53
1770252,2002,75,0,0,0,75
1770252,2003,67,0,0,0,67
1770252,2004,55,0,0,0,55
1770252,2005,108,0,0,0,108
1770252,2006,88,0,0,0,88
1770252,2007,37,0,0,0,37
1770252,2008,14,2,0,0,16
1770252,2009,14,0,0,0,14
1770252,2010,26,0,0,0,26
1770252,2011,20,0,0,0,20
1770252,2012,15,0,0,0,15
1770252,2013,17,0,0,0,17
1770252,2014,14,0,0,0,14
1770252,2015,12,0,0,0,12
1770252,2016,23,0,0,0,23
1770252,2017,20,0,0,0,20
1770252,2018,9,0,0,0,9
1770252,2019,13,0,0,0,13
1770252,2020,12,0,0,0,12
1770252,2021,5,0,0,0,5
1770252,2022,2,0,0,0,2
1770252,2023,6,0,0,0,6
1770252,2024,5,0,0,0,5
1770252,2025,4,0,0,0,4
1770460,2000,14,0,0,0,14
1770460,2001,19,0,0,0,19
1770460,2002,18,0,0,0,18
1770460,2003,38,0,0,0,38
1770460,2004,1,0,0,0,1
1770460,2005,5,0,0,0,5
1770460,2006,3,0,0,0,3
1770460,2007,5,0,0,0,5
1770460,2008,1,0,0,0,1
1770460,2009,1,0,0,0,1
1770460,2010,0,0,0,0,0
1770460,2011,0,0,0,0,0
1770460,2012,0,0,0,0,0
1770460,2013,0,0,0,0,0
1770460,2014,2,0,0,0,2
1770460,2015,0,0,0,0,0
1770460,2016,2,0,0,0,2
1770460,2017,1,0,0,0,1
1770460,2018,1,0,0,0,1
1770460,2019,1,0,0,0,1
1770460,2020,1,0,0,0,1
1770460,2021,1,0,0,0,1
1770460,2022,0,0,0,0,0
1770460,2023,0,0,0,0,0
1770460,2024,0,0,0,0,0
1770460,2025,0,0,0,0,0
1770525,2000,0,0,0,0,0
1770525,2001,1,0,0,0,1
1770525,2002,1,0,0,0,1
1770525,2003,1,0,0,0,1
1770525,2004,0,0,0,0,0
1770525,2005,0,0,0,0,0
1770525,2006,7,0,0,0,7
1770525,2007,6,0,0,0,6
1770525,2008,0,0,0,0,0
1770525,2009,0,0,0,0,0
1770525,2010,0,0,0,0,0
1770525,2011,0,0,0,0,0
1770525,2012,0,0,0,0,0
1770525,2013,1,0,0,0,1
1770525,2014,0,0,0,0,0
1770525,2015,0,0,0,0,0
1770525,2016,0,0,0,0,0
1770525,2017,0,0,0,0,0
1770525,2018,0,0,0,0,0
1770525,2019,0,0,0,0,0
1770525,2020,0,0,0,0,0
1770525,2021,1,0,0,0,1
1770525,2022,0,0,0,0,0
1770525,2023,0,0,0,0,0
1770525,2024,0,0,0,0,0
1770525,2025,0,0,0,0,0
1770564,2000,25,0,0,0,25
1770564,2001,22,0,0,0,22
1770564,2002,19,0,0,0,19
1770564,2003,18,0,0,0,18
1770564,2004,19,0,0,0,19
1770564,2005,19,0,0,0,19
1770564,2006,118,0,0,0,118
1770564,2007,71,0,0,0,71
1770564,2008,27,0,0,0,27
1770564,2009,10,0,0,0,10
1770564,2010,9,0,0,0,9
1770564,2011,8,0,0,0,8
1770564,2012,11,0,0,0,11
1770564,2013,39,0,0,0,39
1770564,2014,29,0,0,0,29
1770564,2015,24,0,0,0,24
1770564,2016,28,0,0,0,28
1770564,2017,23,0,0,0,23
1770564,2018,16,0,0,0,16
1770564,2019,13,0,0,0,13
1770564,2020,18,0,0,0,18
1770564,2021,14,0,0,0,14
1770564,2022,11,0,0,0,11
1770564,2023,5,0,0,0,5
1770564,2024,6,0,0,0,6
1770564,2025,5,0,0,0,5
1770629,2000,3,0,0,0,3
1770629,2001,9,0,0,0,9
1770629,2002,4,0,7,0,11
1770629,2003,8,0,6,0,14
1770629,2004,3,0,0,0,3
1770629,2005,5,0,0,0,5
1770629,2006,0,0,0,0,0
1770629,2007,0,0,3,0,3
1770629,2008,0,0,0,0,0
1770629,2009,0,0,0,0,0
1770629,2010,0,0,0,0,0
1770629,2011,0,0,0,0,0
1770629,2012,0,0,0,0,0
1770629,2013,0,0,0,0,0
1770629,2014,0,0,0,0,0
1770629,2015,0,0,0,0,0
1770629,2016,0,0,0,0,0
1770629,2017,0,0,0,0,0
1770629,2018,0,0,0,0,0
1770629,2019,0,0,0,0,0
1770629,2020,0,0,0,0,0
1770629,2021,0,0,0,0,0
1770629,2022,0,0,0,0,0
1770629,2023,0,0,0,0,0
1770629,2024,1,0,0,0,1
1770629,2025,1,0,0,0,1
1770720,2000,509,0,4,27,540
1770720,2001,490,0,0,0,490
1770720,2002,184,0,0,0,184
1770720,2003,166,0,0,0,166
1770720,2004,43,0,0,0,43
1770720,2005,94,0,0,0,94
1770720,2006,55,0,0,0,55
1770720,2007,28,0,0,14,42
1770720,2008,20,0,0,0,20
1770720,2009,8,0,0,0,8
1770720,2010,1,0,0,0,1
1770720,2011,0,0,0,0,0
1770720,2012,5,0,0,0,5
1770720,2013,3,0,0,0,3
1770720,2014,40,0,0,0,40
1770720,2015,62,0,0,0,62
1770720,2016,69,0,0,0,69
1770720,2017,92,0,0,300,392
1770720,2018,79,0,0,490,569
1770720,2019,25,0,0,0,25
1770720,2020,90,0,0,0,90
1770720,2021,111,0,0,0,111
1770720,2022,139,0,0,0,139
1770720,2023,229,0,0,0,229
1770720,2024,234,0,0,72,306
1770720,2025,81,0,0,72,153
1770759,2000,2,0,0,0,2
1770759,2001,0,0,0,0,0
1770759,2002,0,0,0,0,0
1770759,2003,0,0,0,0,0
1770759,2004,0,0,0,0,0
1770759,2005,0,0,0,0,0
1770759,2006,0,0,0,0,0
1770759,2007,0,0,0,0,0
1770759,2008,0,0,0,0,0
1770759,2009,0,0,0,0,0
1770759,2010,0,0,0,0,0
1770759,2011,0,0,0,0,0
1770759,2012,0,0,0,0,0
1770759,2013,0,0,0,0,0
1770759,2014,0,0,0,0,0
1770759,2015,0,0,0,0,0
1770759,2016,0,0,0,0,0
1770759,2017,0,0,0,0,0
1770759,2018,0,0,0,0,0
1770759,2019,0,0,0,0,0
1770759,2020,0,0,0,0,0
1770759,2021,0,0,0,0,0
1770759,2022,0,0,0,0,0
1770759,2023,0,0,0,0,0
1770759,2024,0,0,0,0,0
1770759,2025,0,0,0,0,0
1770850,2000,32,0,0,0,32
1770850,2001,36,0,0,0,36
1770850,2002,45,0,0,0,45
1770850,2003,16,0,0,0,16
1770850,2004,24,0,0,0,24
1770850,2005,19,0,0,0,19
1770850,2006,26,0,0,0,26
1770850,2007,2,0,0,0,2
1770850,2008,0,0,0,0,0
1770850,2009,0,0,0,0,0
1770850,2010,0,0,0,0,0
1770850,2011,0,0,0,0,0
1770850,2012,0,0,0,0,0
1770850,2013,0,0,0,0,0
1770850,2014,0,0,0,0,0
1770850,2015,0,0,0,0,0
1770850,2016,0,0,0,0,0
1770850,2017,0,0,0,0,0
1770850,2018,0,0,0,0,0
1770850,2019,1,0,0,0,1
1770850,2020,3,0,0,0,3
1770850,2021,0,0,0,0,0
1770850,2022,3,0,0,0,3
1770850,2023,0,0,0,0,0
1770850,2024,0,0,0,0,0
1770850,2025,0,0,0,0,0
1770889,2000,2,2,0,0,4
1770889,2001,2,0,0,0,2
1770889,2002,5,0,0,0,5
1770889,2003,4,0,0,0,4
1770889,2004,6,0,0,0,6
1770889,2005,3,0,0,0,3
1770889,2006,3,0,0,0,3
1770889,2007,2,0,0,0,2
1770889,2008,2,0,0,0,2
1770889,2009,3,0,0,0,3
1770889,2010,0,0,0,0,0
1770889,2011,1,0,0,0,1
1770889,2012,2,0,0,0,2
1770889,2013,0,0,0,0,0
1770889,2014,0,0,0,0,0
1770889,2015,7,0,0,0,7
1770889,2016,3,0,0,0,3
1770889,2017,1,0,0,0,1
1770889,2018,1,0,0,0,1
1770889,2019,1,0,0,0,1
1770889,2020,1,0,0,0,1
1770889,2021,1,0,0,0,1
1770889,2022,1,0,0,0,1
1770889,2023,2,0,0,0,2
1770889,2024,3,0,0,0,3
1770889,2025,3,0,0,0,3
1771175,2000,1,0,0,0,1
1771175,2001,0,0,0,0,0
1771175,2002,1,0,0,0,1
1771175,2003,19,0,0,0,19
1771175,2004,19,0,0,0,19
1771175,2005,2,0,0,0,2
1771175,2006,1,0,0,0,1
1771175,2007,1,0,0,0,1
1771175,2008,1,0,0,0,1
1771175,2009,1,0,0,0,1
1771175,2010,1,0,0,0,1
1771175,2011,1,0,0,0,1
1771175,2012,1,0,0,0,1
1771175,2013,1,0,0,0,1
1771175,2014,1,0,0,0,1
1771175,2015,1,0,0,0,1
1771175,2016,1,0,0,0,1
1771175,2017,0,0,0,0,0
1771175,2018,0,0,0,0,0
1771175,2019,0,0,0,0,0
1771175,2020,0,0,0,0,0
1771175,2021,0,0,0,0,0
1771175,2022,0,0,0,0,0
1771175,2023,0,0,0,0,0
1771175,2024,0,0,0,0,0
1771175,2025,0,0,0,0,0
1771240,2000,1,0,0,0,1
1771240,2001,0,0,0,0,0
1771240,2002,0,0,0,0,0
1771240,2003,0,0,0,0,0
1771240,2004,0,0,0,0,0
1771240,2005,0,0,0,0,0
1771240,2006,0,0,0,0,0
1771240,2007,0,0,0,0,0
1771240,2008,0,0,0,0,0
1771240,2009,0,0,0,0,0
1771240,2010,0,0,0,0,0
1771240,2011,0,0,0,0,0
1771240,2012,4,0,0,0,4
1771240,2013,3,0,0,0,3
1771240,2014,0,0,0,0,0
1771240,2015,0,0,0,0,0
1771240,2016,0,0,0,0,0
1771240,2017,4,0,0,0,4
1771240,2018,5,0,0,0,5
1771240,2019,1,0,0,0,1
1771240,2020,0,0,0,0,0
1771240,2021,1,0,0,0,1
1771240,2022,0,0,0,0,0
1771240,2023,0,0,0,0,0
1771240,2024,2,0,0,0,2
1771240,2025,0,0,0,0,0
1771370,2000,2,0,0,0,2
1771370,2001,1,0,0,0,1
1771370,2002,0,0,0,0,0
1771370,2003,0,0,0,0,0
1771370,2004,0,0,0,0,0
1771370,2005,0,0,0,0,0
1771370,2006,0,0,0,0,0
1771370,2007,0,0,0,0,0
1771370,2008,1,0,0,0,1
1771370,2009,0,0,0,0,0
1771370,2010,0,0,0,0,0
1771370,2011,0,0,0,0,0
1771370,2012,0,0,0,0,0
1771370,2013,0,0,0,0,0
1771370,2014,0,0,0,0,0
1771370,2015,1,0,0,0,1
1771370,2016,0,0,0,0,0
1771370,2017,0,0,0,0,0
1771370,2018,1,0,0,0,1
1771370,2019,0,0,0,0,0
1771370,2020,5,0,0,0,5
1771370,2021,0,0,0,0,0
1771370,2022,0,0,0,0,0
1771370,2023,0,0,0,0,0
1771370,2024,0,0,0,0,0
1771370,2025,0,0,0,0,0
1771448,2000,1,0,0,0,1
1771448,2001,1,0,0,0,1
1771448,2002,7,0,0,0,7
1771448,2003,4,4,0,0,8
1771448,2004,4,2,4,0,10
1771448,2005,3,2,4,0,9
1771448,2006,3,2,0,0,5
1771448,2007,2,2,0,0,4
1771448,2008,1,0,4,0,5
1771448,2009,0,0,4,0,4
1771448,2010,0,0,0,12,12
1771448,2011,0,40,0,0,40
1771448,2012,42,0,0,0,42
1771448,2013,2,0,0,66,68
1771448,2014,2,0,0,0,2
1771448,2015,0,0,0,0,0
1771448,2016,2,0,0,0,2
1771448,2017,5,0,0,0,5
1771448,2018,3,0,0,0,3
1771448,2019,2,0,0,0,2
1771448,2020,0,0,0,0,0
1771448,2021,2,0,0,0,2
1771448,2022,0,0,0,0,0
1771448,2023,0,0,0,0,0
1771448,2024,2,0,0,0,2
1771448,2025,1,0,0,0,1
1771474,2000,16,0,0,0,16
1771474,2001,16,0,0,0,16
1771474,2002,18,0,0,0,18
1771474,2003,19,0,0,0,19
1771474,2004,19,0,0,0,19
1771474,2005,10,2,0,0,12
1771474,2006,7,0,0,0,7
1771474,2007,3,0,0,0,3
1771474,2008,2,0,0,0,2
1771474,2009,0,0,0,0,0
1771474,2010,0,0,0,0,0
1771474,2011,0,0,0,0,0
1771474,2012,0,0,0,0,0
1771474,2013,2,0,0,0,2
1771474,2014,1,0,0,0,1
1771474,2015,1,0,0,0,1
1771474,2016,2,0,0,0,2
1771474,2017,3,0,0,0,3
1771474,2018,0,0,0,0,0
1771474,2019,0,0,0,0,0
1771474,2020,0,0,0,0,0
1771474,2021,1,0,0,0,1
1771474,2022,1,0,0,0,1
1771474,2023,2,0,0,0,2
1771474,2024,1,0,0,0,1
1771474,2025,1,0,0,0,1
1771604,2000,7,4,0,0,11
1771604,2001,7,8,0,0,15
1771604,2002,2,6,0,0,8
1771604,2003,1,0,0,0,1
1771604,2004,3,0,0,0,3
1771604,2005,0,0,0,0,0
1771604,2006,3,0,0,0,3
1771604,2007,2,0,0,0,2
1771604,2008,0,0,0,0,0
1771604,2009,0,0,0,0,0
1771604,2010,1,0,0,0,1
1771604,2011,0,0,0,0,0
1771604,2012,0,0,0,0,0
1771604,2013,0,0,0,0,0
1771604,2014,0,0,0,0,0
1771604,2015,0,0,0,0,0
1771604,2016,0,0,0,0,0
1771604,2017,3,0,0,0,3
1771604,2018,0,0,0,0,0
1771604,2019,0,0,0,0,0
1771604,2020,2,0,0,0,2
1771604,2021,3,0,0,0,3
1771604,2022,3,0,0,0,3
1771604,2023,3,0,0,0,3
1771604,2024,4,0,0,0,4
1771604,2025,0,0,0,0,0
1772000,2000,336,106,0,44,486
1772000,2001,304,92,4,5,405
1772000,2002,316,84,0,116,516
1772000,2003,341,104,12,186,643
1772000,2004,366,104,8,100,578
1772000,2005,279,124,8,72,483
1772000,2006,219,72,12,95,398
1772000,2007,179,94,16,0,289
1772000,2008,97,58,16,228,399
1772000,2009,112,54,0,10,176
1772000,2010,106,70,29,0,205
1772000,2011,103,42,16,46,207
1772000,2012,93,52,0,0,145
1772000,2013,81,46,0,0,127
1772000,2014,89,58,0,79,226
1772000,2015,77,48,3,24,152
1772000,2016,74,46,0,48,168
1772000,2017,57,46,0,48,151
1772000,2018,74,36,0,183,293
1772000,2019,57,28,0,84,169
1772000,2020,61,58,0,36,155
1772000,2021,137,76,0,11,224
1772000,2022,55,10,0,0,65
1772000,2023,69,26,0,0,95
1772000,2024,69,18,0,0,87
1772000,2025,106,40,0,0,146
1772052,2000,81,0,0,0,81
1772052,2001,76,0,0,0,76
1772052,2002,109,0,0,0,109
1772052,2003,117,0,0,0,117
1772052,2004,71,0,0,0,71
1772052,2005,60,0,0,0,60
1772052,2006,55,0,0,0,55
1772052,2007,29,0,0,0,29
1772052,2008,10,0,0,0,10
1772052,2009,0,0,0,0,0
1772052,2010,5,0,0,0,5
1772052,2011,4,0,0,0,4
1772052,2012,2,0,0,0,2
1772052,2013,6,0,0,0,6
1772052,2014,2,0,0,0,2
1772052,2015,2,0,0,0,2
1772052,2016,8,0,0,0,8
1772052,2017,8,0,0,0,8
1772052,2018,4,0,0,0,4
1772052,2019,9,0,0,0,9
1772052,2020,8,0,0,0,8
1772052,2021,10,0,0,0,10
1772052,2022,15,0,0,0,15
1772052,2023,11,0,0,0,11
1772052,2024,8,0,0,0,8
1772052,2025,11,0,0,0,11
1772156,2000,11,0,0,6,17
1772156,2001,9,0,0,0,9
1772156,2002,1,0,0,0,1
1772156,2003,10,0,0,0,10
1772156,2004,14,0,0,0,14
1772156,2005,9,0,0,0,9
1772156,2006,10,0,0,0,10
1772156,2007,3,0,0,50,53
1772156,2008,13,0,0,0,13
1772156,2009,2,0,0,0,2
1772156,2010,2,0,0,0,2
1772156,2011,1,0,0,0,1
1772156,2012,1,0,0,0,1
1772156,2013,1,0,0,0,1
1772156,2014,1,0,0,0,1
1772156,2015,1,0,0,0,1
1772156,2016,1,0,0,0,1
1772156,2017,2,0,0,0,2
1772156,2018,1,0,0,0,1
1772156,2019,0,0,0,0,0
1772156,2020,0,0,0,0,0
1772156,2021,0,0,0,0,0
1772156,2022,1,0,0,0,1
1772156,2023,0,0,0,0,0
1772156,2024,2,0,0,0,2
1772156,2025,0,0,0,0,0
1772221,2000,0,0,0,0,0
1772221,2001,2,0,0,0,2
1772221,2002,2,0,0,0,2
1772221,2003,3,0,0,0,3
1772221,2004,3,0,0,0,3
1772221,2005,0,0,0,0,0
1772221,2006,0,0,0,0,0
1772221,2007,0,0,0,0,0
1772221,2008,0,0,0,0,0
1772221,2009,0,0,0,0,0
1772221,2010,0,0,0,0,0
1772221,2011,0,0,0,0,0
1772221,2012,0,0,0,0,0
1772221,2013,0,0,0,0,0
1772221,2014,0,0,0,0,0
1772221,2015,0,0,0,0,0
1772221,2016,1,0,0,0,1
1772221,2017,0,0,0,0,0
1772221,2018,0,0,0,0,0
1772221,2019,0,0,0,0,0
1772221,2020,0,0,0,0,0
1772221,2021,0,0,0,0,0
1772221,2022,0,0,0,0,0
1772221,2023,0,0,0,0,0
1772221,2024,0,0,0,0,0
1772221,2025,0,0,0,0,0
1772260,2000,4,0,0,0,4
1772260,2001,0,0,0,0,0
1772260,2002,0,0,0,0,0
1772260,2003,0,0,0,0,0
1772260,2004,0,0,0,0,0
1772260,2005,1,0,0,0,1
1772260,2006,0,0,0,0,0
1772260,2007,0,0,0,0,0
1772260,2008,1,0,0,0,1
1772260,2009,0,0,0,0,0
1772260,2010,0,0,0,0,0
1772260,2011,0,0,0,0,0
1772260,2012,0,0,0,0,0
1772260,2013,0,0,0,0,0
1772260,2014,0,0,0,0,0
1772260,2015,2,0,0,0,2
1772260,2016,2,0,0,0,2
1772260,2017,0,0,0,0,0
1772260,2018,0,0,0,0,0
1772260,2019,1,0,0,0,1
1772260,2020,0,0,0,0,0
1772260,2021,0,0,0,0,0
1772260,2022,0,0,0,0,0
1772260,2023,0,0,0,0,0
1772260,2024,0,0,0,0,0
1772260,2025,0,0,0,0,0
1772403,2000,20,12,0,0,32
1772403,2001,20,2,0,0,22
1772403,2002,16,2,0,0,18
1772403,2003,32,0,0,0,32
1772403,2004,33,0,0,0,33
1772403,2005,19,2,3,0,24
1772403,2006,12,2,0,0,14
1772403,2007,8,0,4,0,12
1772403,2008,6,0,0,0,6
1772403,2009,4,4,0,0,8
1772403,2010,3,6,0,0,9
1772403,2011,1,2,0,0,3
1772403,2012,1,2,0,0,3
1772403,2013,2,2,0,0,4
1772403,2014,6,0,0,0,6
1772403,2015,18,0,0,0,18
1772403,2016,5,0,0,0,5
1772403,2017,10,0,0,0,10
1772403,2018,16,0,0,0,16
1772403,2019,7,0,0,0,7
1772403,2020,11,2,0,0,13
1772403,2021,9,0,0,0,9
1772403,2022,3,0,0,0,3
1772403,2023,9,0,0,0,9
1772403,2024,8,0,6,0,14
1772403,2025,8,0,0,0,8
1772468,2000,1,0,0,0,1
1772468,2001,1,0,0,0,1
1772468,2002,3,0,0,0,3
1772468,2003,3,16,0,0,19
1772468,2004,2,8,0,0,10
1772468,2005,13,0,0,0,13
1772468,2006,2,0,0,0,2
1772468,2007,0,0,0,0,0
1772468,2008,3,0,0,0,3
1772468,2009,0,0,0,0,0
1772468,2010,1,0,0,0,1
1772468,2011,1,0,0,0,1
1772468,2012,0,0,0,0,0
1772468,2013,2,0,0,0,2
1772468,2014,2,0,0,0,2
1772468,2015,0,0,0,0,0
1772468,2016,2,0,0,0,2
1772468,2017,3,0,0,0,3
1772468,2018,2,0,0,0,2
1772468,2019,0,0,0,0,0
1772468,2020,0,0,0,0,0
1772468,2021,0,0,0,0,0
1772468,2022,1,0,0,0,1
1772468,2023,0,0,0,0,0
1772468,2024,0,0,0,0,0
1772468,2025,0,0,0,0,0
1772520,2000,36,0,0,0,36
1772520,2001,52,0,0,0,52
1772520,2002,24,0,0,0,24
1772520,2003,16,0,8,48,72
1772520,2004,16,0,9,41,66
1772520,2005,15,0,12,50,77
1772520,2006,19,0,0,0,19
1772520,2007,7,0,0,0,7
1772520,2008,0,0,0,0,0
1772520,2009,0,0,0,0,0
1772520,2010,0,0,0,0,0
1772520,2011,0,0,0,0,0
1772520,2012,0,0,0,0,0
1772520,2013,0,0,0,0,0
1772520,2014,0,0,0,0,0
1772520,2015,0,0,0,0,0
1772520,2016,0,0,0,0,0
1772520,2017,0,0,0,0,0
1772520,2018,0,0,0,0,0
1772520,2019,0,0,0,0,0
1772520,2020,0,0,0,0,0
1772520,2021,0,0,0,0,0
1772520,2022,0,0,0,0,0
1772520,2023,1,0,0,0,1
1772520,2024,3,0,0,0,3
1772520,2025,5,0,0,0,5
1772546,2000,25,2,4,0,31
1772546,2001,8,0,4,16,28
1772546,2002,4,0,0,0,4
1772546,2003,7,6,0,0,13
1772546,2004,18,0,0,12,30
1772546,2005,10,2,0,0,12
1772546,2006,5,0,0,0,5
1772546,2007,3,0,0,0,3
1772546,2008,2,0,0,0,2
1772546,2009,1,0,0,0,1
1772546,2010,4,0,0,0,4
1772546,2011,12,0,0,0,12
1772546,2012,2,0,0,0,2
1772546,2013,2,48,0,0,50
1772546,2014,3,0,0,0,3
1772546,2015,6,0,0,0,6
1772546,2016,4,0,0,0,4
1772546,2017,5,0,0,0,5
1772546,2018,3,0,0,0,3
1772546,2019,2,0,0,0,2
1772546,2020,0,0,0,0,0
1772546,2021,1,0,0,0,1
1772546,2022,0,2,0,0,2
1772546,2023,3,0,0,0,3
1772546,2024,2,0,0,0,2
1772546,2025,1,0,0,0,1
1772650,2000,3,2,0,0,5
1772650,2001,1,0,0,0,1
1772650,2002,1,0,0,0,1
1772650,2003,1,0,0,0,1
1772650,2004,3,0,0,0,3
1772650,2005,0,0,0,0,0
1772650,2006,3,0,0,0,3
1772650,2007,3,0,0,0,3
1772650,2008,3,0,0,0,3
1772650,2009,2,0,0,0,2
1772650,2010,0,0,0,0,0
1772650,2011,0,0,0,0,0
1772650,2012,1,2,0,0,3
1772650,2013,0,0,0,0,0
1772650,2014,5,0,0,0,5
1772650,2015,5,0,0,0,5
1772650,2016,1,0,0,0,1
1772650,2017,1,0,0,0,1
1772650,2018,2,0,0,0,2
1772650,2019,3,0,0,0,3
1772650,2020,4,0,0,0,4
1772650,2021,4,0,0,0,4
1772650,2022,1,0,0,0,1
1772650,2023,1,0,0,0,1
1772650,2024,0,0,0,0,0
1772650,2025,1,0,0,0,1
1772676,2000,1,0,0,0,1
1772676,2001,4,0,0,0,4
1772676,2002,3,0,0,0,3
1772676,2003,2,0,0,0,2
1772676,2004,4,0,0,0,4
1772676,2005,8,0,0,0,8
1772676,2006,3,0,0,0,3
1772676,2007,5,0,0,0,5
1772676,2008,0,0,0,0,0
1772676,2009,1,0,0,0,1
1772676,2010,1,0,0,0,1
1772676,2011,1,0,0,0,1
1772676,2012,0,0,0,0,0
1772676,2013,0,0,0,0,0
1772676,2014,1,0,0,0,1
1772676,2015,2,0,0,0,2
1772676,2016,2,0,0,0,2
1772676,2017,0,0,0,0,0
1772676,2018,5,0,0,0,5
1772676,2019,5,0,0,0,5
1772676,2020,5,0,0,0,5
1772676,2021,4,0,0,0,4
1772676,2022,2,0,0,0,2
1772676,2023,1,0,0,0,1
1772676,2024,0,0,0,0,0
1772676,2025,0,0,0,0,0
1772702,2000,3,0,0,0,3
1772702,2001,4,0,0,0,4
1772702,2002,3,0,0,0,3
1772702,2003,4,0,0,0,4
1772702,2004,7,0,0,0,7
1772702,2005,0,0,0,0,0
1772702,2006,11,0,0,0,11
1772702,2007,3,0,0,0,3
1772702,2008,3,0,0,0,3
1772702,2009,0,0,0,0,0
1772702,2010,1,0,0,0,1
1772702,2011,0,0,0,0,0
1772702,2012,0,0,0,0,0
1772702,2013,0,0,0,0,0
1772702,2014,0,0,0,0,0
1772702,2015,0,0,0,0,0
1772702,2016,0,0,0,0,0
1772702,2017,1,4,0,0,5
1772702,2018,2,0,0,0,2
1772702,2019,0,0,0,0,0
1772702,2020,0,0,0,0,0
1772702,2021,0,0,0,0,0
1772702,2022,1,0,0,0,1
1772702,2023,0,0,0,0,0
1772702,2024,2,0,0,0,2
1772702,2025,2,2,0,0,4
1772780,2000,1,0,0,0,1
1772780,2001,1,0,0,0,1
1772780,2002,0,0,0,0,0
1772780,2003,2,0,0,0,2
1772780,2004,0,0,0,0,0
1772780,2005,6,0,0,0,6
1772780,2006,3,0,0,0,3
1772780,2007,3,0,0,0,3
1772780,2008,1,0,0,0,1
1772780,2009,0,0,0,0,0
1772780,2010,0,0,0,0,0
1772780,2011,0,0,0,0,0
1772780,2012,0,0,0,0,0
1772780,2013,0,0,0,0,0
1772780,2014,0,0,0,0,0
1772780,2015,0,0,0,0,0
1772780,2016,1,0,0,0,1
1772780,2017,0,0,0,0,0
1772780,2018,0,0,0,0,0
1772780,2019,0,0,0,0,0
1772780,2020,0,0,0,0,0
1772780,2021,0,0,0,0,0
1772780,2022,0,0,0,0,0
1772780,2023,0,0,0,0,0
1772780,2024,0,0,0,0,0
1772780,2025,1,0,0,0,1
1772923,2000,0,0,0,0,0
1772923,2001,0,0,0,0,0
1772923,2002,1,0,0,0,1
1772923,2003,0,0,0,0,0
1772923,2004,2,0,0,0,2
1772923,2005,4,0,0,0,4
1772923,2006,21,0,0,0,21
1772923,2007,3,0,0,0,3
1772923,2008,1,0,0,0,1
1772923,2009,0,0,0,0,0
1772923,2010,0,0,0,0,0
1772923,2011,0,0,0,0,0
1772923,2012,0,0,0,0,0
1772923,2013,0,0,0,0,0
1772923,2014,0,0,0,0,0
1772923,2015,0,0,0,0,0
1772923,2016,0,0,0,0,0
1772923,2017,0,0,0,0,0
1772923,2018,5,0,0,0,5
1772923,2019,0,0,0,0,0
1772923,2020,0,0,0,0,0
1772923,2021,2,0,0,0,2
1772923,2022,6,0,0,0,6
1772923,2023,3,0,0,0,3
1772923,2024,1,0,0,0,1
1772923,2025,4,0,0,0,4
1772949,2000,0,0,0,0,0
1772949,2001,1,0,0,0,1
1772949,2002,1,0,0,0,1
1772949,2003,0,0,0,0,0
1772949,2004,0,0,0,0,0
1772949,2005,0,0,0,0,0
1772949,2006,0,0,0,0,0
1772949,2007,1,0,0,0,1
1772949,2008,0,0,0,0,0
1772949,2009,0,0,0,0,0
1772949,2010,0,0,0,0,0
1772949,2011,0,0,0,0,0
1772949,2012,0,0,0,0,0
1772949,2013,0,0,0,0,0
1772949,2014,0,0,0,0,0
1772949,2015,0,0,0,0,0
1772949,2016,0,0,0,0,0
1772949,2017,0,0,0,0,0
1772949,2018,0,0,0,0,0
1772949,2019,0,0,0,0,0
1772949,2020,0,0,0,0,0
1772949,2021,0,0,0,0,0
1772949,2022,0,0,0,0,0
1772949,2023,0,0,0,0,0
1772949,2024,0,0,0,0,0
1772949,2025,0,0,0,0,0
1773040,2002,0,0,0,0,0
1773040,2003,0,0,0,0,0
1773040,2004,0,0,0,0,0
1773040,2005,0,0,0,0,0
1773040,2006,0,0,0,0,0
1773040,2007,0,0,0,0,0
1773040,2008,0,0,0,0,0
1773040,2009,0,0,0,0,0
1773040,2010,0,0,0,0,0
1773040,2011,0,0,0,0,0
1773040,2012,1,0,0,0,1
1773040,2013,1,0,0,0,1
1773040,2014,0,0,0,0,0
1773040,2015,0,0,0,0,0
1773040,2016,0,0,0,0,0
1773040,2017,0,0,0,0,0
1773040,2018,1,0,0,0,1
1773040,2019,2,0,0,0,2
1773040,2020,0,0,0,0,0
1773040,2021,1,0,0,0,1
1773040,2022,0,0,0,0,0
1773040,2023,0,0,0,0,0
1773040,2024,0,0,0,0,0
1773040,2025,0,0,0,0,0
1773157,2000,334,0,0,0,334
1773157,2001,82,0,23,0,105
1773157,2002,79,0,0,0,79
1773157,2003,75,0,0,0,75
1773157,2004,173,0,37,0,210
1773157,2005,224,0,0,0,224
1773157,2006,34,0,0,0,34
1773157,2007,26,0,0,0,26
1773157,2008,35,0,0,0,35
1773157,2009,52,0,0,0,52
1773157,2010,6,0,0,0,6
1773157,2011,14,0,0,0,14
1773157,2012,8,0,0,0,8
1773157,2013,14,0,0,0,14
1773157,2014,0,0,0,128,128
1773157,2015,0,0,0,0,0
1773157,2016,1,0,0,0,1
1773157,2017,0,0,0,0,0
1773157,2018,0,0,0,0,0
1773157,2019,0,0,0,0,0
1773157,2020,1,0,0,0,1
1773157,2021,0,0,0,0,0
1773157,2022,0,0,0,0,0
1773157,2023,0,0,0,0,0
1773157,2024,0,0,0,0,0
1773157,2025,0,0,0,0,0
1773170,2000,9,0,4,54,67
1773170,2001,9,0,0,6,15
1773170,2002,20,0,0,0,20
1773170,2003,13,2,0,12,27
1773170,2004,14,2,0,10,26
1773170,2005,14,0,0,9,23
1773170,2006,13,0,0,9,22
1773170,2007,10,0,0,7,17
1773170,2008,7,0,0,5,12
1773170,2009,5,0,0,5,10
1773170,2010,4,0,0,6,10
1773170,2011,1,0,0,8,9
1773170,2012,0,0,0,0,0
1773170,2013,1,0,0,0,1
1773170,2014,2,0,0,0,2
1773170,2015,3,0,0,0,3
1773170,2016,1,0,0,0,1
1773170,2017,0,0,0,0,0
1773170,2018,4,0,0,24,28
1773170,2019,0,0,0,0,0
1773170,2020,2,0,0,0,2
1773170,2021,1,0,0,0,1
1773170,2022,1,0,0,0,1
1773170,2023,3,0,0,0,3
1773170,2024,0,0,0,0,0
1773170,2025,1,0,0,0,1
1773261,2000,0,0,0,0,0
1773261,2001,1,0,0,0,1
1773261,2002,0,0,0,0,0
1773261,2003,1,0,0,0,1
1773261,2004,1,0,0,0,1
1773261,2005,2,0,0,0,2
1773261,2006,0,0,0,0,0
1773261,2007,0,0,0,0,0
1773261,2008,1,0,0,0,1
1773261,2009,0,0,0,0,0
1773261,2010,0,0,0,0,0
1773261,2011,0,0,0,0,0
1773261,2012,0,0,0,0,0
1773261,2013,0,0,0,0,0
1773261,2014,0,0,0,0,0
1773261,2015,0,0,0,0,0
1773261,2016,1,0,0,0,1
1773261,2017,0,0,0,0,0
1773261,2018,0,0,0,0,0
1773261,2019,0,0,0,0,0
1773261,2020,0,0,0,0,0
1773261,2021,0,0,0,0,0
1773261,2022,0,0,0,0,0
1773261,2023,1,0,0,0,1
1773261,2024,0,0,0,0,0
1773261,2025,0,0,0,0,0
1773391,2000,140,0,0,0,140
1773391,2001,304,0,0,0,304
1773391,2002,385,2,0,0,387
1773391,2003,293,0,0,0,293
1773391,2004,290,0,3,0,293
1773391,2005,197,0,0,0,197
1773391,2006,174,0,0,0,174
1773391,2007,64,0,0,0,64
1773391,2008,27,2,0,0,29
1773391,2009,1,0,0,0,1
1773391,2010,6,0,0,0,6
1773391,2011,1,0,0,0,1
1773391,2012,4,0,0,0,4
1773391,2013,27,0,0,0,27
1773391,2014,42,8,0,60,110
1773391,2015,26,12,0,0,38
1773391,2016,28,0,0,75,103
1773391,2017,24,0,0,0,24
1773391,2018,35,0,0,40,75
1773391,2019,26,0,0,0,26
1773391,2020,15,0,0,0,15
1773391,2021,9,0,0,0,9
1773391,2022,29,0,0,0,29
1773391,2023,44,0,0,0,44
1773391,2024,5,0,0,0,5
1773391,2025,24,0,0,0,24
1773495,2000,9,2,0,0,11
1773495,2001,11,0,0,0,11
1773495,2002,11,0,0,0,11
1773495,2003,13,0,0,0,13
1773495,2004,13,0,0,0,13
1773495,2005,5,0,0,48,53
1773495,2006,16,0,0,0,16
1773495,2007,12,0,0,0,12
1773495,2008,7,0,0,6,13
1773495,2009,6,0,0,5,11
1773495,2010,6,0,0,7,13
1773495,2011,6,0,0,7,13
1773495,2012,7,0,0,9,16
1773495,2013,7,0,0,10,17
1773495,2014,7,0,0,12,19
1773495,2015,8,0,0,16,24
1773495,2016,8,0,0,17,25
1773495,2017,9,0,0,20,29
1773495,2018,9,0,0,16,25
1773495,2019,9,0,0,17,26
1773495,2020,2,0,0,0,2
1773495,2021,2,0,0,0,2
1773495,2022,3,0,0,0,3
1773495,2023,24,0,0,0,24
1773495,2024,1,0,0,20,21
1773495,2025,3,0,0,10,13
1773547,2000,3,0,0,0,3
1773547,2001,7,0,0,0,7
1773547,2002,1,0,0,0,1
1773547,2003,4,0,0,0,4
1773547,2004,2,0,0,0,2
1773547,2005,0,0,0,0,0
1773547,2006,0,0,0,0,0
1773547,2007,0,0,0,0,0
1773547,2008,0,0,0,0,0
1773547,2009,1,0,0,0,1
1773547,2010,0,0,0,0,0
1773547,2011,0,0,0,0,0
1773547,2012,0,0,0,0,0
1773547,2013,0,0,0,0,0
1773547,2014,0,0,0,0,0
1773547,2015,0,0,0,0,0
1773547,2016,0,0,0,0,0
1773547,2017,0,0,0,0,0
1773547,2018,0,0,0,0,0
1773547,2019,0,0,0,0,0
1773547,2020,0,0,0,0,0
1773547,2021,0,0,0,0,0
1773547,2022,0,0,0,0,0
1773547,2023,0,0,0,0,0
1773547,2024,0,0,0,0,0
1773547,2025,1,0,0,0,1
1773638,2000,9,4,0,0,13
1773638,2001,4,6,0,0,10
1773638,2002,6,8,0,0,14
1773638,2003,5,12,0,0,17
1773638,2004,10,10,9,0,29
1773638,2005,12,10,11,0,33
1773638,2006,15,6,4,0,25
1773638,2007,5,4,0,0,9
1773638,2008,0,0,3,0,3
1773638,2009,0,0,0,0,0
1773638,2010,0,0,0,120,120
1773638,2011,0,0,0,0,0
1773638,2012,1,2,0,0,3
1773638,2013,0,0,0,0,0
1773638,2014,0,0,0,0,0
1773638,2015,14,0,0,0,14
1773638,2016,6,0,0,0,6
1773638,2017,0,0,0,12,12
1773638,2018,2,0,0,10,12
1773638,2019,0,0,0,0,0
1773638,2020,0,0,0,0,0
1773638,2021,0,0,0,0,0
1773638,2022,0,0,0,0,0
1773638,2023,0,0,0,0,0
1773638,2024,0,0,0,0,0
1773638,2025,0,0,0,0,0
1773703,2000,0,0,0,0,0
1773703,2001,0,0,0,0,0
1773703,2002,0,0,0,0,0
1773703,2003,0,0,0,0,0
1773703,2004,0,0,0,0,0
1773943,2000,1,0,0,0,1
1773943,2001,0,0,0,0,0
1773943,2002,1,0,0,0,1
1773943,2003,2,0,0,0,2
1773943,2004,0,0,0,0,0
1773943,2005,3,0,0,0,3
1773943,2006,30,0,0,0,30
1773943,2007,1,0,0,0,1
1773943,2008,1,0,0,0,1
1773943,2009,0,0,0,0,0
1773943,2010,1,0,0,0,1
1773943,2011,0,0,0,0,0
1773943,2012,0,0,0,0,0
1773943,2013,0,0,0,0,0
1773943,2014,0,0,0,0,0
1773943,2015,0,0,0,0,0
1773943,2016,0,0,0,0,0
1773943,2017,0,0,0,0,0
1773943,2018,0,0,0,0,0
1773943,2019,0,0,0,0,0
1773943,2020,0,0,0,0,0
1773943,2021,0,0,0,0,0
1773943,2022,0,0,0,0,0
1773943,2023,0,0,0,0,0
1773943,2024,0,0,0,0,0
1773943,2025,0,0,0,0,0
1774119,2000,50,2,0,90,142
1774119,2001,79,12,0,0,91
1774119,2002,100,26,0,12,138
1774119,2003,134,30,0,12,176
1774119,2004,194,4,24,18,240
1774119,2005,190,0,6,5,201
1774119,2006,139,0,0,12,151
1774119,2007,112,0,0,0,112
1774119,2008,71,0,0,0,71
1774119,2009,56,0,0,216,272
1774119,2010,118,0,0,0,118
1774119,2011,87,0,0,0,87
1774119,2012,51,0,0,0,51
1774119,2013,31,0,0,0,31
1774119,2014,29,0,0,0,29
1774119,2015,39,0,0,0,39
1774119,2016,20,0,0,0,20
1774119,2017,30,0,0,0,30
1774119,2018,23,0,0,0,23
1774119,2019,25,0,0,0,25
1774119,2020,16,0,0,0,16
1774119,2021,38,0,0,0,38
1774119,2022,28,0,0,240,268
1774119,2023,16,0,0,0,16
1774119,2024,22,0,0,0,22
1774119,2025,25,0,0,0,25
1774223,2000,106,0,0,20,126
1774223,2001,99,10,4,89,202
1774223,2002,178,0,0,14,192
1774223,2003,235,0,12,8,255
1774223,2004,247,0,68,14,329
1774223,2005,406,0,114,191,711
1774223,2006,261,0,57,86,404
1774223,2007,124,0,16,84,224
1774223,2008,68,0,6,23,97
1774223,2009,16,0,4,12,32
1774223,2010,19,0,0,0,19
1774223,2011,9,0,0,11,20
1774223,2012,29,0,0,0,29
1774223,2013,28,0,4,21,53
1774223,2014,30,0,0,0,30
1774223,2015,76,0,0,0,76
1774223,2016,44,0,4,0,48
1774223,2017,48,0,12,0,60
1774223,2018,51,0,12,0,63
1774223,2019,39,2,12,0,53
1774223,2020,42,0,12,0,54
1774223,2021,46,4,12,0,62
1774223,2022,33,16,8,5,62
1774223,2023,35,14,4,0,53
1774223,2024,41,0,4,0,45
1774223,2025,63,4,14,18,99
1774275,2003,0,0,0,0,0
1774275,2004,0,0,0,0,0
1774275,2005,0,0,0,0,0
1774275,2006,0,0,0,0,0
1774275,2007,0,0,0,0,0
1774275,2008,2,0,0,0,2
1774275,2009,0,0,0,0,0
1774275,2010,1,0,0,0,1
1774275,2011,0,0,0,0,0
1774275,2012,0,0,0,0,0
1774275,2013,0,0,0,0,0
1774275,2014,0,0,0,0,0
1774275,2015,0,0,0,0,0
1774275,2016,0,0,0,0,0
1774275,2017,0,0,0,0,0
1774275,2018,0,0,0,0,0
1774275,2019,0,0,0,0,0
1774275,2020,0,0,0,0,0
1774275,2021,0,0,0,0,0
1774275,2022,0,0,0,0,0
1774275,2023,0,0,0,0,0
1774275,2024,0,0,0,0,0
1774275,2025,1,0,0,0,1
1774301,2013,0,0,0,0,0
1774301,2014,0,0,0,0,0
1774301,2015,0,0,0,0,0
1774301,2016,0,0,0,0,0
1774301,2017,0,0,0,0,0
1774301,2018,0,0,0,0,0
1774301,2019,0,0,0,0,0
1774301,2020,0,0,0,0,0
1774301,2021,0,0,0,0,0
1774301,2022,0,0,0,0,0
1774301,2023,0,0,0,0,0
1774301,2024,0,0,0,0,0
1774301,2025,0,0,0,0,0
1774470,2000,2,0,0,0,2
1774470,2001,0,0,0,0,0
1774470,2002,0,0,0,0,0
1774470,2003,1,0,0,0,1
1774470,2004,0,0,0,0,0
1774470,2005,0,0,0,0,0
1774470,2006,0,0,0,0,0
1774470,2007,0,0,0,0,0
1774470,2008,0,0,0,0,0
1774470,2009,0,0,0,0,0
1774470,2010,0,0,0,0,0
1774470,2011,0,0,0,0,0
1774470,2012,0,0,0,0,0
1774470,2013,0,0,0,0,0
1774470,2014,0,0,0,0,0
1774470,2015,0,0,0,0,0
1774470,2016,0,0,0,0,0
1774470,2017,0,0,0,0,0
1774470,2018,0,0,0,0,0
1774470,2019,0,0,0,0,0
1774470,2020,0,0,0,0,0
1774470,2021,0,0,0,0,0
1774470,2022,0,0,0,0,0
1774470,2023,0,0,0,0,0
1774470,2024,0,0,0,0,0
1774470,2025,0,0,0,0,0
1774574,2000,12,4,4,5,25
1774574,2001,12,4,4,7,27
1774574,2002,12,4,3,7,26
1774574,2003,12,4,6,9,31
1774574,2004,12,2,0,0,14
1774574,2005,13,0,0,0,13
1774574,2006,12,0,0,0,12
1774574,2007,9,0,0,0,9
1774574,2008,8,0,0,0,8
1774574,2009,7,0,0,0,7
1774574,2010,8,0,0,0,8
1774574,2011,9,0,0,0,9
1774574,2012,9,0,0,0,9
1774574,2013,20,0,0,0,20
1774574,2014,2,0,0,0,2
1774574,2015,2,0,0,0,2
1774574,2016,2,0,0,0,2
1774574,2017,4,0,0,0,4
1774574,2018,3,0,0,0,3
1774574,2019,3,0,0,0,3
1774574,2020,0,0,0,0,0
1774574,2021,19,0,0,0,19
1774574,2022,17,0,0,0,17
1774574,2023,7,0,0,0,7
1774574,2024,48,0,0,0,48
1774574,2025,52,0,0,0,52
1774743,2000,12,0,0,0,12
1774743,2001,7,0,0,0,7
1774743,2002,8,0,0,0,8
1774743,2003,11,0,0,0,11
1774743,2004,9,0,0,0,9
1774743,2005,7,0,0,0,7
1774743,2006,4,0,0,6,10
1774743,2007,6,0,0,0,6
1774743,2008,11,0,0,0,11
1774743,2009,9,0,0,6,15
1774743,2010,5,0,0,0,5
1774743,2011,6,0,0,0,6
1774743,2012,5,0,0,0,5
1774743,2013,7,0,0,0,7
1774743,2014,4,0,0,0,4
1774743,2015,3,0,0,0,3
1774743,2016,8,0,0,0,8
1774743,2017,12,0,0,0,12
1774743,2018,16,0,0,0,16
1774743,2019,15,0,0,0,15
1774743,2020,15,0,0,0,15
1774743,2021,6,0,0,0,6
1774743,2022,7,0,0,0,7
1774743,2023,10,0,0,0,10
1774743,2024,14,0,0,0,14
1774743,2025,4,0,0,0,4
1774847,2000,0,0,4,0,4
1774847,2001,0,0,4,0,4
1774847,2002,0,0,3,0,3
1774847,2003,0,0,3,0,3
1774847,2004,0,0,3,0,3
1774847,2005,0,0,3,0,3
1774847,2006,0,0,3,0,3
1774847,2007,0,0,3,0,3
1774847,2008,0,0,3,0,3
1774847,2009,0,0,3,0,3
1774847,2010,0,0,4,0,4
1774847,2011,0,0,4,0,4
1774847,2012,0,0,4,0,4
1774847,2013,0,0,3,0,3
1774847,2014,0,0,0,0,0
1774847,2015,0,0,0,0,0
1774847,2016,0,0,0,0,0
1774847,2017,0,0,0,0,0
1774847,2018,0,0,0,0,0
1774847,2019,0,0,0,0,0
1774847,2020,0,0,0,0,0
1774847,2021,0,0,0,0,0
1774847,2022,0,0,0,0,0
1774847,2023,0,0,0,0,0
1774847,2024,0,0,0,0,0
1774847,2025,0,0,0,0,0
1774860,2000,0,0,0,0,0
1774860,2001,0,0,0,0,0
1774860,2002,0,0,0,0,0
1774860,2003,0,0,0,0,0
1774860,2004,0,0,0,0,0
1774860,2005,0,0,0,0,0
1774860,2006,0,0,0,0,0
1774860,2007,0,0,0,0,0
1774860,2008,0,0,0,0,0
1774860,2009,0,0,0,0,0
1774860,2010,1,0,0,0,1
1774860,2011,0,0,0,0,0
1774860,2012,0,0,0,0,0
1774860,2013,0,0,0,0,0
1774860,2014,0,0,0,0,0
1774860,2015,0,0,0,0,0
1774860,2016,0,0,0,0,0
1774860,2017,0,0,0,0,0
1774860,2018,0,0,0,0,0
1774860,2019,0,0,0,0,0
1774860,2020,0,0,0,0,0
1774860,2021,0,0,0,0,0
1774860,2022,0,0,0,0,0
1774860,2023,0,0,0,0,0
1774860,2024,0,0,0,0,0
1774860,2025,0,0,0,0,0
1774873,2000,0,0,0,0,0
1774873,2001,0,0,0,0,0
1774873,2002,0,0,0,0,0
1774873,2003,0,0,0,0,0
1774873,2004,0,0,0,0,0
1774873,2005,0,0,0,0,0
1774873,2006,1,0,0,0,1
1774873,2007,0,0,0,0,0
1774873,2008,0,0,0,0,0
1774873,2009,0,0,0,0,0
1774873,2010,0,0,0,0,0
1774873,2011,0,0,0,0,0
1774873,2012,0,0,0,0,0
1774873,2013,0,0,0,0,0
1774873,2014,0,0,0,0,0
1774873,2015,0,0,0,0,0
1774873,2016,0,0,0,0,0
1774873,2017,0,0,0,0,0
1774873,2018,0,0,0,0,0
1774873,2019,0,0,0,0,0
1774873,2020,0,0,0,0,0
1774873,2021,0,0,0,0,0
1774873,2022,0,0,0,0,0
1774873,2023,0,0,0,0,0
1774873,2024,0,0,0,0,0
1774873,2025,0,0,0,0,0
1775081,2007,0,0,0,0,0
1775081,2008,0,0,0,0,0
1775081,2009,0,0,0,0,0
1775081,2010,0,0,0,0,0
1775081,2011,0,0,0,0,0
1775081,2012,3,0,0,0,3
1775081,2013,0,0,0,0,0
1775081,2014,1,0,0,0,1
1775081,2015,0,0,0,0,0
1775081,2016,0,0,0,0,0
1775081,2017,0,0,0,0,0
1775081,2018,0,0,0,0,0
1775081,2019,1,0,0,0,1
1775081,2020,1,0,0,0,1
1775081,2021,0,0,0,0,0
1775081,2022,0,0,0,0,0
1775081,2023,0,0,0,0,0
1775081,2024,0,0,0,0,0
1775081,2025,1,0,0,0,1
1775107,2000,5,0,0,0,5
1775107,2001,5,0,0,0,5
1775107,2002,3,0,0,0,3
1775107,2003,4,0,0,0,4
1775107,2004,5,0,0,0,5
1775107,2005,3,0,0,0,3
1775107,2006,3,0,0,0,3
1775107,2007,4,0,0,0,4
1775107,2008,11,0,0,0,11
1775107,2009,0,0,0,0,0
1775107,2010,2,0,0,0,2
1775107,2011,1,0,0,0,1
1775107,2012,0,0,0,0,0
1775107,2013,1,0,0,0,1
1775107,2014,0,0,0,0,0
1775107,2015,0,0,0,0,0
1775107,2016,0,0,0,0,0
1775107,2017,0,0,0,0,0
1775107,2018,1,0,0,0,1
1775107,2019,0,0,0,0,0
1775107,2020,0,0,0,0,0
1775107,2021,0,0,0,0,0
1775107,2022,0,0,0,0,0
1775107,2023,0,0,0,0,0
1775107,2024,0,0,0,0,0
1775107,2025,2,0,0,0,2
1775172,2000,2,0,0,0,2
1775172,2001,6,0,0,0,6
1775172,2002,0,0,0,0,0
1775172,2003,0,0,0,0,0
1775172,2004,1,0,0,0,1
1775172,2005,1,0,0,0,1
1775172,2006,0,0,0,0,0
1775172,2007,0,0,0,0,0
1775172,2008,0,0,0,0,0
1775172,2009,3,0,0,0,3
1775172,2010,1,0,0,0,1
1775172,2011,0,0,0,0,0
1775172,2012,0,0,0,0,0
1775172,2013,0,0,0,0,0
1775172,2014,1,0,0,0,1
1775172,2015,1,0,0,0,1
1775172,2016,1,0,0,0,1
1775172,2017,0,0,0,0,0
1775172,2018,0,0,0,0,0
1775172,2019,0,0,0,0,0
1775172,2020,0,0,0,0,0
1775172,2021,0,0,0,0,0
1775172,2022,0,0,0,0,0
1775172,2023,0,0,0,0,0
1775172,2024,2,0,0,0,2
1775172,2025,4,0,0,0,4
1775185,2000,0,0,0,0,0
1775185,2001,0,0,0,0,0
1775185,2002,0,0,0,0,0
1775185,2003,0,0,0,0,0
1775185,2004,2,0,0,0,2
1775185,2005,0,0,0,0,0
1775185,2006,0,0,0,0,0
1775185,2007,0,0,0,0,0
1775185,2008,1,0,0,0,1
1775185,2009,0,0,0,0,0
1775185,2010,0,0,0,0,0
1775185,2011,0,0,0,0,0
1775185,2012,0,0,0,0,0
1775185,2013,0,0,0,0,0
1775185,2014,0,0,0,46,46
1775185,2015,0,0,0,0,0
1775185,2016,0,0,0,0,0
1775185,2017,0,0,0,0,0
1775185,2018,0,0,0,0,0
1775185,2019,0,0,0,0,0
1775185,2020,0,0,0,0,0
1775185,2021,0,0,0,0,0
1775185,2022,0,0,0,0,0
1775185,2023,0,0,0,0,0
1775185,2024,0,0,0,0,0
1775185,2025,0,0,0,0,0
1775276,2000,1,0,0,0,1
1775276,2001,0,0,0,0,0
1775276,2002,0,0,0,0,0
1775276,2003,0,0,0,0,0
1775276,2004,0,0,0,0,0
1775276,2005,0,0,0,0,0
1775276,2006,0,0,0,0,0
1775276,2007,0,0,0,0,0
1775276,2008,0,0,0,0,0
1775276,2009,0,0,0,0,0
1775276,2010,0,0,0,0,0
1775276,2011,0,0,0,0,0
1775276,2012,0,0,0,0,0
1775276,2013,0,0,0,0,0
1775276,2014,0,0,0,0,0
1775276,2015,0,0,0,0,0
1775276,2016,0,0,0,0,0
1775276,2017,8,0,0,50,58
1775276,2018,0,2,12,40,54
1775276,2019,1,0,0,0,1
1775276,2020,0,0,0,0,0
1775276,2021,0,0,0,0,0
1775276,2022,0,0,0,0,0
1775276,2023,0,0,0,0,0
1775276,2024,0,0,0,0,0
1775276,2025,0,0,0,0,0
1775360,2003,33,0,0,0,33
1775360,2004,31,0,0,0,31
1775360,2005,24,0,0,0,24
1775360,2006,13,0,0,0,13
1775360,2007,9,0,0,0,9
1775360,2008,3,0,0,0,3
1775360,2009,0,0,0,0,0
1775360,2010,4,0,0,0,4
1775360,2011,1,0,0,0,1
1775360,2012,2,0,0,0,2
1775360,2013,2,0,0,0,2
1775360,2014,0,0,0,0,0
1775360,2015,1,0,0,0,1
1775360,2016,0,0,0,0,0
1775360,2017,1,0,0,0,1
1775360,2018,0,0,0,0,0
1775360,2019,1,0,0,0,1
1775360,2020,2,0,0,0,2
1775360,2021,2,0,0,0,2
1775360,2022,0,0,0,0,0
1775360,2023,0,0,0,0,0
1775360,2024,1,0,0,0,1
1775360,2025,2,0,0,0,2
1775484,2000,577,0,0,88,665
1775484,2001,632,0,0,56,688
1775484,2002,605,18,0,120,743
1775484,2003,551,0,0,262,813
1775484,2004,404,0,0,76,480
1775484,2005,288,0,0,156,444
1775484,2006,169,2,0,38,209
1775484,2007,94,0,0,0,94
1775484,2008,28,0,0,0,28
1775484,2009,2,0,3,0,5
1775484,2010,8,0,0,0,8
1775484,2011,9,0,0,0,9
1775484,2012,12,0,0,0,12
1775484,2013,23,0,0,0,23
1775484,2014,34,0,0,0,34
1775484,2015,22,0,4,0,26
1775484,2016,29,0,0,0,29
1775484,2017,25,0,0,0,25
1775484,2018,27,0,0,0,27
1775484,2019,33,0,0,0,33
1775484,2020,14,0,0,0,14
1775484,2021,10,0,16,15,41
1775484,2022,28,0,0,0,28
1775484,2023,72,0,14,18,104
1775484,2024,66,0,0,98,164
1775484,2025,98,0,0,0,98
1775549,2000,0,0,0,0,0
1775549,2001,0,0,0,0,0
1775549,2002,0,0,0,0,0
1775549,2003,0,0,0,0,0
1775549,2004,0,0,0,0,0
1775549,2005,0,0,0,0,0
1775549,2006,1,0,0,0,1
1775549,2007,1,0,0,0,1
1775549,2008,1,0,0,0,1
1775549,2009,1,0,0,0,1
1775549,2010,0,0,0,0,0
1775549,2011,0,0,0,0,0
1775549,2012,0,0,0,0,0
1775549,2013,0,0,0,0,0
1775549,2014,0,0,0,0,0
1775549,2015,0,0,0,0,0
1775549,2016,0,0,0,0,0
1775549,2017,0,0,0,0,0
1775549,2018,0,0,0,0,0
1775549,2019,1,0,0,0,1
1775549,2020,0,0,0,0,0
1775549,2021,0,0,0,0,0
1775549,2022,0,0,0,0,0
1775549,2023,0,0,0,0,0
1775549,2024,0,0,0,0,0
1775549,2025,0,0,0,0,0
1775614,2000,9,0,0,0,9
1775614,2001,6,0,0,0,6
1775614,2002,16,0,0,0,16
1775614,2003,23,0,0,6,29
1775614,2004,23,0,0,5,28
1775614,2005,22,0,0,5,27
1775614,2006,16,0,0,5,21
1775614,2007,12,0,0,5,17
1775614,2008,16,0,0,0,16
1775614,2009,10,0,0,0,10
1775614,2010,3,0,0,0,3
1775614,2011,3,0,0,0,3
1775614,2012,3,0,0,0,3
1775614,2013,4,0,0,0,4
1775614,2014,2,0,0,0,2
1775614,2015,2,0,0,0,2
1775614,2016,9,0,0,0,9
1775614,2017,6,0,0,0,6
1775614,2018,1,0,0,0,1
1775614,2019,2,0,0,0,2
1775614,2020,2,0,0,0,2
1775614,2021,1,0,0,0,1
1775614,2022,0,0,0,0,0
1775614,2023,2,0,0,0,2
1775614,2024,0,0,0,0,0
1775614,2025,5,0,0,0,5
1775653,2000,4,0,0,0,4
1775653,2001,4,0,0,0,4
1775653,2002,0,0,0,0,0
1775653,2003,0,0,0,0,0
1775653,2004,0,0,0,0,0
1775653,2005,0,0,0,0,0
1775653,2006,0,0,0,0,0
1775653,2007,0,0,0,0,0
1775653,2008,0,0,0,0,0
1775653,2009,0,0,0,0,0
1775653,2010,0,0,0,0,0
1775653,2011,0,0,0,0,0
1775653,2012,0,0,0,0,0
1775653,2013,0,0,0,0,0
1775653,2014,0,0,0,0,0
1775653,2015,0,0,0,0,0
1775653,2016,0,0,0,0,0
1775653,2017,2,0,0,0,2
1775653,2018,0,0,0,0,0
1775653,2019,0,0,0,0,0
1775653,2020,1,0,0,0,1
1775653,2021,0,0,0,0,0
1775653,2022,0,0,0,0,0
1775653,2023,0,0,0,0,0
1775653,2024,0,0,0,0,0
1775653,2025,0,0,0,0,0
1775718,2000,5,0,0,0,5
1775718,2001,2,0,0,0,2
1775718,2002,4,0,0,0,4
1775718,2003,6,0,0,0,6
1775718,2004,3,0,0,0,3
1775718,2005,3,0,0,0,3
1775718,2006,5,0,0,0,5
1775718,2007,1,0,0,0,1
1775718,2008,0,0,0,0,0
1775718,2009,0,0,0,0,0
1775718,2010,1,0,0,0,1
1775718,2011,0,0,0,0,0
1775718,2012,0,0,0,0,0
1775718,2013,0,0,0,0,0
1775718,2014,0,0,0,0,0
1775718,2015,0,0,0,0,0
1775718,2016,0,0,0,0,0
1775718,2017,0,0,0,0,0
1775718,2018,0,0,0,0,0
1775718,2019,0,0,0,0,0
1775718,2020,0,0,0,0,0
1775718,2021,0,0,0,0,0
1775718,2022,0,0,0,0,0
1775718,2023,0,0,0,0,0
1775718,2024,0,0,0,0,0
1775718,2025,0,0,0,0,0
1775809,2000,0,0,0,0,0
1775809,2001,0,0,0,0,0
1775809,2002,0,0,0,0,0
1775809,2003,0,0,0,0,0
1775809,2004,0,0,0,0,0
1775809,2005,0,0,0,0,0
1775809,2006,0,0,0,0,0
1775809,2007,0,0,0,0,0
1775809,2008,2,0,0,0,2
1775809,2009,0,0,0,0,0
1775809,2010,0,0,0,0,0
1775809,2011,0,0,0,0,0
1775809,2012,2,0,0,0,2
1775809,2013,0,0,0,0,0
1775809,2014,0,0,0,0,0
1775809,2015,0,0,0,0,0
1775809,2016,1,0,0,0,1
1775809,2017,1,0,0,0,1
1775809,2018,1,0,0,0,1
1775809,2019,0,0,0,0,0
1775809,2020,0,0,0,0,0
1775809,2021,0,0,0,0,0
1775809,2022,0,0,0,0,0
1775809,2023,0,0,0,0,0
1775809,2024,0,0,0,0,0
1775809,2025,0,0,0,0,0
1775822,2000,3,0,0,0,3
1775822,2001,0,0,0,0,0
1775822,2002,2,0,0,0,2
1775822,2003,0,0,0,0,0
1775822,2004,1,0,0,0,1
1775822,2005,0,0,0,0,0
1775822,2006,1,0,0,0,1
1775822,2007,0,0,0,0,0
1775822,2008,0,0,0,0,0
1775822,2009,0,0,0,0,0
1775822,2010,0,0,0,0,0
1775822,2011,0,0,0,0,0
1775822,2012,0,0,0,0,0
1775822,2013,0,0,0,0,0
1775822,2014,0,0,0,0,0
1775822,2015,0,0,0,0,0
1775822,2016,0,0,0,0,0
1775822,2017,0,0,0,0,0
1775822,2018,0,0,0,0,0
1775822,2019,1,0,0,0,1
1775822,2020,0,0,0,0,0
1775822,2021,0,0,0,0,0
1775822,2022,0,0,0,0,0
1775822,2023,0,0,0,0,0
1775822,2024,0,0,0,0,0
1775822,2025,0,0,0,0,0
1775848,2013,0,0,0,0,0
1775848,2014,0,0,0,0,0
1775848,2015,0,0,0,0,0
1775848,2016,0,0,0,0,0
1775848,2017,0,0,0,0,0
1775848,2018,0,0,0,0,0
1775848,2019,0,0,0,0,0
1775848,2020,0,0,0,0,0
1775848,2021,0,0,0,0,0
1775848,2022,2,0,0,0,2
1775848,2023,0,0,0,0,0
1775848,2024,0,0,0,0,0
1775848,2025,0,0,0,0,0
1775874,2000,2,0,0,0,2
1775874,2001,1,0,0,0,1
1775874,2002,2,0,0,0,2
1775874,2003,0,0,0,0,0
1775874,2004,2,0,0,0,2
1775874,2005,0,0,0,0,0
1775874,2006,0,0,0,0,0
1775874,2007,0,0,0,0,0
1775874,2008,0,0,0,0,0
1775874,2009,0,0,0,0,0
1775874,2010,0,0,0,0,0
1775874,2011,0,0,0,0,0
1775874,2012,0,0,0,0,0
1775874,2013,0,0,0,0,0
1775874,2014,0,0,0,0,0
1775874,2015,0,0,0,0,0
1775874,2016,0,0,0,0,0
1775874,2017,0,0,0,0,0
1775874,2018,0,0,0,0,0
1775874,2019,0,0,0,0,0
1775874,2020,0,0,0,0,0
1775874,2021,0,0,0,0,0
1775874,2022,0,0,0,0,0
1775874,2023,0,0,0,0,0
1775874,2024,0,0,0,0,0
1775874,2025,0,0,0,0,0
1775965,2000,0,0,0,0,0
1775965,2001,2,0,0,10,12
1775965,2002,7,0,0,0,7
1775965,2003,8,0,0,0,8
1775965,2004,8,0,0,18,26
1775965,2005,3,0,0,8,11
1775965,2006,4,0,0,0,4
1775965,2007,3,0,0,0,3
1775965,2008,4,0,0,0,4
1775965,2009,1,0,0,0,1
1775965,2010,1,0,0,0,1
1775965,2011,1,0,0,0,1
1775965,2012,1,0,0,0,1
1775965,2013,1,0,0,0,1
1775965,2014,1,0,0,0,1
1775965,2015,0,0,0,0,0
1775965,2016,1,0,0,0,1
1775965,2017,1,0,0,0,1
1775965,2018,0,0,0,0,0
1775965,2019,0,0,0,0,0
1775965,2020,2,0,0,0,2
1775965,2021,4,0,0,0,4
1775965,2022,3,0,0,0,3
1775965,2023,1,0,0,0,1
1775965,2024,2,0,0,0,2
1775965,2025,2,0,0,0,2
1775991,2000,6,2,0,0,8
1775991,2001,13,2,0,0,15
1775991,2002,12,2,0,0,14
1775991,2003,20,0,0,0,20
1775991,2004,15,4,0,0,19
1775991,2005,6,2,0,0,8
1775991,2006,3,0,0,0,3
1775991,2007,8,0,0,0,8
1775991,2008,5,0,0,0,5
1775991,2009,8,0,0,0,8
1775991,2010,6,0,0,0,6
1775991,2011,3,0,0,0,3
1775991,2012,1,0,0,0,1
1775991,2013,2,0,0,0,2
1775991,2014,3,0,0,0,3
1775991,2015,1,0,0,0,1
1775991,2016,0,0,0,0,0
1775991,2017,1,0,0,0,1
1775991,2018,2,0,0,0,2
1775991,2019,4,0,0,0,4
1775991,2020,1,2,0,0,3
1775991,2021,1,0,0,0,1
1775991,2022,4,0,0,0,4
1775991,2023,1,0,0,0,1
1775991,2024,3,0,0,0,3
1775991,2025,2,0,0,0,2
1776199,2000,60,0,0,5,65
1776199,2001,66,0,0,14,80
1776199,2002,109,2,0,0,111
1776199,2003,66,0,0,0,66
1776199,2004,105,0,0,0,105
1776199,2005,107,0,0,0,107
1776199,2006,45,0,0,0,45
1776199,2007,64,0,0,0,64
1776199,2008,28,0,0,0,28
1776199,2009,41,0,0,0,41
1776199,2010,40,0,0,0,40
1776199,2011,26,0,0,0,26
1776199,2012,42,0,0,0,42
1776199,2013,27,4,0,0,31
1776199,2014,37,2,0,0,39
1776199,2015,43,0,0,0,43
1776199,2016,55,4,0,0,59
1776199,2017,61,0,0,0,61
1776199,2018,43,6,24,0,73
1776199,2019,45,2,0,0,47
1776199,2020,67,0,0,0,67
1776199,2021,79,0,0,0,79
1776199,2022,58,0,0,0,58
1776199,2023,54,0,3,0,57
1776199,2024,51,2,0,0,53
1776199,2025,69,44,0,60,173
1776407,2000,17,0,0,0,17
1776407,2001,14,2,0,0,16
1776407,2002,11,0,16,0,27
1776407,2003,14,0,0,46,60
1776407,2004,8,2,4,0,14
1776407,2005,24,2,0,0,26
1776407,2006,10,0,3,0,13
1776407,2007,9,0,0,0,9
1776407,2008,8,0,0,86,94
1776407,2009,6,0,0,0,6
1776407,2010,6,0,0,0,6
1776407,2011,3,0,0,0,3
1776407,2012,6,0,0,0,6
1776407,2013,2,0,0,0,2
1776407,2014,4,0,0,0,4
1776407,2015,2,0,0,0,2
1776407,2016,7,0,0,0,7
1776407,2017,8,0,0,0,8
1776407,2018,8,0,0,0,8
1776407,2019,4,0,0,0,4
1776407,2020,9,0,0,0,9
1776407,2021,7,0,0,0,7
1776407,2022,7,0,0,0,7
1776407,2023,3,0,9,0,12
1776407,2024,12,0,0,0,12
1776407,2025,7,0,0,0,7
1776615,2000,0,0,0,0,0
1776615,2001,0,0,0,0,0
1776615,2002,0,0,0,0,0
1776615,2003,0,0,0,0,0
1776615,2004,0,0,0,0,0
1776615,2005,0,0,0,0,0
1776615,2006,5,0,0,0,5
1776615,2007,0,0,0,0,0
1776615,2008,2,0,0,0,2
1776615,2009,0,0,0,0,0
1776615,2010,0,0,0,0,0
1776615,2011,1,0,0,0,1
1776615,2012,0,0,0,0,0
1776615,2013,0,0,0,0,0
1776615,2014,0,0,0,0,0
1776615,2015,0,0,0,0,0
1776615,2016,0,0,0,0,0
1776615,2017,0,0,0,0,0
1776615,2018,0,0,0,0,0
1776615,2019,0,0,0,0,0
1776615,2020,0,0,0,0,0
1776615,2021,0,0,0,0,0
1776615,2022,0,0,0,0,0
1776615,2023,0,0,0,0,0
1776615,2024,0,0,0,0,0
1776615,2025,0,0,0,0,0
1776706,2000,2,0,0,0,2
1776706,2001,1,0,0,0,1
1776706,2002,2,0,0,0,2
1776706,2003,0,0,0,0,0
1776706,2004,1,0,0,0,1
1776706,2005,1,0,0,0,1
1776706,2006,11,0,0,0,11
1776706,2007,4,0,0,0,4
1776706,2008,1,0,0,0,1
1776706,2009,0,0,0,0,0
1776706,2010,0,0,0,0,0
1776706,2011,0,0,0,0,0
1776706,2012,0,0,0,0,0
1776706,2013,0,0,0,0,0
1776706,2014,0,0,0,0,0
1776706,2015,0,0,0,0,0
1776706,2016,0,0,0,0,0
1776706,2017,0,0,0,0,0
1776706,2018,0,0,0,0,0
1776706,2019,1,0,0,0,1
1776706,2020,0,0,0,0,0
1776706,2021,0,0,0,0,0
1776706,2022,22,0,0,0,22
1776706,2023,42,0,0,0,42
1776706,2024,0,0,0,0,0
1776706,2025,0,0,0,0,0
1776771,2000,0,0,0,0,0
1776771,2001,0,0,0,0,0
1776771,2002,0,0,0,0,0
1776771,2003,0,0,0,0,0
1776771,2004,0,0,0,0,0
1776771,2005,0,0,0,0,0
1776771,2006,0,0,0,0,0
1776771,2007,0,0,0,0,0
1776771,2008,0,0,0,0,0
1776771,2009,0,0,0,0,0
1776771,2010,0,0,0,0,0
1776771,2011,0,0,0,0,0
1776771,2012,0,0,0,0,0
1776771,2013,0,0,0,0,0
1776771,2014,0,0,0,0,0
1776771,2015,0,0,0,0,0
1776771,2016,0,0,0,0,0
1776771,2017,0,0,0,0,0
1776771,2018,0,0,0,0,0
1776771,2019,0,0,0,0,0
1776771,2020,0,0,0,0,0
1776771,2021,0,0,0,0,0
1776771,2022,0,0,0,0,0
1776771,2023,0,0,0,0,0
1776771,2024,0,0,0,0,0
1776771,2025,0,0,0,0,0
1776935,2000,27,0,0,0,27
1776935,2001,39,0,0,0,39
1776935,2002,33,0,0,176,209
1776935,2003,26,0,0,24,50
1776935,2004,17,0,0,5,22
1776935,2005,26,0,0,5,31
1776935,2006,15,0,0,5,20
1776935,2007,16,0,0,0,16
1776935,2008,4,0,0,0,4
1776935,2009,1,0,0,0,1
1776935,2010,0,0,0,0,0
1776935,2011,0,0,0,0,0
1776935,2012,0,0,0,0,0
1776935,2013,0,0,0,0,0
1776935,2014,0,0,0,0,0
1776935,2015,0,0,0,0,0
1776935,2016,0,0,0,0,0
1776935,2017,0,0,0,0,0
1776935,2018,0,0,0,0,0
1776935,2019,0,0,0,0,0
1776935,2020,0,0,0,0,0
1776935,2021,0,0,0,0,0
1776935,2022,0,0,0,0,0
1776935,2023,1,0,0,0,1
1776935,2024,1,0,0,0,1
1776935,2025,0,0,0,0,0
1777005,2000,49,2,0,194,245
1777005,2001,82,2,0,57,141
1777005,2002,176,2,0,62,240
1777005,2003,156,6,0,164,326
1777005,2004,155,6,0,84,245
1777005,2005,104,4,0,276,384
1777005,2006,120,2,0,201,323
1777005,2007,83,2,0,326,411
1777005,2008,50,2,3,171,226
1777005,2009,57,2,18,82,159
1777005,2010,28,2,0,0,30
1777005,2011,15,0,0,0,15
1777005,2012,24,2,0,22,48
1777005,2013,15,0,8,56,79
1777005,2014,44,0,0,197,241
1777005,2015,21,0,0,124,145
1777005,2016,34,20,0,0,54
1777005,2017,28,0,0,35,63
1777005,2018,40,14,52,79,185
1777005,2019,22,0,0,7,29
1777005,2020,22,0,0,400,422
1777005,2021,58,0,0,0,58
1777005,2022,66,0,0,48,114
1777005,2023,63,2,0,18,83
1777005,2024,51,4,0,0,55
1777005,2025,62,0,0,0,62
1777148,2000,0,0,0,0,0
1777148,2001,1,0,0,0,1
1777148,2002,0,0,0,0,0
1777148,2003,0,0,0,0,0
1777148,2004,2,0,0,0,2
1777148,2005,5,0,0,0,5
1777148,2006,1,0,0,0,1
1777148,2007,0,0,0,0,0
1777148,2008,2,0,0,0,2
1777148,2009,0,0,0,0,0
1777148,2010,1,0,0,0,1
1777148,2011,0,0,0,0,0
1777148,2012,0,0,0,0,0
1777148,2013,0,0,0,0,0
1777148,2014,0,0,0,0,0
1777148,2015,0,0,0,0,0
1777148,2016,0,0,0,0,0
1777148,2017,0,0,0,0,0
1777148,2018,0,0,0,0,0
1777148,2019,0,0,0,0,0
1777148,2020,0,0,0,0,0
1777148,2021,0,0,0,0,0
1777148,2022,0,0,0,0,0
1777148,2023,0,0,0,0,0
1777148,2024,0,0,0,0,0
1777148,2025,0,0,0,0,0
1777265,2003,34,2,0,0,36
1777265,2004,26,0,0,0,26
1777265,2005,27,0,0,0,27
1777265,2006,15,0,0,0,15
1777265,2007,10,0,0,0,10
1777265,2008,3,0,0,0,3
1777265,2009,4,0,0,0,4
1777265,2010,4,0,0,0,4
1777265,2011,1,0,0,0,1
1777265,2012,1,0,0,0,1
1777265,2013,2,0,0,0,2
1777265,2014,2,0,0,0,2
1777265,2015,0,0,0,0,0
1777265,2016,2,0,0,0,2
1777265,2017,0,0,0,0,0
1777265,2018,0,0,0,0,0
1777265,2019,0,0,0,0,0
1777265,2020,1,0,0,0,1
1777265,2021,1,0,0,0,1
1777265,2022,1,0,0,0,1
1777265,2023,2,0,0,0,2
1777265,2024,1,0,0,0,1
1777265,2025,1,0,0,0,1
1777317,2000,11,0,0,0,11
1777317,2001,6,2,0,0,8
1777317,2002,6,2,0,0,8
1777317,2003,7,2,0,0,9
1777317,2004,7,2,0,0,9
1777317,2005,6,2,0,0,8
1777317,2006,6,0,0,0,6
1777317,2007,5,2,0,0,7
1777317,2008,8,0,0,0,8
1777317,2009,4,0,0,0,4
1777317,2010,3,0,0,0,3
1777317,2011,3,0,0,0,3
1777317,2012,4,0,0,0,4
1777317,2013,0,0,0,0,0
1777317,2014,4,0,0,0,4
1777317,2015,0,0,0,0,0
1777317,2016,1,0,0,0,1
1777317,2017,1,0,0,0,1
1777317,2018,3,0,0,0,3
1777317,2019,3,0,0,0,3
1777317,2020,2,0,0,0,2
1777317,2021,1,2,0,0,3
1777317,2022,3,2,0,0,5
1777317,2023,3,0,0,0,3
1777317,2024,1,0,0,0,1
1777317,2025,0,0,0,0,0
1777473,2000,2,0,0,0,2
1777473,2001,0,0,0,0,0
1777473,2002,1,0,0,0,1
1777473,2003,1,0,0,0,1
1777473,2004,3,0,0,0,3
1777473,2005,0,0,0,0,0
1777473,2006,0,0,0,0,0
1777473,2007,0,0,0,0,0
1777473,2008,1,0,0,0,1
1777473,2009,0,0,0,0,0
1777473,2010,2,0,0,0,2
1777473,2011,0,0,23,0,23
1777473,2012,0,0,23,0,23
1777473,2013,0,0,0,0,0
1777473,2014,0,0,0,0,0
1777473,2015,0,0,0,0,0
1777473,2016,0,0,0,0,0
1777473,2017,0,0,0,0,0
1777473,2018,0,0,0,0,0
1777473,2019,0,0,0,0,0
1777473,2020,0,0,0,0,0
1777473,2021,0,0,0,0,0
1777473,2022,0,0,0,0,0
1777473,2023,0,0,0,0,0
1777473,2024,0,0,0,0,0
1777473,2025,1,0,0,0,1
1777551,2000,0,0,0,0,0
1777551,2001,0,0,0,0,0
1777551,2002,1,0,0,0,1
1777551,2003,0,0,0,0,0
1777551,2004,0,0,0,0,0
1777551,2005,0,0,0,0,0
1777551,2006,0,0,0,0,0
1777551,2007,0,0,0,0,0
1777551,2008,1,0,0,0,1
1777551,2009,1,0,0,0,1
1777551,2010,0,0,0,0,0
1777551,2011,0,0,0,0,0
1777551,2012,0,0,0,0,0
1777551,2013,0,0,0,0,0
1777551,2014,0,0,0,0,0
1777551,2015,0,0,0,0,0
1777551,2016,0,0,0,0,0
1777551,2017,0,0,0,0,0
1777551,2018,0,0,0,0,0
1777551,2019,0,0,0,0,0
1777551,2020,0,0,0,0,0
1777551,2021,0,0,0,0,0
1777551,2022,0,0,0,0,0
1777551,2023,0,0,0,0,0
1777551,2024,0,0,0,0,0
1777551,2025,0,0,0,0,0
1777694,2000,296,0,0,0,296
1777694,2001,218,0,0,0,218
1777694,2002,207,0,0,0,207
1777694,2003,130,0,14,294,438
1777694,2004,230,0,0,0,230
1777694,2005,64,0,0,40,104
1777694,2006,92,0,0,0,92
1777694,2007,31,0,0,146,177
1777694,2008,15,0,0,0,15
1777694,2009,14,0,0,0,14
1777694,2010,4,0,0,231,235
1777694,2011,6,0,0,0,6
1777694,2012,18,0,0,0,18
1777694,2013,26,0,0,96,122
1777694,2014,60,0,0,160,220
1777694,2015,17,0,0,32,49
1777694,2016,21,0,0,0,21
1777694,2017,8,0,0,260,268
1777694,2018,54,0,0,0,54
1777694,2019,31,0,0,0,31
1777694,2020,33,0,0,0,33
1777694,2021,73,0,0,0,73
1777694,2022,10,0,0,0,10
1777694,2023,7,0,0,0,7
1777694,2024,8,0,0,0,8
1777694,2025,9,0,0,0,9
1777707,2000,0,0,0,0,0
1777707,2001,0,0,0,0,0
1777707,2002,0,0,0,0,0
1777707,2003,0,0,0,0,0
1777707,2004,0,0,0,0,0
1777707,2005,0,0,0,0,0
1777707,2006,0,0,0,0,0
1777707,2007,0,0,0,0,0
1777707,2008,0,0,0,0,0
1777707,2009,0,0,0,0,0
1777707,2010,0,0,0,0,0
1777707,2011,0,0,0,0,0
1777707,2012,0,0,0,0,0
1777707,2013,0,0,0,0,0
1777707,2014,0,0,0,0,0
1777707,2015,1,0,0,0,1
1777707,2016,0,0,0,0,0
1777707,2017,0,0,0,0,0
1777707,2018,0,0,0,0,0
1777707,2019,2,0,0,0,2
1777707,2020,0,0,0,0,0
1777707,2021,0,0,0,0,0
1777707,2022,0,0,0,0,0
1777707,2023,0,0,0,0,0
1777707,2024,0,0,0,0,0
1777707,2025,0,0,0,0,0
1777811,2000,0,0,0,0,0
1777811,2001,0,0,0,0,0
1777811,2002,0,0,0,0,0
1777811,2003,0,0,0,0,0
1777811,2004,0,0,0,0,0
1777811,2005,1,0,0,0,1
1777811,2006,0,0,0,0,0
1777811,2007,0,0,0,0,0
1777811,2008,0,0,0,0,0
1777811,2009,0,0,0,0,0
1777811,2010,0,0,0,0,0
1777811,2011,0,0,0,0,0
1777811,2012,0,0,0,0,0
1777811,2013,0,0,0,0,0
1777811,2014,0,0,0,0,0
1777811,2015,0,0,0,0,0
1777811,2016,0,0,0,0,0
1777811,2017,0,0,0,0,0
1777811,2018,0,0,0,0,0
1777811,2019,0,0,0,0,0
1777811,2020,0,0,0,0,0
1777811,2021,0,0,0,0,0
1777811,2022,0,0,0,0,0
1777811,2023,0,0,0,0,0
1777811,2024,0,0,0,0,0
1777811,2025,0,0,0,0,0
1777941,2000,1,0,0,0,1
1777941,2001,3,0,0,0,3
1777941,2002,4,0,0,0,4
1777941,2003,9,0,0,0,9
1777941,2004,8,0,0,0,8
1777941,2005,7,0,0,0,7
1777941,2006,7,0,0,0,7
1777941,2007,5,0,0,0,5
1777941,2008,2,0,0,0,2
1777941,2009,5,0,0,0,5
1777941,2010,2,0,0,0,2
1777941,2011,1,0,0,0,1
1777941,2012,0,0,0,0,0
1777941,2013,0,0,0,0,0
1777941,2014,0,0,0,0,0
1777941,2015,0,0,0,0,0
1777941,2016,0,0,0,0,0
1777941,2017,0,0,0,0,0
1777941,2018,1,0,0,0,1
1777941,2019,1,0,0,0,1
1777941,2020,1,0,0,0,1
1777941,2021,1,0,0,0,1
1777941,2022,1,0,0,0,1
1777941,2023,0,0,0,0,0
1777941,2024,2,0,0,0,2
1777941,2025,1,0,0,0,1
1777993,2000,11,0,0,340,351
1777993,2001,7,0,0,0,7
1777993,2002,13,0,0,0,13
1777993,2003,23,0,0,0,23
1777993,2004,17,0,0,0,17
1777993,2005,27,0,0,0,27
1777993,2006,24,0,0,0,24
1777993,2007,8,0,0,0,8
1777993,2008,5,0,0,0,5
1777993,2009,3,0,0,0,3
1777993,2010,2,0,0,0,2
1777993,2011,3,0,0,0,3
1777993,2012,0,0,0,0,0
1777993,2013,0,0,0,0,0
1777993,2014,2,0,0,0,2
1777993,2015,6,0,0,0,6
1777993,2016,3,0,0,0,3
1777993,2017,5,0,0,0,5
1777993,2018,4,0,0,0,4
1777993,2019,10,0,0,0,10
1777993,2020,5,0,0,0,5
1777993,2021,9,0,0,0,9
1777993,2022,0,0,0,0,0
1777993,2023,2,0,0,0,2
1777993,2024,6,0,0,0,6
1777993,2025,6,0,0,23,29
1778123,2000,0,0,0,0,0
1778123,2001,0,0,0,0,0
1778123,2002,6,0,0,0,6
1778123,2003,6,0,0,0,6
1778123,2004,6,0,0,0,6
1778123,2005,6,0,0,0,6
1778123,2006,5,0,0,0,5
1778123,2007,4,0,0,0,4
1778123,2008,0,0,0,0,0
1778123,2009,1,0,4,0,5
1778123,2010,1,0,0,0,1
1778123,2011,1,0,0,0,1
1778123,2012,1,0,0,0,1
1778123,2013,1,0,0,0,1
1778123,2014,1,0,0,0,1
1778123,2015,0,0,0,0,0
1778123,2016,0,0,0,0,0
1778123,2017,0,0,0,0,0
1778123,2018,0,0,0,0,0
1778123,2019,0,0,0,0,0
1778123,2020,0,0,0,0,0
1778123,2021,0,0,0,0,0
1778123,2022,0,0,0,0,0
1778123,2023,0,0,0,0,0
1778123,2024,0,0,0,0,0
1778123,2025,0,0,0,0,0
1778201,2000,2,0,0,0,2
1778201,2001,2,0,0,0,2
1778201,2002,0,0,0,0,0
1778201,2003,6,0,0,0,6
1778201,2004,2,0,0,0,2
1778201,2005,0,0,0,0,0
1778201,2006,0,0,0,0,0
1778201,2007,0,0,0,0,0
1778201,2008,1,0,0,0,1
1778201,2009,0,0,0,0,0
1778201,2010,0,0,0,0,0
1778201,2011,0,0,0,0,0
1778201,2012,0,0,0,0,0
1778201,2013,0,0,0,0,0
1778201,2014,1,0,0,0,1
1778201,2015,2,0,0,0,2
1778201,2016,2,0,0,0,2
1778201,2017,2,0,0,0,2
1778201,2018,0,0,0,0,0
1778201,2019,0,0,0,0,0
1778201,2020,0,0,0,0,0
1778201,2021,0,0,0,0,0
1778201,2022,0,0,0,0,0
1778201,2023,0,0,0,0,0
1778201,2024,0,0,0,0,0
1778201,2025,0,0,0,0,0
1778227,2007,232,0,0,0,232
1778227,2008,109,0,0,0,109
1778227,2009,111,0,0,0,111
1778227,2010,74,0,0,0,74
1778227,2011,93,0,0,0,93
1778227,2012,110,0,0,0,110
1778227,2013,96,0,0,0,96
1778227,2014,89,10,4,34,137
1778227,2015,53,0,0,48,101
1778227,2016,52,0,0,12,64
1778227,2017,43,0,0,0,43
1778227,2018,89,0,0,0,89
1778227,2019,85,0,0,0,85
1778227,2020,43,0,0,0,43
1778227,2021,30,0,0,84,114
1778227,2022,18,0,8,137,163
1778227,2023,0,0,16,79,95
1778227,2024,0,0,0,0,0
1778227,2025,121,0,0,0,121
1778370,2000,24,0,0,0,24
1778370,2001,32,0,0,0,32
1778370,2002,36,0,0,0,36
1778370,2003,45,0,0,0,45
1778370,2004,32,0,0,0,32
1778370,2005,9,0,0,0,9
1778370,2006,5,0,0,0,5
1778370,2007,8,0,0,0,8
1778370,2008,4,0,0,0,4
1778370,2009,0,0,0,0,0
1778370,2010,0,0,0,0,0
1778370,2011,1,0,0,0,1
1778370,2012,3,0,0,0,3
1778370,2013,2,0,0,0,2
1778370,2014,1,0,0,0,1
1778370,2015,1,0,0,0,1
1778370,2016,1,0,0,0,1
1778370,2017,6,0,0,0,6
1778370,2018,0,0,0,0,0
1778370,2019,2,0,0,0,2
1778370,2020,0,0,0,0,0
1778370,2021,3,0,0,0,3
1778370,2022,1,0,0,0,1
1778370,2023,2,0,0,0,2
1778370,2024,2,0,0,0,2
1778370,2025,2,0,0,0,2
1778526,2000,0,0,0,0,0
1778526,2001,0,0,0,0,0
1778526,2002,1,0,0,0,1
1778526,2003,0,0,0,0,0
1778526,2004,0,0,0,0,0
1778526,2005,3,0,0,0,3
1778526,2006,0,0,0,0,0
1778526,2007,0,0,0,0,0
1778526,2008,2,0,0,0,2
1778526,2009,1,0,0,0,1
1778526,2010,1,0,0,0,1
1778526,2011,0,0,0,0,0
1778526,2012,0,0,0,0,0
1778526,2013,0,0,0,0,0
1778526,2014,0,0,0,0,0
1778526,2015,0,0,0,0,0
1778526,2016,0,0,0,0,0
1778526,2017,0,0,0,0,0
1778526,2018,0,0,0,0,0
1778526,2019,1,0,0,0,1
1778526,2020,0,0,0,0,0
1778526,2021,0,0,0,0,0
1778526,2022,0,0,0,0,0
1778526,2023,0,0,0,0,0
1778526,2024,0,0,0,0,0
1778526,2025,0,0,0,0,0
1778721,2000,0,0,0,0,0
1778721,2001,0,0,0,0,0
1778721,2002,0,0,0,0,0
1778721,2003,0,0,0,0,0
1778721,2004,0,0,0,0,0
1778721,2005,0,0,0,0,0
1778721,2006,0,0,0,0,0
1778721,2007,0,0,0,0,0
1778721,2008,0,0,0,0,0
1778721,2009,0,0,0,0,0
1778721,2010,0,0,0,0,0
1778721,2011,1,0,0,0,1
1778721,2012,0,0,0,0,0
1778721,2013,0,0,0,0,0
1778721,2014,0,0,0,0,0
1778721,2015,0,0,0,0,0
1778721,2016,0,0,0,0,0
1778721,2017,0,0,0,0,0
1778721,2018,0,0,0,0,0
1778721,2019,0,0,0,0,0
1778721,2020,0,0,0,0,0
1778721,2021,0,0,0,0,0
1778721,2022,0,0,0,0,0
1778721,2023,0,0,0,0,0
1778721,2024,0,0,0,0,0
1778721,2025,0,0,0,0,0
1778773,2000,0,0,0,0,0
1778773,2001,0,0,0,0,0
1778773,2002,6,0,0,0,6
1778773,2003,2,0,0,0,2
1778773,2004,1,0,0,0,1
1778773,2005,4,0,0,0,4
1778773,2006,3,0,0,0,3
1778773,2007,0,0,0,0,0
1778773,2008,1,0,0,0,1
1778773,2009,0,0,0,0,0
1778773,2010,1,0,0,0,1
1778773,2011,0,0,0,0,0
1778773,2012,0,0,0,0,0
1778773,2013,0,0,0,0,0
1778773,2014,1,0,0,0,1
1778773,2015,0,0,0,0,0
1778773,2016,0,0,0,0,0
1778773,2017,1,0,0,0,1
1778773,2018,0,0,0,0,0
1778773,2019,0,0,0,0,0
1778773,2020,0,0,0,0,0
1778773,2021,0,0,0,0,0
1778773,2022,0,0,0,0,0
1778773,2023,0,0,0,0,0
1778773,2024,0,0,0,0,0
1778773,2025,0,0,0,0,0
1778851,2000,4,0,0,0,4
1778851,2001,3,0,0,0,3
1778851,2002,0,0,0,0,0
1778851,2003,0,0,0,0,0
1778851,2004,1,0,0,0,1
1778851,2005,0,0,0,0,0
1778851,2006,0,0,0,0,0
1778851,2007,0,0,0,0,0
1778851,2008,0,0,0,0,0
1778851,2009,1,0,0,0,1
1778851,2010,1,0,0,0,1
1778851,2011,1,0,0,0,1
1778851,2012,0,0,0,0,0
1778851,2013,0,0,0,0,0
1778851,2014,0,0,0,0,0
1778851,2015,0,0,0,0,0
1778851,2016,0,0,0,0,0
1778851,2017,0,0,0,0,0
1778851,2018,0,0,0,0,0
1778851,2019,0,0,0,0,0
1778851,2020,0,0,0,0,0
1778851,2021,0,0,0,0,0
1778851,2022,0,0,0,0,0
1778851,2023,0,0,0,0,0
1778851,2024,0,0,0,0,0
1778851,2025,0,0,0,0,0
1778916,2000,6,0,0,0,6
1778916,2001,0,0,0,0,0
1778916,2002,1,0,0,0,1
1778916,2003,0,0,0,0,0
1778916,2004,1,0,0,0,1
1778916,2005,0,0,0,0,0
1778916,2006,0,0,0,0,0
1778916,2007,0,0,0,0,0
1778916,2008,0,0,0,0,0
1778916,2009,0,0,0,0,0
1778916,2010,0,0,0,0,0
1778916,2011,0,0,0,0,0
1778916,2012,0,0,0,0,0
1778916,2013,0,0,0,0,0
1778916,2014,0,0,0,0,0
1778916,2015,0,0,0,0,0
1778916,2016,0,0,0,0,0
1778916,2017,0,0,0,0,0
1778916,2018,0,0,0,0,0
1778916,2019,0,0,0,0,0
1778916,2020,1,0,0,0,1
1778916,2021,1,0,0,0,1
1778916,2022,3,0,0,0,3
1778916,2023,0,0,0,0,0
1778916,2024,0,0,0,0,0
1778916,2025,0,0,0,0,0
1778929,2000,10,0,0,0,10
1778929,2001,18,0,0,0,18
1778929,2002,20,0,0,0,20
1778929,2003,23,0,0,0,23
1778929,2004,22,0,0,0,22
1778929,2005,20,0,0,0,20
1778929,2006,11,0,0,0,11
1778929,2007,12,0,0,0,12
1778929,2008,3,0,0,0,3
1778929,2009,2,0,0,0,2
1778929,2010,0,0,0,0,0
1778929,2011,2,0,0,0,2
1778929,2012,9,0,0,0,9
1778929,2013,5,0,0,0,5
1778929,2014,7,0,0,0,7
1778929,2015,14,2,0,0,16
1778929,2016,6,18,0,0,24
1778929,2017,22,6,0,0,28
1778929,2018,18,0,0,0,18
1778929,2019,45,0,4,116,165
1778929,2020,33,0,8,426,467
1778929,2021,128,0,0,0,128
1778929,2022,37,2,20,36,95
1778929,2023,0,0,0,6,6
1778929,2024,1,0,0,6,7
1778929,2025,3,0,0,0,3
1778942,2000,3,0,0,0,3
1778942,2001,0,0,0,0,0
1778942,2002,3,0,3,0,6
1778942,2003,0,0,0,0,0
1778942,2004,1,0,0,0,1
1778942,2005,1,0,0,0,1
1778942,2006,1,0,0,0,1
1778942,2007,1,0,0,0,1
1778942,2008,0,0,0,0,0
1778942,2009,0,0,0,0,0
1778942,2010,0,0,0,0,0
1778942,2011,0,0,0,0,0
1778942,2012,1,0,0,0,1
1778942,2013,1,0,0,0,1
1778942,2014,0,0,0,0,0
1778942,2015,0,0,0,0,0
1778942,2016,2,0,0,0,2
1778942,2017,0,0,0,0,0
1778942,2018,0,0,0,0,0
1778942,2019,0,0,0,0,0
1778942,2020,0,0,0,0,0
1778942,2021,0,0,0,0,0
1778942,2022,0,0,0,0,0
1778942,2023,0,0,0,0,0
1778942,2024,0,0,0,0,0
1778942,2025,0,0,0,0,0
1779007,2000,0,0,0,0,0
1779007,2001,0,0,0,0,0
1779007,2002,0,0,0,0,0
1779007,2003,0,0,0,0,0
1779007,2004,0,0,0,0,0
1779007,2005,1,0,0,0,1
1779007,2006,0,0,0,0,0
1779007,2007,0,0,0,0,0
1779007,2008,0,0,0,0,0
1779007,2009,0,0,0,0,0
1779007,2010,0,0,0,0,0
1779007,2011,0,0,0,0,0
1779007,2012,0,0,0,0,0
1779007,2013,0,0,0,0,0
1779007,2014,0,0,0,0,0
1779007,2015,0,0,0,0,0
1779007,2016,0,0,0,0,0
1779007,2017,0,0,0,0,0
1779007,2018,0,0,0,0,0
1779007,2019,0,0,0,0,0
1779007,2020,0,0,0,0,0
1779007,2021,0,0,0,0,0
1779007,2022,0,0,0,0,0
1779007,2023,0,0,0,0,0
1779007,2024,0,0,0,0,0
1779007,2025,0,0,0,0,0
1779033,2000,82,0,0,8,90
1779033,2001,81,0,0,16,97
1779033,2002,102,0,0,0,102
1779033,2003,181,0,0,0,181
1779033,2004,160,0,0,24,184
1779033,2005,277,0,0,32,309
1779033,2006,127,0,0,76,203
1779033,2007,104,0,0,0,104
1779033,2008,95,0,0,61,156
1779033,2009,91,0,0,0,91
1779033,2010,82,0,0,0,82
1779033,2011,33,0,0,0,33
1779033,2012,61,0,0,50,111
1779033,2013,57,0,0,52,109
1779033,2014,477,0,0,0,477
1779033,2015,86,0,0,52,138
1779033,2016,48,0,0,0,48
1779033,2017,25,0,0,0,25
1779033,2018,22,0,0,0,22
1779033,2019,19,0,0,0,19
1779033,2020,17,0,0,0,17
1779033,2021,11,0,0,0,11
1779033,2022,7,0,0,8,15
1779033,2023,6,0,0,0,6
1779033,2024,11,8,3,0,22
1779033,2025,19,26,0,0,45
1779085,2000,2,0,0,0,2
1779085,2001,8,0,0,0,8
1779085,2002,7,0,0,0,7
1779085,2003,7,0,0,0,7
1779085,2004,10,0,0,0,10
1779085,2005,8,0,0,0,8
1779085,2006,8,0,0,0,8
1779085,2007,0,0,0,0,0
1779085,2008,0,0,0,0,0
1779085,2009,0,0,0,0,0
1779085,2010,0,0,0,0,0
1779085,2011,0,0,0,0,0
1779085,2012,0,0,0,0,0
1779085,2013,0,0,0,0,0
1779085,2014,0,0,0,0,0
1779085,2015,0,0,0,0,0
1779085,2016,0,0,0,0,0
1779085,2017,0,0,0,0,0
1779085,2018,0,0,0,0,0
1779085,2019,0,0,0,0,0
1779085,2020,0,0,0,0,0
1779085,2021,0,0,0,0,0
1779085,2022,0,0,0,0,0
1779085,2023,0,0,0,0,0
1779085,2024,0,0,0,0,0
1779085,2025,0,0,0,0,0
1779124,2000,1,0,0,0,1
1779124,2001,1,0,0,0,1
1779124,2002,1,0,0,0,1
1779124,2003,1,0,0,0,1
1779124,2004,1,0,0,0,1
1779124,2005,1,0,0,0,1
1779124,2006,0,0,0,0,0
1779124,2007,2,0,0,0,2
1779124,2008,0,0,0,0,0
1779124,2009,0,0,0,0,0
1779124,2010,1,0,0,0,1
1779124,2011,0,0,0,0,0
1779124,2012,0,0,0,0,0
1779124,2013,0,0,0,0,0
1779124,2014,0,0,0,0,0
1779124,2015,0,0,0,0,0
1779124,2016,0,0,0,0,0
1779124,2017,0,0,0,0,0
1779124,2018,0,0,0,0,0
1779124,2019,0,0,0,0,0
1779124,2020,0,0,0,0,0
1779124,2021,0,0,0,0,0
1779124,2022,0,0,0,0,0
1779124,2023,0,0,0,0,0
1779124,2024,0,0,0,0,0
1779124,2025,0,0,0,0,0
1779150,2000,81,16,0,0,97
1779150,2001,77,14,0,0,91
1779150,2002,90,30,7,0,127
1779150,2003,87,14,0,0,101
1779150,2004,90,4,0,0,94
1779150,2005,105,18,6,0,129
1779150,2006,79,12,3,0,94
1779150,2007,62,8,0,0,70
1779150,2008,37,8,0,0,45
1779150,2009,28,6,0,0,34
1779150,2010,45,0,0,0,45
1779150,2011,27,2,0,0,29
1779150,2012,20,4,0,0,24
1779150,2013,24,0,0,0,24
1779150,2014,36,4,0,0,40
1779150,2015,48,0,0,0,48
1779150,2016,61,0,0,6,67
1779150,2017,73,0,0,6,79
1779150,2018,47,4,0,0,51
1779150,2019,39,0,0,0,39
1779150,2020,51,16,0,0,67
1779150,2021,52,4,0,0,56
1779150,2022,46,0,0,0,46
1779150,2023,30,0,0,0,30
1779150,2024,27,2,0,0,29
1779150,2025,34,2,0,0,36
1779163,2000,1,0,0,0,1
1779163,2001,1,0,0,0,1
1779163,2002,1,0,0,0,1
1779163,2003,1,0,0,0,1
1779163,2004,0,0,0,0,0
1779163,2005,40,0,0,0,40
1779163,2006,37,0,0,0,37
1779163,2007,38,0,0,0,38
1779163,2008,0,0,0,0,0
1779163,2009,0,0,0,0,0
1779163,2010,0,0,0,0,0
1779163,2011,0,0,0,0,0
1779163,2012,0,0,0,0,0
1779163,2013,0,0,0,0,0
1779163,2014,0,0,0,0,0
1779163,2015,0,0,0,0,0
1779163,2016,0,0,0,0,0
1779163,2017,0,0,0,0,0
1779163,2018,2,0,0,0,2
1779163,2019,1,0,0,0,1
1779163,2020,1,0,0,0,1
1779163,2021,2,0,0,0,2
1779163,2022,2,0,0,0,2
1779163,2023,51,0,0,0,51
1779163,2024,40,0,0,0,40
1779163,2025,1,0,0,0,1
1779228,2000,12,0,0,0,12
1779228,2001,12,0,0,0,12
1779228,2002,12,0,0,0,12
1779228,2003,13,0,0,0,13
1779228,2004,13,0,0,0,13
1779228,2005,13,0,0,0,13
1779228,2006,11,0,0,0,11
1779228,2007,8,0,0,0,8
1779228,2008,7,0,0,0,7
1779228,2009,7,0,0,0,7
1779228,2010,2,0,0,0,2
1779228,2011,3,0,0,0,3
1779228,2012,1,0,0,0,1
1779228,2013,0,0,0,0,0
1779228,2014,1,0,0,0,1
1779228,2015,1,0,0,0,1
1779228,2016,0,0,0,0,0
1779228,2017,0,0,0,0,0
1779228,2018,0,0,0,0,0
1779228,2019,1,0,0,0,1
1779228,2020,0,0,0,0,0
1779228,2021,1,0,0,0,1
1779228,2022,0,0,0,0,0
1779228,2023,0,0,0,0,0
1779228,2024,0,0,0,0,0
1779228,2025,1,0,0,0,1
1779267,2000,47,0,6,6,59
1779267,2001,38,0,0,17,55
1779267,2002,41,0,0,5,46
1779267,2003,44,0,0,5,49
1779267,2004,254,0,12,60,326
1779267,2005,240,0,12,129,381
1779267,2006,150,0,0,0,150
1779267,2007,108,0,0,0,108
1779267,2008,36,0,4,0,40
1779267,2009,36,0,0,0,36
1779267,2010,39,0,0,0,39
1779267,2011,32,0,0,0,32
1779267,2012,37,0,0,0,37
1779267,2013,17,0,0,0,17
1779267,2014,0,0,0,0,0
1779267,2015,1,0,0,0,1
1779267,2016,1,0,0,0,1
1779267,2017,5,0,0,0,5
1779267,2018,6,0,0,0,6
1779267,2019,4,0,0,0,4
1779267,2020,4,0,0,0,4
1779267,2021,2,0,0,5,7
1779267,2022,3,0,0,0,3
1779267,2023,3,0,0,0,3
1779267,2024,5,0,0,10,15
1779267,2025,11,0,0,20,31
1779293,2000,162,0,4,207,373
1779293,2001,121,0,12,353,486
1779293,2002,146,0,0,20,166
1779293,2003,85,0,0,6,91
1779293,2004,76,0,0,0,76
1779293,2005,217,4,4,72,297
1779293,2006,66,0,0,0,66
1779293,2007,51,0,0,0,51
1779293,2008,18,4,0,0,22
1779293,2009,15,6,0,0,21
1779293,2010,17,10,0,0,27
1779293,2011,16,6,0,0,22
1779293,2012,21,10,0,0,31
1779293,2013,29,8,0,0,37
1779293,2014,27,14,0,0,41
1779293,2015,28,16,0,0,44
1779293,2016,5,0,0,0,5
1779293,2017,3,0,0,0,3
1779293,2018,17,0,0,0,17
1779293,2019,7,0,0,0,7
1779293,2020,2,0,0,0,2
1779293,2021,3,0,0,0,3
1779293,2022,2,0,0,24,26
1779293,2023,3,0,0,0,3
1779293,2024,2,0,0,0,2
1779293,2025,13,0,0,0,13
1779358,2000,0,0,0,0,0
1779358,2001,0,0,0,0,0
1779358,2002,0,0,0,0,0
1779358,2003,1,0,0,0,1
1779358,2004,1,0,0,0,1
1779358,2005,0,0,0,0,0
1779358,2006,0,0,0,0,0
1779358,2007,0,0,0,0,0
1779358,2008,0,0,0,0,0
1779358,2009,0,0,0,0,0
1779358,2010,0,0,0,0,0
1779358,2011,0,0,0,0,0
1779358,2012,0,0,0,0,0
1779358,2013,0,0,0,0,0
1779358,2014,0,0,0,0,0
1779358,2015,0,0,0,0,0
1779358,2016,0,0,0,0,0
1779358,2017,0,0,0,0,0
1779358,2018,0,0,0,0,0
1779358,2019,0,0,0,0,0
1779358,2020,0,0,0,0,0
1779358,2021,1,0,0,0,1
1779358,2022,0,0,0,0,0
1779358,2023,0,0,0,0,0
1779358,2024,0,0,0,0,0
1779358,2025,0,0,0,0,0
1779397,2000,26,0,0,0,26
1779397,2001,20,0,0,0,20
1779397,2002,5,0,0,0,5
1779397,2003,10,0,0,0,10
1779397,2004,15,0,0,0,15
1779397,2005,12,0,0,0,12
1779397,2006,6,0,0,0,6
1779397,2007,10,0,0,0,10
1779397,2008,2,0,0,0,2
1779397,2009,4,0,0,0,4
1779397,2010,3,0,0,0,3
1779397,2011,3,0,0,0,3
1779397,2012,0,0,0,0,0
1779397,2013,0,0,0,0,0
1779397,2014,2,0,0,0,2
1779397,2015,1,0,0,0,1
1779397,2016,4,0,0,0,4
1779397,2017,1,0,0,0,1
1779397,2018,1,0,0,0,1
1779397,2019,4,0,0,0,4
1779397,2020,0,0,0,0,0
1779397,2021,0,0,0,0,0
1779397,2022,6,0,0,0,6
1779397,2023,6,0,0,0,6
1779397,2024,3,0,0,0,3
1779397,2025,4,0,0,0,4
1779735,2000,0,0,0,0,0
1779735,2001,1,0,0,0,1
1779735,2002,1,0,0,0,1
1779735,2003,1,0,0,0,1
1779735,2004,2,0,0,0,2
1779735,2005,0,0,0,0,0
1779735,2006,2,0,0,0,2
1779735,2007,2,0,0,0,2
1779735,2008,2,0,0,0,2
1779735,2009,1,0,0,0,1
1779735,2010,0,0,0,0,0
1779735,2011,0,0,0,0,0
1779735,2012,0,0,0,0,0
1779735,2013,0,0,0,0,0
1779735,2014,0,0,0,0,0
1779735,2015,0,0,0,0,0
1779735,2016,0,0,0,0,0
1779735,2017,0,0,0,0,0
1779735,2018,0,0,0,0,0
1779735,2019,0,0,0,0,0
1779735,2020,0,0,0,0,0
1779735,2021,0,0,0,0,0
1779735,2022,0,0,0,0,0
1779735,2023,0,0,0,0,0
1779735,2024,0,0,0,0,0
1779735,2025,0,0,0,0,0
1779813,2000,3,0,0,0,3
1779813,2001,3,0,0,0,3
1779813,2002,2,2,0,12,16
1779813,2003,2,0,0,6,8
1779813,2004,5,0,0,0,5
1779813,2005,1,0,0,0,1
1779813,2006,6,0,0,0,6
1779813,2007,1,0,0,0,1
1779813,2008,0,0,0,0,0
1779813,2009,2,0,0,0,2
1779813,2010,0,0,0,0,0
1779813,2011,0,0,0,0,0
1779813,2012,0,0,0,0,0
1779813,2013,0,0,0,0,0
1779813,2014,0,0,0,0,0
1779813,2015,0,0,0,0,0
1779813,2016,0,0,0,0,0
1779813,2017,0,0,0,0,0
1779813,2018,0,0,0,0,0
1779813,2019,0,0,0,0,0
1779813,2020,0,0,0,0,0
1779813,2021,0,0,0,0,0
1779813,2022,0,0,0,0,0
1779813,2023,1,0,0,0,1
1779813,2024,0,0,0,0,0
1779813,2025,1,0,0,0,1
1780047,2000,8,0,0,5,13
1780047,2001,2,0,0,55,57
1780047,2002,0,0,0,0,0
1780047,2003,1,0,0,0,1
1780047,2004,0,0,0,0,0
1780047,2005,0,0,0,0,0
1780047,2006,0,0,0,0,0
1780047,2007,0,0,0,0,0
1780047,2008,0,0,0,0,0
1780047,2009,1,0,0,0,1
1780047,2010,0,0,0,0,0
1780047,2011,0,0,0,0,0
1780047,2012,0,0,0,0,0
1780047,2013,0,0,0,0,0
1780047,2014,0,0,0,0,0
1780047,2015,0,0,0,0,0
1780047,2016,0,0,0,0,0
1780047,2017,0,0,0,0,0
1780047,2018,0,0,0,0,0
1780047,2019,0,0,0,0,0
1780047,2020,0,0,0,0,0
1780047,2021,0,0,0,0,0
1780047,2022,0,0,0,0,0
1780047,2023,0,0,0,0,0
1780047,2024,0,0,0,0,0
1780047,2025,0,0,0,0,0
1780060,2000,288,0,0,0,288
1780060,2001,177,0,0,0,177
1780060,2002,103,0,0,0,103
1780060,2003,68,0,0,183,251
1780060,2004,175,0,0,16,191
1780060,2005,102,0,0,0,102
1780060,2006,29,0,0,0,29
1780060,2007,9,0,0,0,9
1780060,2008,7,0,0,0,7
1780060,2009,5,0,0,0,5
1780060,2010,6,0,0,0,6
1780060,2011,7,0,0,0,7
1780060,2012,4,0,0,0,4
1780060,2013,5,0,0,0,5
1780060,2014,6,0,0,0,6
1780060,2015,3,0,0,0,3
1780060,2016,4,0,0,0,4
1780060,2017,3,0,0,0,3
1780060,2018,2,0,0,0,2
1780060,2019,1,0,0,0,1
1780060,2020,1,0,0,24,25
1780060,2021,2,0,0,0,2
1780060,2022,1,0,0,0,1
1780060,2023,1,0,0,0,1
1780060,2024,2,0,0,0,2
1780060,2025,1,0,0,0,1
1780073,2000,1,0,0,0,1
1780073,2001,3,0,0,0,3
1780073,2002,3,0,0,0,3
1780073,2003,3,0,0,0,3
1780073,2004,3,0,0,0,3
1780073,2005,1,2,0,0,3
1780073,2006,1,6,0,0,7
1780073,2007,1,6,0,0,7
1780073,2008,1,0,0,0,1
1780073,2009,1,0,0,0,1
1780073,2010,1,0,0,0,1
1780073,2011,1,0,0,0,1
1780073,2012,0,0,0,0,0
1780073,2013,0,0,0,0,0
1780073,2014,0,0,0,0,0
1780073,2015,1,0,0,0,1
1780073,2016,0,0,0,0,0
1780073,2017,0,0,0,0,0
1780073,2018,0,0,0,0,0
1780073,2019,0,0,0,0,0
1780073,2020,0,0,0,0,0
1780073,2021,0,0,0,0,0
1780073,2022,0,0,0,0,0
1780073,2023,0,0,0,0,0
1780073,2024,0,0,0,0,0
1780073,2025,3,0,0,0,3
1780125,2000,3,0,0,352,355
1780125,2001,21,0,0,0,21
1780125,2002,76,0,4,0,80
1780125,2003,164,0,24,0,188
1780125,2004,142,0,52,0,194
1780125,2005,41,0,0,0,41
1780125,2006,21,0,0,0,21
1780125,2007,6,0,0,0,6
1780125,2008,1,0,0,0,1
1780125,2009,0,0,0,0,0
1780125,2010,0,0,0,0,0
1780125,2011,0,0,0,0,0
1780125,2012,1,0,0,0,1
1780125,2013,5,0,0,0,5
1780125,2014,1,0,0,0,1
1780125,2015,4,0,0,0,4
1780125,2016,3,0,0,0,3
1780125,2017,0,0,0,402,402
1780125,2018,0,0,0,0,0
1780125,2019,0,0,0,300,300
1780125,2020,1,0,0,0,1
1780125,2021,0,0,0,80,80
1780125,2022,0,0,0,0,0
1780125,2023,3,0,0,0,3
1780125,2024,204,0,0,0,204
1780125,2025,0,0,0,0,0
1780242,2000,38,0,0,0,38
1780242,2001,42,0,0,0,42
1780242,2002,38,0,0,0,38
1780242,2003,80,0,0,0,80
1780242,2004,45,0,0,0,45
1780242,2005,54,0,0,0,54
1780242,2006,70,0,0,0,70
1780242,2007,64,0,0,0,64
1780242,2008,17,0,0,0,17
1780242,2009,11,0,0,0,11
1780242,2010,14,0,0,0,14
1780242,2011,13,0,0,0,13
1780242,2012,21,0,0,0,21
1780242,2013,46,0,0,0,46
1780242,2014,54,0,0,0,54
1780242,2015,67,0,0,0,67
1780242,2016,44,0,0,0,44
1780242,2017,28,0,0,0,28
1780242,2018,26,0,4,0,30
1780242,2019,31,0,0,0,31
1780242,2020,20,0,4,0,24
1780242,2021,41,0,0,0,41
1780242,2022,29,0,0,15,44
1780242,2023,21,0,0,0,21
1780242,2024,30,0,0,0,30
1780242,2025,26,0,0,0,26
1780281,2002,0,0,0,0,0
1780281,2003,2,0,0,0,2
1780281,2004,2,0,0,0,2
1780281,2005,1,0,0,0,1
1780281,2006,0,0,0,0,0
1780281,2007,0,0,0,0,0
1780281,2008,0,0,0,0,0
1780281,2009,0,0,0,0,0
1780281,2010,0,0,0,0,0
1780281,2011,0,0,0,0,0
1780281,2012,0,0,0,0,0
1780281,2013,0,0,0,0,0
1780281,2014,0,0,0,0,0
1780281,2015,0,0,0,0,0
1780281,2016,0,0,0,0,0
1780281,2017,0,0,0,0,0
1780281,2018,0,0,0,0,0
1780281,2019,0,0,0,0,0
1780281,2020,0,0,0,0,0
1780281,2021,0,0,0,0,0
1780281,2022,0,0,0,0,0
1780281,2023,0,0,0,0,0
1780281,2024,0,0,0,0,0
1780281,2025,0,0,0,0,0
1780333,2000,17,2,0,0,19
1780333,2001,11,2,0,0,13
1780333,2002,10,2,0,0,12
1780333,2003,5,0,0,0,5
1780333,2004,2,0,0,0,2
1780333,2005,10,0,0,0,10
1780333,2006,8,0,0,0,8
1780333,2007,3,0,0,0,3
1780333,2008,1,0,0,0,1
1780333,2009,4,0,0,0,4
1780333,2010,3,0,0,0,3
1780333,2011,3,0,0,0,3
1780333,2012,4,0,0,0,4
1780333,2013,0,0,0,0,0
1780333,2014,0,0,0,0,0
1780333,2015,4,0,0,0,4
1780333,2016,6,0,0,0,6
1780333,2017,4,0,0,0,4
1780333,2018,3,0,0,0,3
1780333,2019,3,0,0,0,3
1780333,2020,9,0,0,0,9
1780333,2021,5,0,0,0,5
1780333,2022,0,0,0,0,0
1780333,2023,4,0,0,0,4
1780333,2024,2,0,0,0,2
1780333,2025,2,0,0,0,2
1780645,2000,57,2,0,0,59
1780645,2001,53,12,0,12,77
1780645,2002,54,0,0,0,54
1780645,2003,46,10,0,0,56
1780645,2004,76,0,3,32,111
1780645,2005,93,2,0,28,123
1780645,2006,63,2,0,32,97
1780645,2007,35,0,0,0,35
1780645,2008,13,0,0,0,13
1780645,2009,2,2,0,0,4
1780645,2010,4,0,0,0,4
1780645,2011,6,0,0,0,6
1780645,2012,16,0,0,0,16
1780645,2013,25,0,0,0,25
1780645,2014,20,0,0,5,25
1780645,2015,20,0,0,0,20
1780645,2016,12,0,0,0,12
1780645,2017,12,8,0,0,20
1780645,2018,11,0,0,0,11
1780645,2019,15,0,0,0,15
1780645,2020,15,0,0,0,15
1780645,2021,3,0,0,6,9
1780645,2022,6,0,0,0,6
1780645,2023,4,0,4,0,8
1780645,2024,5,0,0,0,5
1780645,2025,11,0,0,0,11
1780736,2013,0,0,0,0,0
1780736,2014,0,0,0,0,0
1780736,2015,0,0,0,0,0
1780736,2016,0,0,0,0,0
1780736,2017,0,0,0,0,0
1780736,2018,0,0,0,0,0
1780736,2019,0,0,0,0,0
1780736,2020,0,0,0,0,0
1780736,2021,0,0,0,0,0
1780736,2022,0,0,0,0,0
1780736,2023,0,0,0,0,0
1780736,2024,1,0,0,0,1
1780736,2025,0,0,0,0,0
1780931,2000,3,0,0,0,3
1780931,2001,0,0,0,0,0
1780931,2002,3,0,0,0,3
1780931,2003,2,0,0,0,2
1780931,2004,4,0,0,0,4
1780931,2005,4,0,0,0,4
1780931,2006,4,0,0,0,4
1780931,2007,2,0,0,0,2
1780931,2008,0,0,0,0,0
1780931,2009,2,0,0,0,2
1780931,2010,2,0,0,0,2
1780931,2011,2,0,0,0,2
1780931,2012,1,0,0,0,1
1780931,2013,0,0,0,0,0
1780931,2014,0,0,0,0,0
1780931,2015,1,0,0,0,1
1780931,2016,1,0,0,0,1
1780931,2017,0,0,0,0,0
1780931,2018,2,0,0,0,2
1780931,2019,0,0,0,0,0
1780931,2020,1,0,0,0,1
1780931,2021,0,0,0,0,0
1780931,2022,0,0,0,0,0
1780931,2023,0,0,0,0,0
1780931,2024,0,0,0,0,0
1780931,2025,2,0,0,0,2
1781048,2000,57,0,0,0,57
1781048,2001,45,0,0,0,45
1781048,2002,57,2,0,0,59
1781048,2003,68,0,0,0,68
1781048,2004,101,0,0,0,101
1781048,2005,58,0,0,0,58
1781048,2006,98,0,0,100,198
1781048,2007,68,0,0,0,68
1781048,2008,25,0,0,0,25
1781048,2009,12,0,0,0,12
1781048,2010,18,0,0,0,18
1781048,2011,14,0,0,0,14
1781048,2012,26,0,0,0,26
1781048,2013,49,0,0,0,49
1781048,2014,61,0,0,0,61
1781048,2015,45,0,0,0,45
1781048,2016,49,0,0,0,49
1781048,2017,46,0,0,0,46
1781048,2018,22,0,0,0,22
1781048,2019,15,0,0,0,15
1781048,2020,39,0,0,0,39
1781048,2021,24,0,0,0,24
1781048,2022,14,0,0,18,32
1781048,2023,11,0,0,0,11
1781048,2024,6,0,0,334,340
1781048,2025,9,0,0,0,9
1781087,2000,81,0,0,101,182
1781087,2001,12,0,43,220,275
1781087,2002,65,0,0,96,161
1781087,2003,78,0,0,0,78
1781087,2004,11,0,0,103,114
1781087,2005,29,0,0,48,77
1781087,2006,5,0,0,0,5
1781087,2007,14,0,0,72,86
1781087,2008,22,0,0,0,22
1781087,2009,37,0,0,0,37
1781087,2010,9,0,0,0,9
1781087,2011,3,0,0,0,3
1781087,2012,14,0,0,0,14
1781087,2013,15,0,0,0,15
1781087,2014,0,0,0,96,96
1781087,2015,2,0,0,242,244
1781087,2016,25,0,0,126,151
1781087,2017,0,0,0,301,301
1781087,2018,39,0,0,0,39
1781087,2019,0,0,0,321,321
1781087,2020,0,0,0,0,0
1781087,2021,3,0,0,0,3
1781087,2022,4,0,9,53,66
1781087,2023,0,0,6,5,11
1781087,2024,53,0,0,0,53
1781087,2025,17,0,0,0,17
1781191,2002,1,0,0,0,1
1781191,2003,1,0,0,0,1
1781191,2004,1,0,0,0,1
1781191,2005,2,0,0,0,2
1781191,2006,2,0,0,0,2
1781191,2007,0,0,0,0,0
1781191,2008,0,0,0,0,0
1781191,2009,0,0,0,0,0
1781191,2010,0,0,0,0,0
1781191,2011,0,0,0,0,0
1781191,2012,2,0,0,0,2
1781191,2013,0,0,0,0,0
1781191,2014,0,0,0,0,0
1781191,2015,3,0,0,0,3
1781191,2016,0,0,0,0,0
1781191,2017,2,0,0,0,2
1781191,2018,0,0,0,0,0
1781191,2019,2,0,0,0,2
1781191,2020,4,0,0,0,4
1781191,2021,1,0,0,0,1
1781191,2022,1,0,0,0,1
1781191,2023,0,0,0,0,0
1781191,2024,0,0,0,0,0
1781191,2025,4,0,0,0,4
1781815,2000,0,0,0,0,0
1781815,2001,0,0,0,0,0
1781815,2002,0,0,0,0,0
1781815,2003,0,0,0,0,0
1781815,2004,0,0,0,0,0
1781815,2005,0,0,0,0,0
1781815,2006,0,0,0,0,0
1781815,2007,0,0,0,0,0
1781815,2008,0,0,0,0,0
1781815,2009,0,0,0,0,0
1781815,2010,0,0,0,0,0
1781815,2011,0,0,0,0,0
1781815,2012,0,0,0,0,0
1781815,2013,0,0,0,0,0
1781815,2014,0,0,0,0,0
1781815,2015,0,0,0,0,0
1781815,2016,0,0,0,0,0
1781815,2017,0,0,0,0,0
1781815,2018,0,0,0,0,0
1781815,2019,0,0,0,0,0
1781815,2020,0,0,0,0,0
1781815,2021,0,0,0,0,0
1781815,2022,0,0,0,0,0
1781815,2023,0,0,0,0,0
1781815,2024,0,0,0,0,0
1781815,2025,0,0,0,0,0
1781854,2000,2,0,0,0,2
1781854,2001,2,0,0,0,2
1781854,2002,8,0,0,0,8
1781854,2003,4,0,0,0,4
1781854,2004,4,0,0,0,4
1781854,2005,10,0,0,0,10
1781854,2006,7,0,0,0,7
1781854,2007,4,0,0,0,4
1781854,2008,2,0,0,0,2
1781854,2009,2,0,0,0,2
1781854,2010,2,0,0,0,2
1781854,2011,4,0,0,0,4
1781854,2012,3,0,0,0,3
1781854,2013,2,0,0,0,2
1781854,2014,4,0,0,0,4
1781854,2015,5,0,0,0,5
1781854,2016,6,2,0,0,8
1781854,2017,3,2,0,0,5
1781854,2018,4,0,0,0,4
1781854,2019,7,0,0,0,7
1781854,2020,5,0,0,0,5
1781854,2021,4,0,0,0,4
1781854,2022,3,0,0,0,3
1781854,2023,1,2,0,0,3
1781854,2024,1,0,0,0,1
1781854,2025,0,0,0,0,0
1781919,2000,27,0,0,0,27
1781919,2001,20,0,0,0,20
1781919,2002,4,0,0,0,4
1781919,2003,2,0,0,0,2
1781919,2004,6,0,0,0,6
1781919,2005,10,0,0,0,10
1781919,2006,16,0,0,0,16
1781919,2007,9,0,0,0,9
1781919,2008,2,0,0,0,2
1781919,2009,0,0,0,0,0
1781919,2010,4,0,0,0,4
1781919,2011,0,0,0,0,0
1781919,2012,1,0,0,0,1
1781919,2013,1,0,0,0,1
1781919,2014,3,0,0,0,3
1781919,2015,1,0,0,0,1
1781919,2016,1,0,0,0,1
1781919,2017,12,0,0,0,12
1781919,2018,13,0,0,0,13
1781919,2019,8,0,0,0,8
1781919,2020,5,0,0,0,5
1781919,2021,4,0,0,0,4
1781919,2022,2,0,0,0,2
1781919,2023,2,0,0,0,2
1781919,2024,7,0,0,0,7
1781919,2025,4,0,0,0,4
1782010,2002,0,0,0,0,0
1782010,2003,0,0,0,0,0
1782010,2004,0,0,0,0,0
1782010,2005,0,0,0,0,0
1782010,2006,0,0,0,0,0
1782010,2007,0,0,0,0,0
1782010,2008,0,0,0,0,0
1782010,2009,0,0,0,0,0
1782010,2010,0,0,0,0,0
1782010,2011,0,0,0,0,0
1782010,2012,0,0,0,0,0
1782010,2013,0,0,0,0,0
1782010,2014,0,0,0,0,0
1782010,2015,0,0,0,0,0
1782010,2016,0,0,0,0,0
1782010,2017,0,0,0,0,0
1782010,2018,0,0,0,0,0
1782010,2019,0,0,0,0,0
1782010,2020,0,0,0,0,0
1782010,2021,0,0,0,0,0
1782010,2022,0,0,0,0,0
1782010,2023,0,0,0,0,0
1782010,2024,0,0,0,0,0
1782010,2025,0,0,0,0,0
1782049,2000,143,0,0,12,155
1782049,2001,124,0,0,30,154
1782049,2002,55,0,0,59,114
1782049,2003,16,0,0,0,16
1782049,2004,23,0,0,0,23
1782049,2005,7,0,0,0,7
1782049,2006,4,0,0,0,4
1782049,2007,2,0,0,0,2
1782049,2008,1,0,0,0,1
1782049,2009,1,0,0,0,1
1782049,2010,0,0,0,0,0
1782049,2011,1,0,0,0,1
1782049,2012,0,0,0,0,0
1782049,2013,2,0,0,0,2
1782049,2014,4,0,0,0,4
1782049,2015,2,0,0,0,2
1782049,2016,6,0,0,0,6
1782049,2017,2,0,0,0,2
1782049,2018,0,0,0,0,0
1782049,2019,3,0,0,0,3
1782049,2020,3,0,0,0,3
1782049,2021,3,0,0,38,41
1782049,2022,1,0,0,0,1
1782049,2023,4,0,0,0,4
1782049,2024,3,0,0,0,3
1782049,2025,1,0,0,0,1
1782075,2000,37,0,0,0,37
1782075,2001,55,0,0,0,55
1782075,2002,42,0,0,0,42
1782075,2003,71,0,0,0,71
1782075,2004,58,0,0,0,58
1782075,2005,55,0,0,0,55
1782075,2006,41,0,0,0,41
1782075,2007,30,0,0,0,30
1782075,2008,15,0,0,0,15
1782075,2009,11,0,0,0,11
1782075,2010,24,0,0,0,24
1782075,2011,17,0,0,0,17
1782075,2012,24,0,0,0,24
1782075,2013,44,0,0,0,44
1782075,2014,44,0,0,0,44
1782075,2015,48,0,0,0,48
1782075,2016,35,0,0,75,110
1782075,2017,48,0,0,14,62
1782075,2018,35,0,0,0,35
1782075,2019,29,0,0,0,29
1782075,2020,24,0,0,16,40
1782075,2021,21,0,0,0,21
1782075,2022,21,0,0,0,21
1782075,2023,19,0,0,0,19
1782075,2024,24,0,0,0,24
1782075,2025,22,0,0,0,22
1782101,2000,14,0,0,0,14
1782101,2001,19,0,0,0,19
1782101,2002,92,2,0,0,94
1782101,2003,45,0,0,0,45
1782101,2004,31,0,0,0,31
1782101,2005,53,0,0,0,53
1782101,2006,31,8,0,0,39
1782101,2007,16,0,0,0,16
1782101,2008,16,0,0,0,16
1782101,2009,43,0,0,0,43
1782101,2010,1,0,0,0,1
1782101,2011,0,0,0,0,0
1782101,2012,1,0,0,0,1
1782101,2013,3,0,0,0,3
1782101,2014,3,0,0,0,3
1782101,2015,6,0,0,0,6
1782101,2016,6,0,0,0,6
1782101,2017,3,0,0,0,3
1782101,2018,3,0,4,0,7
1782101,2019,3,0,0,0,3
1782101,2020,6,0,0,0,6
1782101,2021,3,0,0,0,3
1782101,2022,3,0,0,0,3
1782101,2023,7,2,8,0,17
1782101,2024,4,0,0,0,4
1782101,2025,13,0,0,0,13
1782309,2000,0,0,0,0,0
1782309,2001,2,0,0,0,2
1782309,2002,1,0,0,0,1
1782309,2003,0,0,0,0,0
1782309,2004,2,0,0,0,2
1782309,2005,1,0,0,0,1
1782309,2006,0,0,0,0,0
1782309,2007,0,0,0,0,0
1782309,2008,0,0,0,0,0
1782309,2009,0,0,0,0,0
1782309,2010,0,0,0,0,0
1782309,2011,0,0,0,0,0
1782309,2012,0,0,0,0,0
1782309,2013,0,0,0,0,0
1782309,2014,0,0,0,0,0
1782309,2015,3,0,0,40,43
1782309,2016,1,0,0,0,1
1782309,2017,0,0,0,0,0
1782309,2018,0,0,0,0,0
1782309,2019,0,0,0,0,0
1782309,2020,1,0,0,0,1
1782309,2021,0,0,0,0,0
1782309,2022,0,0,0,0,0
1782309,2023,0,0,0,0,0
1782309,2024,0,0,0,0,0
1782309,2025,0,0,0,0,0
1782322,2000,0,0,0,0,0
1782322,2001,0,0,0,0,0
1782322,2002,2,0,0,0,2
1782322,2003,2,0,0,0,2
1782322,2004,2,0,0,0,2
1782322,2005,2,0,0,0,2
1782322,2006,0,0,0,0,0
1782322,2007,0,0,0,0,0
1782322,2013,2,0,0,0,2
1782322,2014,2,0,0,0,2
1782322,2015,0,0,0,0,0
1782322,2016,2,0,0,0,2
1782322,2017,0,0,0,0,0
1782322,2018,0,0,0,0,0
1782322,2019,0,0,0,0,0
1782322,2020,0,0,0,0,0
1782322,2021,0,0,0,0,0
1782322,2022,0,0,0,0,0
1782322,2023,0,0,0,0,0
1782322,2024,0,0,0,0,0
1782322,2025,0,0,0,0,0
1782400,2000,84,0,0,0,84
1782400,2001,87,0,0,0,87
1782400,2002,93,0,0,0,93
1782400,2003,101,0,0,0,101
1782400,2004,99,0,0,0,99
1782400,2005,87,0,0,0,87
1782400,2006,14,0,0,0,14
1782400,2007,6,0,3,6,15
1782400,2008,8,0,3,0,11
1782400,2009,83,0,0,12,95
1782400,2010,41,0,0,0,41
1782400,2011,35,0,0,0,35
1782400,2012,24,0,0,0,24
1782400,2013,37,0,0,0,37
1782400,2014,46,0,0,0,46
1782400,2015,16,0,0,0,16
1782400,2016,22,0,0,0,22
1782400,2017,24,0,0,0,24
1782400,2018,24,0,0,0,24
1782400,2019,8,0,0,0,8
1782400,2020,9,0,0,163,172
1782400,2021,1,0,0,0,1
1782400,2022,1,0,0,10,11
1782400,2023,3,0,0,0,3
1782400,2024,3,0,0,0,3
1782400,2025,2,0,0,0,2
1782491,2000,15,0,0,0,15
1782491,2001,7,0,0,0,7
1782491,2002,6,0,0,0,6
1782491,2003,13,0,0,0,13
1782491,2004,30,0,0,0,30
1782491,2005,17,0,0,0,17
1782491,2006,16,0,0,0,16
1782491,2007,13,0,0,0,13
1782491,2008,8,0,0,0,8
1782491,2009,3,0,0,0,3
1782491,2010,1,0,0,0,1
1782491,2011,1,0,0,0,1
1782491,2012,0,0,0,0,0
1782491,2013,1,0,0,0,1
1782491,2014,2,0,0,0,2
1782491,2015,0,2,0,0,2
1782491,2016,0,0,0,0,0
1782491,2017,0,0,0,0,0
1782491,2018,0,0,0,0,0
1782491,2019,0,0,0,0,0
1782491,2020,1,0,0,0,1
1782491,2021,0,0,0,0,0
1782491,2022,0,0,0,0,0
1782491,2023,2,0,0,0,2
1782491,2024,1,0,0,0,1
1782491,2025,0,0,0,0,0
1782530,2000,41,0,0,0,41
1782530,2001,53,0,0,0,53
1782530,2002,43,0,0,0,43
1782530,2003,57,0,0,0,57
1782530,2004,50,0,0,0,50
1782530,2005,50,0,0,0,50
1782530,2006,43,0,0,0,43
1782530,2007,24,0,0,0,24
1782530,2008,14,0,0,0,14
1782530,2009,18,0,0,0,18
1782530,2010,31,0,0,0,31
1782530,2011,19,0,0,0,19
1782530,2012,25,0,0,0,25
1782530,2013,30,0,0,0,30
1782530,2014,19,0,0,0,19
1782530,2015,25,0,0,0,25
1782530,2016,31,0,0,0,31
1782530,2017,19,0,0,0,19
1782530,2018,18,0,0,0,18
1782530,2019,12,0,0,0,12
1782530,2020,19,0,0,0,19
1782530,2021,23,0,0,0,23
1782530,2022,20,0,0,0,20
1782530,2023,15,0,0,0,15
1782530,2024,19,0,0,0,19
1782530,2025,9,0,0,0,9
1782543,2000,0,0,0,0,0
1782543,2001,0,0,0,0,0
1782543,2002,1,0,0,0,1
1782543,2003,1,0,0,0,1
1782543,2004,0,0,0,0,0
1782543,2005,0,0,0,0,0
1782543,2006,0,0,0,0,0
1782543,2007,1,0,0,0,1
1782543,2008,0,0,0,0,0
1782543,2009,1,0,0,0,1
1782543,2010,1,0,0,0,1
1782543,2011,0,0,0,0,0
1782543,2012,0,0,0,0,0
1782543,2013,0,0,0,0,0
1782543,2014,0,0,0,0,0
1782543,2015,0,0,0,0,0
1782543,2016,0,0,0,0,0
1782543,2017,0,0,0,0,0
1782543,2018,0,0,0,0,0
1782543,2019,0,0,0,0,0
1782543,2020,0,0,0,0,0
1782543,2021,0,0,0,0,0
1782543,2022,0,0,0,0,0
1782543,2023,0,0,0,0,0
1782543,2024,0,0,0,0,0
1782543,2025,0,0,0,0,0
1782686,2000,19,0,0,0,19
1782686,2001,16,0,0,0,16
1782686,2002,20,0,0,0,20
1782686,2003,25,0,0,0,25
1782686,2004,50,0,0,0,50
1782686,2005,52,0,0,0,52
1782686,2006,32,0,0,0,32
1782686,2007,13,0,0,0,13
1782686,2008,4,0,0,0,4
1782686,2009,1,0,0,0,1
1782686,2010,1,0,0,0,1
1782686,2011,0,0,0,0,0
1782686,2012,0,0,0,0,0
1782686,2013,0,0,0,0,0
1782686,2014,0,0,0,0,0
1782686,2015,3,0,0,0,3
1782686,2016,0,0,0,0,0
1782686,2017,0,0,0,0,0
1782686,2018,3,0,0,0,3
1782686,2019,2,0,0,0,2
1782686,2020,2,0,0,0,2
1782686,2021,3,0,0,0,3
1782686,2022,3,0,0,0,3
1782686,2023,1,0,0,0,1
1782686,2024,4,0,0,0,4
1782686,2025,4,0,0,0,4
1782855,2000,22,0,0,0,22
1782855,2001,39,0,0,0,39
1782855,2002,64,0,0,0,64
1782855,2003,52,0,0,0,52
1782855,2004,44,0,0,0,44
1782855,2005,103,0,0,0,103
1782855,2006,47,8,0,0,55
1782855,2007,27,0,0,0,27
1782855,2008,16,0,4,0,20
1782855,2009,2,0,0,0,2
1782855,2010,2,0,0,0,2
1782855,2011,0,0,0,0,0
1782855,2012,0,0,0,0,0
1782855,2013,0,0,0,0,0
1782855,2014,0,0,0,0,0
1782855,2015,0,0,0,0,0
1782855,2016,0,0,0,0,0
1782855,2017,0,0,0,0,0
1782855,2018,2,2,0,0,4
1782855,2019,0,0,0,0,0
1782855,2020,1,0,0,0,1
1782855,2021,221,0,0,0,221
1782855,2022,186,0,0,0,186
1782855,2023,168,0,0,0,168
1782855,2024,53,0,28,47,128
1782855,2025,84,0,8,10,102
1782985,2000,18,0,0,0,18
1782985,2001,16,0,0,0,16
1782985,2002,12,0,0,0,12
1782985,2003,10,0,0,0,10
1782985,2004,22,0,0,0,22
1782985,2005,75,2,0,14,91
1782985,2006,151,0,0,30,181
1782985,2007,46,0,0,0,46
1782985,2008,11,0,0,0,11
1782985,2009,2,0,0,0,2
1782985,2010,6,0,0,0,6
1782985,2011,5,0,0,0,5
1782985,2012,7,0,0,5,12
1782985,2013,3,0,0,0,3
1782985,2014,2,0,4,0,6
1782985,2015,7,0,0,0,7
1782985,2016,1,0,0,0,1
1782985,2017,2,0,0,0,2
1782985,2018,2,0,0,0,2
1782985,2019,3,0,0,0,3
1782985,2020,3,0,0,0,3
1782985,2021,7,0,0,0,7
1782985,2022,2,0,0,0,2
1782985,2023,5,0,0,0,5
1782985,2024,5,0,0,0,5
1782985,2025,4,0,0,0,4
1783063,2000,0,2,0,0,2
1783063,2001,6,0,0,0,6
1783063,2002,0,0,4,0,4
1783063,2003,1,0,0,0,1
1783063,2004,1,0,0,0,1
1783063,2005,3,0,0,0,3
1783063,2006,0,0,0,0,0
1783063,2007,0,0,0,0,0
1783063,2008,0,0,0,0,0
1783063,2009,1,0,0,0,1
1783063,2010,1,0,0,0,1
1783063,2011,0,0,0,0,0
1783063,2012,0,0,0,0,0
1783063,2013,0,0,0,0,0
1783063,2014,0,0,0,0,0
1783063,2015,0,0,0,0,0
1783063,2016,0,0,0,0,0
1783063,2017,1,0,0,0,1
1783063,2018,1,0,0,0,1
1783063,2019,0,0,0,0,0
1783063,2020,0,0,0,0,0
1783063,2021,0,0,0,0,0
1783063,2022,0,0,0,0,0
1783063,2023,0,0,0,0,0
1783063,2024,0,0,0,0,0
1783063,2025,0,0,0,0,0
1783102,2000,1,0,0,0,1
1783102,2001,0,0,0,0,0
1783102,2002,1,0,0,0,1
1783102,2003,1,0,0,0,1
1783102,2004,0,0,0,0,0
1783102,2005,0,0,0,0,0
1783102,2006,0,0,0,0,0
1783102,2007,0,0,0,0,0
1783102,2008,0,0,0,0,0
1783102,2009,0,0,0,0,0
1783102,2010,1,0,0,0,1
1783102,2011,1,0,0,0,1
1783102,2012,3,0,0,0,3
1783102,2013,0,0,0,0,0
1783102,2014,0,0,0,0,0
1783102,2015,0,0,0,0,0
1783102,2016,0,0,0,0,0
1783102,2017,0,0,0,0,0
1783102,2018,0,0,0,0,0
1783102,2019,0,0,0,0,0
1783102,2020,0,0,0,0,0
1783102,2021,0,0,0,0,0
1783102,2022,0,0,0,0,0
1783102,2023,0,0,0,0,0
1783102,2024,0,0,0,0,0
1783102,2025,0,0,0,0,0
1783245,2000,164,0,0,0,164
1783245,2001,134,0,0,800,934
1783245,2002,123,0,0,0,123
1783245,2003,153,0,0,0,153
1783245,2004,104,0,0,64,168
1783245,2005,90,0,0,140,230
1783245,2006,63,0,0,0,63
1783245,2007,38,0,0,0,38
1783245,2008,17,0,0,0,17
1783245,2009,6,0,0,0,6
1783245,2010,5,0,0,0,5
1783245,2011,5,0,0,0,5
1783245,2012,9,0,0,0,9
1783245,2013,20,0,0,0,20
1783245,2014,29,0,0,0,29
1783245,2015,66,0,0,94,160
1783245,2016,58,0,4,19,81
1783245,2017,69,0,0,0,69
1783245,2018,78,0,0,0,78
1783245,2019,72,0,0,0,72
1783245,2020,23,0,0,0,23
1783245,2021,25,0,0,0,25
1783245,2022,23,0,0,0,23
1783245,2023,20,0,0,0,20
1783245,2024,60,0,0,0,60
1783245,2025,103,2,0,0,105
1783271,2000,2,0,0,0,2
1783271,2001,7,2,0,0,9
1783271,2002,13,0,0,0,13
1783271,2003,17,0,0,0,17
1783271,2004,16,0,0,0,16
1783271,2005,15,0,0,0,15
1783271,2006,10,0,0,0,10
1783271,2007,7,0,0,0,7
1783271,2008,2,0,4,0,6
1783271,2009,1,0,0,0,1
1783271,2010,1,0,0,0,1
1783271,2011,2,0,0,0,2
1783271,2012,3,0,0,0,3
1783271,2013,3,0,0,0,3
1783271,2014,2,0,0,0,2
1783271,2015,7,0,0,0,7
1783271,2016,30,0,0,0,30
1783271,2017,8,0,0,0,8
1783271,2018,2,0,0,0,2
1783271,2019,3,0,0,0,3
1783271,2020,24,0,0,0,24
1783271,2021,11,0,0,0,11
1783271,2022,3,0,0,0,3
1783271,2023,5,0,0,0,5
1783271,2024,2,0,0,0,2
1783271,2025,5,0,0,0,5
1783349,2000,108,10,25,5,148
1783349,2001,72,46,8,0,126
1783349,2002,121,52,0,8,181
1783349,2003,120,56,0,10,186
1783349,2004,124,52,0,20,196
1783349,2005,232,20,12,20,284
1783349,2006,199,36,0,16,251
1783349,2007,276,8,12,24,320
1783349,2008,125,6,3,5,139
1783349,2009,102,6,0,0,108
1783349,2010,102,4,0,0,106
1783349,2011,79,8,0,0,87
1783349,2012,101,4,0,0,105
1783349,2013,48,0,0,0,48
1783349,2014,46,0,0,0,46
1783349,2015,39,0,0,0,39
1783349,2016,45,0,0,0,45
1783349,2017,50,0,0,0,50
1783349,2018,46,0,0,0,46
1783349,2019,53,0,0,0,53
1783349,2020,57,0,0,0,57
1783349,2021,65,0,0,0,65
1783349,2022,53,0,0,0,53
1783349,2023,50,0,0,0,50
1783349,2024,6,0,0,0,6
1783349,2025,51,0,0,0,51
1783505,2000,8,0,0,0,8
1783505,2001,15,0,0,0,15
1783505,2002,11,0,0,0,11
1783505,2003,15,0,0,0,15
1783505,2004,8,0,0,0,8
1783505,2005,9,0,0,0,9
1783505,2006,6,0,0,0,6
1783505,2007,5,0,0,0,5
1783505,2008,3,0,0,0,3
1783505,2009,6,0,0,0,6
1783505,2010,4,0,0,0,4
1783505,2011,0,0,0,0,0
1783505,2012,0,0,0,0,0
1783505,2013,2,0,0,0,2
1783505,2014,2,0,0,0,2
1783505,2015,3,0,0,0,3
1783505,2016,3,0,0,0,3
1783505,2017,1,0,0,0,1
1783505,2018,0,0,0,0,0
1783505,2019,0,2,0,0,2
1783505,2020,0,0,0,0,0
1783505,2021,0,0,0,0,0
1783505,2022,0,0,0,0,0
1783505,2023,1,0,0,0,1
1783505,2024,0,0,0,0,0
1783505,2025,0,0,0,0,0
1783518,2000,2,0,0,10,12
1783518,2001,3,0,0,0,3
1783518,2002,2,0,0,0,2
1783518,2003,4,0,0,0,4
1783518,2004,8,0,0,16,24
1783518,2005,13,0,0,0,13
1783518,2006,17,0,0,0,17
1783518,2007,4,0,0,0,4
1783518,2008,2,0,0,0,2
1783518,2009,2,0,0,0,2
1783518,2010,0,0,0,0,0
1783518,2011,1,0,0,0,1
1783518,2012,0,0,0,0,0
1783518,2013,0,0,0,0,0
1783518,2014,0,0,0,0,0
1783518,2015,0,0,0,0,0
1783518,2016,3,0,0,0,3
1783518,2017,1,0,0,5,6
1783518,2018,1,0,0,0,1
1783518,2019,0,0,0,0,0
1783518,2020,3,0,0,0,3
1783518,2021,7,0,0,0,7
1783518,2022,5,0,0,0,5
1783518,2023,3,0,0,0,3
1783518,2024,3,0,0,16,19
1783518,2025,5,0,0,0,5
1784038,2000,127,4,0,12,143
1784038,2001,198,8,20,26,252
1784038,2002,299,0,0,56,355
1784038,2003,388,0,0,12,400
1784038,2004,474,0,0,0,474
1784038,2005,588,0,0,96,684
1784038,2006,809,0,0,176,985
1784038,2007,413,0,0,96,509
1784038,2008,158,0,0,0,158
1784038,2009,64,0,0,0,64
1784038,2010,42,0,0,6,48
1784038,2011,43,0,0,0,43
1784038,2012,67,0,0,0,67
1784038,2013,81,0,0,0,81
1784038,2014,74,0,0,0,74
1784038,2015,84,0,0,0,84
1784038,2016,154,0,0,0,154
1784038,2017,152,0,0,63,215
1784038,2018,243,0,0,0,243
1784038,2019,146,0,16,5,167
1784038,2020,308,8,0,0,316
1784038,2021,403,0,0,0,403
1784038,2022,284,0,0,0,284
1784038,2023,464,0,0,0,464
1784038,2024,212,0,0,48,260
1784038,2025,259,0,0,0,259
1784155,2000,0,0,0,0,0
1784155,2001,12,0,0,0,12
1784155,2002,0,0,0,0,0
1784155,2003,0,0,0,0,0
1784155,2004,0,0,0,0,0
1784155,2005,0,0,0,0,0
1784155,2006,0,0,0,0,0
1784155,2007,0,0,0,0,0
1784155,2008,0,0,0,0,0
1784155,2009,0,0,0,0,0
1784155,2010,0,0,0,0,0
1784155,2011,0,0,0,0,0
1784155,2012,0,0,0,0,0
1784155,2013,0,0,0,0,0
1784155,2014,0,0,0,0,0
1784155,2015,0,0,0,0,0
1784155,2016,0,0,0,0,0
1784155,2017,0,0,0,0,0
1784155,2018,0,0,0,0,0
1784155,2019,0,0,0,0,0
1784155,2020,1,0,0,0,1
1784155,2021,2,0,0,0,2
1784155,2022,2,0,0,0,2
1784155,2023,2,0,0,0,2
1784155,2024,0,0,0,0,0
1784155,2025,0,0,0,0,0
1784220,2000,89,0,0,0,89
1784220,2001,98,0,0,14,112
1784220,2002,97,0,0,0,97
1784220,2003,74,0,0,14,88
1784220,2004,114,0,0,0,114
1784220,2005,222,0,0,16,238
1784220,2006,175,0,30,5,210
1784220,2007,60,0,4,0,64
1784220,2008,51,0,0,0,51
1784220,2009,11,0,0,0,11
1784220,2010,10,0,0,0,10
1784220,2011,2,0,0,0,2
1784220,2012,1,0,0,0,1
1784220,2013,0,0,0,0,0
1784220,2014,0,0,0,0,0
1784220,2015,0,0,0,0,0
1784220,2016,0,0,0,0,0
1784220,2017,1,0,0,0,1
1784220,2018,1,0,0,0,1
1784220,2019,0,0,0,0,0
1784220,2020,0,0,0,0,0
1784220,2021,0,0,0,0,0
1784220,2022,0,0,0,0,0
1784220,2023,1,0,0,0,1
1784220,2024,30,0,0,0,30
1784220,2025,15,0,0,0,15
