{"type":"FeatureCollection", "features": [
{"type":"Feature","geometry":{"type":"Polygon","coordinates":[[[-91.40637,40.55183],[-91.4062,40.5427],[-91.40072,40.53679],[-91.38807,40.53307],[-91.37762,40.52305],[-91.3673,40.5251],[-91.36115,40.53757],[-91.36117,40.55228],[-91.36595,40.55971],[-91.38471,40.55998],[-91.38819,40.56863],[-91.40148,40.55946],[-91.40637,40.55183]]]},"properties":{"GEOID":"1751791","NAME":"Nauvoo","NAMELSAD":"Nauvoo city","ALAND":8770161,"AWATER":3732389}},
{"type":"Feature","geometry":{"type":"Polygon","coordinates":[[[-90.36031,39.18887],[-90.34391,39.18756],[-90.34165,39.19614],[-90.35683,39.19611],[-90.36031,39.18887]]]},"properties":{"GEOID":"1738869","NAME":"Kane","NAMELSAD":"Kane village","ALAND":1409727,"AWATER":0}},
{"type":"Feature","geometry":{"type":"Polygon","coordinates":[[[-89.21839,39.11559],[-89.2185,39.10819],[-89.20912,39.10823],[-89.20919,39.11653],[-89.21839,39.11559]]]},"properties":{"GEOID":"1706028","NAME":"Bingham","NAMELSAD":"Bingham village","ALAND":708553,"AWATER":0}},
{"type":"Feature","geometry":{"type":"Polygon","coordinates":[[[-88.24566,41.24883],[-88.25511,41.24505],[-88.25492,41.23569],[-88.25412,41.23043],[-88.2354,41.2308],[-88.23573,41.245],[-88.24566,41.24883]]]},"properties":{"GEOID":"1730120","NAME":"Godley","NAMELSAD":"Godley village","ALAND":2805531,"AWATER":2435}},
{"type":"Feature","geometry":{"type":"Polygon","coordinates":[[[-89.81145,39.08557],[-89.81129,39.07113],[-89.7927,39.07145],[-89.79259,39.08586],[-89.81145,39.08557]]]},"properties":{"GEOID":"1767873","NAME":"Sawyerville","NAMELSAD":"Sawyerville village","ALAND":2557734,"AWATER":35892}},
{"type":"Feature","geometry":{"type":"Polygon","coordinates":[[[-89.83589,42.25945],[-89.82606,42.25764],[-89.82064,42.26391],[-89.82081,42.27638],[-89.8312,42.27474],[-89.83109,42.26006],[-89.83589,42.25945]]]},"properties":{"GEOID":"1758369","NAME":"Pearl City","NAMELSAD":"Pearl City village","ALAND":1672465,"AWATER":23705}},
{"type":"Feature","geometry":{"type":"Polygon","coordinates":[[[-90.35815,41.02075],[-90.34895,41.02011],[-90.3486,41.02752],[-90.35801,41.02703],[-90.35815,41.02075]]]},"properties":{"GEOID":"1734007","NAME":"Henderson","NAMELSAD":"Henderson village","ALAND":687007,"AWATER":0}},
{"type":"Feature","geometry":{"type":"Polygon","coordinates":[[[-90.65627,39.56777],[-90.65625,39.56037],[-90.64439,39.56014],[-90.64425,39.56541],[-90.65627,39.56777]]]},"properties":{"GEOID":"1749477","NAME":"Milton","NAMELSAD":"Milton village","ALAND":998886,"AWATER":0}},
{"type":"Feature","geometry":{"type":"Polygon","coordinates":[[[-90.43957,39.56094],[-90.43976,39.5538],[-90.42576,39.55372],[-90.426,39.5647],[-90.43957,39.56094]]]},"properties":{"GEOID":"1700997","NAME":"Alsey","NAMELSAD":"Alsey village","ALAND":1423019,"AWATER":26457}},
{"type":"Feature","geometry":{"type":"Polygon","coordinates":[[[-90.43156,40.36773],[-90.42972,40.36172],[-90.41986,40.36152],[-90.41939,40.3676],[-90.43156,40.36773]]]},"properties":{"GEOID":"1774301","NAME":"Table Grove","NAMELSAD":"Table Grove village","ALAND":729618,"AWATER":0}},
{"type":"Feature","geometry":{"type":"Polygon","coordinates":[[[-88.63638,40.45303],[-88.63438,40.44576],[-88.62734,40.44567],[-88.62949,40.45296],[-88.63638,40.45303]]]},"properties":{"GEOID":"1702342","NAME":"Arrowsmith","NAMELSAD":"Arrowsmith village","ALAND":511307,"AWATER":0}},
{"type":"Feature","geometry":{"type":"Polygon","coordinates":[[[-90.91584,39.73435],[-90.91587,39.72443],[-90.90307,39.72434],[-90.90314,39.73397],[-90.91584,39.73435]]]},"properties":{"GEOID":"1704247","NAME":"Baylis","NAMELSAD":"Baylis village","ALAND":1220561,"AWATER":0}},
{"type":"Feature","geometry":{"type":"Polygon","coordinates":[[[-90.3788,40.12811],[-90.37385,40.12266],[-90.36728,40.12548],[-90.36742,40.13135],[-90.3788,40.12811]]]},"properties":{"GEOID":"1708953","NAME":"Browning","NAMELSAD":"Browning village","ALAND":801906,"AWATER":0}},
{"type":"Feature","geometry":{"type":"Polygon","coordinates":[[[-88.35657,39.96487],[-88.34924,39.95877],[-88.33612,39.95888],[-88.33635,39.97467],[-88.3541,39.97474],[-88.35657,39.96487]]]},"properties":{"GEOID":"1766534","NAME":"Sadorus","NAMELSAD":"Sadorus village","ALAND":2660897,"AWATER":0}},
{"type":"Feature","geometry":{"type":"Polygon","coordinates":[[[-88.8869,42.35246],[-88.88084,42.33071],[-88.87005,42.32743],[-88.84668,42.32767],[-88.84816,42.33137],[-88.85488,42.34214],[-88.85833,42.34211],[-88.87974,42.34185],[-88.8869,42.35246]]]},"properties":{"GEOID":"1775360","NAME":"Timberlane","NAMELSAD":"Timberlane village","ALAND":4522573,"AWATER":48387}},
{"type":"Feature","geometry":{"type":"Polygon","coordinates":[[[-89.02549,40.78427],[-89.02521,40.77334],[-89.0159,40.78079],[-89.02549,40.78427]]]},"properties":{"GEOID":"1757524","NAME":"Panola","NAMELSAD":"Panola village","ALAND":1111776,"AWATER":0}},
{"type":"Feature","geometry":{"type":"Polygon","coordinates":[[[-87.65595,41.57906],[-87.66553,41.57903],[-87.66548,41.57181],[-87.64125,41.57187],[-87.63486,41.57715],[-87.6306,41.57874],[-87.63638,41.58234],[-87.63922,41.57923],[-87.65595,41.57906]]]},"properties":{"GEOID":"1721904","NAME":"East Hazel Crest","NAMELSAD":"East Hazel Crest village","ALAND":2031301,"AWATER":0}},
{"type":"Feature","geometry":{"type":"Polygon","coordinates":[[[-88.51139,41.21739],[-88.49897,41.21293],[-88.4997,41.21742],[-88.51139,41.21739]]]},"properties":{"GEOID":"1777707","NAME":"Verona","NAMELSAD":"Verona village","ALAND":428584,"AWATER":0}},
{"type":"Feature","geometry":{"type":"Polygon","coordinates":[[[-91.16584,40.03118],[-91.15726,40.02951],[-91.1589,40.03518],[-91.16584,40.03118]]]},"properties":{"GEOID":"1715261","NAME":"Coatsburg","NAMELSAD":"Coatsburg village","ALAND":342926,"AWATER":0}},
{"type":"Feature","geometry":{"type":"Polygon","coordinates":[[[-88.54486,40.5693],[-88.54487,40.5658],[-88.53347,40.56584],[-88.53552,40.56933],[-88.54486,40.5693]]]},"properties":{"GEOID":"1701361","NAME":"Anchor","NAMELSAD":"Anchor village","ALAND":442400,"AWATER":0}},
{"type":"Feature","geometry":{"type":"Polygon","coordinates":[[[-90.40776,39.05807],[-90.40769,39.04349],[-90.3891,39.04352],[-90.38923,39.05812],[-90.40776,39.05807]]]},"properties":{"GEOID":"1756978","NAME":"Otterville","NAMELSAD":"Otterville town","ALAND":2605539,"AWATER":0}},
{"type":"Feature","geometry":{"type":"Polygon","coordinates":[[[-89.09564,38.80872],[-89.09576,38.79415],[-89.07943,38.79399],[-89.07937,38.80866],[-89.09564,38.80872]]]},"properties":{"GEOID":"1777681","NAME":"Vernon","NAMELSAD":"Vernon village","ALAND":2283700,"AWATER":0}},
{"type":"Feature","geometry":{"type":"Polygon","coordinates":[[[-89.54116,40.81341],[-89.54115,40.8064],[-89.51521,40.80609],[-89.51522,40.81322],[-89.52191,40.81702],[-89.52468,40.81385],[-89.54116,40.81341]]]},"properties":{"GEOID":"1704273","NAME":"Bay View Gardens","NAMELSAD":"Bay View Gardens village","ALAND":1473855,"AWATER":552009}},
{"type":"Feature","geometry":{"type":"Polygon","coordinates":[[[-87.636,40.10881],[-87.62476,40.10837],[-87.62207,40.11446],[-87.59222,40.11823],[-87.59491,40.12837],[-87.57832,40.12902],[-87.56464,40.13322],[-87.56179,40.12397],[-87.55403,40.12585],[-87.54299,40.11831],[-87.54457,40.10356],[-87.53183,40.10339],[-87.53165,40.12552],[-87.5404,40.1331],[-87.54045,40.14426],[-87.55557,40.1466],[-87.56429,40.14007],[-87.56369,40.13369],[-87.57752,40.13236],[-87.57666,40.14341],[-87.58344,40.15402],[-87.60447,40.15394],[-87.60235,40.16082],[-87.6186,40.16014],[-87.61232,40.17906],[-87.62109,40.17889],[-87.62707,40.19475],[-87.62131,40.20449],[-87.6317,40.20414],[-87.63022,40.18254],[-87.6371,40.18052],[-87.63942,40.17136],[-87.64699,40.16587],[-87.6489,40.1791],[-87.66413,40.17788],[-87.66387,40.17011],[-87.64078,40.16062],[-87.64564,40.1528],[-87.66368,40.15247],[-87.6588,40.13813],[-87.65832,40.12271],[-87.64679,40.1155],[-87.636,40.10881]]]},"properties":{"GEOID":"1718563","NAME":"Danville","NAMELSAD":"Danville city","ALAND":46248004,"AWATER":341399}},
{"type":"Feature","geometry":{"type":"Polygon","coordinates":[[[-89.24364,37.91722],[-89.24381,37.90273],[-89.22986,37.9025],[-89.22962,37.91727],[-89.24364,37.91722]]]},"properties":{"GEOID":"1723373","NAME":"Elkville","NAMELSAD":"Elkville village","ALAND":1987144,"AWATER":13052}},
{"type":"Feature","geometry":{"type":"Polygon","coordinates":[[[-90.40795,41.48371],[-90.40544,41.48187],[-90.40426,41.48187],[-90.40365,41.48185],[-90.39918,41.48387],[-90.38154,41.48505],[-90.38152,41.50639],[-90.37694,41.50829],[-90.37694,41.50929],[-90.3835,41.51306],[-90.39645,41.51362],[-90.40596,41.5052],[-90.40103,41.49991],[-90.40095,41.48812],[-90.40585,41.48774],[-90.40795,41.48371]]]},"properties":{"GEOID":"1711150","NAME":"Carbon Cliff","NAMELSAD":"Carbon Cliff village","ALAND":5426897,"AWATER":0}},
{"type":"Feature","geometry":{"type":"Polygon","coordinates":[[[-87.71598,38.53128],[-87.71589,38.52393],[-87.70508,38.52383],[-87.70522,38.53122],[-87.71598,38.53128]]]},"properties":{"GEOID":"1700815","NAME":"Allendale","NAMELSAD":"Allendale village","ALAND":794997,"AWATER":0}},
{"type":"Feature","geometry":{"type":"Polygon","coordinates":[[[-89.40452,39.57789],[-89.40678,39.58219],[-89.41053,39.57902],[-89.40452,39.57789]]]},"properties":{"GEOID":"1738349","NAME":"Jeisyville","NAMELSAD":"Jeisyville village","ALAND":314688,"AWATER":0}},
{"type":"Feature","geometry":{"type":"Polygon","coordinates":[[[-90.56995,41.41801],[-90.58584,41.41423],[-90.58708,41.40725],[-90.57458,41.40694],[-90.56299,41.41018],[-90.56306,41.41733],[-90.56847,41.4211],[-90.56944,41.42045],[-90.56995,41.41801]]]},"properties":{"GEOID":"1754703","NAME":"Oak Grove","NAMELSAD":"Oak Grove village","ALAND":1704059,"AWATER":0}},
{"type":"Feature","geometry":{"type":"Polygon","coordinates":[[[-88.31334,37.45513],[-88.313,37.44109],[-88.29484,37.44867],[-88.29513,37.45534],[-88.31334,37.45513]]]},"properties":{"GEOID":"1723191","NAME":"Elizabethtown","NAMELSAD":"Elizabethtown village","ALAND":1827064,"AWATER":11899}},
{"type":"Feature","geometry":{"type":"Polygon","coordinates":[[[-87.64658,39.98754],[-87.64643,39.9693],[-87.64273,39.96522],[-87.63152,39.96575],[-87.6226,39.9695],[-87.62534,39.98756],[-87.64658,39.98754]]]},"properties":{"GEOID":"1728963","NAME":"Georgetown","NAMELSAD":"Georgetown city","ALAND":4185174,"AWATER":0}},
{"type":"Feature","geometry":{"type":"Polygon","coordinates":[[[-88.14752,41.10846],[-88.14884,41.10633],[-88.14396,41.10529],[-88.14411,41.10969],[-88.14752,41.10846]]]},"properties":{"GEOID":"1776771","NAME":"Union Hill","NAMELSAD":"Union Hill village","ALAND":168921,"AWATER":0}},
{"type":"Feature","geometry":{"type":"Polygon","coordinates":[[[-87.90896,38.73204],[-87.90427,38.71787],[-87.87153,38.7167],[-87.87155,38.70989],[-87.8528,38.70988],[-87.85259,38.72458],[-87.87148,38.72472],[-87.87152,38.71692],[-87.90216,38.71804],[-87.89971,38.732],[-87.90896,38.73204]]]},"properties":{"GEOID":"1773703","NAME":"Sumner","NAMELSAD":"Sumner city","ALAND":3620881,"AWATER":0}},
{"type":"Feature","geometry":{"type":"Polygon","coordinates":[[[-88.04295,40.60269],[-88.04269,40.59498],[-88.0304,40.5994],[-88.04295,40.60269]]]},"properties":{"GEOID":"1709317","NAME":"Buckley","NAMELSAD":"Buckley village","ALAND":817144,"AWATER":0}},
{"type":"Feature","geometry":{"type":"MultiPolygon","coordinates":[[[[-88.37172,42.2731],[-88.38917,42.26598],[-88.38428,42.26057],[-88.37255,42.2605],[-88.37165,42.25467],[-88.37943,42.25024],[-88.37012,42.24246],[-88.37418,42.22993],[-88.37417,42.22974],[-88.37237,42.2263],[-88.36883,42.23531],[-88.34783,42.23528],[-88.34754,42.22955],[-88.36464,42.22591],[-88.36915,42.22258],[-88.36737,42.21183],[-88.36455,42.21096],[-88.36453,42.21003],[-88.36457,42.20448],[-88.37403,42.19952],[-88.36913,42.19014],[-88.33553,42.19035],[-88.33504,42.19718],[-88.33029,42.20449],[-88.33519,42.21168],[-88.3194,42.21175],[-88.3051,42.19722],[-88.29864,42.20125],[-88.31047,42.21161],[-88.29628,42.21162],[-88.28654,42.20637],[-88.27678,42.21007],[-88.27682,42.21843],[-88.27683,42.219],[-88.27496,42.2226],[-88.27896,42.22981],[-88.28793,42.23615],[-88.29622,42.23612],[-88.29749,42.24362],[-88.28336,42.25001],[-88.28377,42.25523],[-88.27428,42.25641],[-88.27218,42.27295],[-88.2868,42.27033],[-88.28032,42.25955],[-88.29631,42.25902],[-88.31265,42.26162],[-88.328,42.25981],[-88.34028,42.26174],[-88.34919,42.25818],[-88.35727,42.26346],[-88.36867,42.26673],[-88.37172,42.2731]]],[[[-88.42325,42.25458],[-88.42327,42.24655],[-88.41823,42.24065],[-88.40365,42.24063],[-88.39394,42.24429],[-88.39395,42.2449],[-88.38908,42.25154],[-88.4086,42.25149],[-88.42325,42.25458]]]]},"properties":{"GEOID":"1717887","NAME":"Crystal Lake","NAMELSAD":"Crystal Lake city","ALAND":49120554,"AWATER":1588321}},
{"type":"Feature","geometry":{"type":"Polygon","coordinates":[[[-88.37002,42.36824],[-88.39456,42.36548],[-88.39455,42.36091],[-88.38247,42.35652],[-88.38956,42.35153],[-88.39465,42.34045],[-88.39432,42.33031],[-88.37596,42.33281],[-88.38452,42.32383],[-88.41661,42.3128],[-88.40401,42.31135],[-88.39905,42.30729],[-88.39618,42.30746],[-88.38929,42.30583],[-88.38477,42.30377],[-88.38479,42.30931],[-88.36994,42.31125],[-88.36282,42.31675],[-88.35031,42.31673],[-88.35028,42.30589],[-88.36335,42.29866],[-88.36003,42.2842],[-88.35021,42.28414],[-88.34047,42.29144],[-88.32776,42.28915],[-88.32135,42.29157],[-88.32592,42.30254],[-88.31926,42.30629],[-88.32119,42.31338],[-88.33246,42.31323],[-88.33588,42.32441],[-88.33589,42.32449],[-88.33599,42.32718],[-88.33601,42.32777],[-88.34571,42.32682],[-88.34564,42.33386],[-88.34558,42.33993],[-88.34557,42.34124],[-88.34556,42.3421],[-88.35538,42.33995],[-88.37479,42.32389],[-88.37497,42.3484],[-88.3561,42.35658],[-88.35544,42.36631],[-88.3603,42.36018],[-88.36996,42.35768],[-88.37002,42.36824]]]},"properties":{"GEOID":"1709531","NAME":"Bull Valley","NAMELSAD":"Bull Valley village","ALAND":25493077,"AWATER":101259}},
{"type":"Feature","geometry":{"type":"Polygon","coordinates":[[[-90.85753,39.715],[-90.85743,39.70022],[-90.83826,39.70021],[-90.83817,39.71505],[-90.85753,39.715]]]},"properties":{"GEOID":"1752805","NAME":"New Salem","NAMELSAD":"New Salem village","ALAND":2717242,"AWATER":0}},
{"type":"Feature","geometry":{"type":"Polygon","coordinates":[[[-90.56511,42.4629],[-90.53499,42.46324],[-90.53548,42.48389],[-90.53084,42.49102],[-90.54562,42.4913],[-90.54909,42.47669],[-90.54798,42.46741],[-90.56511,42.4629]]]},"properties":{"GEOID":"1748359","NAME":"Menominee","NAMELSAD":"Menominee village","ALAND":4955964,"AWATER":0}},
{"type":"Feature","geometry":{"type":"Polygon","coordinates":[[[-89.28255,41.36229],[-89.2678,41.35866],[-89.26786,41.37155],[-89.27847,41.37137],[-89.28255,41.36229]]]},"properties":{"GEOID":"1768471","NAME":"Seatonville","NAMELSAD":"Seatonville village","ALAND":1493891,"AWATER":38138}},
{"type":"Feature","geometry":{"type":"Polygon","coordinates":[[[-90.45084,41.2058],[-90.44813,41.19887],[-90.43675,41.19867],[-90.43658,41.20611],[-90.45084,41.2058]]]},"properties":{"GEOID":"1782309","NAME":"Windsor","NAMELSAD":"Windsor village","ALAND":1135265,"AWATER":0}},
{"type":"Feature","geometry":{"type":"Polygon","coordinates":[[[-91.00791,40.15039],[-91.00318,40.14301],[-90.9984,40.15022],[-91.00791,40.15039]]]},"properties":{"GEOID":"1742080","NAME":"La Prairie","NAMELSAD":"La Prairie village","ALAND":499358,"AWATER":0}},
{"type":"Feature","geometry":{"type":"Polygon","coordinates":[[[-90.00547,39.43434],[-90.00535,39.42714],[-89.9867,39.42727],[-89.98655,39.44173],[-90.00518,39.44173],[-90.00547,39.43434]]]},"properties":{"GEOID":"1757329","NAME":"Palmyra","NAMELSAD":"Palmyra village","ALAND":2587257,"AWATER":0}},
{"type":"Feature","geometry":{"type":"Polygon","coordinates":[[[-89.70726,37.8435],[-89.69997,37.84132],[-89.69957,37.84495],[-89.69523,37.85034],[-89.69847,37.85071],[-89.70168,37.84195],[-89.70726,37.8435]]]},"properties":{"GEOID":"1765221","NAME":"Rockwood","NAMELSAD":"Rockwood village","ALAND":548253,"AWATER":0}},
{"type":"Feature","geometry":{"type":"Polygon","coordinates":[[[-88.49551,37.3631],[-88.49037,37.35484],[-88.4829,37.35345],[-88.48098,37.3679],[-88.48834,37.37091],[-88.49551,37.3631]]]},"properties":{"GEOID":"1730133","NAME":"Golconda","NAMELSAD":"Golconda city","ALAND":1320218,"AWATER":86315}},
{"type":"Feature","geometry":{"type":"Polygon","coordinates":[[[-88.11756,40.67224],[-88.12115,40.66827],[-88.10924,40.66873],[-88.11296,40.67684],[-88.11756,40.67224]]]},"properties":{"GEOID":"1774847","NAME":"Thawville","NAMELSAD":"Thawville village","ALAND":794972,"AWATER":0}},
{"type":"Feature","geometry":{"type":"Polygon","coordinates":[[[-88.98639,37.92149],[-88.9841,37.91027],[-88.97011,37.91041],[-88.97026,37.9182],[-88.98639,37.92149]]]},"properties":{"GEOID":"1756536","NAME":"Orient","NAMELSAD":"Orient city","ALAND":1928590,"AWATER":17872}},
{"type":"Feature","geometry":{"type":"Polygon","coordinates":[[[-87.8105,41.69466],[-87.81039,41.69399],[-87.80942,41.68432],[-87.80902,41.68029],[-87.77816,41.67408],[-87.77824,41.67686],[-87.77838,41.67951],[-87.77317,41.68305],[-87.77344,41.69035],[-87.77911,41.69768],[-87.79786,41.69993],[-87.8105,41.69466]]]},"properties":{"GEOID":"1783518","NAME":"Worth","NAMELSAD":"Worth village","ALAND":6134934,"AWATER":33039}},
{"type":"Feature","geometry":{"type":"Polygon","coordinates":[[[-89.49365,40.02752],[-89.49354,40.01299],[-89.48411,40.01627],[-89.48407,40.00576],[-89.46103,40.00566],[-89.44687,40.00185],[-89.44673,40.00768],[-89.46108,40.00784],[-89.47057,40.01299],[-89.48417,40.02751],[-89.49365,40.02752]]]},"properties":{"GEOID":"1723269","NAME":"Elkhart","NAMELSAD":"Elkhart village","ALAND":4852737,"AWATER":24443}},
{"type":"Feature","geometry":{"type":"Polygon","coordinates":[[[-89.92129,41.52546],[-89.92099,41.51823],[-89.90665,41.51822],[-89.90693,41.52547],[-89.92129,41.52546]]]},"properties":{"GEOID":"1736074","NAME":"Hooppole","NAMELSAD":"Hooppole village","ALAND":963179,"AWATER":0}},
{"type":"Feature","geometry":{"type":"Polygon","coordinates":[[[-88.81228,39.72593],[-88.81189,39.71087],[-88.80436,39.71559],[-88.8047,39.72602],[-88.81228,39.72593]]]},"properties":{"GEOID":"1718446","NAME":"Dalton City","NAMELSAD":"Dalton City village","ALAND":1382467,"AWATER":0}},
{"type":"Feature","geometry":{"type":"Polygon","coordinates":[[[-89.00711,37.86575],[-88.9953,37.85446],[-88.99249,37.86582],[-89.00711,37.86575]]]},"properties":{"GEOID":"1727858","NAME":"Freeman Spur","NAMELSAD":"Freeman Spur village","ALAND":1034574,"AWATER":6599}},
{"type":"Feature","geometry":{"type":"Polygon","coordinates":[[[-89.20124,38.28763],[-89.20133,38.27237],[-89.18312,38.27212],[-89.18271,38.28698],[-89.20124,38.28763]]]},"properties":{"GEOID":"1762523","NAME":"Radom","NAMELSAD":"Radom village","ALAND":2715183,"AWATER":0}},
{"type":"Feature","geometry":{"type":"Polygon","coordinates":[[[-88.413,38.44991],[-88.41352,38.43535],[-88.39486,38.43515],[-88.39451,38.44967],[-88.413,38.44991]]]},"properties":{"GEOID":"1738323","NAME":"Jeffersonville","NAMELSAD":"Jeffersonville village","ALAND":2622084,"AWATER":0}},
{"type":"Feature","geometry":{"type":"Polygon","coordinates":[[[-88.64998,40.12714],[-88.64991,40.11865],[-88.64052,40.12227],[-88.64998,40.12714]]]},"properties":{"GEOID":"1719200","NAME":"De Land","NAMELSAD":"De Land village","ALAND":1099214,"AWATER":0}},
{"type":"Feature","geometry":{"type":"Polygon","coordinates":[[[-88.47617,37.94322],[-88.47605,37.92526],[-88.44902,37.92619],[-88.44849,37.94377],[-88.47617,37.94322]]]},"properties":{"GEOID":"1708875","NAME":"Broughton","NAMELSAD":"Broughton village","ALAND":4894355,"AWATER":11402}},
{"type":"Feature","geometry":{"type":"Polygon","coordinates":[[[-89.26653,37.75363],[-89.25972,37.72836],[-89.26713,37.72558],[-89.2674,37.71608],[-89.27642,37.71645],[-89.27717,37.70907],[-89.26782,37.70385],[-89.25638,37.70118],[-89.25682,37.68649],[-89.24686,37.68004],[-89.23271,37.67999],[-89.22846,37.6915],[-89.21695,37.69399],[-89.20898,37.70922],[-89.19487,37.71265],[-89.18548,37.7074],[-89.1776,37.70846],[-89.17952,37.72295],[-89.16158,37.72299],[-89.16147,37.72944],[-89.15193,37.74861],[-89.17044,37.74522],[-89.16616,37.73384],[-89.18034,37.72678],[-89.18221,37.7347],[-89.17996,37.74518],[-89.1987,37.74785],[-89.21795,37.74587],[-89.21883,37.75287],[-89.20809,37.75301],[-89.20797,37.76041],[-89.22711,37.75953],[-89.23137,37.75277],[-89.2275,37.74583],[-89.24606,37.7477],[-89.24554,37.76758],[-89.25521,37.75646],[-89.26653,37.75363]],[[-89.20359,37.74257],[-89.19411,37.74541],[-89.19432,37.73492],[-89.20273,37.73237],[-89.20359,37.74257]],[[-89.26653,37.75363],[-89.23682,37.7436],[-89.23805,37.73051],[-89.24615,37.73383],[-89.24603,37.74158],[-89.25526,37.74169],[-89.26653,37.75363]]]},"properties":{"GEOID":"1711163","NAME":"Carbondale","NAMELSAD":"Carbondale city","ALAND":45272462,"AWATER":1125971}},
{"type":"Feature","geometry":{"type":"Polygon","coordinates":[[[-90.7048,40.45234],[-90.70103,40.44059],[-90.6807,40.44614],[-90.67613,40.43501],[-90.66599,40.43551],[-90.6659,40.44167],[-90.64686,40.44042],[-90.64946,40.45035],[-90.64679,40.45492],[-90.62847,40.45489],[-90.63169,40.46955],[-90.65524,40.46966],[-90.65854,40.48033],[-90.6534,40.49177],[-90.68475,40.49042],[-90.68982,40.48534],[-90.70435,40.48551],[-90.70911,40.48196],[-90.70918,40.50063],[-90.71049,40.50716],[-90.71882,40.51121],[-90.75237,40.51143],[-90.75365,40.50592],[-90.73707,40.50651],[-90.73394,40.50042],[-90.70958,40.50026],[-90.70949,40.48165],[-90.69474,40.48159],[-90.69682,40.46208],[-90.7048,40.45234]]]},"properties":{"GEOID":"1745889","NAME":"Macomb","NAMELSAD":"Macomb city","ALAND":28072769,"AWATER":1145767}},
{"type":"Feature","geometry":{"type":"Polygon","coordinates":[[[-89.66597,38.82116],[-89.67522,38.81425],[-89.69789,38.79002],[-89.70524,38.78596],[-89.70377,38.77478],[-89.70774,38.76412],[-89.70403,38.7459],[-89.69923,38.73528],[-89.69081,38.73786],[-89.68056,38.73359],[-89.67573,38.71902],[-89.66457,38.72185],[-89.66206,38.72835],[-89.6516,38.73],[-89.65324,38.75226],[-89.65523,38.75165],[-89.65786,38.75618],[-89.66059,38.75756],[-89.65823,38.77177],[-89.68635,38.77154],[-89.69341,38.77405],[-89.69217,38.78822],[-89.67804,38.80016],[-89.67581,38.80922],[-89.6656,38.82041],[-89.66597,38.82116]],[[-89.70003,38.75702],[-89.70012,38.76314],[-89.68616,38.76787],[-89.67222,38.76799],[-89.67663,38.75706],[-89.68817,38.7621],[-89.70003,38.75702]],[[-89.67293,38.74906],[-89.67061,38.75285],[-89.66357,38.75359],[-89.66263,38.75706],[-89.65862,38.7562],[-89.65355,38.74632],[-89.67293,38.74906]]]},"properties":{"GEOID":"1734670","NAME":"Highland","NAMELSAD":"Highland city","ALAND":18537325,"AWATER":2666812}},
{"type":"Feature","geometry":{"type":"Polygon","coordinates":[[[-88.04528,39.65619],[-88.04028,39.65343],[-88.01917,39.65255],[-88.01944,39.66253],[-88.03565,39.66256],[-88.03651,39.65627],[-88.04528,39.65619]]]},"properties":{"GEOID":"1754781","NAME":"Oakland","NAMELSAD":"Oakland city","ALAND":2026671,"AWATER":94103}},
{"type":"Feature","geometry":{"type":"Polygon","coordinates":[[[-87.80867,42.21547],[-87.81787,42.21064],[-87.81797,42.19617],[-87.80835,42.19609],[-87.80716,42.21057],[-87.80867,42.21547]]]},"properties":{"GEOID":"1734865","NAME":"Highwood","NAMELSAD":"Highwood city","ALAND":1864557,"AWATER":0}},
{"type":"Feature","geometry":{"type":"Polygon","coordinates":[[[-88.5891,37.50429],[-88.58606,37.4971],[-88.57989,37.49707],[-88.58089,37.50443],[-88.5891,37.50429]]]},"properties":{"GEOID":"1722398","NAME":"Eddyville","NAMELSAD":"Eddyville village","ALAND":727892,"AWATER":2015}},
{"type":"Feature","geometry":{"type":"Polygon","coordinates":[[[-90.64425,40.0302],[-90.64192,40.02073],[-90.6334,40.01986],[-90.633,40.02847],[-90.64425,40.0302]]]},"properties":{"GEOID":"1764174","NAME":"Ripley","NAMELSAD":"Ripley village","ALAND":980748,"AWATER":0}},
{"type":"Feature","geometry":{"type":"Polygon","coordinates":[[[-89.10348,37.16677],[-89.08722,37.16461],[-89.06275,37.18523],[-89.06391,37.19613],[-89.1006,37.19605],[-89.10003,37.17173],[-89.10348,37.16677]]]},"properties":{"GEOID":"1755899","NAME":"Olmsted","NAMELSAD":"Olmsted village","ALAND":8714514,"AWATER":338372}},
{"type":"Feature","geometry":{"type":"Polygon","coordinates":[[[-91.18347,40.47628],[-91.1838,40.46126],[-91.1535,40.46107],[-91.15367,40.47595],[-91.15863,40.47978],[-91.17813,40.47991],[-91.18347,40.47628]]]},"properties":{"GEOID":"1725895","NAME":"Ferris","NAMELSAD":"Ferris village","ALAND":5094244,"AWATER":0}},
{"type":"Feature","geometry":{"type":"Polygon","coordinates":[[[-87.94753,39.91969],[-87.93806,39.91609],[-87.93801,39.91025],[-87.92863,39.90881],[-87.92803,39.9234],[-87.93812,39.92336],[-87.94753,39.91969]]]},"properties":{"GEOID":"1700880","NAME":"Allerton","NAMELSAD":"Allerton village","ALAND":1758504,"AWATER":0}},
{"type":"Feature","geometry":{"type":"Polygon","coordinates":[[[-90.44814,40.66563],[-90.43509,40.65582],[-90.42662,40.66535],[-90.44814,40.66563]]]},"properties":{"GEOID":"1703207","NAME":"Avon","NAMELSAD":"Avon village","ALAND":1150320,"AWATER":0}},
{"type":"Feature","geometry":{"type":"Polygon","coordinates":[[[-87.76867,38.71631],[-87.76874,38.7016],[-87.75002,38.70173],[-87.74991,38.71659],[-87.76867,38.71631]]]},"properties":{"GEOID":"1708186","NAME":"Bridgeport","NAMELSAD":"Bridgeport city","ALAND":2776822,"AWATER":65854}},
{"type":"Feature","geometry":{"type":"Polygon","coordinates":[[[-89.231,41.03995],[-89.22476,41.03558],[-89.22468,41.02841],[-89.21981,41.02853],[-89.22019,41.03961],[-89.231,41.03995]]]},"properties":{"GEOID":"1777395","NAME":"Varna","NAMELSAD":"Varna village","ALAND":768557,"AWATER":0}},
{"type":"Feature","geometry":{"type":"Polygon","coordinates":[[[-89.68351,39.9386],[-89.68337,39.93156],[-89.674,39.93166],[-89.67418,39.93897],[-89.68351,39.9386]]]},"properties":{"GEOID":"1711033","NAME":"Cantrall","NAMELSAD":"Cantrall village","ALAND":647975,"AWATER":0}},
{"type":"Feature","geometry":{"type":"Polygon","coordinates":[[[-87.90189,40.47192],[-87.90145,40.45747],[-87.8906,40.45754],[-87.89222,40.47214],[-87.90189,40.47192]]]},"properties":{"GEOID":"1762744","NAME":"Rankin","NAMELSAD":"Rankin village","ALAND":1499432,"AWATER":0}},
{"type":"Feature","geometry":{"type":"Polygon","coordinates":[[[-88.98605,41.19187],[-88.98504,41.18755],[-88.98063,41.1896],[-88.98605,41.19187]]]},"properties":{"GEOID":"1742912","NAME":"Leonore","NAMELSAD":"Leonore village","ALAND":230055,"AWATER":0}},
{"type":"Feature","geometry":{"type":"Polygon","coordinates":[[[-89.45671,39.5899],[-89.44241,39.58632],[-89.44215,39.59104],[-89.45671,39.5899]]]},"properties":{"GEOID":"1775809","NAME":"Tovey","NAMELSAD":"Tovey village","ALAND":577439,"AWATER":0}},
{"type":"Feature","geometry":{"type":"Polygon","coordinates":[[[-89.62426,39.0705],[-89.62298,39.06541],[-89.61425,39.06524],[-89.61422,39.07254],[-89.62426,39.0705]]]},"properties":{"GEOID":"1778656","NAME":"Walshville","NAMELSAD":"Walshville village","ALAND":658750,"AWATER":0}},
{"type":"Feature","geometry":{"type":"Polygon","coordinates":[[[-87.83653,40.04722],[-87.83421,40.0412],[-87.82666,40.04132],[-87.82817,40.04928],[-87.83653,40.04722]]]},"properties":{"GEOID":"1724985","NAME":"Fairmount","NAMELSAD":"Fairmount village","ALAND":822196,"AWATER":0}},
{"type":"Feature","geometry":{"type":"Polygon","coordinates":[[[-90.83068,40.69698],[-90.82765,40.69409],[-90.8208,40.69484],[-90.82212,40.69702],[-90.83068,40.69698]]]},"properties":{"GEOID":"1762848","NAME":"Raritan","NAMELSAD":"Raritan village","ALAND":246170,"AWATER":0}},
{"type":"Feature","geometry":{"type":"Polygon","coordinates":[[[-90.22978,41.78505],[-90.2346,41.77987],[-90.20743,41.77967],[-90.20518,41.7941],[-90.21197,41.79438],[-90.22978,41.78505]]]},"properties":{"GEOID":"1700516","NAME":"Albany","NAMELSAD":"Albany village","ALAND":2774136,"AWATER":0}},
{"type":"Feature","geometry":{"type":"Polygon","coordinates":[[[-88.15556,39.16009],[-88.15528,39.15272],[-88.14261,39.15161],[-88.14294,39.159],[-88.15556,39.16009]]]},"properties":{"GEOID":"1734553","NAME":"Hidalgo","NAMELSAD":"Hidalgo village","ALAND":889785,"AWATER":0}},
{"type":"Feature","geometry":{"type":"Polygon","coordinates":[[[-91.00114,39.62279],[-91.00119,39.61547],[-90.98249,39.61537],[-90.98227,39.63005],[-91.00093,39.63012],[-91.00114,39.62279]]]},"properties":{"GEOID":"1722957","NAME":"El Dara","NAMELSAD":"El Dara village","ALAND":2619560,"AWATER":0}},
{"type":"Feature","geometry":{"type":"Polygon","coordinates":[[[-89.13575,41.27237],[-89.13562,41.25768],[-89.1164,41.25788],[-89.11638,41.27281],[-89.13575,41.27237]]]},"properties":{"GEOID":"1711982","NAME":"Cedar Point","NAMELSAD":"Cedar Point village","ALAND":2644299,"AWATER":0}},
{"type":"Feature","geometry":{"type":"Polygon","coordinates":[[[-88.29262,39.41795],[-88.28413,39.41601],[-88.28317,39.41892],[-88.29262,39.41795]]]},"properties":{"GEOID":"1742938","NAME":"Lerna","NAMELSAD":"Lerna village","ALAND":297797,"AWATER":0}},
{"type":"Feature","geometry":{"type":"Polygon","coordinates":[[[-89.53273,42.38886],[-89.52009,42.38586],[-89.5202,42.39086],[-89.53273,42.38886]]]},"properties":{"GEOID":"1718342","NAME":"Dakota","NAMELSAD":"Dakota village","ALAND":643739,"AWATER":0}},
{"type":"Feature","geometry":{"type":"Polygon","coordinates":[[[-90.72348,39.23918],[-90.72119,39.23018],[-90.7085,39.22608],[-90.7085,39.23909],[-90.72348,39.23918]]]},"properties":{"GEOID":"1732395","NAME":"Hamburg","NAMELSAD":"Hamburg village","ALAND":1352103,"AWATER":346806}},
{"type":"Feature","geometry":{"type":"Polygon","coordinates":[[[-89.44669,40.0708],[-89.44684,40.0635],[-89.43784,40.06609],[-89.44669,40.0708]]]},"properties":{"GEOID":"1708472","NAME":"Broadwell","NAMELSAD":"Broadwell village","ALAND":465387,"AWATER":0}},
{"type":"Feature","geometry":{"type":"Polygon","coordinates":[[[-87.94927,39.56172],[-87.94882,39.54708],[-87.92981,39.54725],[-87.93028,39.5618],[-87.94927,39.56172]]]},"properties":{"GEOID":"1738986","NAME":"Kansas","NAMELSAD":"Kansas village","ALAND":2646379,"AWATER":0}},
{"type":"Feature","geometry":{"type":"Polygon","coordinates":[[[-88.42935,39.79672],[-88.42463,39.79541],[-88.42466,39.79928],[-88.42935,39.79672]]]},"properties":{"GEOID":"1728742","NAME":"Garrett","NAMELSAD":"Garrett village","ALAND":278689,"AWATER":0}},
{"type":"Feature","geometry":{"type":"Polygon","coordinates":[[[-90.39686,41.25626],[-90.39734,41.24534],[-90.38269,41.2463],[-90.37561,41.25228],[-90.36812,41.25218],[-90.36797,41.26312],[-90.37679,41.26318],[-90.38172,41.25689],[-90.39686,41.25626]]]},"properties":{"GEOID":"1756211","NAME":"Ophiem","NAMELSAD":"Ophiem CDP","ALAND":3061894,"AWATER":0}},
{"type":"Feature","geometry":{"type":"Polygon","coordinates":[[[-88.62296,42.19437],[-88.63703,42.19489],[-88.63714,42.19222],[-88.62776,42.19132],[-88.62296,42.19437]]]},"properties":{"GEOID":"1764094","NAME":"Riley","NAMELSAD":"Riley CDP","ALAND":458819,"AWATER":0}},
{"type":"Feature","geometry":{"type":"Polygon","coordinates":[[[-89.87321,38.49713],[-89.87309,38.48631],[-89.86355,38.48902],[-89.86405,38.49703],[-89.87321,38.49713]]]},"properties":{"GEOID":"1763355","NAME":"Rentchler","NAMELSAD":"Rentchler CDP","ALAND":805867,"AWATER":0}},
{"type":"Feature","geometry":{"type":"Polygon","coordinates":[[[-87.88449,41.37612],[-87.88255,41.36734],[-87.87771,41.3674],[-87.88449,41.37612]]]},"properties":{"GEOID":"1701517","NAME":"Andres","NAMELSAD":"Andres CDP","ALAND":308595,"AWATER":0}},
{"type":"Feature","geometry":{"type":"Polygon","coordinates":[[[-88.28777,42.44747],[-88.28777,42.44698],[-88.27304,42.44033],[-88.26949,42.44375],[-88.28777,42.44747]]]},"properties":{"GEOID":"1770356","NAME":"Solon Mills","NAMELSAD":"Solon Mills CDP","ALAND":504726,"AWATER":0}},
{"type":"Feature","geometry":{"type":"Polygon","coordinates":[[[-90.19442,41.17442],[-90.19448,41.16908],[-90.18887,41.16909],[-90.18731,41.17458],[-90.19442,41.17442]]]},"properties":{"GEOID":"1751934","NAME":"Nekoma","NAMELSAD":"Nekoma CDP","ALAND":338082,"AWATER":0}},
{"type":"Feature","geometry":{"type":"Polygon","coordinates":[[[-89.81927,40.65891],[-89.81517,40.65328],[-89.78544,40.65342],[-89.78548,40.66073],[-89.80367,40.66771],[-89.81512,40.66392],[-89.81927,40.65891]]]},"properties":{"GEOID":"1770278","NAME":"Smithville","NAMELSAD":"Smithville CDP","ALAND":3277619,"AWATER":0}},
{"type":"Feature","geometry":{"type":"Polygon","coordinates":[[[-90.25292,41.5478],[-90.25225,41.53519],[-90.24043,41.53859],[-90.21995,41.53767],[-90.20345,41.53978],[-90.20547,41.58204],[-90.20673,41.58339],[-90.25292,41.5478]]]},"properties":{"GEOID":"1738726","NAME":"Joslin","NAMELSAD":"Joslin CDP","ALAND":12027945,"AWATER":710607}},
{"type":"Feature","geometry":{"type":"Polygon","coordinates":[[[-89.31839,40.87616],[-89.32066,40.87247],[-89.30827,40.86912],[-89.31023,40.87636],[-89.31839,40.87616]]]},"properties":{"GEOID":"1745109","NAME":"Lowpoint","NAMELSAD":"Lowpoint CDP","ALAND":587651,"AWATER":0}},
{"type":"Feature","geometry":{"type":"Polygon","coordinates":[[[-91.20549,40.025],[-91.20474,40.0203],[-91.19496,40.01916],[-91.19492,40.02334],[-91.20549,40.025]]]},"properties":{"GEOID":"1757342","NAME":"Paloma","NAMELSAD":"Paloma CDP","ALAND":754584,"AWATER":0}},
{"type":"Feature","geometry":{"type":"Polygon","coordinates":[[[-88.56782,42.21896],[-88.56755,42.21579],[-88.56447,42.217],[-88.56782,42.21896]]]},"properties":{"GEOID":"1716301","NAME":"Coral","NAMELSAD":"Coral CDP","ALAND":97727,"AWATER":0}},
{"type":"Feature","geometry":{"type":"Polygon","coordinates":[[[-91.37139,40.12002],[-91.37135,40.11793],[-91.36698,40.11792],[-91.36601,40.11997],[-91.37139,40.12002]]]},"properties":{"GEOID":"1746734","NAME":"Marcelline","NAMELSAD":"Marcelline CDP","ALAND":128760,"AWATER":0}},
{"type":"Feature","geometry":{"type":"Polygon","coordinates":[[[-88.43115,40.10736],[-88.43098,40.1049],[-88.42492,40.10509],[-88.42652,40.10784],[-88.43115,40.10736]]]},"properties":{"GEOID":"1768809","NAME":"Seymour","NAMELSAD":"Seymour CDP","ALAND":240858,"AWATER":0}},
{"type":"Feature","geometry":{"type":"Polygon","coordinates":[[[-87.85051,41.53898],[-87.85048,41.53842],[-87.84791,41.53215],[-87.84057,41.53225],[-87.85051,41.53898]]]},"properties":{"GEOID":"1701803","NAME":"Arbury Hills","NAMELSAD":"Arbury Hills CDP","ALAND":464338,"AWATER":0}},
{"type":"Feature","geometry":{"type":"Polygon","coordinates":[[[-88.85959,40.12227],[-88.85253,40.1193],[-88.8531,40.12594],[-88.85959,40.12227]]]},"properties":{"GEOID":"1741950","NAME":"Lane","NAMELSAD":"Lane CDP","ALAND":319197,"AWATER":0}},
{"type":"Feature","geometry":{"type":"Polygon","coordinates":[[[-88.51808,42.15376],[-88.52212,42.16385],[-88.53545,42.16503],[-88.53533,42.15363],[-88.51808,42.15376]]]},"properties":{"GEOID":"1733019","NAME":"Harmony","NAMELSAD":"Harmony CDP","ALAND":1373756,"AWATER":0}},
{"type":"Feature","geometry":{"type":"Polygon","coordinates":[[[-87.91632,38.38657],[-87.91637,38.37919],[-87.90511,38.37913],[-87.90496,38.38707],[-87.91632,38.38657]]]},"properties":{"GEOID":"1704936","NAME":"Bellmont","NAMELSAD":"Bellmont village","ALAND":842100,"AWATER":0}},
{"type":"Feature","geometry":{"type":"Polygon","coordinates":[[[-87.87291,38.35571],[-87.87295,38.34835],[-87.8637,38.34996],[-87.86372,38.3555],[-87.87291,38.35571]]]},"properties":{"GEOID":"1739259","NAME":"Keensburg","NAMELSAD":"Keensburg village","ALAND":673612,"AWATER":0}},
{"type":"Feature","geometry":{"type":"Polygon","coordinates":[[[-89.49097,37.7042],[-89.4734,37.71597],[-89.4731,37.7252],[-89.49065,37.72536],[-89.49097,37.7042]]]},"properties":{"GEOID":"1730588","NAME":"Gorham","NAMELSAD":"Gorham village","ALAND":3158168,"AWATER":28945}},
{"type":"Feature","geometry":{"type":"MultiPolygon","coordinates":[[[[-87.77696,41.45586],[-87.78718,41.46004],[-87.78692,41.44124],[-87.76718,41.44413],[-87.7673,41.4524],[-87.77696,41.45586]]],[[[-87.821,41.52891],[-87.82046,41.52687],[-87.81803,41.52895],[-87.821,41.52891]]],[[[-87.88772,41.50339],[-87.88826,41.49866],[-87.88335,41.49831],[-87.88288,41.4841],[-87.87429,41.48316],[-87.86837,41.48794],[-87.8604,41.48453],[-87.84835,41.48454],[-87.84839,41.46996],[-87.83583,41.46995],[-87.83202,41.45528],[-87.82594,41.45536],[-87.82611,41.46625],[-87.80817,41.46991],[-87.79997,41.47716],[-87.79688,41.46296],[-87.78722,41.46301],[-87.79016,41.47895],[-87.78073,41.47799],[-87.78074,41.48437],[-87.79015,41.4845],[-87.79019,41.49171],[-87.79031,41.49214],[-87.79032,41.50643],[-87.80487,41.50875],[-87.81933,41.5078],[-87.81932,41.51357],[-87.8203,41.51356],[-87.82479,41.5252],[-87.82562,41.52884],[-87.84353,41.52847],[-87.84692,41.52844],[-87.85244,41.52469],[-87.85217,41.51562],[-87.86563,41.51729],[-87.87642,41.50973],[-87.87862,41.50293],[-87.88772,41.50339]],[[-87.81924,41.49919],[-87.8187,41.5072],[-87.80481,41.50625],[-87.79996,41.49914],[-87.81924,41.49919]]],[[[-87.88288,41.4841],[-87.88783,41.49052],[-87.90717,41.49099],[-87.90692,41.48391],[-87.90658,41.46959],[-87.89467,41.4697],[-87.88895,41.46205],[-87.88044,41.47453],[-87.88288,41.4841]]]]},"properties":{"GEOID":"1727624","NAME":"Frankfort","NAMELSAD":"Frankfort village","ALAND":40443876,"AWATER":0}},
{"type":"Feature","geometry":{"type":"Polygon","coordinates":[[[-88.05602,41.32945],[-88.0552,41.32115],[-88.05039,41.3222],[-88.05147,41.32958],[-88.05602,41.32945]]]},"properties":{"GEOID":"1774275","NAME":"Symerton","NAMELSAD":"Symerton village","ALAND":405641,"AWATER":0}},
{"type":"Feature","geometry":{"type":"Polygon","coordinates":[[[-88.59008,41.54431],[-88.58987,41.52967],[-88.57038,41.52882],[-88.57074,41.54458],[-88.59008,41.54431]]]},"properties":{"GEOID":"1752103","NAME":"Newark","NAMELSAD":"Newark village","ALAND":2888164,"AWATER":328}},
{"type":"Feature","geometry":{"type":"Polygon","coordinates":[[[-88.07502,38.16186],[-88.07001,38.15625],[-88.05942,38.15786],[-88.05932,38.16858],[-88.06848,38.16877],[-88.07502,38.16186]]]},"properties":{"GEOID":"1717783","NAME":"Crossville","NAMELSAD":"Crossville village","ALAND":1658827,"AWATER":0}},
{"type":"Feature","geometry":{"type":"Polygon","coordinates":[[[-88.04982,38.03818],[-88.04971,38.03456],[-88.04257,38.03105],[-88.04247,38.03906],[-88.04982,38.03818]]]},"properties":{"GEOID":"1747592","NAME":"Maunie","NAMELSAD":"Maunie village","ALAND":410997,"AWATER":23347}},
{"type":"Feature","geometry":{"type":"Polygon","coordinates":[[[-88.02317,38.14648],[-88.02308,38.13939],[-88.01314,38.13925],[-88.01304,38.14643],[-88.02317,38.14648]]]},"properties":{"GEOID":"1759520","NAME":"Phillipstown","NAMELSAD":"Phillipstown village","ALAND":700407,"AWATER":0}},
{"type":"Feature","geometry":{"type":"Polygon","coordinates":[[[-88.5034,39.46207],[-88.50332,39.45464],[-88.48926,39.45464],[-88.48944,39.46195],[-88.5034,39.46207]]]},"properties":{"GEOID":"1728807","NAME":"Gays","NAMELSAD":"Gays village","ALAND":999681,"AWATER":0}},
{"type":"Feature","geometry":{"type":"Polygon","coordinates":[[[-88.00294,42.37516],[-88.00219,42.37463],[-87.9979,42.36638],[-87.99974,42.36246],[-87.97341,42.36402],[-87.96502,42.36398],[-87.96364,42.35124],[-87.96364,42.34942],[-87.96363,42.34807],[-87.96363,42.34716],[-87.96363,42.34512],[-87.96362,42.34107],[-87.97346,42.34039],[-87.96363,42.32763],[-87.95372,42.33097],[-87.94609,42.34209],[-87.93499,42.3456],[-87.93142,42.35651],[-87.92428,42.35629],[-87.92065,42.34586],[-87.90645,42.34725],[-87.90725,42.3564],[-87.90218,42.35634],[-87.90096,42.35632],[-87.88495,42.36325],[-87.88426,42.36722],[-87.88476,42.36941],[-87.88483,42.37534],[-87.88393,42.37676],[-87.88477,42.38156],[-87.88471,42.39042],[-87.90437,42.39269],[-87.91424,42.38771],[-87.93131,42.39291],[-87.93491,42.40383],[-87.94462,42.40207],[-87.94951,42.39353],[-87.96619,42.39171],[-87.96821,42.38557],[-87.98366,42.38749],[-87.99791,42.38594],[-88.00294,42.37516]],[[-87.95314,42.353],[-87.95252,42.36245],[-87.93844,42.36383],[-87.94269,42.35269],[-87.95314,42.353]]]},"properties":{"GEOID":"1732018","NAME":"Gurnee","NAMELSAD":"Gurnee village","ALAND":35002056,"AWATER":195676}},
{"type":"Feature","geometry":{"type":"Polygon","coordinates":[[[-88.20816,42.25608],[-88.20833,42.23879],[-88.19878,42.23701],[-88.18687,42.23884],[-88.1768,42.23297],[-88.17759,42.22731],[-88.17424,42.23801],[-88.18395,42.23874],[-88.1856,42.25098],[-88.19347,42.25608],[-88.20322,42.25606],[-88.20816,42.25608]]]},"properties":{"GEOID":"1761216","NAME":"Port Barrington","NAMELSAD":"Port Barrington village","ALAND":3005916,"AWATER":414376}},
{"type":"Feature","geometry":{"type":"Polygon","coordinates":[[[-87.96363,42.32763],[-87.95395,42.3168],[-87.93719,42.31474],[-87.92951,42.30922],[-87.93315,42.31466],[-87.9319,42.31647],[-87.92462,42.32374],[-87.90722,42.32368],[-87.90489,42.32005],[-87.88054,42.31946],[-87.88514,42.34152],[-87.86557,42.34142],[-87.86539,42.33418],[-87.84615,42.33409],[-87.84608,42.34132],[-87.82691,42.34123],[-87.82583,42.35549],[-87.8168,42.36159],[-87.81501,42.36936],[-87.80581,42.38366],[-87.80329,42.39188],[-87.82241,42.39192],[-87.82187,42.39912],[-87.82845,42.39916],[-87.83056,42.40278],[-87.84525,42.40642],[-87.85363,42.41199],[-87.86347,42.42831],[-87.87382,42.4285],[-87.87602,42.42068],[-87.87964,42.41393],[-87.86983,42.41011],[-87.87273,42.39914],[-87.87952,42.39759],[-87.87964,42.3975],[-87.89445,42.39973],[-87.89427,42.41067],[-87.88437,42.41754],[-87.88429,42.42123],[-87.90397,42.42141],[-87.90402,42.41411],[-87.92827,42.41435],[-87.9237,42.4039],[-87.91424,42.38771],[-87.90437,42.39269],[-87.88471,42.39042],[-87.875,42.38932],[-87.8752,42.37858],[-87.88477,42.38156],[-87.88393,42.37676],[-87.88483,42.37534],[-87.88476,42.36941],[-87.88426,42.36722],[-87.88495,42.36325],[-87.88014,42.35955],[-87.87785,42.34513],[-87.88825,42.34159],[-87.89645,42.34801],[-87.90358,42.34769],[-87.90517,42.34729],[-87.90608,42.34722],[-87.90645,42.34725],[-87.92065,42.34586],[-87.9293,42.33832],[-87.94009,42.33656],[-87.94417,42.32752],[-87.95372,42.33097],[-87.96363,42.32763]]]},"properties":{"GEOID":"1779293","NAME":"Waukegan","NAMELSAD":"Waukegan city","ALAND":62836391,"AWATER":660652}},
{"type":"Feature","geometry":{"type":"Polygon","coordinates":[[[-88.00608,39.46247],[-88.00464,39.44809],[-87.98704,39.44832],[-87.9876,39.46307],[-88.00608,39.46247]]]},"properties":{"GEOID":"1780281","NAME":"Westfield","NAMELSAD":"Westfield village","ALAND":2533781,"AWATER":0}},
{"type":"Feature","geometry":{"type":"Polygon","coordinates":[[[-88.41661,42.3128],[-88.41869,42.30554],[-88.42846,42.30735],[-88.43338,42.31824],[-88.42812,42.32754],[-88.41378,42.33293],[-88.41373,42.35416],[-88.42363,42.35406],[-88.42851,42.3473],[-88.43827,42.34907],[-88.44139,42.34188],[-88.4529,42.33999],[-88.45287,42.33096],[-88.46257,42.33097],[-88.46257,42.34437],[-88.47149,42.34399],[-88.4723,42.33534],[-88.46345,42.32885],[-88.47301,42.32362],[-88.47279,42.31284],[-88.48692,42.3092],[-88.48563,42.30193],[-88.47764,42.29875],[-88.46734,42.3026],[-88.45266,42.30087],[-88.45121,42.26947],[-88.4285,42.26952],[-88.43304,42.27662],[-88.44287,42.27666],[-88.44297,42.28393],[-88.43316,42.28778],[-88.42826,42.28022],[-88.41849,42.28027],[-88.41843,42.27309],[-88.39892,42.27317],[-88.38694,42.2751],[-88.38923,42.28207],[-88.38928,42.29847],[-88.38477,42.30377],[-88.38929,42.30583],[-88.39618,42.30746],[-88.39905,42.30729],[-88.40401,42.31135],[-88.41661,42.3128]]]},"properties":{"GEOID":"1783349","NAME":"Woodstock","NAMELSAD":"Woodstock city","ALAND":34238784,"AWATER":0}},
{"type":"Feature","geometry":{"type":"Polygon","coordinates":[[[-89.65245,40.77622],[-89.66862,40.77638],[-89.66954,40.79104],[-89.66121,40.79098],[-89.66454,40.80444],[-89.67898,40.80957],[-89.67911,40.79466],[-89.68883,40.79477],[-89.68961,40.80196],[-89.69823,40.80199],[-89.69872,40.79152],[-89.67912,40.79105],[-89.67914,40.78353],[-89.69773,40.78392],[-89.69887,40.76953],[-89.68927,40.76953],[-89.68314,40.7588],[-89.67477,40.75444],[-89.67258,40.74166],[-89.65518,40.73945],[-89.64933,40.74851],[-89.66047,40.75433],[-89.64593,40.75609],[-89.64131,40.74714],[-89.65022,40.74706],[-89.65455,40.73795],[-89.65141,40.71796],[-89.64175,40.71807],[-89.64188,40.70713],[-89.63746,40.71078],[-89.62541,40.70966],[-89.62275,40.70228],[-89.62295,40.6878],[-89.64205,40.69202],[-89.64215,40.68431],[-89.64215,40.68157],[-89.64216,40.68136],[-89.64238,40.65967],[-89.6424,40.65408],[-89.6424,40.65223],[-89.61266,40.65232],[-89.61097,40.65232],[-89.61637,40.66076],[-89.60355,40.67493],[-89.58382,40.68858],[-89.57674,40.69304],[-89.55822,40.69811],[-89.55362,40.70228],[-89.54641,40.72299],[-89.55026,40.73905],[-89.57416,40.73913],[-89.57433,40.72999],[-89.58394,40.72883],[-89.58368,40.73973],[-89.5884,40.74656],[-89.58341,40.76072],[-89.55659,40.76024],[-89.55902,40.77393],[-89.56363,40.78213],[-89.5599,40.79754],[-89.5878,40.79582],[-89.58091,40.80579],[-89.58294,40.80932],[-89.58257,40.84238],[-89.59217,40.84424],[-89.5922,40.83512],[-89.60671,40.82785],[-89.61896,40.82778],[-89.61918,40.83881],[-89.63062,40.83877],[-89.63078,40.8278],[-89.64969,40.82724],[-89.64977,40.82005],[-89.65839,40.82015],[-89.65822,40.81278],[-89.64167,40.80896],[-89.6368,40.80204],[-89.65011,40.80196],[-89.65032,40.79092],[-89.65516,40.78722],[-89.65245,40.77622]]]},"properties":{"GEOID":"1759000","NAME":"Peoria","NAMELSAD":"Peoria city","ALAND":124808523,"AWATER":6690015}},
{"type":"Feature","geometry":{"type":"Polygon","coordinates":[[[-89.47918,39.03219],[-89.46863,39.02778],[-89.46862,39.03516],[-89.47918,39.03219]]]},"properties":{"GEOID":"1720318","NAME":"Donnellson","NAMELSAD":"Donnellson village","ALAND":961509,"AWATER":0}},
{"type":"Feature","geometry":{"type":"Polygon","coordinates":[[[-89.55261,38.82083],[-89.54781,38.81832],[-89.52913,38.81814],[-89.52924,38.82873],[-89.54541,38.82903],[-89.55261,38.82083]]]},"properties":{"GEOID":"1760872","NAME":"Pocahontas","NAMELSAD":"Pocahontas village","ALAND":2028515,"AWATER":55005}},
{"type":"Feature","geometry":{"type":"Polygon","coordinates":[[[-90.66852,39.8913],[-90.66867,39.88163],[-90.66436,39.87629],[-90.65,39.87629],[-90.65006,39.89128],[-90.66852,39.8913]]]},"properties":{"GEOID":"1777720","NAME":"Versailles","NAMELSAD":"Versailles village","ALAND":2417212,"AWATER":13746}},
{"type":"Feature","geometry":{"type":"Polygon","coordinates":[[[-90.60454,38.95371],[-90.59827,38.94568],[-90.58505,38.94555],[-90.58886,38.95349],[-90.60454,38.95371]]]},"properties":{"GEOID":"1709148","NAME":"Brussels","NAMELSAD":"Brussels village","ALAND":1449926,"AWATER":0}},
{"type":"Feature","geometry":{"type":"Polygon","coordinates":[[[-90.32466,41.50184],[-90.32466,41.49822],[-90.31448,41.49814],[-90.31383,41.50547],[-90.31969,41.50725],[-90.31986,41.50178],[-90.32466,41.50184]]]},"properties":{"GEOID":"1714923","NAME":"Cleveland","NAMELSAD":"Cleveland village","ALAND":760700,"AWATER":0}},
{"type":"Feature","geometry":{"type":"Polygon","coordinates":[[[-89.09134,41.69271],[-89.08166,41.69274],[-89.07963,41.69597],[-89.09136,41.69616],[-89.09134,41.69271]]]},"properties":{"GEOID":"1715989","NAME":"Compton","NAMELSAD":"Compton village","ALAND":427191,"AWATER":0}},
{"type":"Feature","geometry":{"type":"Polygon","coordinates":[[[-89.30823,41.8439],[-89.30361,41.83498],[-89.29392,41.83844],[-89.29371,41.84632],[-89.30823,41.8439]]]},"properties":{"GEOID":"1727689","NAME":"Franklin Grove","NAMELSAD":"Franklin Grove village","ALAND":1078377,"AWATER":0}},
{"type":"Feature","geometry":{"type":"Polygon","coordinates":[[[-89.6116,41.80154],[-89.61156,41.79447],[-89.60061,41.79258],[-89.59711,41.79906],[-89.6116,41.80154]]]},"properties":{"GEOID":"1751947","NAME":"Nelson","NAMELSAD":"Nelson village","ALAND":923861,"AWATER":11322}},
{"type":"Feature","geometry":{"type":"Polygon","coordinates":[[[-89.58946,40.18442],[-89.58039,40.17947],[-89.57834,40.18834],[-89.58946,40.18442]]]},"properties":{"GEOID":"1752545","NAME":"New Holland","NAMELSAD":"New Holland village","ALAND":803489,"AWATER":0}},
{"type":"Feature","geometry":{"type":"Polygon","coordinates":[[[-88.52802,41.83531],[-88.52807,41.82958],[-88.51458,41.82964],[-88.51901,41.83892],[-88.52802,41.83531]]]},"properties":{"GEOID":"1738895","NAME":"Kaneville","NAMELSAD":"Kaneville village","ALAND":738220,"AWATER":0}},
{"type":"Feature","geometry":{"type":"Polygon","coordinates":[[[-88.23396,40.13098],[-88.23682,40.14222],[-88.22806,40.14734],[-88.22966,40.15998],[-88.24869,40.15702],[-88.26225,40.15689],[-88.28345,40.16398],[-88.29243,40.14937],[-88.28922,40.14444],[-88.29582,40.13666],[-88.31479,40.1351],[-88.315,40.12001],[-88.29545,40.11277],[-88.31451,40.11174],[-88.33334,40.10602],[-88.33294,40.08056],[-88.32351,40.08053],[-88.32333,40.06415],[-88.31394,40.06955],[-88.30268,40.06697],[-88.29505,40.06938],[-88.28559,40.06929],[-88.27606,40.06191],[-88.27142,40.0693],[-88.27156,40.0764],[-88.25745,40.08031],[-88.24839,40.08357],[-88.24571,40.08355],[-88.23248,40.0835],[-88.22863,40.09522],[-88.22869,40.09811],[-88.22862,40.10057],[-88.22904,40.12929],[-88.23396,40.13098]],[[-88.32371,40.09871],[-88.3191,40.10599],[-88.30956,40.09864],[-88.30473,40.10563],[-88.29531,40.10567],[-88.29519,40.08517],[-88.31412,40.08413],[-88.31429,40.09869],[-88.32371,40.09871]]]},"properties":{"GEOID":"1712385","NAME":"Champaign","NAMELSAD":"Champaign city","ALAND":59638347,"AWATER":374535}},
{"type":"Feature","geometry":{"type":"Polygon","coordinates":[[[-88.19654,40.23891],[-88.19336,40.23149],[-88.18377,40.23153],[-88.18172,40.25523],[-88.19059,40.2534],[-88.19654,40.23891]]]},"properties":{"GEOID":"1775107","NAME":"Thomasboro","NAMELSAD":"Thomasboro village","ALAND":2590586,"AWATER":0}},
{"type":"Feature","geometry":{"type":"Polygon","coordinates":[[[-89.42328,39.59292],[-89.42827,39.59376],[-89.42817,39.58995],[-89.42328,39.59292]]]},"properties":{"GEOID":"1709538","NAME":"Bulpitt","NAMELSAD":"Bulpitt village","ALAND":178073,"AWATER":0}},
{"type":"Feature","geometry":{"type":"Polygon","coordinates":[[[-89.40196,39.65859],[-89.40172,39.65487],[-89.38699,39.65394],[-89.3824,39.66224],[-89.39653,39.66405],[-89.40196,39.65859]]]},"properties":{"GEOID":"1722645","NAME":"Edinburg","NAMELSAD":"Edinburg village","ALAND":1619198,"AWATER":0}},
{"type":"Feature","geometry":{"type":"Polygon","coordinates":[[[-89.27018,39.77179],[-89.27015,39.75737],[-89.25143,39.75791],[-89.25143,39.77248],[-89.27018,39.77179]]]},"properties":{"GEOID":"1750829","NAME":"Mount Auburn","NAMELSAD":"Mount Auburn village","ALAND":2581468,"AWATER":2241}},
{"type":"Feature","geometry":{"type":"Polygon","coordinates":[[[-89.20427,39.48195],[-89.20429,39.47834],[-89.18727,39.4765],[-89.19237,39.48775],[-89.20427,39.48195]]]},"properties":{"GEOID":"1757043","NAME":"Owaneco","NAMELSAD":"Owaneco village","ALAND":1186977,"AWATER":0}},
{"type":"Feature","geometry":{"type":"Polygon","coordinates":[[[-88.87808,39.93446],[-88.87498,39.92998],[-88.86556,39.93694],[-88.86063,39.93701],[-88.86077,39.94483],[-88.87034,39.93739],[-88.87808,39.93446]]]},"properties":{"GEOID":"1756471","NAME":"Oreana","NAMELSAD":"Oreana village","ALAND":1211427,"AWATER":0}},
{"type":"Feature","geometry":{"type":"Polygon","coordinates":[[[-89.77343,38.97598],[-89.7734,38.96141],[-89.75472,38.96121],[-89.75487,38.97592],[-89.77343,38.97598]]]},"properties":{"GEOID":"1744160","NAME":"Livingston","NAMELSAD":"Livingston village","ALAND":2693715,"AWATER":32923}},
{"type":"Feature","geometry":{"type":"MultiPolygon","coordinates":[[[[-90.09279,38.76107],[-90.10338,38.75122],[-90.08997,38.75063],[-90.09015,38.75836],[-90.09279,38.76107]]],[[[-90.10613,38.70675],[-90.10522,38.70385],[-90.10505,38.70358],[-90.09848,38.70529],[-90.0868,38.70852],[-90.08704,38.67179],[-90.08301,38.67084],[-90.08054,38.67266],[-90.07867,38.67426],[-90.06578,38.68606],[-90.06557,38.69509],[-90.04723,38.69477],[-90.04294,38.68742],[-90.05093,38.67499],[-90.06565,38.66746],[-90.06566,38.66667],[-90.05346,38.67138],[-90.04285,38.66957],[-90.03837,38.68017],[-90.04308,38.68583],[-90.03863,38.69289],[-90.03367,38.69245],[-90.03367,38.69248],[-90.03161,38.69539],[-90.03028,38.70202],[-90.01739,38.70189],[-90.01496,38.70188],[-90.01293,38.7163],[-90.02654,38.71649],[-90.02936,38.72372],[-90.02466,38.73647],[-90.0504,38.72917],[-90.07097,38.73545],[-90.07117,38.74648],[-90.04405,38.74593],[-90.03878,38.75623],[-90.0271,38.75622],[-90.02123,38.75666],[-90.02121,38.75916],[-90.02711,38.75697],[-90.03871,38.76031],[-90.05253,38.76062],[-90.05242,38.77187],[-90.06665,38.77441],[-90.07144,38.76536],[-90.07708,38.75782],[-90.08052,38.75788],[-90.08983,38.75829],[-90.0812,38.75028],[-90.08525,38.74674],[-90.08057,38.7424],[-90.08529,38.73171],[-90.07576,38.72181],[-90.0857,38.71747],[-90.09016,38.71518],[-90.09436,38.71306],[-90.10613,38.70675]],[[-90.08146,38.70928],[-90.06609,38.70946],[-90.0662,38.71689],[-90.05483,38.72037],[-90.05234,38.71527],[-90.04109,38.71291],[-90.02784,38.71352],[-90.03198,38.70204],[-90.04782,38.70213],[-90.05665,38.69844],[-90.06696,38.70598],[-90.08146,38.70928]]]]},"properties":{"GEOID":"1761067","NAME":"Pontoon Beach","NAMELSAD":"Pontoon Beach village","ALAND":25450717,"AWATER":6419219}},
{"type":"Feature","geometry":{"type":"Polygon","coordinates":[[[-89.09532,40.10056],[-89.09055,40.09463],[-89.08109,40.09458],[-89.08491,40.10145],[-89.09532,40.10056]]]},"properties":{"GEOID":"1739532","NAME":"Kenney","NAMELSAD":"Kenney village","ALAND":643588,"AWATER":0}},
{"type":"Feature","geometry":{"type":"Polygon","coordinates":[[[-89.12925,40.24566],[-89.12912,40.23676],[-89.11957,40.23665],[-89.1197,40.24575],[-89.12925,40.24566]]]},"properties":{"GEOID":"1779449","NAME":"Waynesville","NAMELSAD":"Waynesville village","ALAND":825573,"AWATER":0}},
{"type":"Feature","geometry":{"type":"Polygon","coordinates":[[[-87.56407,41.64464],[-87.56402,41.63003],[-87.53924,41.63149],[-87.52509,41.63021],[-87.52501,41.64464],[-87.56407,41.64464]]]},"properties":{"GEOID":"1709798","NAME":"Burnham","NAMELSAD":"Burnham village","ALAND":4804119,"AWATER":220107}},
{"type":"Feature","geometry":{"type":"Polygon","coordinates":[[[-87.72165,41.72779],[-87.72112,41.71317],[-87.71258,41.7133],[-87.71112,41.70608],[-87.69153,41.70722],[-87.69173,41.71357],[-87.68184,41.71367],[-87.68229,41.72824],[-87.68739,41.73544],[-87.71198,41.73503],[-87.7118,41.7279],[-87.72165,41.72779]]]},"properties":{"GEOID":"1724634","NAME":"Evergreen Park","NAMELSAD":"Evergreen Park village","ALAND":8191089,"AWATER":0}},
{"type":"Feature","geometry":{"type":"Polygon","coordinates":[[[-87.79746,42.05892],[-87.79553,42.05523],[-87.77577,42.05529],[-87.77996,42.06243],[-87.79118,42.06256],[-87.79746,42.05892]]]},"properties":{"GEOID":"1730328","NAME":"Golf","NAMELSAD":"Golf village","ALAND":1161331,"AWATER":0}},
{"type":"Feature","geometry":{"type":"Polygon","coordinates":[[[-87.89695,41.77916],[-87.90699,41.77497],[-87.90412,41.76655],[-87.90388,41.76421],[-87.90531,41.76339],[-87.89018,41.75897],[-87.89534,41.76678],[-87.88737,41.77194],[-87.89695,41.77916]]]},"properties":{"GEOID":"1737257","NAME":"Indian Head Park","NAMELSAD":"Indian Head Park village","ALAND":2414499,"AWATER":20705}},
{"type":"Feature","geometry":{"type":"Polygon","coordinates":[[[-87.85489,41.84938],[-87.84234,41.84253],[-87.83263,41.8426],[-87.83216,41.8353],[-87.82257,41.83548],[-87.82285,41.84284],[-87.80348,41.84309],[-87.80394,41.85774],[-87.80835,41.85767],[-87.80829,41.85611],[-87.80808,41.85029],[-87.82305,41.85002],[-87.84273,41.85071],[-87.85489,41.84938]]]},"properties":{"GEOID":"1754144","NAME":"North Riverside","NAMELSAD":"North Riverside village","ALAND":4256895,"AWATER":0}},
{"type":"Feature","geometry":{"type":"Polygon","coordinates":[[[-87.83216,41.8353],[-87.83169,41.8206],[-87.82168,41.82106],[-87.8125,41.82106],[-87.80268,41.82372],[-87.80348,41.84309],[-87.82285,41.84284],[-87.82257,41.83548],[-87.83216,41.8353]]]},"properties":{"GEOID":"1764421","NAME":"Riverside","NAMELSAD":"Riverside village","ALAND":5123776,"AWATER":45387}},
{"type":"Feature","geometry":{"type":"Polygon","coordinates":[[[-89.46721,40.98418],[-89.46737,40.97322],[-89.45642,40.97323],[-89.44421,40.99409],[-89.46186,40.99431],[-89.46721,40.98418]]]},"properties":{"GEOID":"1736150","NAME":"Hopewell","NAMELSAD":"Hopewell village","ALAND":2940643,"AWATER":0}},
{"type":"Feature","geometry":{"type":"Polygon","coordinates":[[[-88.84984,37.21372],[-88.85002,37.20223],[-88.84012,37.19843],[-88.83942,37.21358],[-88.84984,37.21372]]]},"properties":{"GEOID":"1738674","NAME":"Joppa","NAMELSAD":"Joppa village","ALAND":1258208,"AWATER":46834}},
{"type":"Feature","geometry":{"type":"Polygon","coordinates":[[[-90.47848,41.09441],[-90.47877,41.08565],[-90.47225,41.08568],[-90.47209,41.09299],[-90.47848,41.09441]]]},"properties":{"GEOID":"1753793","NAME":"North Henderson","NAMELSAD":"North Henderson village","ALAND":586068,"AWATER":0}},
{"type":"Feature","geometry":{"type":"Polygon","coordinates":[[[-90.68187,41.32864],[-90.66649,41.32857],[-90.66642,41.33617],[-90.67754,41.33584],[-90.68187,41.32864]]]},"properties":{"GEOID":"1763420","NAME":"Reynolds","NAMELSAD":"Reynolds village","ALAND":953248,"AWATER":0}},
{"type":"Feature","geometry":{"type":"Polygon","coordinates":[[[-87.80261,41.82115],[-87.80211,41.81032],[-87.78237,41.8108],[-87.7825,41.81434],[-87.75946,41.81484],[-87.75296,41.81468],[-87.74894,41.81474],[-87.74354,41.82217],[-87.7436,41.82932],[-87.75351,41.82917],[-87.75339,41.82188],[-87.7778,41.82153],[-87.80261,41.82115]]]},"properties":{"GEOID":"1772676","NAME":"Stickney","NAMELSAD":"Stickney village","ALAND":4983928,"AWATER":94151}},
{"type":"Feature","geometry":{"type":"Polygon","coordinates":[[[-87.94687,41.81073],[-87.96621,41.81024],[-87.96522,41.78415],[-87.96021,41.78313],[-87.95911,41.78314],[-87.95297,41.78321],[-87.95052,41.78326],[-87.94947,41.78155],[-87.94666,41.78161],[-87.9469,41.78861],[-87.94687,41.81073]]]},"properties":{"GEOID":"1714572","NAME":"Clarendon Hills","NAMELSAD":"Clarendon Hills village","ALAND":4689948,"AWATER":26171}},
{"type":"Feature","geometry":{"type":"Polygon","coordinates":[[[-88.6732,38.92942],[-88.67354,38.91478],[-88.65473,38.91496],[-88.65444,38.92962],[-88.6732,38.92942]]]},"properties":{"GEOID":"1722567","NAME":"Edgewood","NAMELSAD":"Edgewood village","ALAND":2623965,"AWATER":28475}},
{"type":"Feature","geometry":{"type":"Polygon","coordinates":[[[-88.66091,39.18689],[-88.65502,39.17959],[-88.64806,39.18684],[-88.66091,39.18689]]]},"properties":{"GEOID":"1769797","NAME":"Shumway","NAMELSAD":"Shumway village","ALAND":860256,"AWATER":0}},
{"type":"Feature","geometry":{"type":"Polygon","coordinates":[[[-87.68491,39.81041],[-87.68361,39.79783],[-87.66799,39.80115],[-87.67028,39.81148],[-87.68491,39.81041]]]},"properties":{"GEOID":"1714273","NAME":"Chrisman","NAMELSAD":"Chrisman city","ALAND":1861441,"AWATER":0}},
{"type":"Feature","geometry":{"type":"Polygon","coordinates":[[[-88.25302,40.57433],[-88.25294,40.56454],[-88.24323,40.56697],[-88.24217,40.57229],[-88.25302,40.57433]]]},"properties":{"GEOID":"1748268","NAME":"Melvin","NAMELSAD":"Melvin village","ALAND":896305,"AWATER":0}},
{"type":"Feature","geometry":{"type":"Polygon","coordinates":[[[-88.38604,40.58941],[-88.38355,40.58323],[-88.37096,40.58427],[-88.37092,40.59154],[-88.38604,40.58941]]]},"properties":{"GEOID":"1769810","NAME":"Sibley","NAMELSAD":"Sibley village","ALAND":1244637,"AWATER":34630}},
{"type":"Feature","geometry":{"type":"Polygon","coordinates":[[[-88.84481,37.96521],[-88.84498,37.95068],[-88.82672,37.95082],[-88.82627,37.96514],[-88.84481,37.96521]]]},"properties":{"GEOID":"1732616","NAME":"Hanaford","NAMELSAD":"Hanaford village","ALAND":2610759,"AWATER":15849}},
{"type":"Feature","geometry":{"type":"Polygon","coordinates":[[[-88.94739,38.00488],[-88.94689,37.99793],[-88.9702,37.99767],[-88.97014,37.99237],[-88.93548,37.99048],[-88.92962,37.99045],[-88.92949,38.00486],[-88.94739,38.00488]]]},"properties":{"GEOID":"1780073","NAME":"West City","NAMELSAD":"West City village","ALAND":4164536,"AWATER":44163}},
{"type":"Feature","geometry":{"type":"Polygon","coordinates":[[[-88.2479,37.72799],[-88.24776,37.71696],[-88.22947,37.71774],[-88.23383,37.72848],[-88.2479,37.72799]]]},"properties":{"GEOID":"1738778","NAME":"Junction","NAMELSAD":"Junction village","ALAND":2139691,"AWATER":1353}},
{"type":"Feature","geometry":{"type":"Polygon","coordinates":[[[-88.31214,37.89772],[-88.31197,37.88296],[-88.29708,37.88297],[-88.30006,37.89775],[-88.31214,37.89772]]]},"properties":{"GEOID":"1756003","NAME":"Omaha","NAMELSAD":"Omaha village","ALAND":1928089,"AWATER":2930}},
{"type":"Feature","geometry":{"type":"Polygon","coordinates":[[[-88.59918,39.80672],[-88.5993,39.79215],[-88.5851,39.79213],[-88.58495,39.80657],[-88.59918,39.80672]]]},"properties":{"GEOID":"1732499","NAME":"Hammond","NAMELSAD":"Hammond village","ALAND":1959690,"AWATER":1714}},
{"type":"Feature","geometry":{"type":"Polygon","coordinates":[[[-87.98222,38.72134],[-87.9796,38.71022],[-87.96564,38.71004],[-87.96557,38.72485],[-87.97969,38.72501],[-87.98222,38.72134]]]},"properties":{"GEOID":"1714533","NAME":"Claremont","NAMELSAD":"Claremont village","ALAND":2054502,"AWATER":0}},
{"type":"Feature","geometry":{"type":"Polygon","coordinates":[[[-90.78227,40.15928],[-90.78254,40.14751],[-90.7636,40.14707],[-90.76335,40.15718],[-90.78227,40.15928]]]},"properties":{"GEOID":"1710695","NAME":"Camden","NAMELSAD":"Camden village","ALAND":1972157,"AWATER":0}},
{"type":"Feature","geometry":{"type":"Polygon","coordinates":[[[-90.49448,39.48798],[-90.49461,39.47354],[-90.47791,39.47351],[-90.48034,39.48111],[-90.47573,39.48801],[-90.49448,39.48798]]]},"properties":{"GEOID":"1782088","NAME":"Wilmington","NAMELSAD":"Wilmington village","ALAND":2036786,"AWATER":0}},
{"type":"Feature","geometry":{"type":"Polygon","coordinates":[[[-91.11476,40.34972],[-91.11492,40.34226],[-91.10925,40.34146],[-91.11047,40.34751],[-91.11476,40.34972]]]},"properties":{"GEOID":"1705274","NAME":"Bentley","NAMELSAD":"Bentley town","ALAND":370624,"AWATER":3809}},
{"type":"Feature","geometry":{"type":"Polygon","coordinates":[[[-91.19514,40.63009],[-91.18555,40.62395],[-91.147,40.62332],[-91.14598,40.65272],[-91.15914,40.65118],[-91.18543,40.63807],[-91.18539,40.63236],[-91.19514,40.63009]]]},"properties":{"GEOID":"1718420","NAME":"Dallas City","NAMELSAD":"Dallas City city","ALAND":6149728,"AWATER":2334905}},
{"type":"Feature","geometry":{"type":"Polygon","coordinates":[[[-90.01727,39.89227],[-90.01264,39.88344],[-89.99917,39.8835],[-89.99942,39.89463],[-90.01727,39.89227]]]},"properties":{"GEOID":"1702505","NAME":"Ashland","NAMELSAD":"Ashland village","ALAND":1936837,"AWATER":0}},
{"type":"Feature","geometry":{"type":"Polygon","coordinates":[[[-90.17749,38.66012],[-90.17516,38.64625],[-90.16203,38.65078],[-90.15737,38.66026],[-90.15908,38.66027],[-90.17749,38.66012]]]},"properties":{"GEOID":"1708667","NAME":"Brooklyn","NAMELSAD":"Brooklyn village","ALAND":2101096,"AWATER":0}},
{"type":"Feature","geometry":{"type":"Polygon","coordinates":[[[-89.8048,38.38136],[-89.79909,38.37391],[-89.79146,38.37329],[-89.79141,38.38126],[-89.8048,38.38136]]]},"properties":{"GEOID":"1725713","NAME":"Fayetteville","NAMELSAD":"Fayetteville village","ALAND":766147,"AWATER":903}},
{"type":"Feature","geometry":{"type":"Polygon","coordinates":[[[-89.86439,38.55708],[-89.8601,38.56946],[-89.86478,38.57678],[-89.86472,38.60473],[-89.87408,38.61043],[-89.87432,38.59416],[-89.89236,38.59052],[-89.88325,38.60281],[-89.89244,38.60661],[-89.89238,38.61598],[-89.88318,38.61556],[-89.88316,38.62498],[-89.89232,38.62516],[-89.8933,38.61413],[-89.90965,38.61423],[-89.91051,38.62757],[-89.89589,38.62881],[-89.89179,38.64339],[-89.89836,38.64348],[-89.91056,38.63618],[-89.91357,38.62912],[-89.92883,38.62866],[-89.95344,38.62154],[-89.9383,38.61547],[-89.93125,38.60975],[-89.92011,38.6088],[-89.91783,38.60083],[-89.93405,38.60304],[-89.95158,38.59981],[-89.95341,38.61071],[-89.96162,38.6144],[-89.96627,38.60584],[-89.96626,38.60182],[-89.96626,38.60027],[-89.96605,38.57605],[-89.95889,38.57808],[-89.95407,38.578],[-89.94298,38.57048],[-89.92908,38.57056],[-89.92356,38.57491],[-89.88593,38.57522],[-89.87874,38.57713],[-89.87929,38.56315],[-89.87376,38.55775],[-89.87372,38.55216],[-89.87369,38.54847],[-89.86439,38.55708]]]},"properties":{"GEOID":"1755249","NAME":"O'Fallon","NAMELSAD":"O'Fallon city","ALAND":40942538,"AWATER":283986}},
{"type":"Feature","geometry":{"type":"Polygon","coordinates":[[[-89.72704,38.36595],[-89.72704,38.36173],[-89.70864,38.35212],[-89.70397,38.35726],[-89.70409,38.36815],[-89.71646,38.37291],[-89.72704,38.36595]]]},"properties":{"GEOID":"1766989","NAME":"St. Libory","NAMELSAD":"St. Libory village","ALAND":2513280,"AWATER":1180}},
{"type":"Feature","geometry":{"type":"Polygon","coordinates":[[[-88.86658,39.25276],[-88.8659,39.24557],[-88.85231,39.24551],[-88.85233,39.25278],[-88.86658,39.25276]]]},"properties":{"GEOID":"1717055","NAME":"Cowden","NAMELSAD":"Cowden village","ALAND":1040855,"AWATER":0}},
{"type":"Feature","geometry":{"type":"Polygon","coordinates":[[[-88.76361,39.5291],[-88.76302,39.5142],[-88.74389,39.51776],[-88.74467,39.52886],[-88.76361,39.5291]]]},"properties":{"GEOID":"1726116","NAME":"Findlay","NAMELSAD":"Findlay village","ALAND":2392134,"AWATER":0}},
{"type":"Feature","geometry":{"type":"Polygon","coordinates":[[[-88.99164,39.22319],[-88.99168,39.21594],[-88.97783,39.2161],[-88.97795,39.22326],[-88.99164,39.22319]]]},"properties":{"GEOID":"1734332","NAME":"Herrick","NAMELSAD":"Herrick village","ALAND":947946,"AWATER":0}},
{"type":"Feature","geometry":{"type":"Polygon","coordinates":[[[-89.44495,38.60639],[-89.4427,38.601],[-89.42421,38.60197],[-89.43351,38.6091],[-89.44495,38.60639]]]},"properties":{"GEOID":"1704533","NAME":"Beckemeyer","NAMELSAD":"Beckemeyer village","ALAND":1597595,"AWATER":0}},
{"type":"Feature","geometry":{"type":"Polygon","coordinates":[[[-89.29563,38.60743],[-89.29101,38.6039],[-89.28164,38.60455],[-89.28623,38.60774],[-89.29563,38.60743]]]},"properties":{"GEOID":"1736477","NAME":"Huey","NAMELSAD":"Huey village","ALAND":558668,"AWATER":0}},
{"type":"Feature","geometry":{"type":"Polygon","coordinates":[[[-89.32074,40.44115],[-89.3154,40.42455],[-89.30839,40.42513],[-89.30878,40.43775],[-89.32074,40.44115]]]},"properties":{"GEOID":"1749555","NAME":"Minier","NAMELSAD":"Minier village","ALAND":1489221,"AWATER":0}},
{"type":"Feature","geometry":{"type":"Polygon","coordinates":[[[-89.33488,37.57096],[-89.32532,37.56896],[-89.32577,37.56191],[-89.3068,37.5617],[-89.3049,37.5837],[-89.33444,37.58383],[-89.33488,37.57096]]]},"properties":{"GEOID":"1701205","NAME":"Alto Pass","NAMELSAD":"Alto Pass village","ALAND":5526046,"AWATER":78539}},
{"type":"Feature","geometry":{"type":"Polygon","coordinates":[[[-90.16631,39.1543],[-90.16167,39.15232],[-90.16235,39.15615],[-90.16631,39.1543]]]},"properties":{"GEOID":"1725960","NAME":"Fidelity","NAMELSAD":"Fidelity village","ALAND":262397,"AWATER":0}},
{"type":"Feature","geometry":{"type":"Polygon","coordinates":[[[-88.78205,37.57898],[-88.78188,37.57141],[-88.76339,37.5709],[-88.76316,37.58576],[-88.78175,37.58643],[-88.78205,37.57898]]]},"properties":{"GEOID":"1752285","NAME":"New Burnside","NAMELSAD":"New Burnside village","ALAND":2705616,"AWATER":21293}},
{"type":"Feature","geometry":{"type":"Polygon","coordinates":[[[-88.76534,37.46733],[-88.76528,37.46385],[-88.7462,37.46363],[-88.74603,37.47056],[-88.76503,37.47098],[-88.76534,37.46733]]]},"properties":{"GEOID":"1770005","NAME":"Simpson","NAMELSAD":"Simpson village","ALAND":1360359,"AWATER":2571}},
{"type":"Feature","geometry":{"type":"Polygon","coordinates":[[[-89.37871,41.29145],[-89.37371,41.28791],[-89.3737,41.27687],[-89.35415,41.27681],[-89.35427,41.303],[-89.3623,41.30583],[-89.37871,41.29145]]]},"properties":{"GEOID":"1709681","NAME":"Bureau Junction","NAMELSAD":"Bureau Junction village","ALAND":4160022,"AWATER":244022}},
{"type":"Feature","geometry":{"type":"Polygon","coordinates":[[[-89.67808,41.45689],[-89.67053,41.45105],[-89.66098,41.45269],[-89.66581,41.4599],[-89.67808,41.45689]]]},"properties":{"GEOID":"1746422","NAME":"Manlius","NAMELSAD":"Manlius village","ALAND":825865,"AWATER":0}},
{"type":"Feature","geometry":{"type":"Polygon","coordinates":[[[-89.84111,41.38305],[-89.84097,41.3774],[-89.83128,41.37745],[-89.83127,41.38658],[-89.84111,41.38305]]]},"properties":{"GEOID":"1749516","NAME":"Mineral","NAMELSAD":"Mineral village","ALAND":879283,"AWATER":0}},
{"type":"Feature","geometry":{"type":"Polygon","coordinates":[[[-88.54139,38.52599],[-88.54142,38.51661],[-88.53486,38.51652],[-88.53669,38.52583],[-88.54139,38.52599]]]},"properties":{"GEOID":"1738531","NAME":"Johnsonville","NAMELSAD":"Johnsonville village","ALAND":552696,"AWATER":0}},
{"type":"Feature","geometry":{"type":"Polygon","coordinates":[[[-89.69425,41.61364],[-89.69421,41.60761],[-89.67975,41.60429],[-89.67982,41.61372],[-89.69425,41.61364]]]},"properties":{"GEOID":"1719031","NAME":"Deer Grove","NAMELSAD":"Deer Grove village","ALAND":1065001,"AWATER":0}},
{"type":"Feature","geometry":{"type":"Polygon","coordinates":[[[-90.39804,40.50123],[-90.39799,40.49588],[-90.38801,40.49546],[-90.38831,40.50323],[-90.39804,40.50123]]]},"properties":{"GEOID":"1746825","NAME":"Marietta","NAMELSAD":"Marietta village","ALAND":708064,"AWATER":0}},
{"type":"Feature","geometry":{"type":"Polygon","coordinates":[[[-90.56979,39.82444],[-90.54982,39.82338],[-90.54784,39.83833],[-90.56359,39.83841],[-90.56298,39.83189],[-90.56979,39.82444]]]},"properties":{"GEOID":"1748424","NAME":"Meredosia","NAMELSAD":"Meredosia village","ALAND":2237981,"AWATER":96931}},
{"type":"Feature","geometry":{"type":"Polygon","coordinates":[[[-89.13797,37.84071],[-89.13812,37.83493],[-89.13331,37.84042],[-89.12162,37.84047],[-89.12155,37.84817],[-89.13198,37.84827],[-89.13797,37.84071]]]},"properties":{"GEOID":"1710084","NAME":"Bush","NAMELSAD":"Bush village","ALAND":1177973,"AWATER":15693}},
{"type":"Feature","geometry":{"type":"Polygon","coordinates":[[[-88.84637,37.62676],[-88.84623,37.612],[-88.82777,37.61369],[-88.82795,37.62822],[-88.84637,37.62676]]]},"properties":{"GEOID":"1717289","NAME":"Creal Springs","NAMELSAD":"Creal Springs city","ALAND":2661183,"AWATER":9521}},
{"type":"Feature","geometry":{"type":"Polygon","coordinates":[[[-90.30097,40.48077],[-90.30088,40.47157],[-90.29165,40.46613],[-90.29149,40.48072],[-90.30097,40.48077]]]},"properties":{"GEOID":"1770226","NAME":"Smithfield","NAMELSAD":"Smithfield village","ALAND":1203384,"AWATER":0}},
{"type":"Feature","geometry":{"type":"Polygon","coordinates":[[[-87.965,40.88415],[-87.96169,40.86956],[-87.94908,40.87005],[-87.94243,40.88498],[-87.965,40.88415]]]},"properties":{"GEOID":"1702479","NAME":"Ashkum","NAMELSAD":"Ashkum village","ALAND":2163807,"AWATER":0}},
{"type":"Feature","geometry":{"type":"Polygon","coordinates":[[[-87.621,40.88479],[-87.61126,40.88141],[-87.60552,40.88882],[-87.62011,40.88843],[-87.621,40.88479]]]},"properties":{"GEOID":"1720331","NAME":"Donovan","NAMELSAD":"Donovan village","ALAND":848704,"AWATER":0}},
{"type":"Feature","geometry":{"type":"Polygon","coordinates":[[[-87.72001,40.97318],[-87.71802,40.96285],[-87.71267,40.96294],[-87.71276,40.97109],[-87.72001,40.97318]]]},"properties":{"GEOID":"1757576","NAME":"Papineau","NAMELSAD":"Papineau village","ALAND":538165,"AWATER":0}},
{"type":"Feature","geometry":{"type":"Polygon","coordinates":[[[-87.57613,40.77649],[-87.57583,40.76845],[-87.55661,40.7668],[-87.55699,40.77694],[-87.57613,40.77649]]]},"properties":{"GEOID":"1769212","NAME":"Sheldon","NAMELSAD":"Sheldon village","ALAND":1949910,"AWATER":0}},
{"type":"Feature","geometry":{"type":"Polygon","coordinates":[[[-88.17178,37.47382],[-88.17176,37.46561],[-88.15999,37.46667],[-88.16019,37.47575],[-88.17178,37.47382]]]},"properties":{"GEOID":"1711826","NAME":"Cave-In-Rock","NAMELSAD":"Cave-In-Rock village","ALAND":967547,"AWATER":105569}},
{"type":"Feature","geometry":{"type":"Polygon","coordinates":[[[-90.96936,40.03319],[-90.96715,40.02517],[-90.94823,40.02558],[-90.94817,40.03657],[-90.96737,40.03675],[-90.96936,40.03319]]]},"properties":{"GEOID":"1714767","NAME":"Clayton","NAMELSAD":"Clayton village","ALAND":2290671,"AWATER":21437}},
{"type":"Feature","geometry":{"type":"Polygon","coordinates":[[[-91.15092,39.99024],[-91.15083,39.9857],[-91.14148,39.98505],[-91.14052,39.99125],[-91.15092,39.99024]]]},"properties":{"GEOID":"1715846","NAME":"Columbus","NAMELSAD":"Columbus village","ALAND":566746,"AWATER":4508}},
{"type":"Feature","geometry":{"type":"Polygon","coordinates":[[[-89.28802,39.11859],[-89.28332,39.10815],[-89.26927,39.11315],[-89.27311,39.11911],[-89.28802,39.11859]]]},"properties":{"GEOID":"1726077","NAME":"Fillmore","NAMELSAD":"Fillmore village","ALAND":1719474,"AWATER":0}},
{"type":"Feature","geometry":{"type":"Polygon","coordinates":[[[-89.22321,39.34162],[-89.21437,39.33847],[-89.2147,39.34886],[-89.22307,39.34883],[-89.22321,39.34162]]]},"properties":{"GEOID":"1755418","NAME":"Ohlman","NAMELSAD":"Ohlman village","ALAND":831298,"AWATER":0}},
{"type":"Feature","geometry":{"type":"Polygon","coordinates":[[[-90.17359,41.12203],[-90.17381,41.10734],[-90.15923,41.10701],[-90.15419,41.12164],[-90.17359,41.12203]]]},"properties":{"GEOID":"1701140","NAME":"Altona","NAMELSAD":"Altona village","ALAND":2430442,"AWATER":0}},
{"type":"Feature","geometry":{"type":"Polygon","coordinates":[[[-90.40453,41.10792],[-90.39509,41.10538],[-90.395,41.11317],[-90.40448,41.11338],[-90.40453,41.10792]]]},"properties":{"GEOID":"1764148","NAME":"Rio","NAMELSAD":"Rio village","ALAND":809296,"AWATER":0}},
{"type":"Feature","geometry":{"type":"Polygon","coordinates":[[[-88.95537,40.95668],[-88.94572,40.95316],[-88.94563,40.96033],[-88.95537,40.95668]]]},"properties":{"GEOID":"1718485","NAME":"Dana","NAMELSAD":"Dana village","ALAND":570894,"AWATER":0}},
{"type":"Feature","geometry":{"type":"Polygon","coordinates":[[[-88.66387,41.16575],[-88.66363,41.15123],[-88.64447,41.15138],[-88.64474,41.16587],[-88.66387,41.16575]]]},"properties":{"GEOID":"1762757","NAME":"Ransom","NAMELSAD":"Ransom village","ALAND":2588339,"AWATER":0}},
{"type":"Feature","geometry":{"type":"Polygon","coordinates":[[[-89.0471,40.98048],[-89.03685,40.97351],[-89.03507,40.99203],[-89.04734,40.99202],[-89.0471,40.98048]]]},"properties":{"GEOID":"1766443","NAME":"Rutland","NAMELSAD":"Rutland village","ALAND":1798217,"AWATER":0}},
{"type":"Feature","geometry":{"type":"Polygon","coordinates":[[[-89.09311,41.46976],[-89.09288,41.46096],[-89.06868,41.46295],[-89.06872,41.46978],[-89.09311,41.46976]]]},"properties":{"GEOID":"1776225","NAME":"Troy Grove","NAMELSAD":"Troy Grove village","ALAND":1778899,"AWATER":0}},
{"type":"Feature","geometry":{"type":"Polygon","coordinates":[[[-88.27675,40.88066],[-88.27653,40.87425],[-88.26482,40.87646],[-88.26873,40.88218],[-88.27675,40.88066]]]},"properties":{"GEOID":"1718030","NAME":"Cullom","NAMELSAD":"Cullom village","ALAND":875089,"AWATER":0}},
{"type":"Feature","geometry":{"type":"Polygon","coordinates":[[[-90.57214,40.49966],[-90.57184,40.49107],[-90.55724,40.48838],[-90.55721,40.50003],[-90.57214,40.49966]]]},"properties":{"GEOID":"1703675","NAME":"Bardolph","NAMELSAD":"Bardolph village","ALAND":1598209,"AWATER":0}},
{"type":"Feature","geometry":{"type":"Polygon","coordinates":[[[-90.68353,40.55807],[-90.66962,40.55352],[-90.67026,40.56152],[-90.68353,40.55807]]]},"properties":{"GEOID":"1730458","NAME":"Good Hope","NAMELSAD":"Good Hope village","ALAND":777461,"AWATER":0}},
{"type":"Feature","geometry":{"type":"Polygon","coordinates":[[[-90.75545,40.56342],[-90.74208,40.55914],[-90.7419,40.56643],[-90.75545,40.56342]]]},"properties":{"GEOID":"1768198","NAME":"Sciota","NAMELSAD":"Sciota village","ALAND":808852,"AWATER":0}},
{"type":"Feature","geometry":{"type":"Polygon","coordinates":[[[-88.5316,40.34437],[-88.52688,40.33858],[-88.5174,40.33994],[-88.52017,40.34449],[-88.5316,40.34437]]]},"properties":{"GEOID":"1704897","NAME":"Bellflower","NAMELSAD":"Bellflower village","ALAND":962618,"AWATER":0}},
{"type":"Feature","geometry":{"type":"Polygon","coordinates":[[[-88.99764,40.60547],[-88.98386,40.59836],[-88.98419,40.61297],[-88.99344,40.61333],[-88.99764,40.60547]]]},"properties":{"GEOID":"1736438","NAME":"Hudson","NAMELSAD":"Hudson village","ALAND":2121459,"AWATER":0}},
{"type":"Feature","geometry":{"type":"Polygon","coordinates":[[[-87.8835,40.11393],[-87.86845,40.11006],[-87.86876,40.11787],[-87.87798,40.12086],[-87.8835,40.11393]]]},"properties":{"GEOID":"1726233","NAME":"Fithian","NAMELSAD":"Fithian village","ALAND":991094,"AWATER":0}},
{"type":"Feature","geometry":{"type":"Polygon","coordinates":[[[-89.98683,39.48544],[-89.98337,39.47095],[-89.97484,39.47084],[-89.97513,39.48564],[-89.98683,39.48544]]]},"properties":{"GEOID":"1749802","NAME":"Modesto","NAMELSAD":"Modesto village","ALAND":1448872,"AWATER":0}},
{"type":"Feature","geometry":{"type":"Polygon","coordinates":[[[-89.97,39.11543],[-89.97006,39.10815],[-89.95133,39.10791],[-89.95137,39.1153],[-89.97,39.11543]]]},"properties":{"GEOID":"1766196","NAME":"Royal Lakes","NAMELSAD":"Royal Lakes village","ALAND":1205840,"AWATER":120125}},
{"type":"Feature","geometry":{"type":"Polygon","coordinates":[[[-89.10525,38.76117],[-89.10527,38.74603],[-89.08665,38.74592],[-89.08658,38.76141],[-89.10525,38.76117]]]},"properties":{"GEOID":"1758057","NAME":"Patoka","NAMELSAD":"Patoka village","ALAND":2887255,"AWATER":0}},
{"type":"Feature","geometry":{"type":"Polygon","coordinates":[[[-89.05175,38.48128],[-89.05177,38.47414],[-89.03772,38.47401],[-89.0377,38.48135],[-89.05175,38.48128]]]},"properties":{"GEOID":"1778604","NAME":"Walnut Hill","NAMELSAD":"Walnut Hill village","ALAND":983699,"AWATER":536}},
{"type":"Feature","geometry":{"type":"Polygon","coordinates":[[[-89.79253,40.43123],[-89.79229,40.41075],[-89.77301,40.40728],[-89.77312,40.42986],[-89.79253,40.43123]]]},"properties":{"GEOID":"1746383","NAME":"Manito","NAMELSAD":"Manito village","ALAND":3917804,"AWATER":0}},
{"type":"Feature","geometry":{"type":"Polygon","coordinates":[[[-90.34001,39.54974],[-90.34025,39.53511],[-90.32062,39.53487],[-90.32034,39.54957],[-90.34001,39.54974]]]},"properties":{"GEOID":"1746331","NAME":"Manchester","NAMELSAD":"Manchester village","ALAND":2753258,"AWATER":0}},
{"type":"Feature","geometry":{"type":"Polygon","coordinates":[[[-90.21672,38.16666],[-90.20976,38.16133],[-90.20869,38.16267],[-90.21672,38.16666]]]},"properties":{"GEOID":"1728170","NAME":"Fults","NAMELSAD":"Fults village","ALAND":136719,"AWATER":0}},
{"type":"Feature","geometry":{"type":"Polygon","coordinates":[[[-90.68072,39.62377],[-90.68055,39.61655],[-90.67126,39.61644],[-90.67129,39.62383],[-90.68072,39.62377]]]},"properties":{"GEOID":"1719681","NAME":"Detroit","NAMELSAD":"Detroit village","ALAND":649302,"AWATER":0}},
{"type":"Feature","geometry":{"type":"Polygon","coordinates":[[[-90.79373,39.44702],[-90.79391,39.4358],[-90.78135,39.43876],[-90.78146,39.44631],[-90.79373,39.44702]]]},"properties":{"GEOID":"1751882","NAME":"Nebo","NAMELSAD":"Nebo village","ALAND":1123077,"AWATER":17063}},
{"type":"Feature","geometry":{"type":"Polygon","coordinates":[[[-88.18152,41.05011],[-88.18078,41.04363],[-88.16971,41.04385],[-88.17038,41.05065],[-88.18152,41.05011]]]},"properties":{"GEOID":"1709304","NAME":"Buckingham","NAMELSAD":"Buckingham village","ALAND":648176,"AWATER":0}},
{"type":"Feature","geometry":{"type":"Polygon","coordinates":[[[-89.63337,38.01414],[-89.63335,38.0104],[-89.60746,38.01015],[-89.60736,38.02113],[-89.62571,38.0211],[-89.63337,38.01414]]]},"properties":{"GEOID":"1759104","NAME":"Percy","NAMELSAD":"Percy village","ALAND":2538203,"AWATER":32830}},
{"type":"Feature","geometry":{"type":"Polygon","coordinates":[[[-90.10032,38.08883],[-90.10765,38.08053],[-90.09367,38.07508],[-90.08873,38.07901],[-90.10032,38.08883]]]},"properties":{"GEOID":"1761639","NAME":"Prairie du Rocher","NAMELSAD":"Prairie du Rocher village","ALAND":1479757,"AWATER":0}},
{"type":"Feature","geometry":{"type":"Polygon","coordinates":[[[-89.21286,37.12211],[-89.21301,37.10698],[-89.19471,37.10668],[-89.18968,37.11058],[-89.19288,37.12203],[-89.21286,37.12211]]]},"properties":{"GEOID":"1750777","NAME":"Mounds","NAMELSAD":"Mounds city","ALAND":3128903,"AWATER":19960}},
{"type":"Feature","geometry":{"type":"Polygon","coordinates":[[[-90.41545,41.54393],[-90.40088,41.54359],[-90.39592,41.55069],[-90.39578,41.56497],[-90.41176,41.56116],[-90.42058,41.54417],[-90.41545,41.54393]]]},"properties":{"GEOID":"1732564","NAME":"Hampton","NAMELSAD":"Hampton village","ALAND":3784876,"AWATER":69906}},
{"type":"Feature","geometry":{"type":"Polygon","coordinates":[[[-89.85722,39.67095],[-89.8454,39.66703],[-89.8383,39.66835],[-89.83849,39.68291],[-89.8574,39.68276],[-89.85722,39.67095]]]},"properties":{"GEOID":"1744173","NAME":"Loami","NAMELSAD":"Loami village","ALAND":2620308,"AWATER":10076}},
{"type":"Feature","geometry":{"type":"Polygon","coordinates":[[[-89.9773,41.11351],[-89.97711,41.1072],[-89.96981,41.10599],[-89.96978,41.11283],[-89.9773,41.11351]]]},"properties":{"GEOID":"1740676","NAME":"La Fayette","NAMELSAD":"La Fayette village","ALAND":489065,"AWATER":0}},
{"type":"Feature","geometry":{"type":"Polygon","coordinates":[[[-90.97784,41.29577],[-90.97792,41.29202],[-90.97246,41.29196],[-90.97249,41.29579],[-90.97784,41.29577]]]},"properties":{"GEOID":"1723139","NAME":"Eliza","NAMELSAD":"Eliza CDP","ALAND":328187,"AWATER":0}},
{"type":"Feature","geometry":{"type":"Polygon","coordinates":[[[-89.2867,41.74935],[-89.2852,41.74334],[-89.2719,41.74325],[-89.26606,41.74634],[-89.26852,41.75807],[-89.28475,41.75801],[-89.2867,41.74935]]]},"properties":{"GEOID":"1742600","NAME":"Lee Center","NAMELSAD":"Lee Center CDP","ALAND":2495224,"AWATER":0}},
{"type":"Feature","geometry":{"type":"Polygon","coordinates":[[[-89.11045,42.00622],[-89.10925,41.99896],[-89.10434,41.99904],[-89.10638,42.00627],[-89.11045,42.00622]]]},"properties":{"GEOID":"1739987","NAME":"Kings","NAMELSAD":"Kings CDP","ALAND":396729,"AWATER":0}},
{"type":"Feature","geometry":{"type":"Polygon","coordinates":[[[-88.85512,41.52331],[-88.85172,41.52108],[-88.84953,41.51427],[-88.84546,41.51267],[-88.84547,41.51982],[-88.84983,41.51985],[-88.85512,41.52331]]]},"properties":{"GEOID":"1732876","NAME":"Harding","NAMELSAD":"Harding CDP","ALAND":440573,"AWATER":0}},
{"type":"Feature","geometry":{"type":"Polygon","coordinates":[[[-89.13339,37.80655],[-89.13326,37.80338],[-89.11475,37.80358],[-89.11481,37.81822],[-89.13323,37.81697],[-89.13339,37.80655]]]},"properties":{"GEOID":"1706444","NAME":"Blairsville","NAMELSAD":"Blairsville CDP","ALAND":2614434,"AWATER":5109}},
{"type":"Feature","geometry":{"type":"Polygon","coordinates":[[[-88.12542,41.26596],[-88.14126,41.26209],[-88.13063,41.24918],[-88.12411,41.24397],[-88.1251,41.25497],[-88.12542,41.26596]]]},"properties":{"GEOID":"1763382","NAME":"Rest Haven","NAMELSAD":"Rest Haven CDP","ALAND":1772489,"AWATER":224686}},
{"type":"Feature","geometry":{"type":"Polygon","coordinates":[[[-87.5593,41.38227],[-87.55898,41.35962],[-87.54942,41.36226],[-87.54947,41.37045],[-87.55447,41.38231],[-87.5593,41.38227]]]},"properties":{"GEOID":"1721475","NAME":"Eagle Lake","NAMELSAD":"Eagle Lake CDP","ALAND":1557692,"AWATER":0}},
{"type":"Feature","geometry":{"type":"Polygon","coordinates":[[[-88.15781,39.10878],[-88.15759,39.09787],[-88.14192,39.10052],[-88.14776,39.10827],[-88.15781,39.10878]]]},"properties":{"GEOID":"1765754","NAME":"Rose Hill","NAMELSAD":"Rose Hill village","ALAND":1642191,"AWATER":0}},
{"type":"Feature","geometry":{"type":"Polygon","coordinates":[[[-88.03468,39.12386],[-88.03434,39.11615],[-88.01465,39.11658],[-88.01492,39.12462],[-88.03468,39.12386]]]},"properties":{"GEOID":"1783765","NAME":"Yale","NAMELSAD":"Yale village","ALAND":1489670,"AWATER":0}},
{"type":"Feature","geometry":{"type":"Polygon","coordinates":[[[-87.932,41.545],[-87.92481,41.54676],[-87.92678,41.55018],[-87.932,41.545]]]},"properties":{"GEOID":"1747046","NAME":"Marley","NAMELSAD":"Marley CDP","ALAND":271526,"AWATER":0}},
{"type":"Feature","geometry":{"type":"Polygon","coordinates":[[[-88.4529,41.90527],[-88.47246,41.90307],[-88.48389,41.88142],[-88.46623,41.88159],[-88.46778,41.87393],[-88.44935,41.86652],[-88.44245,41.86955],[-88.4433,41.87938],[-88.45296,41.89341],[-88.4529,41.90513],[-88.4529,41.90527]]]},"properties":{"GEOID":"1722931","NAME":"Elburn","NAMELSAD":"Elburn village","ALAND":9705068,"AWATER":0}},
{"type":"Feature","geometry":{"type":"Polygon","coordinates":[[[-87.82046,41.52687],[-87.8203,41.51356],[-87.81932,41.51357],[-87.80486,41.51356],[-87.80487,41.50875],[-87.79032,41.50643],[-87.79041,41.51031],[-87.79041,41.51129],[-87.79041,41.52804],[-87.79224,41.53672],[-87.80666,41.53649],[-87.81129,41.52906],[-87.81803,41.52895],[-87.82046,41.52687]]]},"properties":{"GEOID":"1727644","NAME":"Frankfort Square","NAMELSAD":"Frankfort Square CDP","ALAND":6465117,"AWATER":0}},
{"type":"Feature","geometry":{"type":"Polygon","coordinates":[[[-87.52573,41.46227],[-87.53154,41.46221],[-87.54574,41.44687],[-87.54558,41.43625],[-87.52586,41.43559],[-87.52573,41.46227]]]},"properties":{"GEOID":"1781938","NAME":"Willowbrook","NAMELSAD":"Willowbrook CDP","ALAND":3800581,"AWATER":41009}},
{"type":"Feature","geometry":{"type":"Polygon","coordinates":[[[-89.00732,42.09459],[-88.97807,42.09382],[-88.9782,42.10109],[-88.98789,42.101],[-88.98793,42.10827],[-89.00744,42.10568],[-89.00732,42.09459]]]},"properties":{"GEOID":"1750062","NAME":"Monroe Center","NAMELSAD":"Monroe Center village","ALAND":3139482,"AWATER":0}},
{"type":"Feature","geometry":{"type":"Polygon","coordinates":[[[-89.19027,42.1074],[-89.18531,42.09969],[-89.1726,42.10065],[-89.17867,42.10964],[-89.19027,42.1074]]]},"properties":{"GEOID":"1772702","NAME":"Stillman Valley","NAMELSAD":"Stillman Valley village","ALAND":1476777,"AWATER":0}},
{"type":"Feature","geometry":{"type":"Polygon","coordinates":[[[-90.36003,41.51957],[-90.35987,41.51238],[-90.35339,41.5121],[-90.35562,41.51872],[-90.36003,41.51957]]]},"properties":{"GEOID":"1703987","NAME":"Barstow","NAMELSAD":"Barstow CDP","ALAND":268078,"AWATER":0}},
{"type":"Feature","geometry":{"type":"Polygon","coordinates":[[[-88.23352,42.28015],[-88.23357,42.27541],[-88.22633,42.27752],[-88.22958,42.28149],[-88.23352,42.28015]]]},"properties":{"GEOID":"1710045","NAME":"Burtons Bridge","NAMELSAD":"Burtons Bridge CDP","ALAND":318666,"AWATER":0}},
{"type":"Feature","geometry":{"type":"Polygon","coordinates":[[[-88.05801,42.21374],[-88.05829,42.20952],[-88.05305,42.20368],[-88.04829,42.21498],[-88.05801,42.21374]]]},"properties":{"GEOID":"1726896","NAME":"Forest Lake","NAMELSAD":"Forest Lake CDP","ALAND":905246,"AWATER":158987}},
{"type":"Feature","geometry":{"type":"Polygon","coordinates":[[[-87.67554,39.1722],[-87.67557,39.16512],[-87.67164,39.16496],[-87.66956,39.17219],[-87.67554,39.1722]]]},"properties":{"GEOID":"1780957","NAME":"West York","NAMELSAD":"West York CDP","ALAND":343786,"AWATER":0}},
{"type":"Feature","geometry":{"type":"Polygon","coordinates":[[[-89.38923,41.91361],[-89.38936,41.9027],[-89.36445,41.90277],[-89.34604,41.90834],[-89.34638,41.91817],[-89.35998,41.91701],[-89.35992,41.92385],[-89.38383,41.92261],[-89.38923,41.91361]]]},"properties":{"GEOID":"1744836","NAME":"Lost Nation","NAMELSAD":"Lost Nation CDP","ALAND":6322299,"AWATER":287170}},
{"type":"Feature","geometry":{"type":"Polygon","coordinates":[[[-88.79554,38.26495],[-88.79562,38.25244],[-88.78349,38.25252],[-88.78626,38.26494],[-88.79554,38.26495]]]},"properties":{"GEOID":"1756198","NAME":"Opdyke","NAMELSAD":"Opdyke CDP","ALAND":1367766,"AWATER":0}},
{"type":"Feature","geometry":{"type":"Polygon","coordinates":[[[-88.52074,40.08372],[-88.5063,40.08407],[-88.50494,40.09213],[-88.51574,40.09033],[-88.52074,40.08372]]]},"properties":{"GEOID":"1781295","NAME":"White Heath","NAMELSAD":"White Heath CDP","ALAND":884168,"AWATER":0}},
{"type":"Feature","geometry":{"type":"Polygon","coordinates":[[[-87.8342,41.89862],[-87.82983,41.88989],[-87.8336,41.88672],[-87.82732,41.87917],[-87.81445,41.87945],[-87.81472,41.88687],[-87.80499,41.88698],[-87.80575,41.9089],[-87.82451,41.90856],[-87.82789,41.90575],[-87.8342,41.89862]]]},"properties":{"GEOID":"1764304","NAME":"River Forest","NAMELSAD":"River Forest village","ALAND":6422504,"AWATER":4794}},
{"type":"Feature","geometry":{"type":"Polygon","coordinates":[[[-88.40476,41.53977],[-88.40403,41.52517],[-88.3659,41.52611],[-88.36628,41.54803],[-88.37593,41.5478],[-88.37585,41.54044],[-88.40476,41.53977]]]},"properties":{"GEOID":"1760391","NAME":"Plattville","NAMELSAD":"Plattville village","ALAND":5850604,"AWATER":0}},
{"type":"Feature","geometry":{"type":"Polygon","coordinates":[[[-88.06458,41.1493],[-88.05893,41.13945],[-88.04929,41.13955],[-88.0495,41.1505],[-88.06458,41.1493]]]},"properties":{"GEOID":"1707237","NAME":"Bonfield","NAMELSAD":"Bonfield village","ALAND":1273608,"AWATER":0}},
{"type":"Feature","geometry":{"type":"Polygon","coordinates":[[[-89.72239,41.51485],[-89.72004,41.50754],[-89.7151,41.50752],[-89.71523,41.51489],[-89.72239,41.51485]]]},"properties":{"GEOID":"1752155","NAME":"New Bedford","NAMELSAD":"New Bedford village","ALAND":400809,"AWATER":0}},
{"type":"Feature","geometry":{"type":"Polygon","coordinates":[[[-89.31683,41.32659],[-89.31588,41.32059],[-89.28298,41.32073],[-89.2831,41.33171],[-89.28716,41.34237],[-89.3064,41.34223],[-89.31602,41.33494],[-89.31683,41.32659]]]},"properties":{"GEOID":"1719499","NAME":"De Pue","NAMELSAD":"De Pue village","ALAND":6337155,"AWATER":276926}},
{"type":"Feature","geometry":{"type":"Polygon","coordinates":[[[-90.07379,39.26186],[-90.07366,39.25132],[-90.05985,39.25142],[-90.05973,39.26183],[-90.07379,39.26186]]]},"properties":{"GEOID":"1713165","NAME":"Chesterfield","NAMELSAD":"Chesterfield village","ALAND":1400571,"AWATER":0}},
{"type":"Feature","geometry":{"type":"Polygon","coordinates":[[[-90.76164,41.20033],[-90.75977,41.18564],[-90.74282,41.18519],[-90.74261,41.19245],[-90.72333,41.19213],[-90.72306,41.20124],[-90.7413,41.20301],[-90.74215,41.21438],[-90.7567,41.21126],[-90.76164,41.20033]]]},"properties":{"GEOID":"1700646","NAME":"Aledo","NAMELSAD":"Aledo city","ALAND":6071739,"AWATER":30085}},
{"type":"Feature","geometry":{"type":"Polygon","coordinates":[[[-90.21374,39.27621],[-90.21356,39.26227],[-90.19927,39.26231],[-90.19968,39.27635],[-90.21374,39.27621]]]},"properties":{"GEOID":"1764811","NAME":"Rockbridge","NAMELSAD":"Rockbridge village","ALAND":1908590,"AWATER":0}},
{"type":"Feature","geometry":{"type":"Polygon","coordinates":[[[-90.18462,38.67829],[-90.17749,38.66012],[-90.15908,38.66027],[-90.15712,38.66845],[-90.1579,38.67861],[-90.18462,38.67829]]]},"properties":{"GEOID":"1777473","NAME":"Venice","NAMELSAD":"Venice city","ALAND":4787598,"AWATER":4874}},
{"type":"Feature","geometry":{"type":"Polygon","coordinates":[[[-89.79342,41.62946],[-89.77889,41.62986],[-89.78122,41.63493],[-89.79081,41.63595],[-89.79342,41.62946]]]},"properties":{"GEOID":"1774470","NAME":"Tampico","NAMELSAD":"Tampico village","ALAND":1020144,"AWATER":0}},
{"type":"Feature","geometry":{"type":"Polygon","coordinates":[[[-89.92441,40.52461],[-89.9246,40.50306],[-89.90496,40.5031],[-89.90501,40.51801],[-89.91586,40.52451],[-89.92441,40.52461]]]},"properties":{"GEOID":"1703571","NAME":"Banner","NAMELSAD":"Banner village","ALAND":3340654,"AWATER":0}},
{"type":"Feature","geometry":{"type":"Polygon","coordinates":[[[-87.94084,39.72084],[-87.94061,39.70979],[-87.92654,39.70994],[-87.92662,39.72094],[-87.94084,39.72084]]]},"properties":{"GEOID":"1708524","NAME":"Brocton","NAMELSAD":"Brocton village","ALAND":1480793,"AWATER":0}},
{"type":"Feature","geometry":{"type":"Polygon","coordinates":[[[-89.2433,37.94655],[-89.24333,37.93371],[-89.23408,37.93376],[-89.23713,37.94655],[-89.2433,37.94655]]]},"properties":{"GEOID":"1720565","NAME":"Dowell","NAMELSAD":"Dowell village","ALAND":1010340,"AWATER":3360}},
{"type":"Feature","geometry":{"type":"Polygon","coordinates":[[[-87.9827,40.19267],[-87.97418,40.19212],[-87.96607,40.19031],[-87.96992,40.19638],[-87.97196,40.19365],[-87.9827,40.19267]]]},"properties":{"GEOID":"1766157","NAME":"Royal","NAMELSAD":"Royal village","ALAND":474825,"AWATER":0}},
{"type":"Feature","geometry":{"type":"Polygon","coordinates":[[[-89.00222,37.7776],[-88.99769,37.7801],[-89.00234,37.7888],[-89.00227,37.80273],[-89.01614,37.80331],[-89.01603,37.8107],[-89.00752,37.81065],[-89.00677,37.81791],[-89.01602,37.82216],[-89.02081,37.83318],[-89.03011,37.84052],[-89.04015,37.84059],[-89.04011,37.81781],[-89.05821,37.81652],[-89.06356,37.8111],[-89.05416,37.79661],[-89.04062,37.79745],[-89.04018,37.78856],[-89.04931,37.78864],[-89.04944,37.77386],[-89.04763,37.76796],[-89.04235,37.76437],[-89.04016,37.76363],[-89.04001,37.74624],[-89.04466,37.74345],[-89.03324,37.74235],[-89.02159,37.74516],[-89.02,37.74515],[-89.02154,37.75676],[-89.02382,37.75921],[-89.02866,37.75844],[-89.02618,37.76008],[-89.02159,37.76368],[-89.03514,37.77593],[-89.03003,37.78497],[-89.01855,37.78426],[-89.0101,37.78602],[-89.00222,37.7776]]]},"properties":{"GEOID":"1734358","NAME":"Herrin","NAMELSAD":"Herrin city","ALAND":25053077,"AWATER":634946}},
{"type":"Feature","geometry":{"type":"Polygon","coordinates":[[[-89.17756,37.07401],[-89.16703,37.07537],[-89.15125,37.09249],[-89.15759,37.09706],[-89.17756,37.07401]]]},"properties":{"GEOID":"1750751","NAME":"Mound City","NAMELSAD":"Mound City city","ALAND":1748967,"AWATER":160372}},
{"type":"Feature","geometry":{"type":"Polygon","coordinates":[[[-90.88458,40.55441],[-90.87572,40.55329],[-90.86775,40.54554],[-90.85674,40.559],[-90.87044,40.56015],[-90.88458,40.55441]]]},"properties":{"GEOID":"1706470","NAME":"Blandinsville","NAMELSAD":"Blandinsville village","ALAND":2266690,"AWATER":0}},
{"type":"Feature","geometry":{"type":"Polygon","coordinates":[[[-89.74968,38.89193],[-89.74975,38.88466],[-89.72427,38.88453],[-89.72355,38.89184],[-89.74968,38.89193]]]},"properties":{"GEOID":"1700737","NAME":"Alhambra","NAMELSAD":"Alhambra village","ALAND":1956824,"AWATER":21191}},
{"type":"Feature","geometry":{"type":"Polygon","coordinates":[[[-89.63152,38.51023],[-89.6212,38.50272],[-89.61192,38.50638],[-89.59312,38.50559],[-89.59314,38.50977],[-89.63152,38.51023]]]},"properties":{"GEOID":"1718472","NAME":"Damiansville","NAMELSAD":"Damiansville village","ALAND":2128029,"AWATER":0}},
{"type":"Feature","geometry":{"type":"Polygon","coordinates":[[[-88.90984,40.56083],[-88.90815,40.55727],[-88.89369,40.55719],[-88.8924,40.56816],[-88.90345,40.56819],[-88.90984,40.56083]]]},"properties":{"GEOID":"1775822","NAME":"Towanda","NAMELSAD":"Towanda village","ALAND":1927366,"AWATER":0}},
{"type":"Feature","geometry":{"type":"MultiPolygon","coordinates":[[[[-89.96093,38.78887],[-89.96392,38.78164],[-89.95309,38.78145],[-89.96093,38.78887]]],[[[-90.06892,38.79833],[-90.08503,38.79885],[-90.08353,38.78754],[-90.08598,38.76994],[-90.06991,38.78607],[-90.05795,38.78595],[-90.08128,38.76901],[-90.07144,38.76536],[-90.06665,38.77441],[-90.05242,38.77187],[-90.05253,38.76062],[-90.03871,38.76031],[-90.02714,38.76021],[-90.03048,38.775],[-90.00735,38.77853],[-89.99397,38.78456],[-89.99388,38.77408],[-90.00426,38.77499],[-90.01293,38.76726],[-90.00289,38.76121],[-90.00363,38.76575],[-89.99202,38.77516],[-89.97081,38.78162],[-89.96703,38.77803],[-89.96093,38.78887],[-89.95701,38.78568],[-89.95195,38.78057],[-89.94538,38.77412],[-89.94226,38.77408],[-89.92853,38.774],[-89.92518,38.78761],[-89.91668,38.78838],[-89.90265,38.78193],[-89.90084,38.78834],[-89.88843,38.78842],[-89.88369,38.79578],[-89.90131,38.79603],[-89.90151,38.80321],[-89.91669,38.80327],[-89.92821,38.81448],[-89.94596,38.81816],[-89.94965,38.82242],[-89.96267,38.82535],[-89.9742,38.82433],[-89.99204,38.81445],[-90.01243,38.80838],[-90.01404,38.80114],[-90.0217,38.79938],[-90.02162,38.78239],[-90.03571,38.77859],[-90.03582,38.786],[-90.04501,38.79274],[-90.044,38.80184],[-90.0576,38.80141],[-90.05755,38.78676],[-90.06699,38.78937],[-90.06892,38.79833]]]]},"properties":{"GEOID":"1722697","NAME":"Edwardsville","NAMELSAD":"Edwardsville city","ALAND":51847920,"AWATER":1575613}},
{"type":"Feature","geometry":{"type":"Polygon","coordinates":[[[-88.88279,41.32871],[-88.85651,41.34062],[-88.85621,41.32406],[-88.86128,41.32029],[-88.85105,41.31321],[-88.82823,41.31741],[-88.82763,41.33195],[-88.8248,41.33816],[-88.81139,41.34333],[-88.77365,41.33797],[-88.77277,41.34073],[-88.74372,41.33481],[-88.75344,41.33822],[-88.75362,41.34372],[-88.78821,41.3538],[-88.80158,41.35577],[-88.78822,41.36767],[-88.78596,41.36976],[-88.76898,41.37207],[-88.76152,41.37537],[-88.76169,41.38302],[-88.78025,41.38661],[-88.78471,41.37838],[-88.79431,41.37728],[-88.80262,41.36631],[-88.80283,41.35571],[-88.81227,41.35119],[-88.82671,41.36172],[-88.80266,41.37101],[-88.79742,41.37722],[-88.81377,41.37975],[-88.81653,41.38583],[-88.81638,41.39783],[-88.8453,41.3973],[-88.8503,41.38642],[-88.85012,41.37183],[-88.84585,41.36321],[-88.85899,41.35831],[-88.86498,41.34918],[-88.86561,41.33993],[-88.87357,41.33567],[-88.88279,41.32871]]]},"properties":{"GEOID":"1756926","NAME":"Ottawa","NAMELSAD":"Ottawa city","ALAND":38528735,"AWATER":1673971}},
{"type":"Feature","geometry":{"type":"Polygon","coordinates":[[[-87.85213,41.84213],[-87.85181,41.83485],[-87.86158,41.8346],[-87.86098,41.82003],[-87.85946,41.80528],[-87.83993,41.80564],[-87.84059,41.82051],[-87.83169,41.8206],[-87.83216,41.8353],[-87.83263,41.8426],[-87.84234,41.84253],[-87.85213,41.84213]]]},"properties":{"GEOID":"1708576","NAME":"Brookfield","NAMELSAD":"Brookfield village","ALAND":7934878,"AWATER":17368}},
{"type":"Feature","geometry":{"type":"Polygon","coordinates":[[[-89.44638,40.25185],[-89.43778,40.24746],[-89.43697,40.25322],[-89.44638,40.25185]]]},"properties":{"GEOID":"1733318","NAME":"Hartsburg","NAMELSAD":"Hartsburg village","ALAND":388519,"AWATER":0}},
{"type":"Feature","geometry":{"type":"Polygon","coordinates":[[[-90.02245,40.15074],[-90.01929,40.14465],[-90.00314,40.14457],[-90.00331,40.15939],[-90.01918,40.15938],[-90.02245,40.15074]]]},"properties":{"GEOID":"1739857","NAME":"Kilbourne","NAMELSAD":"Kilbourne village","ALAND":2303348,"AWATER":0}},
{"type":"Feature","geometry":{"type":"Polygon","coordinates":[[[-88.23727,42.29547],[-88.22873,42.2857],[-88.22303,42.28744],[-88.22063,42.30635],[-88.23274,42.30633],[-88.23727,42.29547]]]},"properties":{"GEOID":"1735515","NAME":"Holiday Hills","NAMELSAD":"Holiday Hills village","ALAND":2419717,"AWATER":99297}},
{"type":"Feature","geometry":{"type":"Polygon","coordinates":[[[-89.25803,37.3466],[-89.25807,37.33559],[-89.24886,37.33581],[-89.24911,37.34645],[-89.25803,37.3466]]]},"properties":{"GEOID":"1749178","NAME":"Mill Creek","NAMELSAD":"Mill Creek village","ALAND":973700,"AWATER":15407}},
{"type":"Feature","geometry":{"type":"Polygon","coordinates":[[[-87.84334,39.00342],[-87.84259,38.99],[-87.82385,38.99005],[-87.82458,39.00355],[-87.84334,39.00342]]]},"properties":{"GEOID":"1773027","NAME":"Stoy","NAMELSAD":"Stoy village","ALAND":2415076,"AWATER":0}},
{"type":"Feature","geometry":{"type":"Polygon","coordinates":[[[-90.96046,40.93636],[-90.96292,40.92496],[-90.94084,40.92444],[-90.94081,40.95382],[-90.95232,40.95385],[-90.96046,40.93636]]]},"properties":{"GEOID":"1756237","NAME":"Oquawka","NAMELSAD":"Oquawka village","ALAND":3804347,"AWATER":1012566}},
{"type":"Feature","geometry":{"type":"MultiPolygon","coordinates":[[[[-88.4248,41.98382],[-88.43319,41.98136],[-88.41994,41.97266],[-88.40792,41.97175],[-88.40514,41.984],[-88.3953,41.9841],[-88.39526,41.97763],[-88.38562,41.97449],[-88.38588,41.98754],[-88.39543,41.98709],[-88.39548,41.99133],[-88.38549,41.99139],[-88.37587,41.99146],[-88.37586,42.00405],[-88.39892,42.01021],[-88.41046,42.00872],[-88.41009,41.99846],[-88.40881,41.98826],[-88.42065,41.98746],[-88.4248,41.98382]],[[-88.4051,41.99856],[-88.40017,42.00616],[-88.39086,42.00607],[-88.3955,41.99479],[-88.4051,41.99856]]],[[[-88.42173,42.0614],[-88.45511,42.06314],[-88.4552,42.05596],[-88.4258,42.0561],[-88.4208,42.04703],[-88.41085,42.04576],[-88.41095,42.05696],[-88.3926,42.04888],[-88.39049,42.05295],[-88.36616,42.04515],[-88.38157,42.04034],[-88.37625,42.02665],[-88.38596,42.01348],[-88.36052,42.01282],[-88.35596,42.02102],[-88.36069,42.02699],[-88.34899,42.03031],[-88.34624,42.02153],[-88.35576,42.02102],[-88.35308,41.99641],[-88.34079,41.99076],[-88.33141,41.98534],[-88.33103,41.98585],[-88.32735,41.99244],[-88.3263,42.00718],[-88.32059,42.00677],[-88.31747,42.00685],[-88.30211,42.00625],[-88.30199,42.01269],[-88.28007,42.0126],[-88.26318,42.01195],[-88.2469,42.00843],[-88.24755,41.99392],[-88.23815,41.99409],[-88.2369,41.9868],[-88.22784,41.99427],[-88.23101,41.99422],[-88.23662,41.99453],[-88.23287,42.01318],[-88.22494,42.01571],[-88.23674,42.03045],[-88.23833,42.04909],[-88.2421,42.04903],[-88.2433,42.0617],[-88.27404,42.07309],[-88.29658,42.07419],[-88.31657,42.07183],[-88.3354,42.08411],[-88.33514,42.09623],[-88.33518,42.10004],[-88.33521,42.10339],[-88.33521,42.10349],[-88.33994,42.10349],[-88.35219,42.10346],[-88.3498,42.08688],[-88.34996,42.08164],[-88.35513,42.0762],[-88.35263,42.06709],[-88.33973,42.06693],[-88.3354,42.05943],[-88.35118,42.06082],[-88.34956,42.05343],[-88.33779,42.04552],[-88.34199,42.03689],[-88.35332,42.04122],[-88.35972,42.04968],[-88.37621,42.05113],[-88.37634,42.05805],[-88.38412,42.06685],[-88.38433,42.08172],[-88.39506,42.08878],[-88.41028,42.08516],[-88.41128,42.06753],[-88.42173,42.0614]]]]},"properties":{"GEOID":"1723074","NAME":"Elgin","NAMELSAD":"Elgin city","ALAND":99078114,"AWATER":1485141}},
{"type":"Feature","geometry":{"type":"Polygon","coordinates":[[[-89.46452,39.16622],[-89.46698,39.17663],[-89.47337,39.18075],[-89.47356,39.1912],[-89.46193,39.19539],[-89.46265,39.20145],[-89.45092,39.20267],[-89.45027,39.21542],[-89.46825,39.21998],[-89.46727,39.2292],[-89.45554,39.23551],[-89.45236,39.24647],[-89.46091,39.2465],[-89.478,39.21937],[-89.47365,39.2118],[-89.47104,39.19807],[-89.48768,39.19528],[-89.48322,39.18623],[-89.48299,39.16972],[-89.48833,39.16742],[-89.49704,39.17962],[-89.50644,39.18061],[-89.50407,39.17156],[-89.49626,39.17326],[-89.48889,39.16776],[-89.50155,39.16081],[-89.50734,39.15344],[-89.50863,39.14428],[-89.49212,39.13949],[-89.48896,39.13707],[-89.48855,39.13707],[-89.48276,39.13709],[-89.47084,39.13707],[-89.47802,39.1238],[-89.46111,39.12446],[-89.45172,39.12251],[-89.45189,39.13347],[-89.4473,39.14447],[-89.45656,39.14445],[-89.45671,39.15177],[-89.46605,39.15542],[-89.46942,39.1554],[-89.47356,39.15528],[-89.47361,39.16247],[-89.46765,39.16292],[-89.46452,39.16622]]]},"properties":{"GEOID":"1735047","NAME":"Hillsboro","NAMELSAD":"Hillsboro city","ALAND":22668688,"AWATER":4511030}},
{"type":"Feature","geometry":{"type":"MultiPolygon","coordinates":[[[[-88.39049,41.70819],[-88.40635,41.69252],[-88.38994,41.69617],[-88.39049,41.70819]]],[[[-88.47253,41.72138],[-88.4725,41.71618],[-88.43444,41.71726],[-88.43457,41.72189],[-88.47253,41.72138]]],[[[-88.48866,41.68634],[-88.47715,41.68628],[-88.47746,41.69511],[-88.48874,41.68998],[-88.48866,41.68634]]],[[[-88.48796,41.65719],[-88.4666,41.65642],[-88.45675,41.65252],[-88.45643,41.64404],[-88.47259,41.64332],[-88.46866,41.63392],[-88.47906,41.63242],[-88.4857,41.62659],[-88.4884,41.61121],[-88.49654,41.61259],[-88.49576,41.6014],[-88.5133,41.59201],[-88.49818,41.58846],[-88.49531,41.59768],[-88.48031,41.60125],[-88.47556,41.60683],[-88.48433,41.61359],[-88.48548,41.61958],[-88.47208,41.6245],[-88.47391,41.63083],[-88.46593,41.63388],[-88.45879,41.62886],[-88.4524,41.61485],[-88.44339,41.61399],[-88.43646,41.60483],[-88.42656,41.60915],[-88.40714,41.60965],[-88.40737,41.61678],[-88.42702,41.62465],[-88.43708,41.63092],[-88.4373,41.6441],[-88.42204,41.64643],[-88.42306,41.65496],[-88.42992,41.65753],[-88.40489,41.67059],[-88.39516,41.67768],[-88.39139,41.68986],[-88.3899,41.69451],[-88.40616,41.69169],[-88.40542,41.68481],[-88.41082,41.67973],[-88.42858,41.68349],[-88.44314,41.68353],[-88.44346,41.69515],[-88.43172,41.6918],[-88.41813,41.69145],[-88.42383,41.70049],[-88.4292,41.70647],[-88.43442,41.7167],[-88.46832,41.71512],[-88.45836,41.70787],[-88.45804,41.69833],[-88.46592,41.69026],[-88.46181,41.68041],[-88.46774,41.67315],[-88.46656,41.66066],[-88.48477,41.66176],[-88.48824,41.66903],[-88.48813,41.66462],[-88.48806,41.66182],[-88.48796,41.65719]]],[[[-88.53358,41.57854],[-88.5333,41.5737],[-88.50902,41.57385],[-88.50961,41.588],[-88.51451,41.59136],[-88.53358,41.57854]]]]},"properties":{"GEOID":"1784038","NAME":"Yorkville","NAMELSAD":"Yorkville city","ALAND":52925111,"AWATER":255945}},
{"type":"Feature","geometry":{"type":"Polygon","coordinates":[[[-89.26132,37.46844],[-89.26986,37.46318],[-89.28088,37.4633],[-89.28112,37.44106],[-89.26936,37.4383],[-89.2498,37.43841],[-89.24972,37.44551],[-89.24965,37.45306],[-89.25922,37.4529],[-89.26132,37.46844]]]},"properties":{"GEOID":"1738635","NAME":"Jonesboro","NAMELSAD":"Jonesboro city","ALAND":6994105,"AWATER":14366}},
{"type":"Feature","geometry":{"type":"Polygon","coordinates":[[[-88.97575,38.30277],[-88.96631,38.29689],[-88.9664,38.28931],[-88.94778,38.28621],[-88.94776,38.29298],[-88.91635,38.29366],[-88.90702,38.29168],[-88.90424,38.27543],[-88.89771,38.27663],[-88.89956,38.2856],[-88.89739,38.29524],[-88.88465,38.30003],[-88.88704,38.31828],[-88.87576,38.31584],[-88.83477,38.32002],[-88.83547,38.33634],[-88.84477,38.33555],[-88.85714,38.32715],[-88.86736,38.32889],[-88.88249,38.32058],[-88.89176,38.32204],[-88.90964,38.34234],[-88.92331,38.34453],[-88.92885,38.33672],[-88.93758,38.33643],[-88.94203,38.32933],[-88.95132,38.32838],[-88.97002,38.33126],[-88.96989,38.30734],[-88.97575,38.30277]]]},"properties":{"GEOID":"1751180","NAME":"Mount Vernon","NAMELSAD":"Mount Vernon city","ALAND":37977550,"AWATER":205417}},
{"type":"Feature","geometry":{"type":"MultiPolygon","coordinates":[[[[-88.2369,41.9868],[-88.23702,41.97595],[-88.23255,41.96714],[-88.22286,41.96446],[-88.22297,41.94771],[-88.21325,41.94823],[-88.2036,41.94804],[-88.19847,41.95849],[-88.18556,41.95934],[-88.18078,41.95144],[-88.19386,41.95129],[-88.19524,41.94381],[-88.18151,41.94389],[-88.17321,41.94145],[-88.16732,41.94186],[-88.161,41.95906],[-88.1645,41.97239],[-88.15802,41.97195],[-88.16029,41.98038],[-88.16028,41.98095],[-88.1599,41.98934],[-88.17401,41.99108],[-88.17425,42.00133],[-88.18874,42.00603],[-88.18987,42.00603],[-88.19243,42.00607],[-88.195,42.00769],[-88.19371,42.00944],[-88.19368,42.01117],[-88.20631,42.00928],[-88.2197,42.01456],[-88.22494,42.01571],[-88.23287,42.01318],[-88.23662,41.99453],[-88.23101,41.99422],[-88.22784,41.99427],[-88.2369,41.9868]]],[[[-88.2542,41.97342],[-88.23808,41.96847],[-88.23827,41.98021],[-88.25101,41.98256],[-88.2542,41.97342]]],[[[-88.26318,42.01195],[-88.2689,42.00585],[-88.26894,42.0045],[-88.26847,41.99775],[-88.26766,41.9863],[-88.26908,41.9778],[-88.25491,41.97718],[-88.25088,41.98312],[-88.23823,41.98541],[-88.23815,41.99409],[-88.24755,41.99392],[-88.2469,42.00843],[-88.26318,42.01195]],[[-88.26292,41.99362],[-88.2631,42.00508],[-88.25141,42.0053],[-88.25256,41.99384],[-88.26292,41.99362]]]]},"properties":{"GEOID":"1704013","NAME":"Bartlett","NAMELSAD":"Bartlett village","ALAND":40725275,"AWATER":503084}},
{"type":"Feature","geometry":{"type":"Polygon","coordinates":[[[-89.93069,39.73295],[-89.93063,39.72566],[-89.91932,39.72419],[-89.91935,39.71849],[-89.9022,39.71861],[-89.90059,39.73024],[-89.91928,39.73315],[-89.93069,39.73295]]]},"properties":{"GEOID":"1752168","NAME":"New Berlin","NAMELSAD":"New Berlin village","ALAND":2925434,"AWATER":0}},
{"type":"Feature","geometry":{"type":"Polygon","coordinates":[[[-90.38005,39.88589],[-90.38011,39.87502],[-90.36133,39.87488],[-90.3613,39.88607],[-90.38005,39.88589]]]},"properties":{"GEOID":"1701946","NAME":"Arenzville","NAMELSAD":"Arenzville village","ALAND":1988590,"AWATER":0}},
{"type":"Feature","geometry":{"type":"Polygon","coordinates":[[[-88.06377,38.59629],[-88.06373,38.58079],[-88.05022,38.58128],[-88.04988,38.59668],[-88.06377,38.59629]]]},"properties":{"GEOID":"1757693","NAME":"Parkersburg","NAMELSAD":"Parkersburg village","ALAND":2138254,"AWATER":0}},
{"type":"Feature","geometry":{"type":"Polygon","coordinates":[[[-88.53335,41.00941],[-88.53361,40.99484],[-88.51434,40.99506],[-88.51406,41.01004],[-88.53335,41.00941]]]},"properties":{"GEOID":"1755171","NAME":"Odell","NAMELSAD":"Odell village","ALAND":2788592,"AWATER":44039}},
{"type":"Feature","geometry":{"type":"Polygon","coordinates":[[[-87.6408,41.34786],[-87.63461,41.33879],[-87.62669,41.33704],[-87.61657,41.34076],[-87.59729,41.34095],[-87.59734,41.35548],[-87.60951,41.35537],[-87.61192,41.36831],[-87.62155,41.36071],[-87.63109,41.36047],[-87.63099,41.34792],[-87.6408,41.34786]]]},"properties":{"GEOID":"1704585","NAME":"Beecher","NAMELSAD":"Beecher village","ALAND":7092509,"AWATER":0}},
{"type":"Feature","geometry":{"type":"Polygon","coordinates":[[[-89.4676,39.42858],[-89.4675,39.41402],[-89.44884,39.41409],[-89.44913,39.42852],[-89.4676,39.42858]]]},"properties":{"GEOID":"1750543","NAME":"Morrisonville","NAMELSAD":"Morrisonville village","ALAND":2679946,"AWATER":0}},
{"type":"Feature","geometry":{"type":"Polygon","coordinates":[[[-90.87131,40.85197],[-90.85476,40.85233],[-90.85471,40.85779],[-90.86767,40.85658],[-90.87131,40.85197]]]},"properties":{"GEOID":"1705898","NAME":"Biggsville","NAMELSAD":"Biggsville village","ALAND":877614,"AWATER":0}},
{"type":"Feature","geometry":{"type":"Polygon","coordinates":[[[-90.3107,40.62694],[-90.30145,40.62324],[-90.30126,40.63124],[-90.3107,40.62694]]]},"properties":{"GEOID":"1723529","NAME":"Ellisville","NAMELSAD":"Ellisville village","ALAND":702664,"AWATER":0}},
{"type":"Feature","geometry":{"type":"Polygon","coordinates":[[[-89.02466,41.85183],[-89.02459,41.84628],[-89.01564,41.84756],[-89.01572,41.85034],[-89.02466,41.85183]]]},"properties":{"GEOID":"1772624","NAME":"Steward","NAMELSAD":"Steward village","ALAND":341696,"AWATER":0}},
{"type":"Feature","geometry":{"type":"Polygon","coordinates":[[[-88.54292,41.9604],[-88.54214,41.94214],[-88.51763,41.94992],[-88.52268,41.95606],[-88.52286,41.96759],[-88.53746,41.9713],[-88.54292,41.9604]]]},"properties":{"GEOID":"1778175","NAME":"Virgil","NAMELSAD":"Virgil village","ALAND":5654177,"AWATER":0}},
{"type":"Feature","geometry":{"type":"Polygon","coordinates":[[[-88.40478,40.65319],[-88.40103,40.65022],[-88.39514,40.65023],[-88.39681,40.65516],[-88.40478,40.65319]]]},"properties":{"GEOID":"1773131","NAME":"Strawn","NAMELSAD":"Strawn village","ALAND":318487,"AWATER":0}},
{"type":"Feature","geometry":{"type":"Polygon","coordinates":[[[-89.06051,39.5233],[-89.05849,39.51168],[-89.03993,39.51171],[-89.03615,39.52322],[-89.06051,39.5233]]]},"properties":{"GEOID":"1702609","NAME":"Assumption","NAMELSAD":"Assumption city","ALAND":2564245,"AWATER":0}},
{"type":"Feature","geometry":{"type":"Polygon","coordinates":[[[-89.33761,39.53296],[-89.32179,39.52622],[-89.30962,39.53644],[-89.30194,39.53913],[-89.28322,39.53832],[-89.28154,39.54707],[-89.26931,39.54618],[-89.26241,39.53819],[-89.26187,39.51643],[-89.26401,39.50137],[-89.25912,39.49167],[-89.26528,39.48976],[-89.26895,39.4808],[-89.27987,39.47844],[-89.28328,39.46878],[-89.2747,39.4662],[-89.27217,39.47349],[-89.26418,39.47226],[-89.2514,39.47564],[-89.24954,39.48375],[-89.24228,39.49101],[-89.24102,39.50186],[-89.24997,39.50212],[-89.25001,39.51341],[-89.23276,39.51571],[-89.26688,39.54583],[-89.25988,39.55608],[-89.26012,39.57186],[-89.25019,39.58278],[-89.25612,39.58964],[-89.25601,39.59692],[-89.26539,39.59683],[-89.27014,39.58957],[-89.26993,39.57918],[-89.26031,39.57931],[-89.26255,39.55685],[-89.2761,39.55834],[-89.28362,39.56192],[-89.29744,39.56201],[-89.29766,39.56743],[-89.31082,39.56727],[-89.3108,39.57466],[-89.32612,39.57466],[-89.33045,39.56733],[-89.33033,39.55659],[-89.32536,39.55054],[-89.32536,39.53823],[-89.33761,39.53296]],[[-89.24979,39.52012],[-89.24939,39.52961],[-89.23366,39.51579],[-89.24589,39.51606],[-89.24979,39.52012]]]},"properties":{"GEOID":"1774574","NAME":"Taylorville","NAMELSAD":"Taylorville city","ALAND":26715394,"AWATER":4947507}},
{"type":"Feature","geometry":{"type":"Polygon","coordinates":[[[-90.61543,40.33131],[-90.61495,40.32227],[-90.6012,40.32249],[-90.60116,40.33161],[-90.61543,40.33131]]]},"properties":{"GEOID":"1737439","NAME":"Industry","NAMELSAD":"Industry village","ALAND":1191474,"AWATER":2188}},
{"type":"Feature","geometry":{"type":"Polygon","coordinates":[[[-89.85721,38.89281],[-89.8526,38.88184],[-89.83373,38.8816],[-89.83368,38.89623],[-89.85254,38.89639],[-89.85721,38.89281]]]},"properties":{"GEOID":"1732408","NAME":"Hamel","NAMELSAD":"Hamel village","ALAND":3081407,"AWATER":22061}},
{"type":"Feature","geometry":{"type":"Polygon","coordinates":[[[-88.74759,40.7412],[-88.74745,40.7339],[-88.738,40.73401],[-88.73199,40.72684],[-88.7182,40.72701],[-88.71839,40.73427],[-88.70636,40.73812],[-88.70905,40.74897],[-88.72843,40.74864],[-88.73787,40.74139],[-88.74759,40.7412]]]},"properties":{"GEOID":"1712931","NAME":"Chenoa","NAMELSAD":"Chenoa city","ALAND":6294203,"AWATER":105761}},
{"type":"Feature","geometry":{"type":"Polygon","coordinates":[[[-89.85689,38.92821],[-89.83248,38.92569],[-89.83251,38.94026],[-89.84177,38.94033],[-89.84648,38.92744],[-89.85689,38.92821]]]},"properties":{"GEOID":"1783505","NAME":"Worden","NAMELSAD":"Worden village","ALAND":1847425,"AWATER":30722}},
{"type":"Feature","geometry":{"type":"Polygon","coordinates":[[[-87.71636,41.65015],[-87.72368,41.64741],[-87.72322,41.64075],[-87.71464,41.63812],[-87.71573,41.63812],[-87.70932,41.63291],[-87.69861,41.63324],[-87.69197,41.65078],[-87.71636,41.65015]]]},"properties":{"GEOID":"1764616","NAME":"Robbins","NAMELSAD":"Robbins village","ALAND":3752688,"AWATER":0}},
{"type":"Feature","geometry":{"type":"Polygon","coordinates":[[[-90.61235,41.26227],[-90.61036,41.25495],[-90.60058,41.25874],[-90.60044,41.26421],[-90.61235,41.26227]]]},"properties":{"GEOID":"1747527","NAME":"Matherville","NAMELSAD":"Matherville village","ALAND":1012721,"AWATER":21517}},
{"type":"Feature","geometry":{"type":"Polygon","coordinates":[[[-87.71956,40.06991],[-87.71029,40.06644],[-87.7089,40.05781],[-87.70061,40.05778],[-87.69985,40.07032],[-87.7029,40.0757],[-87.71512,40.07416],[-87.71956,40.06991]]]},"properties":{"GEOID":"1711774","NAME":"Catlin","NAMELSAD":"Catlin village","ALAND":2199917,"AWATER":8602}},
{"type":"Feature","geometry":{"type":"Polygon","coordinates":[[[-87.83232,39.91692],[-87.83246,39.90245],[-87.81479,39.9026],[-87.81476,39.91688],[-87.83232,39.91692]]]},"properties":{"GEOID":"1769836","NAME":"Sidell","NAMELSAD":"Sidell village","ALAND":2400169,"AWATER":0}},
{"type":"Feature","geometry":{"type":"Polygon","coordinates":[[[-89.79323,39.35512],[-89.78869,39.34557],[-89.77463,39.34577],[-89.7743,39.35505],[-89.79323,39.35512]]]},"properties":{"GEOID":"1772234","NAME":"Standard City","NAMELSAD":"Standard City village","ALAND":1647581,"AWATER":8690}},
{"type":"Feature","geometry":{"type":"Polygon","coordinates":[[[-89.77411,39.07902],[-89.77392,39.06456],[-89.75558,39.06277],[-89.7601,39.07915],[-89.77411,39.07902]]]},"properties":{"GEOID":"1781191","NAME":"White City","NAMELSAD":"White City village","ALAND":3139767,"AWATER":10210}},
{"type":"Feature","geometry":{"type":"Polygon","coordinates":[[[-89.48899,40.30472],[-89.48876,40.29383],[-89.48095,40.29435],[-89.48048,40.30119],[-89.48899,40.30472]]]},"properties":{"GEOID":"1723971","NAME":"Emden","NAMELSAD":"Emden village","ALAND":608105,"AWATER":0}},
{"type":"Feature","geometry":{"type":"Polygon","coordinates":[[[-88.86208,38.09606],[-88.86198,38.08139],[-88.84359,38.08169],[-88.84366,38.09628],[-88.86208,38.09606]]]},"properties":{"GEOID":"1724673","NAME":"Ewing","NAMELSAD":"Ewing village","ALAND":2613313,"AWATER":2759}},
{"type":"Feature","geometry":{"type":"Polygon","coordinates":[[[-87.98783,38.38124],[-87.98762,38.37205],[-87.97687,38.37653],[-87.98783,38.38124]]]},"properties":{"GEOID":"1708979","NAME":"Browns","NAMELSAD":"Browns village","ALAND":750338,"AWATER":0}},
{"type":"Feature","geometry":{"type":"Polygon","coordinates":[[[-88.62758,37.85175],[-88.62768,37.8312],[-88.60207,37.83109],[-88.60179,37.85165],[-88.62758,37.85175]]]},"properties":{"GEOID":"1728261","NAME":"Galatia","NAMELSAD":"Galatia village","ALAND":5058962,"AWATER":72825}},
{"type":"Feature","geometry":{"type":"Polygon","coordinates":[[[-90.96566,40.86277],[-90.95098,40.86018],[-90.95086,40.86839],[-90.96053,40.86873],[-90.96566,40.86277]]]},"properties":{"GEOID":"1729431","NAME":"Gladstone","NAMELSAD":"Gladstone village","ALAND":931779,"AWATER":0}},
{"type":"Feature","geometry":{"type":"Polygon","coordinates":[[[-87.93555,42.00815],[-87.94003,41.99813],[-87.93995,41.99348],[-87.93983,41.98668],[-87.93961,41.95669],[-87.9202,41.95326],[-87.91585,41.95745],[-87.91445,41.95354],[-87.89266,41.95071],[-87.89076,41.95803],[-87.88056,41.95712],[-87.88088,41.97308],[-87.86185,41.97336],[-87.85415,41.97143],[-87.85795,41.95534],[-87.8542,41.94599],[-87.84959,41.93729],[-87.82625,41.93775],[-87.80662,41.93451],[-87.80575,41.9089],[-87.7756,41.90925],[-87.77414,41.86546],[-87.73993,41.86596],[-87.73865,41.82213],[-87.74354,41.82217],[-87.74894,41.81474],[-87.75312,41.81344],[-87.75291,41.80749],[-87.75274,41.80019],[-87.78203,41.79967],[-87.79421,41.79946],[-87.80209,41.79785],[-87.80102,41.77627],[-87.80081,41.77371],[-87.74216,41.77478],[-87.7416,41.75649],[-87.74107,41.73452],[-87.72144,41.73486],[-87.71198,41.73503],[-87.68739,41.73544],[-87.68229,41.72824],[-87.68184,41.71367],[-87.69173,41.71357],[-87.69153,41.70722],[-87.71112,41.70608],[-87.71258,41.7133],[-87.72112,41.71317],[-87.72032,41.69127],[-87.73973,41.69089],[-87.73945,41.68363],[-87.71891,41.68398],[-87.71013,41.68048],[-87.69563,41.68434],[-87.68586,41.68448],[-87.68636,41.67721],[-87.66715,41.67583],[-87.66115,41.67033],[-87.64167,41.67054],[-87.64155,41.66689],[-87.6472,41.66316],[-87.647,41.65698],[-87.61831,41.6591],[-87.62133,41.65042],[-87.61723,41.64458],[-87.57848,41.64473],[-87.56407,41.64464],[-87.52501,41.64464],[-87.52416,41.70831],[-87.52902,41.71538],[-87.52462,41.72352],[-87.52925,41.73276],[-87.53106,41.74807],[-87.54326,41.752],[-87.54075,41.75726],[-87.5542,41.76058],[-87.57286,41.77934],[-87.58219,41.80436],[-87.60055,41.82683],[-87.60945,41.84523],[-87.60585,41.86685],[-87.61625,41.86893],[-87.61428,41.89364],[-87.62294,41.90202],[-87.6333,41.94238],[-87.64074,41.95385],[-87.6392,41.96621],[-87.64564,41.97143],[-87.654,41.98898],[-87.65766,42.00697],[-87.66615,42.02313],[-87.67331,42.01939],[-87.70866,42.01914],[-87.70906,42.01186],[-87.70934,41.99739],[-87.75291,41.9973],[-87.76181,42.00465],[-87.76787,42.00426],[-87.77334,42.01195],[-87.78872,42.012],[-87.78271,42.00423],[-87.79077,42.00053],[-87.80675,42.00151],[-87.80655,42.01897],[-87.81633,42.01875],[-87.82121,42.01864],[-87.82141,41.99685],[-87.82333,41.98451],[-87.85585,41.98906],[-87.85573,41.98882],[-87.85603,41.98679],[-87.862,41.97386],[-87.8738,41.97673],[-87.8801,41.99524],[-87.88453,41.99822],[-87.89407,42.00571],[-87.89425,42.0057],[-87.90268,42.00863],[-87.90786,42.00524],[-87.92334,42.00636],[-87.92925,42.005],[-87.93356,42.00818],[-87.93555,42.00815]],[[-87.83265,41.95932],[-87.83668,41.9666],[-87.84654,41.97193],[-87.81943,41.9741],[-87.81841,41.97062],[-87.80716,41.96827],[-87.78677,41.96843],[-87.7868,41.96022],[-87.8013,41.95672],[-87.80727,41.95277],[-87.82277,41.95239],[-87.83179,41.95216],[-87.83265,41.95932]]]},"properties":{"GEOID":"1714000","NAME":"Chicago","NAMELSAD":"Chicago city","ALAND":589864490,"AWATER":17575510}},
{"type":"Feature","geometry":{"type":"MultiPolygon","coordinates":[[[[-90.10505,38.70358],[-90.11754,38.69468],[-90.12551,38.68304],[-90.09767,38.69554],[-90.09848,38.70529],[-90.10505,38.70358]]],[[[-90.11986,38.79543],[-90.13127,38.77172],[-90.18775,38.6942],[-90.17607,38.69634],[-90.17,38.69161],[-90.1486,38.69225],[-90.14841,38.68735],[-90.13486,38.68741],[-90.10401,38.70898],[-90.09436,38.71306],[-90.09016,38.71518],[-90.0857,38.71747],[-90.07576,38.72181],[-90.08529,38.73171],[-90.08988,38.73963],[-90.08057,38.7424],[-90.08525,38.74674],[-90.08997,38.75063],[-90.10338,38.75122],[-90.09889,38.74668],[-90.09609,38.73509],[-90.1168,38.73527],[-90.10866,38.74708],[-90.12624,38.74795],[-90.12002,38.76078],[-90.11242,38.76498],[-90.10191,38.76209],[-90.09414,38.76457],[-90.09496,38.78022],[-90.08452,38.78405],[-90.08578,38.79109],[-90.09527,38.79157],[-90.10208,38.79509],[-90.10345,38.79894],[-90.10963,38.79504],[-90.11986,38.79543]],[[-90.12811,38.76543],[-90.12617,38.77667],[-90.11416,38.77683],[-90.12811,38.76543]]]]},"properties":{"GEOID":"1730926","NAME":"Granite City","NAMELSAD":"Granite City city","ALAND":49249568,"AWATER":4040343}},
{"type":"Feature","geometry":{"type":"Polygon","coordinates":[[[-90.48939,39.55604],[-90.48937,39.54144],[-90.47058,39.54141],[-90.47051,39.55591],[-90.48939,39.55604]]]},"properties":{"GEOID":"1729496","NAME":"Glasgow","NAMELSAD":"Glasgow village","ALAND":2619548,"AWATER":0}},
{"type":"Feature","geometry":{"type":"Polygon","coordinates":[[[-91.10668,39.63193],[-91.09508,39.62877],[-91.08586,39.64381],[-91.10528,39.64413],[-91.10668,39.63193]]]},"properties":{"GEOID":"1752311","NAME":"New Canton","NAMELSAD":"New Canton town","ALAND":2280834,"AWATER":0}},
{"type":"Feature","geometry":{"type":"Polygon","coordinates":[[[-88.20992,41.18757],[-88.2095,41.1767],[-88.20439,41.16957],[-88.18537,41.17004],[-88.1807,41.17384],[-88.18149,41.19189],[-88.18638,41.19448],[-88.20541,41.19491],[-88.20992,41.18757]]]},"properties":{"GEOID":"1724452","NAME":"Essex","NAMELSAD":"Essex village","ALAND":6187335,"AWATER":65802}},
{"type":"Feature","geometry":{"type":"Polygon","coordinates":[[[-90.01131,38.13274],[-90.00174,38.13108],[-89.99794,38.13866],[-90.00717,38.13881],[-90.01131,38.13274]]]},"properties":{"GEOID":"1766287","NAME":"Ruma","NAMELSAD":"Ruma village","ALAND":1921475,"AWATER":0}},
{"type":"Feature","geometry":{"type":"Polygon","coordinates":[[[-88.86736,41.93057],[-88.87875,41.93036],[-88.87702,41.92111],[-88.8673,41.92479],[-88.86736,41.93057]]]},"properties":{"GEOID":"1746279","NAME":"Malta","NAMELSAD":"Malta village","ALAND":1592822,"AWATER":59253}},
{"type":"Feature","geometry":{"type":"Polygon","coordinates":[[[-88.07687,41.77114],[-88.08655,41.76948],[-88.08637,41.76578],[-88.08629,41.76387],[-88.07688,41.75987],[-88.06517,41.7608],[-88.05921,41.75602],[-88.05681,41.74517],[-88.06303,41.74072],[-88.06358,41.72814],[-88.04007,41.73053],[-88.03035,41.72889],[-88.02966,41.7075],[-88.02608,41.70316],[-88.03922,41.69942],[-88.05369,41.67989],[-88.05304,41.67829],[-88.04332,41.67886],[-88.03872,41.68379],[-88.0302,41.68433],[-88.02915,41.69103],[-88.01205,41.69039],[-88.00618,41.70029],[-88.00624,41.70171],[-88.02353,41.70717],[-88.01066,41.71465],[-88.00753,41.72145],[-88.01666,41.72193],[-88.02055,41.72898],[-88.03046,41.73306],[-88.03049,41.73398],[-88.0124,41.73664],[-88.01245,41.7435],[-88.0127,41.74658],[-88.01136,41.75117],[-88.02727,41.75085],[-88.03152,41.76557],[-88.03752,41.76759],[-88.04245,41.77661],[-88.05039,41.77935],[-88.05225,41.77918],[-88.05645,41.77344],[-88.07687,41.77114]]]},"properties":{"GEOID":"1783245","NAME":"Woodridge","NAMELSAD":"Woodridge village","ALAND":24947216,"AWATER":414346}},
{"type":"Feature","geometry":{"type":"Polygon","coordinates":[[[-88.61166,41.56737],[-88.60977,41.55619],[-88.59418,41.55555],[-88.59465,41.56941],[-88.61166,41.56737]]]},"properties":{"GEOID":"1749308","NAME":"Millington","NAMELSAD":"Millington village","ALAND":1825444,"AWATER":143222}},
{"type":"Feature","geometry":{"type":"MultiPolygon","coordinates":[[[[-89.72018,39.79395],[-89.72321,39.80128],[-89.73917,39.79829],[-89.74083,39.79122],[-89.72018,39.79395]]],[[[-89.72018,39.79395],[-89.72255,39.78213],[-89.73035,39.78668],[-89.73611,39.7818],[-89.75354,39.78175],[-89.7534,39.77089],[-89.73932,39.77068],[-89.73447,39.75996],[-89.74851,39.75625],[-89.75333,39.76631],[-89.76589,39.76634],[-89.75994,39.75634],[-89.75981,39.74903],[-89.75237,39.7459],[-89.73879,39.7519],[-89.72001,39.75302],[-89.71987,39.74335],[-89.72929,39.73817],[-89.72915,39.73086],[-89.72197,39.72911],[-89.72894,39.71992],[-89.72811,39.71461],[-89.70663,39.71535],[-89.70281,39.70775],[-89.70498,39.6983],[-89.70488,39.69295],[-89.69652,39.68937],[-89.69149,39.69833],[-89.6811,39.7011],[-89.68103,39.70327],[-89.67585,39.7022],[-89.67372,39.69857],[-89.67196,39.69859],[-89.66745,39.69775],[-89.66735,39.69149],[-89.68157,39.6915],[-89.68149,39.68415],[-89.6672,39.68054],[-89.66718,39.67788],[-89.66711,39.66942],[-89.66115,39.666],[-89.66564,39.65495],[-89.65973,39.65323],[-89.6529,39.66983],[-89.64801,39.67728],[-89.64607,39.67731],[-89.64344,39.67735],[-89.63436,39.68711],[-89.62493,39.68498],[-89.61679,39.69225],[-89.60051,39.69285],[-89.59197,39.69682],[-89.58712,39.70407],[-89.58723,39.71173],[-89.57796,39.71646],[-89.58071,39.72886],[-89.57841,39.74156],[-89.58729,39.74367],[-89.58571,39.74987],[-89.57435,39.7535],[-89.56944,39.76554],[-89.59301,39.76536],[-89.59789,39.77318],[-89.60757,39.77292],[-89.60326,39.78346],[-89.59665,39.78075],[-89.5962,39.79495],[-89.58681,39.79373],[-89.5868,39.80224],[-89.59281,39.8095],[-89.59216,39.82765],[-89.57784,39.8316],[-89.57165,39.83898],[-89.59175,39.83865],[-89.59189,39.84611],[-89.61208,39.84771],[-89.62082,39.85301],[-89.62085,39.86032],[-89.61394,39.8676],[-89.61652,39.87424],[-89.63078,39.87401],[-89.64059,39.86825],[-89.64505,39.85272],[-89.65355,39.84641],[-89.64292,39.84177],[-89.6359,39.84438],[-89.62854,39.83835],[-89.63326,39.83109],[-89.65433,39.83075],[-89.65428,39.82719],[-89.6827,39.82234],[-89.68277,39.8268],[-89.6614,39.83522],[-89.65927,39.84345],[-89.66908,39.85611],[-89.67852,39.85544],[-89.68784,39.85053],[-89.68766,39.83776],[-89.69995,39.82677],[-89.70949,39.82305],[-89.71061,39.81287],[-89.72018,39.79395]],[[-89.68693,39.77144],[-89.69643,39.77504],[-89.67376,39.78248],[-89.67291,39.77743],[-89.6822,39.77148],[-89.67129,39.77156],[-89.66841,39.76569],[-89.68686,39.76412],[-89.68693,39.77144]],[[-89.65353,39.74277],[-89.65382,39.75174],[-89.66068,39.75346],[-89.6551,39.76358],[-89.6484,39.76451],[-89.64763,39.75287],[-89.6511,39.74283],[-89.65353,39.74277]],[[-89.64009,39.76464],[-89.6301,39.767],[-89.6298,39.75764],[-89.63979,39.75386],[-89.64009,39.76464]],[[-89.63043,39.74778],[-89.62955,39.75735],[-89.61977,39.75786],[-89.61655,39.75042],[-89.63043,39.74778]],[[-89.62499,39.81342],[-89.62482,39.81894],[-89.61096,39.82264],[-89.61546,39.80797],[-89.62499,39.81342]],[[-89.70529,39.72011],[-89.70528,39.73477],[-89.69343,39.73487],[-89.66771,39.74237],[-89.65832,39.74266],[-89.6581,39.72787],[-89.65346,39.72787],[-89.64493,39.73895],[-89.64477,39.7189],[-89.64648,39.70631],[-89.66714,39.70962],[-89.6673,39.7135],[-89.68129,39.71493],[-89.68308,39.70932],[-89.69542,39.71206],[-89.70529,39.72011]]]]},"properties":{"GEOID":"1772000","NAME":"Springfield","NAMELSAD":"Springfield city","ALAND":158841386,"AWATER":16399525}},
{"type":"Feature","geometry":{"type":"Polygon","coordinates":[[[-87.98431,42.23346],[-87.97948,42.22261],[-87.96973,42.22476],[-87.97065,42.22629],[-87.97717,42.22764],[-87.98431,42.23346]]]},"properties":{"GEOID":"1737218","NAME":"Indian Creek","NAMELSAD":"Indian Creek village","ALAND":691437,"AWATER":0}},
{"type":"Feature","geometry":{"type":"Polygon","coordinates":[[[-87.8632,42.48172],[-87.86399,42.47894],[-87.86318,42.47804],[-87.85444,42.47344],[-87.85449,42.46802],[-87.84545,42.46801],[-87.84503,42.46801],[-87.81649,42.46685],[-87.81589,42.47154],[-87.7981,42.47148],[-87.80209,42.49258],[-87.84462,42.49314],[-87.85019,42.48619],[-87.8628,42.49092],[-87.8632,42.48172]]]},"properties":{"GEOID":"1782686","NAME":"Winthrop Harbor","NAMELSAD":"Winthrop Harbor village","ALAND":12051421,"AWATER":423796}},
{"type":"Feature","geometry":{"type":"MultiPolygon","coordinates":[[[[-88.8866,37.72876],[-88.88676,37.71931],[-88.87997,37.71928],[-88.87761,37.7285],[-88.8866,37.72876]]],[[[-89.02159,37.74516],[-89.01814,37.73792],[-89.00249,37.73691],[-88.98837,37.73024],[-88.96923,37.72996],[-88.96462,37.71884],[-88.95563,37.7119],[-88.94182,37.71134],[-88.93209,37.71503],[-88.92412,37.70727],[-88.89847,37.70712],[-88.89727,37.71091],[-88.90665,37.71884],[-88.89905,37.7243],[-88.8952,37.73361],[-88.90085,37.73865],[-88.88194,37.74847],[-88.90292,37.74415],[-88.91044,37.75199],[-88.92778,37.75199],[-88.91977,37.75926],[-88.92503,37.75924],[-88.93195,37.75561],[-88.9558,37.75555],[-88.96642,37.75929],[-88.97043,37.75225],[-88.99755,37.74509],[-89.02,37.74515],[-89.02159,37.74516]],[[-88.92461,37.70794],[-88.9241,37.7151],[-88.91117,37.71448],[-88.91104,37.70769],[-88.92461,37.70794]]]]},"properties":{"GEOID":"1746916","NAME":"Marion","NAMELSAD":"Marion city","ALAND":37301663,"AWATER":557698}},
{"type":"Feature","geometry":{"type":"Polygon","coordinates":[[[-89.59241,41.36722],[-89.59219,41.35468],[-89.57745,41.35279],[-89.57263,41.35795],[-89.57286,41.36877],[-89.59241,41.36722]]]},"properties":{"GEOID":"1783622","NAME":"Wyanet","NAMELSAD":"Wyanet village","ALAND":2450616,"AWATER":0}},
{"type":"Feature","geometry":{"type":"Polygon","coordinates":[[[-88.44394,38.51944],[-88.44422,38.50762],[-88.43281,38.50836],[-88.43004,38.5191],[-88.44394,38.51944]]]},"properties":{"GEOID":"1714455","NAME":"Cisne","NAMELSAD":"Cisne village","ALAND":1632694,"AWATER":0}},
{"type":"Feature","geometry":{"type":"Polygon","coordinates":[[[-88.24761,42.20124],[-88.25852,42.2042],[-88.26205,42.19988],[-88.25595,42.19265],[-88.24787,42.19134],[-88.24761,42.20124]]]},"properties":{"GEOID":"1776160","NAME":"Trout Valley","NAMELSAD":"Trout Valley village","ALAND":1107262,"AWATER":3813}},
{"type":"Feature","geometry":{"type":"Polygon","coordinates":[[[-90.00756,40.38953],[-90.0038,40.388],[-89.99741,40.39172],[-90.00214,40.39247],[-90.00378,40.38992],[-90.00756,40.38953]]]},"properties":{"GEOID":"1744121","NAME":"Liverpool","NAMELSAD":"Liverpool village","ALAND":217947,"AWATER":3681}},
{"type":"Feature","geometry":{"type":"Polygon","coordinates":[[[-90.34783,39.68864],[-90.34784,39.68379],[-90.34417,39.6826],[-90.34413,39.68842],[-90.34783,39.68864]]]},"properties":{"GEOID":"1745369","NAME":"Lynnville","NAMELSAD":"Lynnville village","ALAND":200324,"AWATER":0}},
{"type":"Feature","geometry":{"type":"Polygon","coordinates":[[[-89.22235,40.61697],[-89.19825,40.60903],[-89.19723,40.61729],[-89.20323,40.62088],[-89.21754,40.62069],[-89.22235,40.61697]]]},"properties":{"GEOID":"1716119","NAME":"Congerville","NAMELSAD":"Congerville village","ALAND":2493161,"AWATER":11372}},
{"type":"Feature","geometry":{"type":"Polygon","coordinates":[[[-89.41736,39.46596],[-89.41701,39.45132],[-89.39845,39.45142],[-89.3987,39.4658],[-89.41736,39.46596]]]},"properties":{"GEOID":"1757303","NAME":"Palmer","NAMELSAD":"Palmer village","ALAND":2576891,"AWATER":0}},
{"type":"Feature","geometry":{"type":"Polygon","coordinates":[[[-89.59515,40.10312],[-89.59334,40.09233],[-89.58836,40.09235],[-89.58895,40.10678],[-89.59515,40.10312]]]},"properties":{"GEOID":"1748853","NAME":"Middletown","NAMELSAD":"Middletown village","ALAND":884382,"AWATER":0}},
{"type":"Feature","geometry":{"type":"Polygon","coordinates":[[[-88.26944,41.17211],[-88.26349,41.17238],[-88.26609,41.17442],[-88.26944,41.17211]]]},"properties":{"GEOID":"1721579","NAME":"East Brooklyn","NAMELSAD":"East Brooklyn village","ALAND":133423,"AWATER":68}},
{"type":"Feature","geometry":{"type":"Polygon","coordinates":[[[-87.98545,40.8249],[-87.98017,40.81725],[-87.96961,40.82243],[-87.96991,40.82861],[-87.98545,40.8249]]]},"properties":{"GEOID":"1718498","NAME":"Danforth","NAMELSAD":"Danforth village","ALAND":1238072,"AWATER":0}},
{"type":"Feature","geometry":{"type":"Polygon","coordinates":[[[-89.65728,39.38111],[-89.65716,39.37395],[-89.64781,39.374],[-89.64789,39.38116],[-89.65728,39.38111]]]},"properties":{"GEOID":"1778383","NAME":"Waggoner","NAMELSAD":"Waggoner village","ALAND":632445,"AWATER":0}},
{"type":"Feature","geometry":{"type":"Polygon","coordinates":[[[-88.35108,37.7364],[-88.34757,37.73047],[-88.33241,37.73103],[-88.33249,37.74362],[-88.35105,37.74351],[-88.35108,37.7364]]]},"properties":{"GEOID":"1724348","NAME":"Equality","NAMELSAD":"Equality village","ALAND":2272465,"AWATER":54428}},
{"type":"Feature","geometry":{"type":"Polygon","coordinates":[[[-88.97663,38.17288],[-88.97666,38.16913],[-88.95789,38.16915],[-88.95775,38.18371],[-88.97196,38.18367],[-88.97663,38.17288]]]},"properties":{"GEOID":"1751726","NAME":"Nason","NAMELSAD":"Nason city","ALAND":2358849,"AWATER":0}},
{"type":"Feature","geometry":{"type":"Polygon","coordinates":[[[-90.67326,39.03191],[-90.66668,39.02548],[-90.63599,39.02573],[-90.63586,39.04026],[-90.673,39.03983],[-90.67326,39.03191]]]},"properties":{"GEOID":"1704117","NAME":"Batchtown","NAMELSAD":"Batchtown village","ALAND":4826171,"AWATER":0}},
{"type":"Feature","geometry":{"type":"Polygon","coordinates":[[[-89.86095,38.18449],[-89.86105,38.18068],[-89.83335,38.18088],[-89.83323,38.18803],[-89.85184,38.18821],[-89.86095,38.18449]]]},"properties":{"GEOID":"1703454","NAME":"Baldwin","NAMELSAD":"Baldwin village","ALAND":1724316,"AWATER":0}},
{"type":"Feature","geometry":{"type":"Polygon","coordinates":[[[-89.03257,39.84664],[-89.02414,39.83754],[-89.01362,39.83763],[-89.00077,39.83251],[-88.98096,39.83428],[-88.97373,39.8319],[-88.98186,39.82101],[-88.99302,39.81268],[-88.99718,39.80508],[-88.99099,39.8007],[-88.99069,39.7936],[-88.97626,39.80136],[-88.98127,39.81084],[-88.9694,39.81085],[-88.97447,39.79827],[-88.95331,39.80049],[-88.9493,39.80416],[-88.91553,39.80448],[-88.90605,39.80131],[-88.90417,39.80121],[-88.89662,39.79621],[-88.89194,39.80186],[-88.87751,39.804],[-88.87786,39.80556],[-88.89673,39.80534],[-88.89215,39.81251],[-88.90398,39.81342],[-88.88773,39.82333],[-88.87802,39.8119],[-88.87337,39.82011],[-88.86651,39.8202],[-88.86428,39.82732],[-88.8516,39.83487],[-88.86931,39.8401],[-88.8648,39.84962],[-88.87442,39.85496],[-88.87,39.86847],[-88.86213,39.87492],[-88.85544,39.89183],[-88.86057,39.90365],[-88.85459,39.90831],[-88.83493,39.91125],[-88.8212,39.90953],[-88.80314,39.92374],[-88.80902,39.925],[-88.82092,39.91537],[-88.84686,39.91489],[-88.85691,39.91272],[-88.86493,39.90629],[-88.86776,39.89642],[-88.86501,39.88561],[-88.88362,39.87536],[-88.88899,39.88183],[-88.88386,39.89312],[-88.89805,39.89649],[-88.88407,39.90413],[-88.89121,39.91353],[-88.90767,39.89866],[-88.93658,39.89907],[-88.93671,39.91362],[-88.95046,39.91328],[-88.95994,39.90801],[-88.96909,39.9082],[-88.96942,39.91704],[-88.98828,39.91962],[-88.98827,39.91238],[-88.97883,39.91261],[-88.97578,39.90172],[-88.96927,39.89528],[-88.97581,39.89081],[-88.98273,39.89742],[-88.99746,39.89501],[-88.99268,39.88682],[-88.98109,39.88702],[-88.98713,39.87603],[-89.00102,39.8642],[-89.01035,39.86719],[-89.01499,39.86129],[-89.01696,39.84948],[-89.03257,39.84664]]]},"properties":{"GEOID":"1718823","NAME":"Decatur","NAMELSAD":"Decatur city","ALAND":114381865,"AWATER":12182656}},
{"type":"Feature","geometry":{"type":"Polygon","coordinates":[[[-87.65538,38.59028],[-87.65539,38.5852],[-87.63995,38.58516],[-87.64011,38.59841],[-87.65529,38.59851],[-87.65538,38.59028]]]},"properties":{"GEOID":"1766833","NAME":"St. Francisville","NAMELSAD":"St. Francisville city","ALAND":1929405,"AWATER":88855}},
{"type":"Feature","geometry":{"type":"Polygon","coordinates":[[[-89.05573,39.77355],[-89.05579,39.75811],[-89.03759,39.75552],[-89.03797,39.77225],[-89.05573,39.77355]]]},"properties":{"GEOID":"1707315","NAME":"Boody","NAMELSAD":"Boody CDP","ALAND":2980406,"AWATER":0}},
{"type":"Feature","geometry":{"type":"Polygon","coordinates":[[[-89.88389,39.98928],[-89.88375,39.97473],[-89.85075,39.97492],[-89.84585,39.98224],[-89.84584,39.99045],[-89.85556,39.99291],[-89.87353,39.98921],[-89.88389,39.98928]]]},"properties":{"GEOID":"1741404","NAME":"Lake Petersburg","NAMELSAD":"Lake Petersburg CDP","ALAND":4679232,"AWATER":712683}},
{"type":"Feature","geometry":{"type":"Polygon","coordinates":[[[-89.92702,38.96641],[-89.91858,38.96385],[-89.92076,38.97003],[-89.92702,38.96641]]]},"properties":{"GEOID":"1761743","NAME":"Prairietown","NAMELSAD":"Prairietown CDP","ALAND":486511,"AWATER":0}},
{"type":"Feature","geometry":{"type":"Polygon","coordinates":[[[-88.78316,41.4416],[-88.7717,41.43389],[-88.76434,41.44022],[-88.77467,41.444],[-88.78316,41.4416]]]},"properties":{"GEOID":"1779618","NAME":"Wedron","NAMELSAD":"Wedron CDP","ALAND":1344371,"AWATER":84735}},
{"type":"Feature","geometry":{"type":"Polygon","coordinates":[[[-88.13063,41.24918],[-88.13326,41.24195],[-88.12411,41.24397],[-88.13063,41.24918]]]},"properties":{"GEOID":"1718212","NAME":"Custer Park","NAMELSAD":"Custer Park CDP","ALAND":407724,"AWATER":69673}},
{"type":"Feature","geometry":{"type":"Polygon","coordinates":[[[-89.06657,40.40972],[-89.06643,40.40323],[-89.05988,40.40885],[-89.06657,40.40972]]]},"properties":{"GEOID":"1769628","NAME":"Shirley","NAMELSAD":"Shirley CDP","ALAND":228893,"AWATER":0}},
{"type":"Feature","geometry":{"type":"Polygon","coordinates":[[[-89.41938,42.46144],[-89.41901,42.44796],[-89.40703,42.44563],[-89.39947,42.43994],[-89.38068,42.44054],[-89.38142,42.46186],[-89.41938,42.46144]]]},"properties":{"GEOID":"1741456","NAME":"Lake Summerset","NAMELSAD":"Lake Summerset CDP","ALAND":5489217,"AWATER":1130845}},
{"type":"Feature","geometry":{"type":"Polygon","coordinates":[[[-91.30259,39.78496],[-91.30566,39.77982],[-91.30252,39.77805],[-91.30259,39.78496]]]},"properties":{"GEOID":"1725245","NAME":"Fall Creek","NAMELSAD":"Fall Creek CDP","ALAND":142402,"AWATER":0}},
{"type":"Feature","geometry":{"type":"Polygon","coordinates":[[[-90.42521,41.5379],[-90.41866,41.55026],[-90.43249,41.54625],[-90.44143,41.53444],[-90.43212,41.53234],[-90.42521,41.5379]]]},"properties":{"GEOID":"1710786","NAME":"Campbell's Island","NAMELSAD":"Campbell's Island CDP","ALAND":1174611,"AWATER":732151}},
{"type":"Feature","geometry":{"type":"Polygon","coordinates":[[[-90.68243,41.38673],[-90.68245,41.37946],[-90.66006,41.37937],[-90.65956,41.4012],[-90.66888,41.39737],[-90.6821,41.39705],[-90.68243,41.38673]]]},"properties":{"GEOID":"1774548","NAME":"Taylor Ridge","NAMELSAD":"Taylor Ridge CDP","ALAND":4020456,"AWATER":0}},
{"type":"Feature","geometry":{"type":"Polygon","coordinates":[[[-89.59855,42.19822],[-89.59838,42.19286],[-89.59194,42.19285],[-89.59102,42.20076],[-89.59855,42.19822]]]},"properties":{"GEOID":"1703337","NAME":"Baileyville","NAMELSAD":"Baileyville CDP","ALAND":626220,"AWATER":0}},
{"type":"Feature","geometry":{"type":"Polygon","coordinates":[[[-90.05882,38.37831],[-90.0589,38.3746],[-90.0521,38.37416],[-90.05649,38.37828],[-90.05882,38.37831]]]},"properties":{"GEOID":"1726467","NAME":"Floraville","NAMELSAD":"Floraville CDP","ALAND":203535,"AWATER":415}},
{"type":"Feature","geometry":{"type":"Polygon","coordinates":[[[-91.06604,40.74286],[-91.06576,40.72782],[-91.0576,40.73379],[-91.0565,40.7424],[-91.06604,40.74286]]]},"properties":{"GEOID":"1711267","NAME":"Carman","NAMELSAD":"Carman CDP","ALAND":1058169,"AWATER":0}},
{"type":"Feature","geometry":{"type":"Polygon","coordinates":[[[-88.95086,42.35406],[-88.95069,42.3483],[-88.93006,42.34854],[-88.93028,42.36267],[-88.94231,42.36292],[-88.94116,42.3611],[-88.95086,42.35406]]]},"properties":{"GEOID":"1702050","NAME":"Argyle","NAMELSAD":"Argyle CDP","ALAND":2271417,"AWATER":0}},
{"type":"Feature","geometry":{"type":"Polygon","coordinates":[[[-88.43427,41.7873],[-88.42848,41.77912],[-88.41842,41.77909],[-88.41052,41.78933],[-88.43427,41.7873]]]},"properties":{"GEOID":"1761821","NAME":"Prestbury","NAMELSAD":"Prestbury CDP","ALAND":1620822,"AWATER":90867}},
{"type":"Feature","geometry":{"type":"Polygon","coordinates":[[[-89.36712,39.56733],[-89.36686,39.55741],[-89.34874,39.56018],[-89.36712,39.56733]]]},"properties":{"GEOID":"1742002","NAME":"Langleyville","NAMELSAD":"Langleyville CDP","ALAND":1017669,"AWATER":0}},
{"type":"Feature","geometry":{"type":"Polygon","coordinates":[[[-90.50351,39.11029],[-90.50354,39.10499],[-90.49527,39.10479],[-90.50061,39.11219],[-90.50351,39.11029]]]},"properties":{"GEOID":"1726012","NAME":"Fieldon","NAMELSAD":"Fieldon village","ALAND":524356,"AWATER":0}},
{"type":"Feature","geometry":{"type":"Polygon","coordinates":[[[-89.02544,37.37264],[-89.02543,37.35781],[-89.012,37.35837],[-89.0119,37.37298],[-89.02544,37.37264]]]},"properties":{"GEOID":"1718251","NAME":"Cypress","NAMELSAD":"Cypress village","ALAND":1949468,"AWATER":6491}},
{"type":"Feature","geometry":{"type":"Polygon","coordinates":[[[-89.65178,40.41079],[-89.64791,40.4052],[-89.6384,40.40692],[-89.64396,40.41087],[-89.65178,40.41079]]]},"properties":{"GEOID":"1731563","NAME":"Green Valley","NAMELSAD":"Green Valley village","ALAND":779337,"AWATER":0}},
{"type":"Feature","geometry":{"type":"Polygon","coordinates":[[[-89.11762,37.97065],[-89.10817,37.96838],[-89.10462,37.97572],[-89.11384,37.97572],[-89.11762,37.97065]]]},"properties":{"GEOID":"1751310","NAME":"Mulkeytown","NAMELSAD":"Mulkeytown CDP","ALAND":712616,"AWATER":1712}},
{"type":"Feature","geometry":{"type":"Polygon","coordinates":[[[-88.86403,39.48098],[-88.86397,39.47618],[-88.8574,39.47855],[-88.86403,39.48098]]]},"properties":{"GEOID":"1780255","NAME":"Westervelt","NAMELSAD":"Westervelt CDP","ALAND":221645,"AWATER":0}},
{"type":"Feature","geometry":{"type":"Polygon","coordinates":[[[-89.41374,42.12943],[-89.41356,42.1168],[-89.39417,42.11708],[-89.39438,42.12971],[-89.41374,42.12943]]]},"properties":{"GEOID":"1742457","NAME":"Leaf River","NAMELSAD":"Leaf River village","ALAND":2250639,"AWATER":0}},
{"type":"Feature","geometry":{"type":"Polygon","coordinates":[[[-87.53538,38.8249],[-87.53427,38.81272],[-87.52216,38.81255],[-87.53538,38.8249]]]},"properties":{"GEOID":"1766404","NAME":"Russellville","NAMELSAD":"Russellville village","ALAND":1034736,"AWATER":24560}},
{"type":"Feature","geometry":{"type":"MultiPolygon","coordinates":[[[[-88.96251,42.31913],[-88.96383,42.3118],[-88.94545,42.31207],[-88.94833,42.31931],[-88.9524,42.31926],[-88.96251,42.31913]]],[[[-89.09648,42.14342],[-89.09539,42.1579],[-89.10295,42.16342],[-89.12085,42.16744],[-89.12789,42.16495],[-89.13013,42.15039],[-89.12045,42.15047],[-89.12031,42.14324],[-89.09648,42.14335],[-89.09648,42.14342]]],[[[-89.08717,42.32475],[-89.09701,42.32163],[-89.09711,42.33193],[-89.11673,42.3348],[-89.11429,42.32829],[-89.10538,42.32055],[-89.13064,42.3208],[-89.119,42.31207],[-89.10409,42.31016],[-89.10404,42.30182],[-89.11431,42.30493],[-89.13294,42.30481],[-89.14793,42.31165],[-89.15993,42.30972],[-89.16485,42.31704],[-89.17384,42.31464],[-89.17512,42.30518],[-89.1845,42.30509],[-89.18065,42.29434],[-89.17988,42.27977],[-89.19175,42.27732],[-89.17944,42.26902],[-89.17947,42.30027],[-89.16797,42.30606],[-89.15499,42.30251],[-89.12574,42.30277],[-89.12757,42.28824],[-89.14037,42.28731],[-89.14527,42.27937],[-89.15522,42.27744],[-89.1553,42.26747],[-89.13549,42.26699],[-89.13005,42.27456],[-89.12345,42.26356],[-89.13108,42.26287],[-89.15027,42.25538],[-89.14885,42.24455],[-89.14063,42.24266],[-89.13514,42.23388],[-89.12589,42.24006],[-89.10699,42.2427],[-89.10157,42.22646],[-89.11935,42.22821],[-89.12568,42.22041],[-89.12618,42.21227],[-89.10871,42.21236],[-89.10822,42.20728],[-89.11988,42.19849],[-89.13087,42.18504],[-89.1267,42.17811],[-89.11568,42.17963],[-89.11076,42.17237],[-89.10098,42.16879],[-89.08757,42.16832],[-89.08614,42.18368],[-89.07513,42.18713],[-89.07645,42.18762],[-89.07693,42.1909],[-89.07782,42.19091],[-89.0784,42.19265],[-89.07779,42.19264],[-89.07462,42.19262],[-89.06958,42.19083],[-89.06854,42.19082],[-89.06715,42.19443],[-89.06722,42.20448],[-89.05257,42.20583],[-89.04799,42.20178],[-89.03332,42.20201],[-89.03342,42.20928],[-89.01291,42.21143],[-89.01248,42.22029],[-88.99878,42.22027],[-88.99882,42.22707],[-89.00386,42.22923],[-89.00399,42.23838],[-88.99669,42.24583],[-88.98497,42.24599],[-88.98007,42.25332],[-88.98004,42.26602],[-88.96049,42.26822],[-88.94873,42.26843],[-88.94354,42.27385],[-88.95213,42.28885],[-88.96043,42.29014],[-88.9653,42.30083],[-88.96769,42.31908],[-89.03284,42.31818],[-89.04145,42.3104],[-89.04417,42.30351],[-89.05472,42.29871],[-89.0572,42.2965],[-89.06849,42.30467],[-89.06996,42.31879],[-89.06108,42.32705],[-89.06008,42.33321],[-89.06631,42.33864],[-89.08177,42.33204],[-89.08717,42.32475]],[[-89.13531,42.24758],[-89.13144,42.25549],[-89.11607,42.25537],[-89.11944,42.24879],[-89.13531,42.24758]],[[-89.04256,42.28573],[-89.03886,42.29335],[-89.0246,42.29649],[-89.02549,42.28756],[-89.04256,42.28573]],[[-89.01926,42.27475],[-89.01424,42.28935],[-89.00453,42.2867],[-89.00132,42.27491],[-89.01926,42.27475]],[[-89.05749,42.21261],[-89.05754,42.22075],[-89.0502,42.22356],[-89.04827,42.20907],[-89.05749,42.21261]]]]},"properties":{"GEOID":"1765000","NAME":"Rockford","NAMELSAD":"Rockford city","ALAND":169366963,"AWATER":2628722}},
{"type":"Feature","geometry":{"type":"Polygon","coordinates":[[[-90.36587,40.23212],[-90.36625,40.22485],[-90.34615,40.22445],[-90.3462,40.23183],[-90.36587,40.23212]]]},"properties":{"GEOID":"1702635","NAME":"Astoria","NAMELSAD":"Astoria town","ALAND":1516470,"AWATER":0}},
{"type":"Feature","geometry":{"type":"Polygon","coordinates":[[[-87.65961,40.95672],[-87.65943,40.94944],[-87.64897,40.9497],[-87.65206,40.95906],[-87.65961,40.95672]]]},"properties":{"GEOID":"1704507","NAME":"Beaverville","NAMELSAD":"Beaverville village","ALAND":712734,"AWATER":5231}},
{"type":"Feature","geometry":{"type":"Polygon","coordinates":[[[-89.49212,39.13949],[-89.50606,39.13706],[-89.50485,39.12625],[-89.49245,39.12259],[-89.48214,39.12802],[-89.48276,39.13709],[-89.48855,39.13707],[-89.48896,39.13707],[-89.49212,39.13949]]]},"properties":{"GEOID":"1774561","NAME":"Taylor Springs","NAMELSAD":"Taylor Springs village","ALAND":2732829,"AWATER":86121}},
{"type":"Feature","geometry":{"type":"Polygon","coordinates":[[[-90.283,40.70651],[-90.25731,40.70599],[-90.25779,40.71379],[-90.27644,40.71165],[-90.283,40.70651]]]},"properties":{"GEOID":"1744446","NAME":"London Mills","NAMELSAD":"London Mills village","ALAND":1771294,"AWATER":0}},
{"type":"Feature","geometry":{"type":"Polygon","coordinates":[[[-89.55868,41.71874],[-89.55464,41.71753],[-89.54971,41.72236],[-89.5496,41.7296],[-89.55449,41.7296],[-89.55456,41.72428],[-89.55868,41.71874]]]},"properties":{"GEOID":"1732967","NAME":"Harmon","NAMELSAD":"Harmon village","ALAND":565705,"AWATER":0}},
{"type":"Feature","geometry":{"type":"Polygon","coordinates":[[[-90.36296,41.2984],[-90.36157,41.29353],[-90.3563,41.29107],[-90.35378,41.29706],[-90.36296,41.2984]]]},"properties":{"GEOID":"1745343","NAME":"Lynn Center","NAMELSAD":"Lynn Center CDP","ALAND":506441,"AWATER":0}},
{"type":"Feature","geometry":{"type":"Polygon","coordinates":[[[-89.21403,41.17892],[-89.20654,41.17287],[-89.20378,41.17917],[-89.21403,41.17892]]]},"properties":{"GEOID":"1745850","NAME":"McNabb","NAMELSAD":"McNabb village","ALAND":459684,"AWATER":0}},
{"type":"Feature","geometry":{"type":"Polygon","coordinates":[[[-89.18186,40.31149],[-89.17887,40.30381],[-89.16559,40.30888],[-89.14927,40.3092],[-89.16375,40.31972],[-89.18162,40.31881],[-89.18186,40.31149]]]},"properties":{"GEOID":"1745811","NAME":"McLean","NAMELSAD":"McLean village","ALAND":3049210,"AWATER":0}},
{"type":"Feature","geometry":{"type":"Polygon","coordinates":[[[-87.84986,40.11778],[-87.84956,40.11414],[-87.83729,40.11428],[-87.83534,40.11793],[-87.84986,40.11778]]]},"properties":{"GEOID":"1751336","NAME":"Muncie","NAMELSAD":"Muncie village","ALAND":463124,"AWATER":0}},
{"type":"Feature","geometry":{"type":"Polygon","coordinates":[[[-89.89485,39.09272],[-89.89479,39.07822],[-89.88568,39.07818],[-89.88112,39.09267],[-89.89485,39.09272]]]},"properties":{"GEOID":"1720370","NAME":"Dorchester","NAMELSAD":"Dorchester village","ALAND":1869237,"AWATER":0}},
{"type":"Feature","geometry":{"type":"Polygon","coordinates":[[[-89.55944,38.68966],[-89.55904,38.67689],[-89.54752,38.6766],[-89.54781,38.68933],[-89.55944,38.68966]]]},"properties":{"GEOID":"1767158","NAME":"St. Rose","NAMELSAD":"St. Rose village","ALAND":1529625,"AWATER":0}},
{"type":"Feature","geometry":{"type":"Polygon","coordinates":[[[-89.84176,40.37756],[-89.82823,40.36839],[-89.82163,40.37639],[-89.84176,40.37756]]]},"properties":{"GEOID":"1726753","NAME":"Forest City","NAMELSAD":"Forest City village","ALAND":1353691,"AWATER":0}},
{"type":"Feature","geometry":{"type":"Polygon","coordinates":[[[-87.98642,41.05201],[-87.98324,41.05269],[-87.98395,41.05488],[-87.98642,41.05201]]]},"properties":{"GEOID":"1737803","NAME":"Irwin","NAMELSAD":"Irwin village","ALAND":115928,"AWATER":0}},
{"type":"Feature","geometry":{"type":"Polygon","coordinates":[[[-90.38387,39.48436],[-90.38391,39.4768],[-90.37242,39.47516],[-90.36305,39.48135],[-90.36295,39.49148],[-90.38383,39.49163],[-90.38387,39.48436]]]},"properties":{"GEOID":"1765481","NAME":"Roodhouse","NAMELSAD":"Roodhouse city","ALAND":2918865,"AWATER":0}},
{"type":"Feature","geometry":{"type":"Polygon","coordinates":[[[-89.64971,38.39288],[-89.64157,38.39198],[-89.64165,38.40129],[-89.64969,38.40123],[-89.64971,38.39288]]]},"properties":{"GEOID":"1777408","NAME":"Venedy","NAMELSAD":"Venedy village","ALAND":729017,"AWATER":0}},
{"type":"Feature","geometry":{"type":"Polygon","coordinates":[[[-89.50937,37.89229],[-89.50513,37.88129],[-89.4868,37.88103],[-89.48654,37.89567],[-89.50452,37.89586],[-89.50937,37.89229]]]},"properties":{"GEOID":"1703103","NAME":"Ava","NAMELSAD":"Ava city","ALAND":2737862,"AWATER":23451}},
{"type":"Feature","geometry":{"type":"Polygon","coordinates":[[[-88.8955,40.73953],[-88.89067,40.73594],[-88.87287,40.73609],[-88.87189,40.75433],[-88.89085,40.74973],[-88.8955,40.73953]]]},"properties":{"GEOID":"1731732","NAME":"Gridley","NAMELSAD":"Gridley village","ALAND":3192604,"AWATER":0}},
{"type":"Feature","geometry":{"type":"Polygon","coordinates":[[[-88.54716,39.56422],[-88.54707,39.55341],[-88.53284,39.55494],[-88.53769,39.56433],[-88.54716,39.56422]]]},"properties":{"GEOID":"1700867","NAME":"Allenville","NAMELSAD":"Allenville village","ALAND":1577026,"AWATER":0}},
{"type":"Feature","geometry":{"type":"Polygon","coordinates":[[[-88.11243,42.38365],[-88.10951,42.37918],[-88.09703,42.37906],[-88.09708,42.38639],[-88.10198,42.3937],[-88.11332,42.3874],[-88.11184,42.38284],[-88.11243,42.38365]]]},"properties":{"GEOID":"1766053","NAME":"Round Lake Heights","NAMELSAD":"Round Lake Heights village","ALAND":1491842,"AWATER":140909}},
{"type":"Feature","geometry":{"type":"Polygon","coordinates":[[[-90.44961,41.28315],[-90.44472,41.27921],[-90.435,41.27887],[-90.43488,41.28294],[-90.44961,41.28315]]]},"properties":{"GEOID":"1774145","NAME":"Swedona","NAMELSAD":"Swedona CDP","ALAND":734053,"AWATER":0}},
{"type":"Feature","geometry":{"type":"Polygon","coordinates":[[[-89.23807,40.98171],[-89.23804,40.97275],[-89.23165,40.97495],[-89.23807,40.98171]]]},"properties":{"GEOID":"1742171","NAME":"La Rose","NAMELSAD":"La Rose village","ALAND":660210,"AWATER":0}},
{"type":"Feature","geometry":{"type":"Polygon","coordinates":[[[-90.12451,41.20471],[-90.12474,41.19459],[-90.11033,41.19509],[-90.11021,41.20495],[-90.12451,41.20471]]]},"properties":{"GEOID":"1706171","NAME":"Bishop Hill","NAMELSAD":"Bishop Hill village","ALAND":1379865,"AWATER":0}},
{"type":"Feature","geometry":{"type":"Polygon","coordinates":[[[-88.03149,39.00292],[-88.03136,38.98859],[-88.01239,38.98852],[-88.01201,39.00306],[-88.03149,39.00292]]]},"properties":{"GEOID":"1782010","NAME":"Willow Hill","NAMELSAD":"Willow Hill village","ALAND":2691403,"AWATER":0}},
{"type":"Feature","geometry":{"type":"Polygon","coordinates":[[[-87.52573,41.46227],[-87.5257,41.47028],[-87.55575,41.47008],[-87.55799,41.45779],[-87.55545,41.45065],[-87.54574,41.44687],[-87.53154,41.46221],[-87.52573,41.46227]]]},"properties":{"GEOID":"1760826","NAME":"Plum Valley","NAMELSAD":"Plum Valley CDP","ALAND":4837003,"AWATER":0}},
{"type":"Feature","geometry":{"type":"Polygon","coordinates":[[[-88.2083,38.36066],[-88.20728,38.35705],[-88.20148,38.35704],[-88.20256,38.36058],[-88.2083,38.36066]]]},"properties":{"GEOID":"1730250","NAME":"Golden Gate","NAMELSAD":"Golden Gate village","ALAND":205401,"AWATER":0}},
{"type":"Feature","geometry":{"type":"Polygon","coordinates":[[[-90.63831,39.46703],[-90.63844,39.45248],[-90.61093,39.45158],[-90.6055,39.46659],[-90.63831,39.46703]]]},"properties":{"GEOID":"1758343","NAME":"Pearl","NAMELSAD":"Pearl village","ALAND":3898999,"AWATER":218688}},
{"type":"Feature","geometry":{"type":"Polygon","coordinates":[[[-89.42176,42.42232],[-89.4086,42.41585],[-89.40874,42.42581],[-89.42176,42.42232]]]},"properties":{"GEOID":"1718706","NAME":"Davis","NAMELSAD":"Davis village","ALAND":1059412,"AWATER":0}},
{"type":"Feature","geometry":{"type":"Polygon","coordinates":[[[-89.17471,39.86062],[-89.17481,39.8461],[-89.15654,39.84643],[-89.16118,39.86069],[-89.17471,39.86062]]]},"properties":{"GEOID":"1752961","NAME":"Niantic","NAMELSAD":"Niantic village","ALAND":2691569,"AWATER":0}},
{"type":"Feature","geometry":{"type":"Polygon","coordinates":[[[-87.71013,41.68048],[-87.7099,41.67684],[-87.69535,41.67705],[-87.69563,41.68434],[-87.71013,41.68048]]]},"properties":{"GEOID":"1748554","NAME":"Merrionette Park","NAMELSAD":"Merrionette Park village","ALAND":971530,"AWATER":0}},
{"type":"Feature","geometry":{"type":"Polygon","coordinates":[[[-88.28864,40.4683],[-88.28864,40.46463],[-88.2673,40.46463],[-88.27204,40.47024],[-88.28864,40.4683]]]},"properties":{"GEOID":"1723425","NAME":"Elliott","NAMELSAD":"Elliott village","ALAND":1288708,"AWATER":0}},
{"type":"Feature","geometry":{"type":"Polygon","coordinates":[[[-89.12366,37.88441],[-89.12355,37.86939],[-89.10471,37.86945],[-89.10474,37.88437],[-89.12366,37.88441]]]},"properties":{"GEOID":"1766209","NAME":"Royalton","NAMELSAD":"Royalton village","ALAND":2887965,"AWATER":21475}},
{"type":"Feature","geometry":{"type":"Polygon","coordinates":[[[-89.16805,38.44599],[-89.16827,38.42771],[-89.15439,38.4306],[-89.15423,38.44171],[-89.16805,38.44599]]]},"properties":{"GEOID":"1737777","NAME":"Irvington","NAMELSAD":"Irvington village","ALAND":2614757,"AWATER":15823}},
{"type":"Feature","geometry":{"type":"Polygon","coordinates":[[[-87.64405,40.06444],[-87.64349,40.04553],[-87.64941,40.04569],[-87.64944,40.03415],[-87.64297,40.02789],[-87.63093,40.02792],[-87.63432,40.05403],[-87.63544,40.06195],[-87.64405,40.06444]]]},"properties":{"GEOID":"1780931","NAME":"Westville","NAMELSAD":"Westville village","ALAND":4346940,"AWATER":0}},
{"type":"Feature","geometry":{"type":"Polygon","coordinates":[[[-90.81385,41.10992],[-90.81415,41.09527],[-90.78437,41.09454],[-90.78416,41.10925],[-90.81385,41.10992]]]},"properties":{"GEOID":"1768458","NAME":"Seaton","NAMELSAD":"Seaton village","ALAND":4088330,"AWATER":0}},
{"type":"Feature","geometry":{"type":"MultiPolygon","coordinates":[[[[-87.85231,41.58549],[-87.85206,41.57949],[-87.84711,41.57957],[-87.85231,41.58549]]],[[[-87.91164,41.63306],[-87.9115,41.62833],[-87.89722,41.62957],[-87.89696,41.62243],[-87.91116,41.61954],[-87.91079,41.60758],[-87.89166,41.60795],[-87.8927,41.6009],[-87.91046,41.6003],[-87.91041,41.59273],[-87.90966,41.58876],[-87.90945,41.56019],[-87.89064,41.57226],[-87.89119,41.59158],[-87.88227,41.59177],[-87.89062,41.57167],[-87.90473,41.56245],[-87.90218,41.55273],[-87.8902,41.55713],[-87.88124,41.55268],[-87.88031,41.55269],[-87.85971,41.55296],[-87.85332,41.55305],[-87.85396,41.55765],[-87.85622,41.55998],[-87.85639,41.56486],[-87.86103,41.55752],[-87.87079,41.55734],[-87.87173,41.5864],[-87.86026,41.5866],[-87.8572,41.58666],[-87.85237,41.58674],[-87.84737,41.58682],[-87.84666,41.60148],[-87.83571,41.60166],[-87.83292,41.5965],[-87.83291,41.5964],[-87.83245,41.57983],[-87.82896,41.58715],[-87.8283,41.60177],[-87.81912,41.6019],[-87.81834,41.60191],[-87.80681,41.60208],[-87.80624,41.60209],[-87.78975,41.60401],[-87.78983,41.60654],[-87.79026,41.61711],[-87.81423,41.61665],[-87.81465,41.62846],[-87.80972,41.62774],[-87.81028,41.6459],[-87.81986,41.64567],[-87.82958,41.6455],[-87.83949,41.64998],[-87.84142,41.65255],[-87.84898,41.65239],[-87.85727,41.65236],[-87.854,41.6377],[-87.87292,41.63743],[-87.89266,41.64126],[-87.91164,41.63306]]]]},"properties":{"GEOID":"1756640","NAME":"Orland Park","NAMELSAD":"Orland Park village","ALAND":57088591,"AWATER":739368}},
{"type":"Feature","geometry":{"type":"Polygon","coordinates":[[[-89.29689,39.29064],[-89.30229,39.29062],[-89.31187,39.28314],[-89.30714,39.27772],[-89.29774,39.2778],[-89.29784,39.28695],[-89.29319,39.29067],[-89.29545,39.29064],[-89.29689,39.29064]]]},"properties":{"GEOID":"1715209","NAME":"Coalton","NAMELSAD":"Coalton village","ALAND":1535268,"AWATER":0}},
{"type":"Feature","geometry":{"type":"Polygon","coordinates":[[[-87.92056,41.8997],[-87.919,41.87348],[-87.91824,41.87366],[-87.91301,41.87497],[-87.91065,41.88542],[-87.89739,41.88489],[-87.89551,41.89265],[-87.90336,41.89983],[-87.92056,41.8997]]]},"properties":{"GEOID":"1705404","NAME":"Berkeley","NAMELSAD":"Berkeley village","ALAND":3629888,"AWATER":0}},
{"type":"Feature","geometry":{"type":"Polygon","coordinates":[[[-88.63969,37.12576],[-88.6393,37.12306],[-88.6214,37.11737],[-88.62138,37.13417],[-88.63283,37.13084],[-88.63969,37.12576]]]},"properties":{"GEOID":"1708706","NAME":"Brookport","NAMELSAD":"Brookport city","ALAND":1690897,"AWATER":17333}},
{"type":"Feature","geometry":{"type":"Polygon","coordinates":[[[-88.05218,41.93057],[-88.05218,41.92874],[-88.05183,41.92833],[-88.05209,41.92355],[-88.0424,41.92378],[-88.04246,41.92002],[-88.03233,41.91739],[-88.03879,41.90793],[-88.0276,41.90819],[-88.02517,41.91505],[-88.01303,41.91575],[-87.99905,41.905],[-87.99156,41.9072],[-87.9834,41.90845],[-87.97362,41.90745],[-87.9729,41.91729],[-87.96925,41.91698],[-87.96893,41.91296],[-87.96766,41.91179],[-87.96636,41.91182],[-87.96649,41.9224],[-87.96655,41.92421],[-87.96679,41.93008],[-87.96916,41.94043],[-87.96375,41.94536],[-87.97069,41.94496],[-87.97663,41.94947],[-88.00332,41.94938],[-88.01809,41.95337],[-88.02772,41.95638],[-88.03064,41.94992],[-88.04977,41.95438],[-88.05111,41.95058],[-88.05104,41.94808],[-88.05102,41.9478],[-88.05029,41.94722],[-88.05104,41.94508],[-88.047,41.93697],[-88.05201,41.93152],[-88.05218,41.93057]]]},"properties":{"GEOID":"1700243","NAME":"Addison","NAMELSAD":"Addison village","ALAND":25486203,"AWATER":415071}},
{"type":"Feature","geometry":{"type":"Polygon","coordinates":[[[-87.86671,39.64626],[-87.86276,39.64292],[-87.8611,39.64757],[-87.86671,39.64626]]]},"properties":{"GEOID":"1763069","NAME":"Redmon","NAMELSAD":"Redmon village","ALAND":374790,"AWATER":0}},
{"type":"Feature","geometry":{"type":"Polygon","coordinates":[[[-91.18973,40.25754],[-91.18759,40.25249],[-91.17664,40.2566],[-91.18973,40.25754]]]},"properties":{"GEOID":"1780762","NAME":"West Point","NAMELSAD":"West Point village","ALAND":434820,"AWATER":0}},
{"type":"Feature","geometry":{"type":"Polygon","coordinates":[[[-89.82968,38.27814],[-89.82961,38.27089],[-89.8204,38.27078],[-89.82042,38.28169],[-89.8068,38.28162],[-89.80675,38.29596],[-89.82515,38.29628],[-89.82528,38.28163],[-89.82968,38.27814]]]},"properties":{"GEOID":"1742860","NAME":"Lenzburg","NAMELSAD":"Lenzburg village","ALAND":2990860,"AWATER":279212}},
{"type":"Feature","geometry":{"type":"Polygon","coordinates":[[[-87.59962,41.52082],[-87.59704,41.5162],[-87.59686,41.49898],[-87.58693,41.49898],[-87.58242,41.50538],[-87.57778,41.5027],[-87.57423,41.50603],[-87.55822,41.5073],[-87.55333,41.51385],[-87.57069,41.51356],[-87.5729,41.52411],[-87.57782,41.52402],[-87.58512,41.51778],[-87.58749,41.51876],[-87.58753,41.52072],[-87.58893,41.52091],[-87.59693,41.52083],[-87.59962,41.52082]]]},"properties":{"GEOID":"1726710","NAME":"Ford Heights","NAMELSAD":"Ford Heights village","ALAND":5271199,"AWATER":0}},
{"type":"Feature","geometry":{"type":"Polygon","coordinates":[[[-90.30011,41.3024],[-90.30036,41.28776],[-90.28123,41.2876],[-90.28116,41.30208],[-90.30011,41.3024]]]},"properties":{"GEOID":"1701491","NAME":"Andover","NAMELSAD":"Andover village","ALAND":2564585,"AWATER":0}},
{"type":"Feature","geometry":{"type":"Polygon","coordinates":[[[-89.63592,40.62313],[-89.63707,40.62223],[-89.62323,40.62596],[-89.61873,40.62671],[-89.61475,40.62838],[-89.61367,40.62952],[-89.57447,40.62977],[-89.57903,40.63382],[-89.57435,40.64839],[-89.57924,40.65589],[-89.58893,40.66058],[-89.61566,40.66076],[-89.61637,40.66076],[-89.61097,40.65232],[-89.61713,40.64002],[-89.63592,40.62313]]]},"properties":{"GEOID":"1717549","NAME":"Creve Coeur","NAMELSAD":"Creve Coeur village","ALAND":10959100,"AWATER":817024}},
{"type":"Feature","geometry":{"type":"Polygon","coordinates":[[[-88.98423,37.48041],[-88.98426,37.46561],[-88.9655,37.46599],[-88.96566,37.48074],[-88.98423,37.48041]]]},"properties":{"GEOID":"1709551","NAME":"Buncombe","NAMELSAD":"Buncombe village","ALAND":3075546,"AWATER":33770}},
{"type":"Feature","geometry":{"type":"Polygon","coordinates":[[[-89.68889,41.33633],[-89.68888,41.32171],[-89.66821,41.32169],[-89.66964,41.33631],[-89.68889,41.33633]]]},"properties":{"GEOID":"1709356","NAME":"Buda","NAMELSAD":"Buda village","ALAND":2627287,"AWATER":0}},
{"type":"Feature","geometry":{"type":"Polygon","coordinates":[[[-88.43064,40.36306],[-88.43275,40.35955],[-88.42655,40.35928],[-88.42639,40.36289],[-88.43064,40.36306]]]},"properties":{"GEOID":"1726662","NAME":"Foosland","NAMELSAD":"Foosland village","ALAND":177457,"AWATER":0}},
{"type":"Feature","geometry":{"type":"Polygon","coordinates":[[[-88.06762,41.57126],[-88.0727,41.55307],[-88.05607,41.55341],[-88.05229,41.55349],[-88.0441,41.5537],[-88.0443,41.56098],[-88.05149,41.56081],[-88.04926,41.57158],[-88.06762,41.57126]]]},"properties":{"GEOID":"1724920","NAME":"Fairmont","NAMELSAD":"Fairmont CDP","ALAND":3602703,"AWATER":0}},
{"type":"Feature","geometry":{"type":"Polygon","coordinates":[[[-88.86367,37.77517],[-88.86413,37.76677],[-88.83647,37.76699],[-88.83575,37.78665],[-88.86358,37.78646],[-88.86367,37.77517]]]},"properties":{"GEOID":"1760209","NAME":"Pittsburg","NAMELSAD":"Pittsburg village","ALAND":5348241,"AWATER":68015}},
{"type":"Feature","geometry":{"type":"Polygon","coordinates":[[[-89.12411,40.85696],[-89.12334,40.84621],[-89.11843,40.84636],[-89.11854,40.85173],[-89.12411,40.85696]]]},"properties":{"GEOID":"1705261","NAME":"Benson","NAMELSAD":"Benson village","ALAND":423082,"AWATER":0}},
{"type":"Feature","geometry":{"type":"Polygon","coordinates":[[[-87.92192,41.00247],[-87.91875,40.99511],[-87.90657,40.99719],[-87.90492,41.01023],[-87.91514,41.00998],[-87.92192,41.00247]]]},"properties":{"GEOID":"1712801","NAME":"Chebanse","NAMELSAD":"Chebanse village","ALAND":2043940,"AWATER":0}},
{"type":"Feature","geometry":{"type":"Polygon","coordinates":[[[-91.18989,39.78726],[-91.1852,39.78223],[-91.17864,39.78598],[-91.18989,39.78726]]]},"properties":{"GEOID":"1760339","NAME":"Plainville","NAMELSAD":"Plainville village","ALAND":607954,"AWATER":0}},
{"type":"Feature","geometry":{"type":"Polygon","coordinates":[[[-91.26299,40.00692],[-91.25243,40.00751],[-91.25232,40.01048],[-91.2629,40.01063],[-91.26299,40.00692]]]},"properties":{"GEOID":"1727377","NAME":"Fowler","NAMELSAD":"Fowler CDP","ALAND":349243,"AWATER":0}},
{"type":"Feature","geometry":{"type":"Polygon","coordinates":[[[-88.31133,41.02291],[-88.30558,41.02147],[-88.3059,41.02951],[-88.31133,41.02291]]]},"properties":{"GEOID":"1710916","NAME":"Campus","NAMELSAD":"Campus village","ALAND":238805,"AWATER":0}},
{"type":"Feature","geometry":{"type":"Polygon","coordinates":[[[-90.0378,40.62935],[-90.0372,40.6221],[-90.02754,40.62216],[-90.02694,40.6293],[-90.0378,40.62935]]]},"properties":{"GEOID":"1753390","NAME":"Norris","NAMELSAD":"Norris village","ALAND":733438,"AWATER":0}},
{"type":"Feature","geometry":{"type":"Polygon","coordinates":[[[-89.456,41.03553],[-89.44356,41.03134],[-89.44239,41.02046],[-89.43263,41.02417],[-89.43512,41.03463],[-89.456,41.03553]]]},"properties":{"GEOID":"1771422","NAME":"Sparland","NAMELSAD":"Sparland village","ALAND":1482083,"AWATER":0}},
{"type":"Feature","geometry":{"type":"Polygon","coordinates":[[[-89.5825,40.81889],[-89.57679,40.81002],[-89.56046,40.80703],[-89.5566,40.82048],[-89.57454,40.82539],[-89.5825,40.81889]]]},"properties":{"GEOID":"1750699","NAME":"Mossville","NAMELSAD":"Mossville CDP","ALAND":3237690,"AWATER":139441}},
{"type":"Feature","geometry":{"type":"Polygon","coordinates":[[[-87.71111,40.31766],[-87.71004,40.29617],[-87.69086,40.29572],[-87.69189,40.31784],[-87.71111,40.31766]]]},"properties":{"GEOID":"1734137","NAME":"Henning","NAMELSAD":"Henning village","ALAND":3948228,"AWATER":0}},
{"type":"Feature","geometry":{"type":"Polygon","coordinates":[[[-89.81211,39.13111],[-89.80191,39.13742],[-89.81639,39.13877],[-89.82083,39.13693],[-89.81211,39.13111]]]},"properties":{"GEOID":"1721852","NAME":"East Gillespie","NAMELSAD":"East Gillespie village","ALAND":825444,"AWATER":0}},
{"type":"Feature","geometry":{"type":"Polygon","coordinates":[[[-88.91224,38.49136],[-88.91287,38.48414],[-88.89419,38.48383],[-88.89402,38.49843],[-88.91223,38.49864],[-88.91224,38.49136]]]},"properties":{"GEOID":"1739324","NAME":"Kell","NAMELSAD":"Kell village","ALAND":2595287,"AWATER":4287}},
{"type":"Feature","geometry":{"type":"Polygon","coordinates":[[[-91.16245,39.70912],[-91.16266,39.6981],[-91.14263,39.6987],[-91.14244,39.70968],[-91.16245,39.70912]]]},"properties":{"GEOID":"1739922","NAME":"Kinderhook","NAMELSAD":"Kinderhook village","ALAND":2091456,"AWATER":0}},
{"type":"Feature","geometry":{"type":"Polygon","coordinates":[[[-90.09279,38.76107],[-90.09015,38.75836],[-90.08983,38.75829],[-90.08052,38.75788],[-90.07708,38.75782],[-90.07144,38.76536],[-90.08128,38.76901],[-90.09279,38.76107]]]},"properties":{"GEOID":"1749698","NAME":"Mitchell","NAMELSAD":"Mitchell CDP","ALAND":1447357,"AWATER":0}},
{"type":"Feature","geometry":{"type":"Polygon","coordinates":[[[-88.79626,39.19433],[-88.79611,39.17988],[-88.77759,39.17976],[-88.78121,39.19413],[-88.79626,39.19433]]]},"properties":{"GEOID":"1704598","NAME":"Beecher City","NAMELSAD":"Beecher City village","ALAND":2319131,"AWATER":0}},
{"type":"Feature","geometry":{"type":"Polygon","coordinates":[[[-88.9887,37.30321],[-88.9894,37.28499],[-88.96127,37.28611],[-88.96125,37.29762],[-88.97171,37.30383],[-88.9887,37.30321]]]},"properties":{"GEOID":"1739077","NAME":"Karnak","NAMELSAD":"Karnak village","ALAND":4678082,"AWATER":10667}},
{"type":"Feature","geometry":{"type":"Polygon","coordinates":[[[-90.56232,39.70536],[-90.561,39.70347],[-90.55757,39.70639],[-90.56032,39.70696],[-90.56232,39.70536]]]},"properties":{"GEOID":"1757121","NAME":"Oxville","NAMELSAD":"Oxville CDP","ALAND":88162,"AWATER":0}},
{"type":"Feature","geometry":{"type":"Polygon","coordinates":[[[-89.64284,42.37946],[-89.63733,42.37037],[-89.63019,42.37091],[-89.63031,42.37955],[-89.64284,42.37946]]]},"properties":{"GEOID":"1712008","NAME":"Cedarville","NAMELSAD":"Cedarville village","ALAND":1194635,"AWATER":0}},
{"type":"Feature","geometry":{"type":"Polygon","coordinates":[[[-88.26131,38.24981],[-88.25565,38.24994],[-88.25537,38.25197],[-88.26123,38.25281],[-88.26131,38.24981]]]},"properties":{"GEOID":"1709889","NAME":"Burnt Prairie","NAMELSAD":"Burnt Prairie village","ALAND":196481,"AWATER":0}},
{"type":"Feature","geometry":{"type":"Polygon","coordinates":[[[-89.94623,38.92023],[-89.94381,38.90698],[-89.93816,38.90549],[-89.92741,38.91231],[-89.92725,38.93789],[-89.94602,38.93489],[-89.94623,38.92023]]]},"properties":{"GEOID":"1735541","NAME":"Holiday Shores","NAMELSAD":"Holiday Shores CDP","ALAND":4098206,"AWATER":1199438}},
{"type":"Feature","geometry":{"type":"MultiPolygon","coordinates":[[[[-87.95059,41.6431],[-87.9508,41.64841],[-87.96162,41.65012],[-87.96277,41.64283],[-87.95059,41.6431]]],[[[-88.0471,41.64681],[-88.04706,41.64606],[-88.04368,41.65553],[-88.02587,41.65606],[-88.02793,41.64877],[-88.0065,41.64736],[-88.00397,41.64076],[-88.0026,41.64195],[-87.99956,41.65294],[-87.95116,41.65452],[-87.93788,41.65881],[-87.94664,41.66661],[-87.9517,41.67202],[-87.96615,41.66557],[-87.97652,41.66742],[-87.97137,41.67622],[-87.97167,41.68435],[-87.9522,41.68725],[-87.94285,41.69233],[-87.94048,41.69237],[-87.93765,41.68699],[-87.93332,41.70323],[-87.93941,41.70027],[-87.94214,41.70059],[-87.94065,41.70361],[-87.96545,41.69393],[-88.02864,41.67255],[-88.02856,41.67029],[-88.02814,41.65617],[-88.04411,41.65552],[-88.0471,41.64681]]]]},"properties":{"GEOID":"1742795","NAME":"Lemont","NAMELSAD":"Lemont village","ALAND":23664612,"AWATER":968954}},
{"type":"Feature","geometry":{"type":"Polygon","coordinates":[[[-90.88525,41.20151],[-90.88435,41.19206],[-90.87236,41.19254],[-90.87197,41.20131],[-90.88525,41.20151]]]},"properties":{"GEOID":"1738739","NAME":"Joy","NAMELSAD":"Joy village","ALAND":1107904,"AWATER":0}},
{"type":"Feature","geometry":{"type":"Polygon","coordinates":[[[-89.82699,40.58026],[-89.82344,40.56708],[-89.81373,40.56373],[-89.80419,40.56559],[-89.80438,40.57293],[-89.81385,40.58016],[-89.82699,40.58026]]]},"properties":{"GEOID":"1729483","NAME":"Glasford","NAMELSAD":"Glasford village","ALAND":2351838,"AWATER":0}},
{"type":"Feature","geometry":{"type":"Polygon","coordinates":[[[-89.28899,37.25386],[-89.28887,37.24663],[-89.2798,37.24687],[-89.27949,37.22241],[-89.25822,37.2325],[-89.25845,37.25058],[-89.2613,37.25809],[-89.27073,37.25805],[-89.2707,37.2474],[-89.27978,37.2474],[-89.27963,37.25386],[-89.28899,37.25386]]]},"properties":{"GEOID":"1774457","NAME":"Tamms","NAMELSAD":"Tamms village","ALAND":6038703,"AWATER":0}},
{"type":"Feature","geometry":{"type":"Polygon","coordinates":[[[-88.95619,38.45128],[-88.95603,38.43262],[-88.92803,38.43245],[-88.92774,38.44728],[-88.93468,38.44735],[-88.94113,38.4549],[-88.95619,38.45128]]]},"properties":{"GEOID":"1720123","NAME":"Dix","NAMELSAD":"Dix village","ALAND":5370952,"AWATER":25741}},
{"type":"Feature","geometry":{"type":"Polygon","coordinates":[[[-89.51983,41.2957],[-89.51483,41.28937],[-89.49761,41.28826],[-89.51,41.29809],[-89.51983,41.2957]]]},"properties":{"GEOID":"1775549","NAME":"Tiskilwa","NAMELSAD":"Tiskilwa village","ALAND":1179417,"AWATER":0}},
{"type":"Feature","geometry":{"type":"Polygon","coordinates":[[[-89.95525,42.46248],[-89.94991,42.45176],[-89.93554,42.4555],[-89.93573,42.46298],[-89.95525,42.46248]]]},"properties":{"GEOID":"1753195","NAME":"Nora","NAMELSAD":"Nora village","ALAND":2148866,"AWATER":0}},
{"type":"Feature","geometry":{"type":"Polygon","coordinates":[[[-88.9664,40.04812],[-88.96584,40.02249],[-88.94535,40.02303],[-88.94675,40.03761],[-88.95026,40.04785],[-88.9664,40.04812]]]},"properties":{"GEOID":"1747072","NAME":"Maroa","NAMELSAD":"Maroa city","ALAND":4569562,"AWATER":0}},
{"type":"Feature","geometry":{"type":"MultiPolygon","coordinates":[[[[-88.00829,42.38604],[-88.00595,42.38212],[-88.00402,42.38332],[-88.00616,42.38517],[-88.00829,42.38604]]],[[[-88.06284,42.30992],[-88.06285,42.30613],[-88.05288,42.30613],[-88.05103,42.30612],[-88.04322,42.29881],[-88.03252,42.29983],[-88.02652,42.30441],[-88.01926,42.29951],[-88.01426,42.31281],[-88.02881,42.31374],[-88.03152,42.32608],[-88.02531,42.32667],[-88.00453,42.31645],[-88.00465,42.33509],[-87.99321,42.33972],[-88.00459,42.34482],[-88.00467,42.35175],[-87.99981,42.35694],[-88.00248,42.35637],[-88.00445,42.35691],[-88.01199,42.36358],[-88.03075,42.36021],[-88.03876,42.36422],[-88.03869,42.38394],[-88.04379,42.3897],[-88.04978,42.38962],[-88.05931,42.37151],[-88.05974,42.3716],[-88.06163,42.36434],[-88.05829,42.35645],[-88.06055,42.34011],[-88.05842,42.33333],[-88.05844,42.32783],[-88.05347,42.3278],[-88.05325,42.32008],[-88.0534,42.31881],[-88.05336,42.31637],[-88.05335,42.31586],[-88.05332,42.31336],[-88.04826,42.31336],[-88.04826,42.31286],[-88.05331,42.31285],[-88.058,42.31284],[-88.06284,42.30992]]]]},"properties":{"GEOID":"1731121","NAME":"Grayslake","NAMELSAD":"Grayslake village","ALAND":28308733,"AWATER":581969}},
{"type":"Feature","geometry":{"type":"Polygon","coordinates":[[[-88.88076,42.09765],[-88.86456,42.08755],[-88.82211,42.08799],[-88.82484,42.09515],[-88.85633,42.09486],[-88.86778,42.093],[-88.88076,42.09765]]]},"properties":{"GEOID":"1740156","NAME":"Kirkland","NAMELSAD":"Kirkland village","ALAND":3257076,"AWATER":35044}},
{"type":"Feature","geometry":{"type":"Polygon","coordinates":[[[-87.62689,39.0022],[-87.62143,38.99642],[-87.60276,38.99628],[-87.60307,39.00686],[-87.62132,39.00725],[-87.62689,39.0022]]]},"properties":{"GEOID":"1757277","NAME":"Palestine","NAMELSAD":"Palestine village","ALAND":2044275,"AWATER":0}},
{"type":"Feature","geometry":{"type":"MultiPolygon","coordinates":[[[[-90.24348,38.52652],[-90.25139,38.51483],[-90.23337,38.51083],[-90.23884,38.50083],[-90.22576,38.49653],[-90.22213,38.48342],[-90.21861,38.48582],[-90.21307,38.494],[-90.20511,38.4899],[-90.19986,38.49671],[-90.20843,38.499],[-90.20059,38.51434],[-90.18728,38.52761],[-90.18619,38.536],[-90.19254,38.54357],[-90.20527,38.54071],[-90.20673,38.53402],[-90.22241,38.52969],[-90.23554,38.52342],[-90.23492,38.52268],[-90.23327,38.52005],[-90.24348,38.52652]]],[[[-90.24911,38.50015],[-90.24632,38.4949],[-90.2277,38.49172],[-90.22686,38.49595],[-90.24911,38.50015]]]]},"properties":{"GEOID":"1721254","NAME":"Dupo","NAMELSAD":"Dupo village","ALAND":16583617,"AWATER":58184}},
{"type":"Feature","geometry":{"type":"Polygon","coordinates":[[[-89.53912,39.20273],[-89.53911,39.19172],[-89.52508,39.19175],[-89.52508,39.20266],[-89.53912,39.20273]]]},"properties":{"GEOID":"1710149","NAME":"Butler","NAMELSAD":"Butler village","ALAND":1543210,"AWATER":0}},
{"type":"Feature","geometry":{"type":"Polygon","coordinates":[[[-90.82838,41.24257],[-90.82846,41.23837],[-90.80885,41.23801],[-90.8087,41.24222],[-90.82838,41.24257]]]},"properties":{"GEOID":"1749243","NAME":"Millersburg","NAMELSAD":"Millersburg CDP","ALAND":769264,"AWATER":0}},
{"type":"Feature","geometry":{"type":"Polygon","coordinates":[[[-90.02557,38.56733],[-90.02022,38.56099],[-90.01652,38.56312],[-90.01113,38.55621],[-90.00576,38.55241],[-89.99382,38.5432],[-89.99432,38.54321],[-90.00184,38.54153],[-90.00186,38.52333],[-89.98366,38.5242],[-89.97039,38.53467],[-89.96652,38.53424],[-89.96356,38.54594],[-89.95435,38.55298],[-89.9621,38.55598],[-89.96616,38.55698],[-89.96589,38.55924],[-89.96736,38.56555],[-89.95743,38.56684],[-89.95531,38.56915],[-89.95889,38.57808],[-89.96605,38.57605],[-89.97099,38.56767],[-89.97654,38.56961],[-89.99825,38.56732],[-90.00081,38.56766],[-90.00201,38.57119],[-90.0088,38.56588],[-90.02557,38.56733]]]},"properties":{"GEOID":"1774119","NAME":"Swansea","NAMELSAD":"Swansea village","ALAND":16790396,"AWATER":351120}},
{"type":"Feature","geometry":{"type":"Polygon","coordinates":[[[-87.65879,39.61186],[-87.66166,39.62021],[-87.67987,39.61394],[-87.67564,39.62809],[-87.68072,39.63823],[-87.69955,39.64185],[-87.69689,39.63281],[-87.699,39.62358],[-87.7092,39.62132],[-87.70825,39.61537],[-87.7147,39.60274],[-87.70291,39.60115],[-87.70257,39.59227],[-87.68532,39.58922],[-87.68185,39.60058],[-87.67702,39.60453],[-87.65879,39.61186]]]},"properties":{"GEOID":"1757628","NAME":"Paris","NAMELSAD":"Paris city","ALAND":14708550,"AWATER":989097}},
{"type":"Feature","geometry":{"type":"Polygon","coordinates":[[[-88.6372,41.31184],[-88.62832,41.30072],[-88.63514,41.29653],[-88.63247,41.28159],[-88.61412,41.28415],[-88.61364,41.29234],[-88.60445,41.29688],[-88.59956,41.30418],[-88.58528,41.3034],[-88.57549,41.31173],[-88.59448,41.3114],[-88.60001,41.31512],[-88.60074,41.32328],[-88.5897,41.32203],[-88.57764,41.3293],[-88.55848,41.33554],[-88.54517,41.34346],[-88.52687,41.34745],[-88.53696,41.35346],[-88.53723,41.36303],[-88.55636,41.35922],[-88.5561,41.34825],[-88.56562,41.34816],[-88.56529,41.34087],[-88.60106,41.32593],[-88.61974,41.3255],[-88.61959,41.31234],[-88.61469,41.3111],[-88.61934,41.29921],[-88.62842,41.31029],[-88.6372,41.31184]]]},"properties":{"GEOID":"1768640","NAME":"Seneca","NAMELSAD":"Seneca village","ALAND":15427554,"AWATER":950456}},
{"type":"Feature","geometry":{"type":"Polygon","coordinates":[[[-88.41922,40.75373],[-88.41045,40.74178],[-88.40439,40.74193],[-88.40359,40.75254],[-88.40901,40.75857],[-88.41922,40.75373]]]},"properties":{"GEOID":"1727026","NAME":"Forrest","NAMELSAD":"Forrest village","ALAND":1679234,"AWATER":0}},
{"type":"Feature","geometry":{"type":"Polygon","coordinates":[[[-88.65585,41.64869],[-88.62835,41.64376],[-88.6236,41.63126],[-88.61185,41.63133],[-88.61243,41.64097],[-88.60231,41.64461],[-88.58423,41.64697],[-88.58401,41.63531],[-88.57436,41.63534],[-88.57484,41.64588],[-88.56979,41.65028],[-88.57123,41.65311],[-88.60243,41.65322],[-88.60254,41.66048],[-88.62192,41.65774],[-88.642,41.6617],[-88.64184,41.67472],[-88.64984,41.6716],[-88.65267,41.65969],[-88.65109,41.65949],[-88.63504,41.65252],[-88.6369,41.64568],[-88.65106,41.65295],[-88.65575,41.65115],[-88.65585,41.64869]]]},"properties":{"GEOID":"1767548","NAME":"Sandwich","NAMELSAD":"Sandwich city","ALAND":12337691,"AWATER":46863}},
{"type":"Feature","geometry":{"type":"Polygon","coordinates":[[[-88.9941,40.13903],[-88.98929,40.13174],[-88.97002,40.13214],[-88.96906,40.13965],[-88.95888,40.14055],[-88.94141,40.13851],[-88.94356,40.15041],[-88.95093,40.16215],[-88.96532,40.16184],[-88.98447,40.14663],[-88.98439,40.13926],[-88.9941,40.13903]]]},"properties":{"GEOID":"1715001","NAME":"Clinton","NAMELSAD":"Clinton city","ALAND":9252286,"AWATER":0}},
{"type":"Feature","geometry":{"type":"Polygon","coordinates":[[[-87.63164,41.61931],[-87.6365,41.60751],[-87.63076,41.6042],[-87.62436,41.6066],[-87.62413,41.6154],[-87.63164,41.61931]]]},"properties":{"GEOID":"1759572","NAME":"Phoenix","NAMELSAD":"Phoenix village","ALAND":1200803,"AWATER":0}},
{"type":"Feature","geometry":{"type":"Polygon","coordinates":[[[-87.6795,41.64087],[-87.67528,41.62267],[-87.65605,41.62989],[-87.65642,41.64068],[-87.6628,41.64076],[-87.6795,41.64087]]]},"properties":{"GEOID":"1720149","NAME":"Dixmoor","NAMELSAD":"Dixmoor village","ALAND":3233700,"AWATER":0}},
{"type":"Feature","geometry":{"type":"MultiPolygon","coordinates":[[[[-89.68937,40.83513],[-89.68439,40.83127],[-89.67363,40.83499],[-89.65966,40.83483],[-89.66355,40.84221],[-89.66169,40.85672],[-89.67234,40.85686],[-89.67326,40.86785],[-89.68204,40.864],[-89.68082,40.85757],[-89.68698,40.84573],[-89.67829,40.84227],[-89.67589,40.83507],[-89.68937,40.83513]]],[[[-89.68937,40.83513],[-89.70301,40.83477],[-89.70306,40.82633],[-89.68939,40.82764],[-89.68937,40.83513]]]]},"properties":{"GEOID":"1721176","NAME":"Dunlap","NAMELSAD":"Dunlap village","ALAND":7218511,"AWATER":0}},
{"type":"Feature","geometry":{"type":"Polygon","coordinates":[[[-89.11869,39.38973],[-89.09537,39.39028],[-89.09437,39.37408],[-89.08207,39.36697],[-89.07664,39.37947],[-89.0681,39.3769],[-89.06282,39.3892],[-89.05194,39.38839],[-89.03035,39.38801],[-89.03498,39.37925],[-89.02557,39.37299],[-89.02549,39.36725],[-89.00941,39.36733],[-89.00946,39.37524],[-89.02121,39.37987],[-89.03063,39.37883],[-89.03047,39.38375],[-89.02181,39.38984],[-89.0321,39.38866],[-89.05846,39.39116],[-89.07201,39.39601],[-89.07522,39.40039],[-89.08959,39.39987],[-89.09614,39.39147],[-89.11869,39.38973]]]},"properties":{"GEOID":"1757472","NAME":"Pana","NAMELSAD":"Pana city","ALAND":9986736,"AWATER":797946}},
{"type":"Feature","geometry":{"type":"Polygon","coordinates":[[[-89.77023,39.54477],[-89.7678,39.536],[-89.76013,39.54177],[-89.77023,39.54477]]]},"properties":{"GEOID":"1774860","NAME":"Thayer","NAMELSAD":"Thayer village","ALAND":1580942,"AWATER":0}},
{"type":"Feature","geometry":{"type":"Polygon","coordinates":[[[-88.15435,42.24129],[-88.16426,42.23462],[-88.1644,42.22366],[-88.15746,42.22217],[-88.14302,42.22669],[-88.13983,42.22652],[-88.13573,42.22846],[-88.14776,42.23414],[-88.15435,42.24129]]]},"properties":{"GEOID":"1775874","NAME":"Tower Lakes","NAMELSAD":"Tower Lakes village","ALAND":2380066,"AWATER":322677}},
{"type":"Feature","geometry":{"type":"Polygon","coordinates":[[[-90.33075,40.35152],[-90.31826,40.3514],[-90.31803,40.35586],[-90.32833,40.35587],[-90.33075,40.35152]]]},"properties":{"GEOID":"1737647","NAME":"Ipava","NAMELSAD":"Ipava village","ALAND":694207,"AWATER":0}},
{"type":"Feature","geometry":{"type":"Polygon","coordinates":[[[-88.06055,42.00241],[-88.06057,42.00062],[-88.05578,41.99345],[-88.05096,41.99192],[-88.04825,41.99189],[-88.04628,41.99196],[-88.04118,41.99215],[-87.99817,41.99268],[-87.99338,41.99273],[-87.97954,41.99287],[-87.97554,41.98406],[-87.96255,41.98327],[-87.93983,41.98668],[-87.93995,41.99348],[-87.94003,41.99813],[-87.93555,42.00815],[-87.94036,42.01421],[-87.9407,42.01545],[-87.95512,42.0213],[-87.97161,42.03323],[-87.98445,42.03719],[-87.98849,42.02208],[-87.99731,42.01321],[-88.01873,42.01441],[-88.03087,42.01097],[-88.03136,42.01445],[-88.04573,42.01616],[-88.05548,42.02104],[-88.05854,42.02089],[-88.06055,42.00241]]]},"properties":{"GEOID":"1723256","NAME":"Elk Grove Village","NAMELSAD":"Elk Grove Village village","ALAND":30512189,"AWATER":148517}},
{"type":"Feature","geometry":{"type":"Polygon","coordinates":[[[-88.14471,42.0174],[-88.14476,42.01048],[-88.15913,42.009],[-88.15916,42.00078],[-88.16595,41.99522],[-88.1599,41.98934],[-88.16028,41.98095],[-88.16029,41.98038],[-88.15802,41.97195],[-88.15496,41.9591],[-88.161,41.95906],[-88.16732,41.94186],[-88.14014,41.93992],[-88.14014,41.94415],[-88.14643,41.95906],[-88.15349,41.95907],[-88.15157,41.96964],[-88.11981,41.97213],[-88.11878,41.98245],[-88.12486,41.98884],[-88.12702,41.98893],[-88.12919,41.98884],[-88.1451,41.98824],[-88.13851,41.99569],[-88.12936,41.99611],[-88.12891,42.01811],[-88.14471,42.0174]]]},"properties":{"GEOID":"1732746","NAME":"Hanover Park","NAMELSAD":"Hanover Park village","ALAND":16628383,"AWATER":266698}},
{"type":"Feature","geometry":{"type":"Polygon","coordinates":[[[-87.75813,41.66211],[-87.75675,41.64033],[-87.75227,41.63429],[-87.74233,41.63236],[-87.73998,41.63199],[-87.70932,41.63291],[-87.71573,41.63812],[-87.71464,41.63812],[-87.72322,41.64075],[-87.72368,41.64741],[-87.71636,41.65015],[-87.73128,41.65253],[-87.73837,41.65546],[-87.74973,41.66154],[-87.75813,41.66211]]]},"properties":{"GEOID":"1717497","NAME":"Crestwood","NAMELSAD":"Crestwood village","ALAND":7897325,"AWATER":72892}},
{"type":"Feature","geometry":{"type":"Polygon","coordinates":[[[-87.78156,42.12353],[-87.78239,42.11959],[-87.77558,42.11607],[-87.77038,42.11974],[-87.74154,42.11963],[-87.74169,42.12827],[-87.75914,42.15225],[-87.7794,42.1524],[-87.78425,42.15001],[-87.78474,42.13788],[-87.77567,42.13245],[-87.78156,42.12353]]]},"properties":{"GEOID":"1729652","NAME":"Glencoe","NAMELSAD":"Glencoe village","ALAND":9628571,"AWATER":158099}},
{"type":"Feature","geometry":{"type":"Polygon","coordinates":[[[-89.22824,40.44233],[-89.22738,40.42776],[-89.21778,40.43057],[-89.21331,40.43894],[-89.22824,40.44233]]]},"properties":{"GEOID":"1772260","NAME":"Stanford","NAMELSAD":"Stanford village","ALAND":1714405,"AWATER":0}},
{"type":"Feature","geometry":{"type":"Polygon","coordinates":[[[-88.19606,37.7181],[-88.1934,37.71106],[-88.18404,37.71088],[-88.1754,37.72132],[-88.19299,37.72308],[-88.19606,37.7181]]]},"properties":{"GEOID":"1769082","NAME":"Shawneetown","NAMELSAD":"Shawneetown city","ALAND":1901583,"AWATER":23237}},
{"type":"Feature","geometry":{"type":"Polygon","coordinates":[[[-89.1124,39.29038],[-89.10927,39.28292],[-89.10015,39.28294],[-89.10017,39.29023],[-89.1124,39.29038]]]},"properties":{"GEOID":"1755132","NAME":"Oconee","NAMELSAD":"Oconee village","ALAND":921528,"AWATER":0}},
{"type":"Feature","geometry":{"type":"Polygon","coordinates":[[[-88.54566,38.36808],[-88.5453,38.35307],[-88.52638,38.35288],[-88.52638,38.37189],[-88.5359,38.36813],[-88.54566,38.36808]]]},"properties":{"GEOID":"1770031","NAME":"Sims","NAMELSAD":"Sims village","ALAND":3060283,"AWATER":0}},
{"type":"Feature","geometry":{"type":"Polygon","coordinates":[[[-87.73108,40.9192],[-87.72843,40.91192],[-87.72129,40.91204],[-87.72136,40.91933],[-87.73108,40.9192]]]},"properties":{"GEOID":"1747280","NAME":"Martinton","NAMELSAD":"Martinton village","ALAND":710670,"AWATER":0}},
{"type":"Feature","geometry":{"type":"Polygon","coordinates":[[[-89.5917,39.58961],[-89.586,39.58588],[-89.57376,39.58618],[-89.57358,39.59694],[-89.57725,39.60399],[-89.5917,39.58961]]]},"properties":{"GEOID":"1758174","NAME":"Pawnee","NAMELSAD":"Pawnee village","ALAND":3449576,"AWATER":0}},
{"type":"Feature","geometry":{"type":"Polygon","coordinates":[[[-88.68123,40.88076],[-88.67455,40.87347],[-88.66665,40.8589],[-88.65224,40.85905],[-88.65233,40.86628],[-88.64271,40.86636],[-88.64271,40.85908],[-88.62362,40.86285],[-88.62362,40.87178],[-88.61646,40.87555],[-88.60747,40.87343],[-88.60709,40.88932],[-88.6189,40.88845],[-88.61897,40.89524],[-88.6356,40.8896],[-88.64262,40.89005],[-88.643,40.90764],[-88.6335,40.91016],[-88.63356,40.91743],[-88.61915,40.91758],[-88.61925,40.92481],[-88.60501,40.92493],[-88.60366,40.93583],[-88.63362,40.92336],[-88.64315,40.9173],[-88.6623,40.90998],[-88.65514,40.90273],[-88.65416,40.88817],[-88.66813,40.88808],[-88.66804,40.88084],[-88.68123,40.88076]]]},"properties":{"GEOID":"1761015","NAME":"Pontiac","NAMELSAD":"Pontiac city","ALAND":21872223,"AWATER":650139}},
{"type":"Feature","geometry":{"type":"Polygon","coordinates":[[[-90.59652,41.20847],[-90.59683,41.20058],[-90.57758,41.19933],[-90.57751,41.20893],[-90.58585,41.21153],[-90.59652,41.20847]]]},"properties":{"GEOID":"1778123","NAME":"Viola","NAMELSAD":"Viola village","ALAND":2170069,"AWATER":39358}},
{"type":"Feature","geometry":{"type":"Polygon","coordinates":[[[-87.81841,41.97062],[-87.81943,41.9741],[-87.84654,41.97193],[-87.83668,41.9666],[-87.83265,41.95932],[-87.82227,41.95952],[-87.82277,41.95239],[-87.80727,41.95277],[-87.8013,41.95672],[-87.8072,41.96283],[-87.81946,41.96335],[-87.81841,41.97062]]]},"properties":{"GEOID":"1753377","NAME":"Norridge","NAMELSAD":"Norridge village","ALAND":4681969,"AWATER":0}},
{"type":"Feature","geometry":{"type":"Polygon","coordinates":[[[-89.23593,41.86689],[-89.23585,41.86115],[-89.21432,41.86262],[-89.21444,41.87439],[-89.23117,41.87422],[-89.23593,41.86689]]]},"properties":{"GEOID":"1702583","NAME":"Ashton","NAMELSAD":"Ashton village","ALAND":2068531,"AWATER":0}},
{"type":"Feature","geometry":{"type":"Polygon","coordinates":[[[-89.68544,42.29538],[-89.6805,42.28635],[-89.6705,42.28581],[-89.66164,42.27254],[-89.64675,42.27278],[-89.64582,42.26563],[-89.63128,42.26568],[-89.63117,42.25135],[-89.6222,42.2514],[-89.621,42.25871],[-89.60294,42.27759],[-89.59679,42.27933],[-89.58409,42.29092],[-89.60189,42.29904],[-89.60215,42.30862],[-89.61375,42.30852],[-89.6254,42.30389],[-89.63587,42.30905],[-89.65174,42.30875],[-89.65183,42.31266],[-89.66824,42.31343],[-89.67561,42.30817],[-89.67582,42.30092],[-89.68544,42.29538]]]},"properties":{"GEOID":"1727884","NAME":"Freeport","NAMELSAD":"Freeport city","ALAND":30774052,"AWATER":20738}},
{"type":"Feature","geometry":{"type":"Polygon","coordinates":[[[-88.91553,39.80448],[-88.91234,39.79063],[-88.90199,39.79074],[-88.89174,39.78441],[-88.89461,39.77069],[-88.8893,39.76256],[-88.88912,39.75748],[-88.87326,39.7577],[-88.87299,39.76272],[-88.86092,39.76285],[-88.85877,39.77388],[-88.8659,39.77752],[-88.86324,39.79122],[-88.87647,39.7911],[-88.8824,39.7912],[-88.89798,39.79081],[-88.89662,39.79621],[-88.90417,39.80121],[-88.90605,39.80131],[-88.91553,39.80448]]]},"properties":{"GEOID":"1751206","NAME":"Mount Zion","NAMELSAD":"Mount Zion village","ALAND":11097677,"AWATER":6609}},
{"type":"Feature","geometry":{"type":"Polygon","coordinates":[[[-90.58615,41.45506],[-90.58683,41.43586],[-90.57705,41.44198],[-90.57731,41.41763],[-90.56995,41.41801],[-90.56944,41.42045],[-90.56847,41.4211],[-90.56306,41.41733],[-90.55826,41.41004],[-90.54887,41.40985],[-90.54851,41.42361],[-90.53839,41.43153],[-90.5377,41.44226],[-90.53754,41.44696],[-90.53783,41.46073],[-90.55029,41.46406],[-90.55784,41.46244],[-90.56813,41.46343],[-90.57564,41.46273],[-90.58157,41.45938],[-90.58605,41.45934],[-90.58602,41.45772],[-90.58615,41.45506]],[[-90.56275,41.42819],[-90.55646,41.42996],[-90.55786,41.44053],[-90.54828,41.44042],[-90.54987,41.43132],[-90.56275,41.42819]]]},"properties":{"GEOID":"1749009","NAME":"Milan","NAMELSAD":"Milan village","ALAND":16200383,"AWATER":1535949}},
{"type":"Feature","geometry":{"type":"Polygon","coordinates":[[[-90.07899,38.62276],[-90.07893,38.61913],[-90.06941,38.61321],[-90.0602,38.61523],[-90.06293,38.6033],[-90.05199,38.59829],[-90.04874,38.6075],[-90.03731,38.62283],[-90.02692,38.62164],[-90.01819,38.62164],[-89.99865,38.62166],[-90.00282,38.63069],[-89.99991,38.64287],[-89.98018,38.64359],[-89.98093,38.65085],[-89.99013,38.6521],[-89.99525,38.64939],[-89.99993,38.64864],[-90.01846,38.64674],[-90.03701,38.64593],[-90.04712,38.64573],[-90.05604,38.64297],[-90.05965,38.63691],[-90.07451,38.63699],[-90.07449,38.63203],[-90.07447,38.62993],[-90.07899,38.62276]]]},"properties":{"GEOID":"1711644","NAME":"Caseyville","NAMELSAD":"Caseyville village","ALAND":18909946,"AWATER":410625}},
{"type":"Feature","geometry":{"type":"Polygon","coordinates":[[[-88.35468,42.11057],[-88.36409,42.11776],[-88.36413,42.12789],[-88.37405,42.12509],[-88.37391,42.14328],[-88.3837,42.14334],[-88.38359,42.1509],[-88.3935,42.1539],[-88.39262,42.13226],[-88.38354,42.11742],[-88.38374,42.10333],[-88.37677,42.09822],[-88.35964,42.09622],[-88.35964,42.08888],[-88.37921,42.08895],[-88.37954,42.07913],[-88.35778,42.07257],[-88.35513,42.0762],[-88.34996,42.08164],[-88.3498,42.08688],[-88.35219,42.10346],[-88.35468,42.11057]]]},"properties":{"GEOID":"1729171","NAME":"Gilberts","NAMELSAD":"Gilberts village","ALAND":14217205,"AWATER":4822}},
{"type":"Feature","geometry":{"type":"Polygon","coordinates":[[[-89.04972,38.21355],[-89.04915,38.20548],[-89.03042,38.20536],[-89.0306,38.22087],[-89.04821,38.22107],[-89.04972,38.21355]]]},"properties":{"GEOID":"1778708","NAME":"Waltonville","NAMELSAD":"Waltonville village","ALAND":3218400,"AWATER":49139}},
{"type":"Feature","geometry":{"type":"Polygon","coordinates":[[[-89.29269,39.30881],[-89.29325,39.29656],[-89.29689,39.29064],[-89.29545,39.29064],[-89.29319,39.29067],[-89.27685,39.29213],[-89.27328,39.30323],[-89.27925,39.30881],[-89.29269,39.30881]]]},"properties":{"GEOID":"1753169","NAME":"Nokomis","NAMELSAD":"Nokomis city","ALAND":3271634,"AWATER":0}},
{"type":"Feature","geometry":{"type":"Polygon","coordinates":[[[-89.60268,38.77675],[-89.58979,38.77545],[-89.58723,38.77936],[-89.52731,38.77794],[-89.52713,38.77261],[-89.5158,38.77222],[-89.51586,38.77937],[-89.5254,38.77802],[-89.58724,38.77948],[-89.60044,38.78331],[-89.60268,38.77675]]]},"properties":{"GEOID":"1759709","NAME":"Pierron","NAMELSAD":"Pierron village","ALAND":1901247,"AWATER":0}},
{"type":"Feature","geometry":{"type":"Polygon","coordinates":[[[-87.88728,41.90016],[-87.8788,41.90345],[-87.8857,41.90752],[-87.88728,41.90016]]]},"properties":{"GEOID":"1772923","NAME":"Stone Park","NAMELSAD":"Stone Park village","ALAND":892912,"AWATER":0}},
{"type":"Feature","geometry":{"type":"Polygon","coordinates":[[[-89.64004,38.53552],[-89.63078,38.53207],[-89.62946,38.54045],[-89.62179,38.54294],[-89.6122,38.5384],[-89.60272,38.54423],[-89.60267,38.5504],[-89.62154,38.55209],[-89.62156,38.54302],[-89.63087,38.54216],[-89.63084,38.5357],[-89.64004,38.53552]]]},"properties":{"GEOID":"1700555","NAME":"Albers","NAMELSAD":"Albers village","ALAND":2626256,"AWATER":0}},
{"type":"Feature","geometry":{"type":"Polygon","coordinates":[[[-88.99218,41.68875],[-88.97471,41.68198],[-88.98364,41.69646],[-88.99218,41.68875]]]},"properties":{"GEOID":"1758226","NAME":"Paw Paw","NAMELSAD":"Paw Paw village","ALAND":1552692,"AWATER":0}},
{"type":"Feature","geometry":{"type":"Polygon","coordinates":[[[-90.45807,42.43929],[-90.45732,42.43202],[-90.44637,42.42441],[-90.44673,42.40992],[-90.43443,42.40347],[-90.42006,42.40166],[-90.41453,42.41361],[-90.40216,42.42189],[-90.40109,42.43059],[-90.43184,42.43131],[-90.44008,42.43644],[-90.44017,42.44627],[-90.45395,42.44403],[-90.45807,42.43929]]]},"properties":{"GEOID":"1728300","NAME":"Galena","NAMELSAD":"Galena city","ALAND":11991932,"AWATER":19921}},
{"type":"Feature","geometry":{"type":"Polygon","coordinates":[[[-88.39809,39.06779],[-88.38925,39.06035],[-88.38474,39.04958],[-88.37565,39.05864],[-88.36571,39.06034],[-88.37035,39.06778],[-88.39809,39.06779]]]},"properties":{"GEOID":"1719915","NAME":"Dieterich","NAMELSAD":"Dieterich village","ALAND":3537743,"AWATER":0}},
{"type":"Feature","geometry":{"type":"Polygon","coordinates":[[[-89.88577,41.09933],[-89.87309,41.09466],[-89.86871,41.08644],[-89.85447,41.09859],[-89.87552,41.10058],[-89.88577,41.09933]]]},"properties":{"GEOID":"1775783","NAME":"Toulon","NAMELSAD":"Toulon city","ALAND":2632974,"AWATER":0}},
{"type":"Feature","geometry":{"type":"Polygon","coordinates":[[[-89.48027,42.29836],[-89.48018,42.29502],[-89.47382,42.29507],[-89.47544,42.29942],[-89.48027,42.29836]]]},"properties":{"GEOID":"1764044","NAME":"Ridott","NAMELSAD":"Ridott village","ALAND":207425,"AWATER":0}},
{"type":"Feature","geometry":{"type":"Polygon","coordinates":[[[-88.93784,41.58775],[-88.93322,41.58133],[-88.9106,41.58199],[-88.91437,41.59618],[-88.93372,41.59571],[-88.93784,41.58775]]]},"properties":{"GEOID":"1721540","NAME":"Earlville","NAMELSAD":"Earlville city","ALAND":3111748,"AWATER":0}},
{"type":"Feature","geometry":{"type":"Polygon","coordinates":[[[-88.54326,40.42728],[-88.53101,40.42549],[-88.5266,40.42014],[-88.51697,40.42016],[-88.51733,40.43449],[-88.5312,40.43693],[-88.53602,40.42736],[-88.54326,40.42728]]]},"properties":{"GEOID":"1767912","NAME":"Saybrook","NAMELSAD":"Saybrook village","ALAND":2076581,"AWATER":74900}},
{"type":"Feature","geometry":{"type":"Polygon","coordinates":[[[-89.49889,42.21512],[-89.49106,42.21154],[-89.47394,42.21161],[-89.47697,42.21633],[-89.49889,42.21512]]]},"properties":{"GEOID":"1729093","NAME":"German Valley","NAMELSAD":"German Valley village","ALAND":1203351,"AWATER":0}},
{"type":"Feature","geometry":{"type":"Polygon","coordinates":[[[-87.77309,42.08694],[-87.77775,42.0798],[-87.76467,42.07958],[-87.75873,42.065],[-87.73242,42.06467],[-87.72904,42.06914],[-87.68923,42.06877],[-87.67984,42.07171],[-87.68146,42.07844],[-87.70222,42.0895],[-87.7226,42.08272],[-87.72451,42.08783],[-87.75149,42.08669],[-87.75842,42.08669],[-87.76629,42.08693],[-87.76723,42.08693],[-87.77309,42.08694]]]},"properties":{"GEOID":"1782075","NAME":"Wilmette","NAMELSAD":"Wilmette village","ALAND":13989703,"AWATER":28052}},
{"type":"Feature","geometry":{"type":"Polygon","coordinates":[[[-87.57848,41.64473],[-87.57839,41.62087],[-87.57343,41.61549],[-87.55907,41.61196],[-87.55902,41.60321],[-87.57784,41.60477],[-87.57684,41.59445],[-87.5662,41.59407],[-87.56372,41.5865],[-87.55869,41.59446],[-87.54445,41.59374],[-87.53945,41.58687],[-87.53154,41.58796],[-87.52538,41.58138],[-87.52509,41.63021],[-87.53924,41.63149],[-87.56402,41.63003],[-87.56407,41.64464],[-87.57848,41.64473]]]},"properties":{"GEOID":"1710487","NAME":"Calumet City","NAMELSAD":"Calumet City city","ALAND":18658344,"AWATER":322264}},
{"type":"Feature","geometry":{"type":"Polygon","coordinates":[[[-88.26515,41.25218],[-88.26503,41.24859],[-88.24566,41.24883],[-88.24282,41.2596],[-88.231,41.24874],[-88.22167,41.25293],[-88.2004,41.25514],[-88.20669,41.26049],[-88.20796,41.26773],[-88.18949,41.28401],[-88.1897,41.28982],[-88.214,41.28921],[-88.20847,41.28223],[-88.22728,41.28214],[-88.23127,41.28891],[-88.24183,41.27412],[-88.24313,41.2743],[-88.24653,41.27424],[-88.25136,41.27406],[-88.24618,41.26328],[-88.25533,41.25943],[-88.2552,41.25221],[-88.26515,41.25218]]]},"properties":{"GEOID":"1707770","NAME":"Braidwood","NAMELSAD":"Braidwood city","ALAND":13715402,"AWATER":459148}},
{"type":"Feature","geometry":{"type":"Polygon","coordinates":[[[-88.3574,41.86489],[-88.35336,41.86165],[-88.35378,41.8497],[-88.36213,41.84583],[-88.35903,41.83596],[-88.34046,41.83519],[-88.34474,41.82403],[-88.34926,41.81926],[-88.3571,41.8196],[-88.3571,41.81644],[-88.34041,41.81892],[-88.33871,41.83256],[-88.32151,41.8284],[-88.31459,41.83794],[-88.30433,41.83033],[-88.3101,41.82575],[-88.29861,41.8221],[-88.29305,41.81996],[-88.28922,41.82076],[-88.28569,41.82119],[-88.27254,41.82218],[-88.27954,41.82782],[-88.27859,41.85015],[-88.27243,41.85686],[-88.25978,41.86294],[-88.26255,41.87115],[-88.27509,41.86915],[-88.2825,41.86899],[-88.28797,41.86894],[-88.31371,41.86552],[-88.32809,41.86402],[-88.34386,41.8649],[-88.35134,41.86497],[-88.35243,41.865],[-88.35501,41.865],[-88.3574,41.86489]]]},"properties":{"GEOID":"1704078","NAME":"Batavia","NAMELSAD":"Batavia city","ALAND":28407788,"AWATER":479093}},
{"type":"Feature","geometry":{"type":"Polygon","coordinates":[[[-89.55659,40.76024],[-89.58341,40.76072],[-89.5884,40.74656],[-89.58368,40.73973],[-89.58394,40.72883],[-89.57433,40.72999],[-89.57416,40.73913],[-89.55026,40.73905],[-89.55659,40.76024]]]},"properties":{"GEOID":"1759026","NAME":"Peoria Heights","NAMELSAD":"Peoria Heights village","ALAND":6455733,"AWATER":983328}},
{"type":"Feature","geometry":{"type":"Polygon","coordinates":[[[-89.8237,38.53274],[-89.81814,38.52687],[-89.82626,38.5217],[-89.82463,38.51355],[-89.82691,38.48564],[-89.82296,38.48181],[-89.81117,38.48345],[-89.78797,38.48305],[-89.7883,38.50693],[-89.79293,38.50696],[-89.79309,38.51991],[-89.78386,38.51974],[-89.78409,38.5385],[-89.77949,38.53842],[-89.78435,38.55546],[-89.80108,38.55431],[-89.80143,38.55797],[-89.81839,38.55817],[-89.81831,38.54585],[-89.82283,38.54042],[-89.82282,38.53954],[-89.82493,38.53746],[-89.8237,38.53274]]]},"properties":{"GEOID":"1747423","NAME":"Mascoutah","NAMELSAD":"Mascoutah city","ALAND":24967334,"AWATER":379757}},
{"type":"Feature","geometry":{"type":"Polygon","coordinates":[[[-90.06566,38.66667],[-90.07288,38.65901],[-90.07211,38.64591],[-90.04866,38.64821],[-90.05428,38.65978],[-90.04539,38.66022],[-90.02521,38.65677],[-90.01846,38.64674],[-89.99993,38.64864],[-89.99525,38.64939],[-89.99013,38.6521],[-89.98461,38.6582],[-89.96695,38.65811],[-89.96603,38.68283],[-89.94902,38.69449],[-89.97107,38.70273],[-89.97957,38.70189],[-89.99415,38.69596],[-90.00342,38.69799],[-90.00266,38.70829],[-89.99554,38.71337],[-89.99907,38.72352],[-90.00355,38.72362],[-90.01293,38.7163],[-90.01496,38.70188],[-90.01739,38.70189],[-90.03028,38.70202],[-90.03161,38.69539],[-90.03367,38.69248],[-90.03367,38.69245],[-90.03863,38.69289],[-90.04308,38.68583],[-90.03837,38.68017],[-90.04285,38.66957],[-90.05346,38.67138],[-90.06566,38.66667]]]},"properties":{"GEOID":"1715599","NAME":"Collinsville","NAMELSAD":"Collinsville city","ALAND":39984013,"AWATER":481202}},
{"type":"Feature","geometry":{"type":"Polygon","coordinates":[[[-90.37808,39.81731],[-90.37875,39.81373],[-90.36404,39.81403],[-90.36308,39.81719],[-90.37808,39.81731]]]},"properties":{"GEOID":"1716054","NAME":"Concord","NAMELSAD":"Concord village","ALAND":644043,"AWATER":0}},
{"type":"Feature","geometry":{"type":"Polygon","coordinates":[[[-90.2609,39.57797],[-90.24831,39.57822],[-90.24498,39.58895],[-90.2609,39.57797]]]},"properties":{"GEOID":"1751479","NAME":"Murrayville","NAMELSAD":"Murrayville village","ALAND":1285324,"AWATER":0}},
{"type":"Feature","geometry":{"type":"Polygon","coordinates":[[[-88.20353,42.29441],[-88.20847,42.29245],[-88.21099,42.28234],[-88.22652,42.27989],[-88.21659,42.26358],[-88.20816,42.25608],[-88.20322,42.25606],[-88.20405,42.26875],[-88.18868,42.26693],[-88.17974,42.28406],[-88.19434,42.28499],[-88.20151,42.30115],[-88.18903,42.29942],[-88.18886,42.3063],[-88.20362,42.30323],[-88.20353,42.29441]]]},"properties":{"GEOID":"1737894","NAME":"Island Lake","NAMELSAD":"Island Lake village","ALAND":8743848,"AWATER":546873}},
{"type":"Feature","geometry":{"type":"MultiPolygon","coordinates":[[[[-87.84057,41.53225],[-87.84791,41.53215],[-87.84353,41.52847],[-87.82562,41.52884],[-87.82479,41.5252],[-87.81903,41.53995],[-87.83096,41.53602],[-87.83093,41.53523],[-87.84057,41.53225]]],[[[-87.85639,41.56486],[-87.85622,41.55998],[-87.85396,41.55765],[-87.85332,41.55305],[-87.85039,41.55192],[-87.8354,41.55308],[-87.8317,41.55261],[-87.82814,41.55167],[-87.81764,41.55056],[-87.81688,41.55057],[-87.81189,41.54738],[-87.81733,41.5436],[-87.821,41.52891],[-87.81803,41.52895],[-87.81129,41.52906],[-87.80666,41.53649],[-87.79224,41.53672],[-87.79041,41.52804],[-87.78558,41.52806],[-87.78076,41.52807],[-87.77108,41.52813],[-87.77073,41.55387],[-87.76404,41.55706],[-87.76485,41.57356],[-87.76993,41.5808],[-87.76734,41.58856],[-87.7704,41.59533],[-87.78506,41.59514],[-87.78417,41.60241],[-87.78534,41.60407],[-87.78975,41.60401],[-87.80624,41.60209],[-87.80681,41.60208],[-87.81834,41.60191],[-87.81912,41.6019],[-87.8283,41.60177],[-87.82896,41.58715],[-87.83245,41.57983],[-87.84711,41.57957],[-87.85206,41.57949],[-87.85164,41.56591],[-87.85639,41.56486]]]]},"properties":{"GEOID":"1775484","NAME":"Tinley Park","NAMELSAD":"Tinley Park village","ALAND":41895790,"AWATER":30829}},
{"type":"Feature","geometry":{"type":"Polygon","coordinates":[[[-87.81375,39.79918],[-87.8138,39.79249],[-87.80428,39.79246],[-87.80421,39.80156],[-87.81375,39.79918]]]},"properties":{"GEOID":"1748632","NAME":"Metcalf","NAMELSAD":"Metcalf village","ALAND":1538028,"AWATER":0}},
{"type":"Feature","geometry":{"type":"Polygon","coordinates":[[[-88.02794,40.71026],[-88.02781,40.70753],[-88.00404,40.70788],[-87.99383,40.712],[-87.99524,40.72504],[-88.00391,40.72223],[-88.02582,40.72221],[-88.02794,40.71026]]]},"properties":{"GEOID":"1756081","NAME":"Onarga","NAMELSAD":"Onarga village","ALAND":4334959,"AWATER":0}},
{"type":"Feature","geometry":{"type":"MultiPolygon","coordinates":[[[[-88.03401,41.53953],[-88.03397,41.53774],[-88.03391,41.53601],[-88.03384,41.53348],[-88.0089,41.52581],[-87.99036,41.52615],[-87.99049,41.53065],[-88.00524,41.53681],[-88.00532,41.53896],[-87.9921,41.54063],[-87.99591,41.5475],[-88.00075,41.54777],[-88.00099,41.54776],[-88.00219,41.54774],[-88.0037,41.54771],[-88.00558,41.54767],[-88.00561,41.54872],[-88.00572,41.5515],[-88.00584,41.55462],[-88.02493,41.55419],[-88.02471,41.54726],[-88.03401,41.53953]]],[[[-88.04525,41.53551],[-88.04327,41.52925],[-88.04254,41.5293],[-88.04525,41.53551]]],[[[-88.04201,41.49607],[-88.05216,41.5067],[-88.06173,41.50649],[-88.06153,41.49826],[-88.04304,41.49164],[-88.0134,41.49208],[-88.00897,41.50412],[-88.01597,41.51124],[-88.02713,41.51089],[-88.02692,41.50373],[-88.04201,41.49607]]],[[[-88.15182,41.59468],[-88.15951,41.58685],[-88.14294,41.58025],[-88.14306,41.58429],[-88.14346,41.59479],[-88.14531,41.59476],[-88.14987,41.5947],[-88.15182,41.59468]]],[[[-88.17676,41.47819],[-88.17244,41.47089],[-88.17691,41.46407],[-88.15764,41.4644],[-88.15706,41.45009],[-88.14717,41.45007],[-88.15175,41.43552],[-88.132,41.43595],[-88.13235,41.44316],[-88.12325,41.44706],[-88.12288,41.44706],[-88.10817,41.44379],[-88.10084,41.43791],[-88.07862,41.43808],[-88.05919,41.43029],[-88.05898,41.42315],[-88.04938,41.42323],[-88.04502,41.43775],[-88.02116,41.43865],[-88.02178,41.45675],[-88.03401,41.45981],[-88.0309,41.44547],[-88.04045,41.44505],[-88.04982,41.43766],[-88.06907,41.43734],[-88.07403,41.44449],[-88.06952,41.4518],[-88.06982,41.46262],[-88.06032,41.46684],[-88.0411,41.46724],[-88.04093,41.45997],[-88.0267,41.46048],[-88.04142,41.47091],[-88.04176,41.48046],[-88.05138,41.48145],[-88.05195,41.48865],[-88.06124,41.49064],[-88.0879,41.48784],[-88.08767,41.491],[-88.099,41.49118],[-88.11183,41.48717],[-88.11858,41.48005],[-88.11832,41.46706],[-88.14798,41.46455],[-88.14843,41.47469],[-88.13672,41.4814],[-88.13959,41.49522],[-88.1396,41.49547],[-88.15252,41.49302],[-88.17676,41.47819]],[[-88.0848,41.47475],[-88.0747,41.47727],[-88.07006,41.46659],[-88.07949,41.46635],[-88.0848,41.47475]]],[[[-88.18611,41.45663],[-88.18583,41.44936],[-88.1655,41.45026],[-88.16722,41.45698],[-88.18611,41.45663]]],[[[-88.21043,41.57377],[-88.21006,41.56501],[-88.21781,41.56492],[-88.23676,41.54497],[-88.23499,41.54297],[-88.23086,41.54301],[-88.22482,41.54306],[-88.20184,41.5433],[-88.19452,41.53975],[-88.18955,41.53617],[-88.17987,41.53629],[-88.17884,41.52904],[-88.18198,41.52816],[-88.19369,41.51403],[-88.19348,41.51265],[-88.19347,41.51254],[-88.17904,41.51452],[-88.17875,41.50728],[-88.18817,41.50262],[-88.19817,41.50214],[-88.19613,41.4886],[-88.19733,41.48646],[-88.19744,41.48621],[-88.19208,41.47685],[-88.18911,41.47808],[-88.15048,41.49432],[-88.14973,41.5057],[-88.14283,41.50771],[-88.14018,41.50922],[-88.11469,41.51143],[-88.09816,41.50885],[-88.09539,41.5021],[-88.08103,41.50715],[-88.0879,41.49671],[-88.06997,41.5004],[-88.06464,41.51517],[-88.05242,41.51469],[-88.04935,41.52332],[-88.04317,41.52421],[-88.04367,41.52825],[-88.04525,41.53551],[-88.04363,41.54018],[-88.05312,41.53749],[-88.0441,41.5537],[-88.05229,41.55349],[-88.05607,41.55341],[-88.0727,41.55307],[-88.08808,41.55262],[-88.13514,41.55138],[-88.14145,41.54035],[-88.1464,41.54389],[-88.14685,41.55607],[-88.1541,41.56559],[-88.15466,41.56559],[-88.15564,41.56558],[-88.14785,41.56972],[-88.14734,41.56936],[-88.14761,41.57821],[-88.16505,41.58724],[-88.17462,41.58598],[-88.17257,41.58106],[-88.17404,41.57988],[-88.17502,41.57908],[-88.18072,41.57255],[-88.18051,41.57163],[-88.1632,41.5655],[-88.16656,41.56546],[-88.18082,41.56529],[-88.1809,41.56978],[-88.18736,41.56523],[-88.19581,41.57051],[-88.21043,41.57377]],[[-88.1711,41.55817],[-88.17075,41.54918],[-88.18033,41.54919],[-88.18999,41.55912],[-88.17125,41.5618],[-88.1711,41.55817]]],[[[-88.23909,41.56924],[-88.23789,41.54558],[-88.21682,41.56776],[-88.21472,41.57304],[-88.223,41.57211],[-88.22952,41.56933],[-88.23909,41.56924]]],[[[-88.27546,41.56777],[-88.27561,41.57137],[-88.295,41.57106],[-88.29542,41.57829],[-88.30502,41.57814],[-88.30469,41.57089],[-88.3531,41.57188],[-88.35775,41.56635],[-88.35739,41.55547],[-88.35223,41.54831],[-88.3332,41.55588],[-88.3329,41.54861],[-88.31348,41.5489],[-88.29875,41.54556],[-88.29353,41.54182],[-88.29307,41.52735],[-88.28327,41.52024],[-88.27369,41.52047],[-88.26907,41.52786],[-88.26651,41.52795],[-88.26476,41.54245],[-88.25494,41.54014],[-88.24288,41.54283],[-88.23815,41.54294],[-88.23883,41.55797],[-88.24476,41.56463],[-88.23948,41.56922],[-88.23966,41.57917],[-88.25657,41.57874],[-88.25599,41.56453],[-88.27546,41.56777]],[[-88.28881,41.54195],[-88.28909,41.54937],[-88.27953,41.54963],[-88.27924,41.54211],[-88.28881,41.54195]]]]},"properties":{"GEOID":"1738570","NAME":"Joliet","NAMELSAD":"Joliet city","ALAND":171605627,"AWATER":1918549}},
{"type":"Feature","geometry":{"type":"Polygon","coordinates":[[[-88.22407,42.18611],[-88.23198,42.18804],[-88.24306,42.18338],[-88.24294,42.17605],[-88.26667,42.17732],[-88.2629,42.17225],[-88.25751,42.17438],[-88.24783,42.16872],[-88.24791,42.1584],[-88.25547,42.15779],[-88.25268,42.16865],[-88.26199,42.16858],[-88.25748,42.16478],[-88.2576,42.1488],[-88.2578,42.13948],[-88.24806,42.13964],[-88.2465,42.11963],[-88.24264,42.11409],[-88.23833,42.10886],[-88.23833,42.10662],[-88.23825,42.09287],[-88.23014,42.09276],[-88.21891,42.09226],[-88.20912,42.08156],[-88.19943,42.08153],[-88.19731,42.08493],[-88.20428,42.08515],[-88.20913,42.09252],[-88.19462,42.09232],[-88.18558,42.10318],[-88.18132,42.10998],[-88.1706,42.1103],[-88.17759,42.11405],[-88.16508,42.12235],[-88.1607,42.11035],[-88.14109,42.11039],[-88.14109,42.11393],[-88.15087,42.11752],[-88.15083,42.12472],[-88.14106,42.12825],[-88.13862,42.13663],[-88.13613,42.14282],[-88.15071,42.14246],[-88.15109,42.16151],[-88.15565,42.16487],[-88.18493,42.17972],[-88.19463,42.18487],[-88.20917,42.19227],[-88.21422,42.18687],[-88.22407,42.18611]],[[-88.21177,42.1615],[-88.20858,42.17778],[-88.20156,42.16994],[-88.20447,42.16104],[-88.21177,42.1615]]]},"properties":{"GEOID":"1703883","NAME":"Barrington Hills","NAMELSAD":"Barrington Hills village","ALAND":69940010,"AWATER":1600956}},
{"type":"Feature","geometry":{"type":"Polygon","coordinates":[[[-88.80786,38.80318],[-88.80235,38.80609],[-88.77935,38.82491],[-88.76542,38.82515],[-88.76524,38.8398],[-88.77764,38.84223],[-88.78404,38.83555],[-88.78139,38.82488],[-88.80786,38.80318]]]},"properties":{"GEOID":"1725375","NAME":"Farina","NAMELSAD":"Farina village","ALAND":3773767,"AWATER":18101}},
{"type":"Feature","geometry":{"type":"Polygon","coordinates":[[[-87.9851,41.81032],[-87.98479,41.78802],[-87.99428,41.78418],[-87.99383,41.76965],[-87.98886,41.7661],[-87.97428,41.76502],[-87.96712,41.76834],[-87.96354,41.77076],[-87.9638,41.78025],[-87.96324,41.78105],[-87.9621,41.7812],[-87.96178,41.78121],[-87.96021,41.78313],[-87.96522,41.78415],[-87.96621,41.81024],[-87.94687,41.81073],[-87.95257,41.81776],[-87.95354,41.82505],[-87.97643,41.82423],[-87.98107,41.81903],[-87.9851,41.81032]]]},"properties":{"GEOID":"1780645","NAME":"Westmont","NAMELSAD":"Westmont village","ALAND":13038576,"AWATER":268687}},
{"type":"Feature","geometry":{"type":"Polygon","coordinates":[[[-88.81903,39.39131],[-88.80674,39.39135],[-88.80681,39.3979],[-88.78873,39.40071],[-88.78018,39.40923],[-88.77584,39.41826],[-88.78889,39.42448],[-88.806,39.42353],[-88.80723,39.41278],[-88.82603,39.40544],[-88.82576,39.39603],[-88.81903,39.39131]]]},"properties":{"GEOID":"1769186","NAME":"Shelbyville","NAMELSAD":"Shelbyville city","ALAND":10792390,"AWATER":480789}},
{"type":"Feature","geometry":{"type":"Polygon","coordinates":[[[-89.24205,41.27403],[-89.25508,41.27006],[-89.25259,41.26502],[-89.26798,41.25801],[-89.2406,41.2575],[-89.24074,41.27022],[-89.242,41.27192],[-89.24205,41.27403]]]},"properties":{"GEOID":"1746981","NAME":"Mark","NAMELSAD":"Mark village","ALAND":2757754,"AWATER":0}},
{"type":"Feature","geometry":{"type":"Polygon","coordinates":[[[-88.60686,38.34311],[-88.60196,38.34176],[-88.57373,38.34526],[-88.57369,38.35728],[-88.59734,38.35711],[-88.59749,38.34669],[-88.60686,38.34311]]]},"properties":{"GEOID":"1779436","NAME":"Wayne City","NAMELSAD":"Wayne City village","ALAND":4478495,"AWATER":32552}},
{"type":"Feature","geometry":{"type":"Polygon","coordinates":[[[-87.78239,42.11959],[-87.79988,42.11853],[-87.79899,42.10538],[-87.79808,42.09448],[-87.77603,42.09067],[-87.76723,42.08693],[-87.76629,42.08693],[-87.75842,42.08669],[-87.75149,42.08669],[-87.75142,42.09395],[-87.75155,42.09395],[-87.75636,42.09753],[-87.75642,42.10129],[-87.76573,42.10142],[-87.76596,42.10873],[-87.77071,42.10863],[-87.77558,42.11607],[-87.78239,42.11959]]]},"properties":{"GEOID":"1753663","NAME":"Northfield","NAMELSAD":"Northfield village","ALAND":8362366,"AWATER":276}},
{"type":"Feature","geometry":{"type":"MultiPolygon","coordinates":[[[[-88.28206,41.48385],[-88.2798,41.47662],[-88.25998,41.47712],[-88.25296,41.48458],[-88.28206,41.48385]]],[[[-88.23965,41.44444],[-88.23915,41.45774],[-88.25197,41.45566],[-88.25223,41.46307],[-88.27247,41.46309],[-88.27778,41.4694],[-88.30551,41.46872],[-88.30541,41.46147],[-88.31305,41.45759],[-88.30886,41.45087],[-88.32157,41.44774],[-88.32855,41.44305],[-88.32038,41.43832],[-88.31998,41.43879],[-88.31122,41.4429],[-88.31074,41.44311],[-88.29056,41.4467],[-88.28072,41.44013],[-88.27509,41.42543],[-88.28971,41.42522],[-88.2896,41.41814],[-88.27528,41.41849],[-88.2703,41.42588],[-88.25536,41.42562],[-88.25092,41.42551],[-88.25095,41.42632],[-88.24186,41.43341],[-88.23665,41.4384],[-88.23965,41.44444]],[[-88.26396,41.44587],[-88.25164,41.44736],[-88.25131,41.43773],[-88.26141,41.43761],[-88.26396,41.44587]]]]},"properties":{"GEOID":"1749607","NAME":"Minooka","NAMELSAD":"Minooka village","ALAND":23571130,"AWATER":183597}},
{"type":"Feature","geometry":{"type":"Polygon","coordinates":[[[-88.644,42.43896],[-88.6428,42.4234],[-88.63803,42.41487],[-88.65231,42.41493],[-88.65207,42.40379],[-88.64132,42.40741],[-88.62304,42.4074],[-88.62302,42.40017],[-88.59897,42.402],[-88.59246,42.41165],[-88.59899,42.41702],[-88.59875,42.43306],[-88.57945,42.43639],[-88.5796,42.45082],[-88.58922,42.45082],[-88.58981,42.44377],[-88.61363,42.44385],[-88.63336,42.46572],[-88.64802,42.46521],[-88.64785,42.45489],[-88.66098,42.4549],[-88.64773,42.44418],[-88.6454,42.44941],[-88.6332,42.45102],[-88.63589,42.44397],[-88.644,42.43896]]]},"properties":{"GEOID":"1733331","NAME":"Harvard","NAMELSAD":"Harvard city","ALAND":21696252,"AWATER":0}},
{"type":"Feature","geometry":{"type":"Polygon","coordinates":[[[-89.91471,41.41042],[-89.91454,41.39088],[-89.90503,41.39125],[-89.90006,41.39597],[-89.84824,41.3846],[-89.84825,41.39129],[-89.90105,41.4032],[-89.91471,41.41042]]]},"properties":{"GEOID":"1701569","NAME":"Annawan","NAMELSAD":"Annawan town","ALAND":5540308,"AWATER":1147}},
{"type":"Feature","geometry":{"type":"Polygon","coordinates":[[[-87.84684,41.71796],[-87.84638,41.68502],[-87.8311,41.68312],[-87.82194,41.68192],[-87.81645,41.68119],[-87.80942,41.68432],[-87.81039,41.69399],[-87.8105,41.69466],[-87.79786,41.69993],[-87.79805,41.70441],[-87.81146,41.70413],[-87.81109,41.7093],[-87.83214,41.71098],[-87.83225,41.71471],[-87.83225,41.71623],[-87.84684,41.71796]]]},"properties":{"GEOID":"1757394","NAME":"Palos Hills","NAMELSAD":"Palos Hills city","ALAND":10997853,"AWATER":113870}},
{"type":"Feature","geometry":{"type":"Polygon","coordinates":[[[-87.76392,42.05538],[-87.76427,42.03859],[-87.76194,42.03364],[-87.76707,42.02639],[-87.77939,42.02359],[-87.76714,42.01917],[-87.76787,42.00426],[-87.76181,42.00465],[-87.75057,42.00455],[-87.75026,42.01542],[-87.72364,42.01541],[-87.70906,42.01186],[-87.70866,42.01914],[-87.7099,42.03369],[-87.70886,42.05243],[-87.72747,42.05526],[-87.73242,42.06467],[-87.75873,42.065],[-87.7706,42.06394],[-87.76392,42.05538]]]},"properties":{"GEOID":"1770122","NAME":"Skokie","NAMELSAD":"Skokie village","ALAND":26065817,"AWATER":0}},
{"type":"Feature","geometry":{"type":"Polygon","coordinates":[[[-87.76029,41.43419],[-87.77247,41.43409],[-87.77658,41.4268],[-87.77641,41.40496],[-87.7525,41.4031],[-87.74916,41.40813],[-87.7281,41.40904],[-87.72826,41.41982],[-87.71397,41.42],[-87.71389,41.4257],[-87.7189,41.42974],[-87.72847,41.42719],[-87.74754,41.42703],[-87.75191,41.42869],[-87.76029,41.43419]]]},"properties":{"GEOID":"1749945","NAME":"Monee","NAMELSAD":"Monee village","ALAND":11973702,"AWATER":0}},
{"type":"Feature","geometry":{"type":"Polygon","coordinates":[[[-89.94848,38.08397],[-89.94195,38.08587],[-89.92555,38.08319],[-89.91863,38.09419],[-89.93473,38.09426],[-89.94848,38.08397]]]},"properties":{"GEOID":"1724608","NAME":"Evansville","NAMELSAD":"Evansville village","ALAND":2040677,"AWATER":69095}},
{"type":"Feature","geometry":{"type":"Polygon","coordinates":[[[-87.71329,41.52914],[-87.7132,41.5134],[-87.71313,41.50611],[-87.69831,41.50617],[-87.6792,41.50618],[-87.67433,41.50407],[-87.67436,41.50968],[-87.67441,41.51541],[-87.66476,41.52775],[-87.66967,41.52786],[-87.6738,41.52787],[-87.67826,41.52803],[-87.68545,41.51353],[-87.69384,41.51413],[-87.68633,41.52801],[-87.71329,41.52914]]]},"properties":{"GEOID":"1755938","NAME":"Olympia Fields","NAMELSAD":"Olympia Fields village","ALAND":7610914,"AWATER":9275}},
{"type":"Feature","geometry":{"type":"Polygon","coordinates":[[[-89.55513,39.73979],[-89.55522,39.74252],[-89.52695,39.74306],[-89.5178,39.73747],[-89.51763,39.75016],[-89.5225,39.75752],[-89.55089,39.75804],[-89.56108,39.74937],[-89.57165,39.74862],[-89.5652,39.73996],[-89.55513,39.73979]]]},"properties":{"GEOID":"1764759","NAME":"Rochester","NAMELSAD":"Rochester village","ALAND":6948631,"AWATER":6564}},
{"type":"Feature","geometry":{"type":"Polygon","coordinates":[[[-90.05897,39.62894],[-90.05446,39.62291],[-90.0544,39.61454],[-90.03765,39.61513],[-90.03525,39.62304],[-90.04592,39.6236],[-90.05897,39.62894]]]},"properties":{"GEOID":"1727663","NAME":"Franklin","NAMELSAD":"Franklin village","ALAND":2146565,"AWATER":0}},
{"type":"Feature","geometry":{"type":"Polygon","coordinates":[[[-89.61295,38.18723],[-89.61008,38.1807],[-89.59707,38.18142],[-89.59723,38.19039],[-89.61077,38.19062],[-89.61295,38.18723]]]},"properties":{"GEOID":"1716613","NAME":"Coulterville","NAMELSAD":"Coulterville village","ALAND":1472561,"AWATER":197}},
{"type":"Feature","geometry":{"type":"Polygon","coordinates":[[[-88.95172,37.32822],[-88.95163,37.31604],[-88.9291,37.31644],[-88.92947,37.32813],[-88.95172,37.32822]]]},"properties":{"GEOID":"1704715","NAME":"Belknap","NAMELSAD":"Belknap village","ALAND":2739697,"AWATER":4763}},
{"type":"Feature","geometry":{"type":"Polygon","coordinates":[[[-87.82391,41.328],[-87.82377,41.32082],[-87.80925,41.32099],[-87.80317,41.3247],[-87.78514,41.32492],[-87.7853,41.33207],[-87.76596,41.33226],[-87.76821,41.33959],[-87.80465,41.33924],[-87.80457,41.33195],[-87.8104,41.32824],[-87.82391,41.328]]]},"properties":{"GEOID":"1759052","NAME":"Peotone","NAMELSAD":"Peotone village","ALAND":5219349,"AWATER":68581}},
{"type":"Feature","geometry":{"type":"Polygon","coordinates":[[[-90.0931,41.66387],[-90.09331,41.64943],[-90.07924,41.64721],[-90.06834,41.65667],[-90.07313,41.6606],[-90.07299,41.67092],[-90.08248,41.67099],[-90.08341,41.66384],[-90.0931,41.66387]]]},"properties":{"GEOID":"1724374","NAME":"Erie","NAMELSAD":"Erie village","ALAND":3575415,"AWATER":27409}},
{"type":"Feature","geometry":{"type":"Polygon","coordinates":[[[-89.20173,41.11847],[-89.20131,41.11132],[-89.19121,41.10905],[-89.18949,41.11661],[-89.20173,41.11847]]]},"properties":{"GEOID":"1746110","NAME":"Magnolia","NAMELSAD":"Magnolia village","ALAND":809883,"AWATER":0}},
{"type":"Feature","geometry":{"type":"Polygon","coordinates":[[[-88.72138,41.957],[-88.71244,41.95512],[-88.70546,41.96219],[-88.69525,41.96604],[-88.68884,41.963],[-88.68393,41.97191],[-88.66915,41.97202],[-88.65793,41.97722],[-88.65684,41.9898],[-88.67244,41.98768],[-88.66985,42.00458],[-88.68936,42.00187],[-88.6871,42.00959],[-88.64562,42.01029],[-88.6356,42.01401],[-88.6319,42.02895],[-88.64555,42.03154],[-88.65453,42.02849],[-88.66514,42.03182],[-88.66619,42.02176],[-88.68956,42.02428],[-88.70794,42.01663],[-88.69502,42.00953],[-88.70167,41.9908],[-88.71224,41.99352],[-88.71662,41.97737],[-88.72416,41.97027],[-88.73386,41.96895],[-88.72473,41.9661],[-88.71947,41.96555],[-88.71751,41.96594],[-88.71988,41.96257],[-88.72138,41.957]]]},"properties":{"GEOID":"1774223","NAME":"Sycamore","NAMELSAD":"Sycamore city","ALAND":26231998,"AWATER":150798}},
{"type":"Feature","geometry":{"type":"Polygon","coordinates":[[[-87.66476,41.52775],[-87.67441,41.51541],[-87.67436,41.50968],[-87.67433,41.50407],[-87.67427,41.49494],[-87.65605,41.49489],[-87.65604,41.49152],[-87.65507,41.49153],[-87.63504,41.49159],[-87.63411,41.48424],[-87.62665,41.48457],[-87.626,41.48457],[-87.61126,41.48445],[-87.60639,41.48557],[-87.60494,41.48703],[-87.59686,41.49898],[-87.59704,41.5162],[-87.59962,41.52082],[-87.59693,41.52083],[-87.59701,41.52458],[-87.59726,41.52455],[-87.60191,41.52469],[-87.60677,41.52476],[-87.61125,41.52806],[-87.61633,41.53204],[-87.62584,41.52803],[-87.63092,41.53528],[-87.63594,41.53742],[-87.64072,41.53876],[-87.64925,41.53876],[-87.65507,41.53897],[-87.65986,41.52778],[-87.66234,41.52778],[-87.66476,41.52775]]]},"properties":{"GEOID":"1714026","NAME":"Chicago Heights","NAMELSAD":"Chicago Heights city","ALAND":26851464,"AWATER":33941}},
{"type":"Feature","geometry":{"type":"Polygon","coordinates":[[[-87.79463,41.73357],[-87.78993,41.72315],[-87.79851,41.71724],[-87.78955,41.71576],[-87.77999,41.72034],[-87.77935,41.70865],[-87.76741,41.71227],[-87.76705,41.70509],[-87.75965,41.70157],[-87.75937,41.69042],[-87.75914,41.68338],[-87.75414,41.68532],[-87.75223,41.6904],[-87.73973,41.69089],[-87.72032,41.69127],[-87.72112,41.71317],[-87.72165,41.72779],[-87.73862,41.72742],[-87.74107,41.73452],[-87.79463,41.73357]]]},"properties":{"GEOID":"1754820","NAME":"Oak Lawn","NAMELSAD":"Oak Lawn village","ALAND":22198231,"AWATER":0}},
{"type":"Feature","geometry":{"type":"Polygon","coordinates":[[[-89.82083,39.13693],[-89.82656,39.13576],[-89.83234,39.12486],[-89.82247,39.12455],[-89.81954,39.11619],[-89.80418,39.11821],[-89.80432,39.12819],[-89.81211,39.13111],[-89.82083,39.13693]]]},"properties":{"GEOID":"1729236","NAME":"Gillespie","NAMELSAD":"Gillespie city","ALAND":3844660,"AWATER":355}},
{"type":"Feature","geometry":{"type":"Polygon","coordinates":[[[-89.66382,40.49441],[-89.66378,40.4908],[-89.64469,40.49214],[-89.64898,40.50409],[-89.65493,40.5041],[-89.65429,40.49524],[-89.66382,40.49441]]]},"properties":{"GEOID":"1771175","NAME":"South Pekin","NAMELSAD":"South Pekin village","ALAND":1332594,"AWATER":0}},
{"type":"Feature","geometry":{"type":"Polygon","coordinates":[[[-88.66036,40.24662],[-88.66056,40.23253],[-88.64261,40.23746],[-88.63185,40.23818],[-88.62272,40.25825],[-88.64596,40.25986],[-88.66003,40.25284],[-88.66036,40.24662]]]},"properties":{"GEOID":"1725414","NAME":"Farmer City","NAMELSAD":"Farmer City city","ALAND":6202351,"AWATER":123918}},
{"type":"Feature","geometry":{"type":"Polygon","coordinates":[[[-87.64679,40.1155],[-87.6472,40.10953],[-87.65796,40.10981],[-87.66759,40.09346],[-87.66579,40.08704],[-87.64988,40.09412],[-87.65156,40.07911],[-87.6206,40.08005],[-87.62546,40.08717],[-87.62122,40.10196],[-87.63359,40.10188],[-87.636,40.10881],[-87.64679,40.1155]]]},"properties":{"GEOID":"1775276","NAME":"Tilton","NAMELSAD":"Tilton village","ALAND":9868074,"AWATER":84431}},
{"type":"Feature","geometry":{"type":"Polygon","coordinates":[[[-87.77317,41.68305],[-87.77838,41.67951],[-87.77824,41.67686],[-87.77816,41.67408],[-87.76857,41.6685],[-87.76792,41.66122],[-87.75813,41.66211],[-87.74973,41.66154],[-87.73837,41.65546],[-87.72544,41.65216],[-87.70417,41.65195],[-87.69961,41.65858],[-87.70453,41.66071],[-87.70809,41.66226],[-87.69491,41.66337],[-87.69508,41.66976],[-87.70976,41.66951],[-87.7099,41.67684],[-87.71852,41.67669],[-87.71891,41.68398],[-87.73945,41.68363],[-87.73973,41.69089],[-87.75223,41.6904],[-87.75414,41.68532],[-87.75914,41.68338],[-87.77317,41.68305]]]},"properties":{"GEOID":"1701010","NAME":"Alsip","NAMELSAD":"Alsip village","ALAND":16907179,"AWATER":259691}},
{"type":"Feature","geometry":{"type":"Polygon","coordinates":[[[-88.99011,42.45694],[-88.99004,42.47149],[-88.98547,42.47848],[-88.98928,42.48602],[-88.9856,42.49589],[-89.0547,42.49624],[-89.05328,42.48244],[-89.05987,42.47054],[-89.05998,42.47038],[-89.05966,42.4659],[-89.0594,42.46427],[-89.05697,42.46319],[-89.04927,42.45961],[-89.03953,42.467],[-89.03958,42.47285],[-89.02223,42.47555],[-89.01939,42.47104],[-89.0194,42.4721],[-89.01944,42.47831],[-89.01917,42.47831],[-89.01003,42.47843],[-89.00439,42.47125],[-89.00496,42.46398],[-88.99526,42.46295],[-88.99539,42.45965],[-88.99011,42.45694]]]},"properties":{"GEOID":"1770590","NAME":"South Beloit","NAMELSAD":"South Beloit city","ALAND":15971391,"AWATER":642003}},
{"type":"Feature","geometry":{"type":"Polygon","coordinates":[[[-89.53735,39.86354],[-89.54332,39.86933],[-89.54672,39.85948],[-89.53735,39.86354]]]},"properties":{"GEOID":"1771474","NAME":"Spaulding","NAMELSAD":"Spaulding village","ALAND":1943002,"AWATER":0}},
{"type":"Feature","geometry":{"type":"Polygon","coordinates":[[[-87.68935,40.45786],[-87.67306,40.45355],[-87.66067,40.4547],[-87.66005,40.44304],[-87.65055,40.43791],[-87.64031,40.43799],[-87.64305,40.45069],[-87.64341,40.46818],[-87.65628,40.468],[-87.65678,40.47767],[-87.67166,40.47736],[-87.67222,40.47062],[-87.6881,40.47336],[-87.68935,40.45786]]]},"properties":{"GEOID":"1736061","NAME":"Hoopeston","NAMELSAD":"Hoopeston city","ALAND":9545450,"AWATER":0}},
{"type":"Feature","geometry":{"type":"Polygon","coordinates":[[[-89.94996,41.67795],[-89.94715,41.66306],[-89.92442,41.66312],[-89.92081,41.67092],[-89.94159,41.67802],[-89.94996,41.67795]]]},"properties":{"GEOID":"1761977","NAME":"Prophetstown","NAMELSAD":"Prophetstown city","ALAND":3468127,"AWATER":73950}},
{"type":"Feature","geometry":{"type":"Polygon","coordinates":[[[-89.25805,41.46832],[-89.24852,41.46747],[-89.23943,41.4715],[-89.23941,41.47843],[-89.25805,41.46832]]]},"properties":{"GEOID":"1702102","NAME":"Arlington","NAMELSAD":"Arlington village","ALAND":1023900,"AWATER":0}},
{"type":"Feature","geometry":{"type":"Polygon","coordinates":[[[-88.02186,38.51897],[-88.02178,38.51148],[-87.99661,38.5115],[-87.9966,38.52804],[-88.02176,38.52808],[-88.02186,38.51897]]]},"properties":{"GEOID":"1780853","NAME":"West Salem","NAMELSAD":"West Salem village","ALAND":4039698,"AWATER":772}},
{"type":"Feature","geometry":{"type":"Polygon","coordinates":[[[-90.64184,39.15085],[-90.63448,39.14536],[-90.61501,39.14554],[-90.61205,39.16727],[-90.60683,39.17744],[-90.61608,39.17774],[-90.61601,39.16729],[-90.63974,39.16713],[-90.64184,39.15085]]]},"properties":{"GEOID":"1732850","NAME":"Hardin","NAMELSAD":"Hardin village","ALAND":5512452,"AWATER":450018}},
{"type":"Feature","geometry":{"type":"Polygon","coordinates":[[[-90.41183,39.7741],[-90.41204,39.75957],[-90.3932,39.76059],[-90.3932,39.77417],[-90.41183,39.7741]]]},"properties":{"GEOID":"1712528","NAME":"Chapin","NAMELSAD":"Chapin village","ALAND":2585919,"AWATER":0}},
{"type":"Feature","geometry":{"type":"Polygon","coordinates":[[[-89.14186,40.74214],[-89.13006,40.73886],[-89.13024,40.74602],[-89.14186,40.74214]]]},"properties":{"GEOID":"1768510","NAME":"Secor","NAMELSAD":"Secor village","ALAND":751928,"AWATER":0}},
{"type":"Feature","geometry":{"type":"Polygon","coordinates":[[[-89.23827,41.64937],[-89.23331,41.63956],[-89.22712,41.6446],[-89.23827,41.64937]]]},"properties":{"GEOID":"1773287","NAME":"Sublette","NAMELSAD":"Sublette village","ALAND":1037495,"AWATER":0}},
{"type":"Feature","geometry":{"type":"Polygon","coordinates":[[[-89.24117,38.14518],[-89.23682,38.14077],[-89.2372,38.12841],[-89.22318,38.1283],[-89.21856,38.13333],[-89.22291,38.14379],[-89.24117,38.14518]]]},"properties":{"GEOID":"1774444","NAME":"Tamaroa","NAMELSAD":"Tamaroa village","ALAND":2480233,"AWATER":0}},
{"type":"Feature","geometry":{"type":"Polygon","coordinates":[[[-89.97013,40.09575],[-89.9619,40.09924],[-89.96817,40.10462],[-89.97013,40.09575]]]},"properties":{"GEOID":"1754625","NAME":"Oakford","NAMELSAD":"Oakford village","ALAND":644508,"AWATER":0}},
{"type":"Feature","geometry":{"type":"MultiPolygon","coordinates":[[[[-89.59357,40.58615],[-89.5936,40.58036],[-89.58372,40.57523],[-89.5876,40.56094],[-89.57851,40.56099],[-89.57453,40.56793],[-89.57454,40.58995],[-89.5889,40.58978],[-89.59357,40.58615]]],[[[-89.63683,40.60408],[-89.64108,40.58946],[-89.65884,40.58949],[-89.6609,40.56646],[-89.67512,40.55422],[-89.66305,40.53089],[-89.6405,40.53105],[-89.6407,40.53832],[-89.63104,40.53874],[-89.62767,40.53361],[-89.61184,40.53503],[-89.6107,40.53831],[-89.58751,40.53868],[-89.58744,40.54859],[-89.60518,40.55559],[-89.60301,40.57677],[-89.59357,40.58615],[-89.59841,40.59344],[-89.59328,40.60439],[-89.5842,40.60445],[-89.58403,40.61912],[-89.5888,40.61906],[-89.58884,40.61535],[-89.60783,40.6101],[-89.61247,40.6044],[-89.62215,40.60271],[-89.63683,40.60408]]]]},"properties":{"GEOID":"1758447","NAME":"Pekin","NAMELSAD":"Pekin city","ALAND":41412594,"AWATER":2155253}},
{"type":"Feature","geometry":{"type":"Polygon","coordinates":[[[-88.0033,41.95629],[-88.00332,41.94938],[-87.97663,41.94947],[-87.97069,41.94496],[-87.96375,41.94536],[-87.95929,41.95186],[-87.96167,41.96781],[-87.96167,41.96797],[-87.96255,41.98327],[-87.97554,41.98406],[-87.97954,41.99287],[-87.99338,41.99273],[-87.99806,41.98958],[-87.99812,41.9856],[-87.99847,41.98375],[-87.99341,41.98386],[-87.99214,41.97164],[-88.00327,41.96172],[-88.00329,41.95802],[-88.0033,41.95629]]]},"properties":{"GEOID":"1782985","NAME":"Wood Dale","NAMELSAD":"Wood Dale city","ALAND":12600417,"AWATER":263077}},
{"type":"Feature","geometry":{"type":"Polygon","coordinates":[[[-87.95135,42.11894],[-87.94652,42.11653],[-87.95189,42.10261],[-87.96107,42.10268],[-87.96542,42.096],[-87.95128,42.09538],[-87.93677,42.09527],[-87.93679,42.08803],[-87.9149,42.08781],[-87.90499,42.09513],[-87.90495,42.10239],[-87.88862,42.10218],[-87.87834,42.10222],[-87.8783,42.10543],[-87.88744,42.10544],[-87.89375,42.11473],[-87.90764,42.11463],[-87.90772,42.09658],[-87.9271,42.10906],[-87.93678,42.11341],[-87.94168,42.1243],[-87.95135,42.11894]]]},"properties":{"GEOID":"1762016","NAME":"Prospect Heights","NAMELSAD":"Prospect Heights city","ALAND":10896249,"AWATER":78992}},
{"type":"Feature","geometry":{"type":"Polygon","coordinates":[[[-90.75496,39.78403],[-90.75515,39.77842],[-90.73807,39.77935],[-90.74082,39.78625],[-90.75496,39.78403]]]},"properties":{"GEOID":"1759156","NAME":"Perry","NAMELSAD":"Perry village","ALAND":999557,"AWATER":0}},
{"type":"Feature","geometry":{"type":"Polygon","coordinates":[[[-89.84872,40.23235],[-89.83621,40.23033],[-89.83625,40.23469],[-89.84872,40.23235]]]},"properties":{"GEOID":"1722151","NAME":"Easton","NAMELSAD":"Easton village","ALAND":621567,"AWATER":0}},
{"type":"Feature","geometry":{"type":"Polygon","coordinates":[[[-88.00383,39.91218],[-88.00382,39.90667],[-87.99102,39.90452],[-87.99123,39.91202],[-88.00383,39.91218]]]},"properties":{"GEOID":"1708420","NAME":"Broadlands","NAMELSAD":"Broadlands village","ALAND":835194,"AWATER":0}},
{"type":"Feature","geometry":{"type":"Polygon","coordinates":[[[-90.51205,41.32428],[-90.50506,41.31588],[-90.50279,41.30294],[-90.4899,41.30326],[-90.49771,41.31422],[-90.49771,41.32122],[-90.51205,41.32428]]]},"properties":{"GEOID":"1769368","NAME":"Sherrard","NAMELSAD":"Sherrard village","ALAND":2402800,"AWATER":601902}},
{"type":"Feature","geometry":{"type":"MultiPolygon","coordinates":[[[[-88.26691,41.70442],[-88.26656,41.70403],[-88.26167,41.69739],[-88.26027,41.69595],[-88.2504,41.67994],[-88.23539,41.69388],[-88.24171,41.70022],[-88.24454,41.70906],[-88.26522,41.70879],[-88.26691,41.70442]]],[[[-88.40627,41.77051],[-88.40821,41.75476],[-88.3975,41.75585],[-88.38679,41.75157],[-88.38249,41.74118],[-88.37569,41.74439],[-88.37551,41.75051],[-88.35821,41.74472],[-88.35698,41.74472],[-88.35094,41.74301],[-88.34688,41.74298],[-88.34449,41.74193],[-88.32662,41.73812],[-88.31401,41.73098],[-88.30438,41.73569],[-88.29828,41.73156],[-88.29103,41.73194],[-88.27666,41.73409],[-88.28063,41.71937],[-88.27758,41.71587],[-88.27141,41.70918],[-88.2397,41.70962],[-88.23598,41.71146],[-88.23643,41.72492],[-88.22567,41.72501],[-88.20604,41.72525],[-88.206,41.73257],[-88.20593,41.73782],[-88.20642,41.73986],[-88.20633,41.74692],[-88.20573,41.77788],[-88.20573,41.77812],[-88.22202,41.77767],[-88.23189,41.77648],[-88.23379,41.76394],[-88.23697,41.76396],[-88.23735,41.77065],[-88.23303,41.77734],[-88.23177,41.79357],[-88.23953,41.80215],[-88.22465,41.80254],[-88.2242,41.80391],[-88.221,41.80544],[-88.22087,41.80545],[-88.2149,41.81039],[-88.21392,41.81039],[-88.21427,41.82072],[-88.23118,41.81996],[-88.26535,41.81517],[-88.27254,41.82218],[-88.28569,41.82119],[-88.28922,41.82076],[-88.29305,41.81996],[-88.3016,41.81136],[-88.30132,41.8037],[-88.30132,41.80348],[-88.30104,41.79773],[-88.27924,41.79943],[-88.2788,41.79026],[-88.29062,41.79214],[-88.30294,41.79014],[-88.30675,41.79652],[-88.30695,41.7965],[-88.31755,41.79606],[-88.31465,41.78912],[-88.31489,41.78911],[-88.33076,41.78879],[-88.34248,41.79224],[-88.34493,41.79473],[-88.34996,41.79494],[-88.38565,41.7945],[-88.3906,41.79155],[-88.39124,41.77921],[-88.39702,41.76885],[-88.40627,41.77051]],[[-88.28317,41.76831],[-88.26225,41.77017],[-88.27015,41.75938],[-88.28317,41.76831]]]]},"properties":{"GEOID":"1703012","NAME":"Aurora","NAMELSAD":"Aurora city","ALAND":117187921,"AWATER":2445266}},
{"type":"Feature","geometry":{"type":"Polygon","coordinates":[[[-89.24976,38.02704],[-89.2569,38.02704],[-89.25687,37.99813],[-89.23941,37.99829],[-89.23826,37.97251],[-89.21994,37.97239],[-89.21096,37.97648],[-89.20578,37.99132],[-89.2198,37.99472],[-89.21983,38.01308],[-89.21598,38.02379],[-89.23095,38.02689],[-89.24976,38.02704]]]},"properties":{"GEOID":"1721267","NAME":"Du Quoin","NAMELSAD":"Du Quoin city","ALAND":18074843,"AWATER":213573}},
{"type":"Feature","geometry":{"type":"Polygon","coordinates":[[[-89.50523,37.29577],[-89.50527,37.28853],[-89.46871,37.2883],[-89.46857,37.30307],[-89.50511,37.30288],[-89.50523,37.29577]]]},"properties":{"GEOID":"1721605","NAME":"East Cape Girardeau","NAMELSAD":"East Cape Girardeau village","ALAND":5078304,"AWATER":89246}},
{"type":"Feature","geometry":{"type":"Polygon","coordinates":[[[-88.8685,42.27557],[-88.87159,42.26924],[-88.90021,42.26897],[-88.92013,42.2743],[-88.93453,42.2606],[-88.9306,42.24606],[-88.91019,42.24452],[-88.91021,42.24],[-88.88345,42.24004],[-88.88086,42.23296],[-88.81266,42.23348],[-88.81286,42.24106],[-88.80339,42.24104],[-88.80323,42.24789],[-88.81446,42.2479],[-88.8154,42.25869],[-88.82718,42.26086],[-88.82239,42.27505],[-88.82786,42.27703],[-88.8685,42.27557]],[[-88.88571,42.25248],[-88.88556,42.26692],[-88.87657,42.26125],[-88.87661,42.25465],[-88.88571,42.25248]]]},"properties":{"GEOID":"1705092","NAME":"Belvidere","NAMELSAD":"Belvidere city","ALAND":33091895,"AWATER":611764}},
{"type":"Feature","geometry":{"type":"Polygon","coordinates":[[[-88.28657,42.38223],[-88.28169,42.39313],[-88.28143,42.40401],[-88.28598,42.41484],[-88.30552,42.41475],[-88.30474,42.40307],[-88.31152,42.4031],[-88.317,42.41279],[-88.33193,42.41268],[-88.33547,42.39469],[-88.33058,42.39467],[-88.3281,42.40158],[-88.33082,42.41184],[-88.32059,42.41112],[-88.32074,42.38577],[-88.30048,42.38576],[-88.30547,42.37755],[-88.28657,42.38223]]]},"properties":{"GEOID":"1764135","NAME":"Ringwood","NAMELSAD":"Ringwood village","ALAND":10008104,"AWATER":0}},
{"type":"Feature","geometry":{"type":"Polygon","coordinates":[[[-88.2129,38.07593],[-88.18374,38.07509],[-88.17036,38.07943],[-88.15704,38.0784],[-88.15628,38.08761],[-88.14704,38.09614],[-88.16131,38.09817],[-88.18148,38.09422],[-88.18469,38.08617],[-88.20068,38.07594],[-88.2129,38.07593]]]},"properties":{"GEOID":"1711293","NAME":"Carmi","NAMELSAD":"Carmi city","ALAND":6706135,"AWATER":78836}},
{"type":"Feature","geometry":{"type":"MultiPolygon","coordinates":[[[[-88.15175,41.43552],[-88.16377,41.43523],[-88.17328,41.41337],[-88.16273,41.40165],[-88.16594,41.39153],[-88.1636,41.37757],[-88.12829,41.3784],[-88.11709,41.39305],[-88.09917,41.39342],[-88.09717,41.40797],[-88.09115,41.40808],[-88.09277,41.42068],[-88.10084,41.43791],[-88.10817,41.44379],[-88.12288,41.44706],[-88.12325,41.44706],[-88.13235,41.44316],[-88.132,41.43595],[-88.15175,41.43552]],[[-88.16459,41.40617],[-88.16951,41.41349],[-88.15561,41.41377],[-88.15573,41.40442],[-88.16459,41.40617]],[[-88.14595,41.40659],[-88.14593,41.41205],[-88.13123,41.41243],[-88.13119,41.40792],[-88.14595,41.40659]]],[[[-88.1899,41.42404],[-88.18207,41.4203],[-88.17101,41.42063],[-88.16443,41.43521],[-88.17855,41.43179],[-88.1899,41.42404]]]]},"properties":{"GEOID":"1723945","NAME":"Elwood","NAMELSAD":"Elwood village","ALAND":35342328,"AWATER":385055}},
{"type":"Feature","geometry":{"type":"Polygon","coordinates":[[[-88.25324,42.25247],[-88.25335,42.24161],[-88.22613,42.24168],[-88.22747,42.25236],[-88.25324,42.25247]]]},"properties":{"GEOID":"1755041","NAME":"Oakwood Hills","NAMELSAD":"Oakwood Hills village","ALAND":2818423,"AWATER":216829}},
{"type":"Feature","geometry":{"type":"Polygon","coordinates":[[[-87.94732,42.02084],[-87.9407,42.01545],[-87.94036,42.01421],[-87.93356,42.00818],[-87.92925,42.005],[-87.92334,42.00636],[-87.90786,42.00524],[-87.90268,42.00863],[-87.89425,42.0057],[-87.89407,42.00571],[-87.8931,42.00697],[-87.88585,42.00962],[-87.88453,41.99822],[-87.86177,41.99579],[-87.87411,42.01818],[-87.87476,42.02829],[-87.86977,42.03162],[-87.86782,42.03785],[-87.86521,42.03914],[-87.86001,42.03934],[-87.86582,42.04876],[-87.87649,42.05819],[-87.87644,42.06595],[-87.88838,42.06613],[-87.89365,42.0733],[-87.90192,42.07832],[-87.90772,42.06707],[-87.9214,42.06619],[-87.92243,42.0486],[-87.94076,42.04759],[-87.94048,42.02272],[-87.94732,42.02084]]]},"properties":{"GEOID":"1719642","NAME":"Des Plaines","NAMELSAD":"Des Plaines city","ALAND":36876383,"AWATER":378798}},
{"type":"Feature","geometry":{"type":"Polygon","coordinates":[[[-89.66357,39.44326],[-89.6633,39.43603],[-89.64437,39.43601],[-89.64754,39.44619],[-89.66357,39.44326]]]},"properties":{"GEOID":"1725440","NAME":"Farmersville","NAMELSAD":"Farmersville village","ALAND":1834534,"AWATER":0}},
{"type":"Feature","geometry":{"type":"Polygon","coordinates":[[[-87.85237,41.58674],[-87.85231,41.58549],[-87.84711,41.57957],[-87.83245,41.57983],[-87.83291,41.5964],[-87.83292,41.5965],[-87.83571,41.60166],[-87.84666,41.60148],[-87.84737,41.58682],[-87.85237,41.58674]]]},"properties":{"GEOID":"1756627","NAME":"Orland Hills","NAMELSAD":"Orland Hills village","ALAND":2964761,"AWATER":19721}},
{"type":"Feature","geometry":{"type":"Polygon","coordinates":[[[-89.33213,37.78929],[-89.34628,37.78155],[-89.3511,37.77417],[-89.36141,37.77416],[-89.36147,37.76414],[-89.36655,37.75824],[-89.35076,37.75314],[-89.34449,37.74875],[-89.33776,37.75609],[-89.31444,37.75412],[-89.31416,37.76436],[-89.29816,37.76368],[-89.29978,37.76966],[-89.31972,37.77014],[-89.32621,37.77779],[-89.32576,37.78929],[-89.33213,37.78929]]]},"properties":{"GEOID":"1751453","NAME":"Murphysboro","NAMELSAD":"Murphysboro city","ALAND":13589330,"AWATER":220561}},
{"type":"Feature","geometry":{"type":"Polygon","coordinates":[[[-88.27265,37.79904],[-88.27031,37.79176],[-88.25222,37.79182],[-88.25071,37.80273],[-88.26806,37.80271],[-88.27265,37.79904]]]},"properties":{"GEOID":"1764018","NAME":"Ridgway","NAMELSAD":"Ridgway village","ALAND":2278568,"AWATER":2196}},
{"type":"Feature","geometry":{"type":"Polygon","coordinates":[[[-89.99894,38.30847],[-89.99887,38.30194],[-89.98975,38.30187],[-89.98981,38.3076],[-89.99894,38.30847]]]},"properties":{"GEOID":"1733877","NAME":"Hecker","NAMELSAD":"Hecker village","ALAND":694168,"AWATER":8652}},
{"type":"Feature","geometry":{"type":"Polygon","coordinates":[[[-87.82558,42.05488],[-87.82582,42.04397],[-87.82044,42.04046],[-87.8007,42.04083],[-87.7959,42.02641],[-87.77939,42.02359],[-87.76707,42.02639],[-87.76194,42.03364],[-87.76427,42.03859],[-87.76392,42.05538],[-87.77577,42.05529],[-87.79553,42.05523],[-87.79569,42.05523],[-87.81566,42.05509],[-87.82558,42.05488]]]},"properties":{"GEOID":"1750647","NAME":"Morton Grove","NAMELSAD":"Morton Grove village","ALAND":13178267,"AWATER":0}},
{"type":"Feature","geometry":{"type":"Polygon","coordinates":[[[-88.23939,38.51834],[-88.2396,38.51119],[-88.22477,38.51117],[-88.22567,38.51834],[-88.23939,38.51834]]]},"properties":{"GEOID":"1750933","NAME":"Mount Erie","NAMELSAD":"Mount Erie village","ALAND":993310,"AWATER":0}},
{"type":"Feature","geometry":{"type":"Polygon","coordinates":[[[-89.6119,40.30914],[-89.60017,40.29834],[-89.60283,40.31282],[-89.6119,40.30914]]]},"properties":{"GEOID":"1767613","NAME":"San Jose","NAMELSAD":"San Jose village","ALAND":1072274,"AWATER":0}},
{"type":"Feature","geometry":{"type":"Polygon","coordinates":[[[-89.86259,39.07798],[-89.86242,39.06005],[-89.84814,39.05992],[-89.84856,39.07802],[-89.86259,39.07798]]]},"properties":{"GEOID":"1782218","NAME":"Wilsonville","NAMELSAD":"Wilsonville village","ALAND":2474761,"AWATER":66754}},
{"type":"Feature","geometry":{"type":"Polygon","coordinates":[[[-88.57961,39.9241],[-88.57957,39.91542],[-88.56557,39.91542],[-88.56625,39.93007],[-88.57696,39.93175],[-88.57961,39.9241]]]},"properties":{"GEOID":"1705144","NAME":"Bement","NAMELSAD":"Bement village","ALAND":2014983,"AWATER":0}},
{"type":"Feature","geometry":{"type":"Polygon","coordinates":[[[-89.13797,37.84071],[-89.15129,37.84392],[-89.15139,37.82924],[-89.14244,37.8275],[-89.13812,37.83493],[-89.13797,37.84071]]]},"properties":{"GEOID":"1736815","NAME":"Hurst","NAMELSAD":"Hurst city","ALAND":2296210,"AWATER":16860}},
{"type":"Feature","geometry":{"type":"Polygon","coordinates":[[[-88.63287,39.60816],[-88.63323,39.60451],[-88.62097,39.5996],[-88.60891,39.57883],[-88.59492,39.57893],[-88.59392,39.60083],[-88.60949,39.61082],[-88.61297,39.60809],[-88.63287,39.60816]]]},"properties":{"GEOID":"1773495","NAME":"Sullivan","NAMELSAD":"Sullivan city","ALAND":7170484,"AWATER":19468}},
{"type":"Feature","geometry":{"type":"Polygon","coordinates":[[[-89.56261,38.44251],[-89.56022,38.44068],[-89.55996,38.42242],[-89.54129,38.42173],[-89.5414,38.43274],[-89.532,38.43259],[-89.53242,38.44327],[-89.5604,38.44432],[-89.56261,38.44251]]]},"properties":{"GEOID":"1755470","NAME":"Okawville","NAMELSAD":"Okawville village","ALAND":5243840,"AWATER":0}},
{"type":"Feature","geometry":{"type":"Polygon","coordinates":[[[-90.88327,40.0104],[-90.88327,40.00306],[-90.86414,40.00267],[-90.86424,40.01021],[-90.88327,40.0104]]]},"properties":{"GEOID":"1750790","NAME":"Mound Station","NAMELSAD":"Mound Station village","ALAND":1343049,"AWATER":0}},
{"type":"Feature","geometry":{"type":"Polygon","coordinates":[[[-89.51999,38.26871],[-89.51538,38.26411],[-89.51552,38.25602],[-89.49235,38.25576],[-89.492,38.27503],[-89.50588,38.27551],[-89.51055,38.26835],[-89.51999,38.26871]]]},"properties":{"GEOID":"1754586","NAME":"Oakdale","NAMELSAD":"Oakdale village","ALAND":4097107,"AWATER":0}},
{"type":"Feature","geometry":{"type":"Polygon","coordinates":[[[-90.05105,38.36015],[-90.04861,38.35608],[-90.04146,38.35899],[-90.04438,38.36339],[-90.05105,38.36015]]]},"properties":{"GEOID":"1757160","NAME":"Paderborn","NAMELSAD":"Paderborn CDP","ALAND":388654,"AWATER":6593}},
{"type":"Feature","geometry":{"type":"Polygon","coordinates":[[[-91.39514,40.07273],[-91.37521,40.07336],[-91.36843,40.07083],[-91.36193,40.07811],[-91.38451,40.077],[-91.39514,40.07273]]]},"properties":{"GEOID":"1777044","NAME":"Ursa","NAMELSAD":"Ursa village","ALAND":1786934,"AWATER":0}},
{"type":"Feature","geometry":{"type":"Polygon","coordinates":[[[-89.27896,38.453],[-89.27911,38.43834],[-89.2653,38.43843],[-89.26511,38.45312],[-89.27896,38.453]]]},"properties":{"GEOID":"1736347","NAME":"Hoyleton","NAMELSAD":"Hoyleton village","ALAND":1968090,"AWATER":0}},
{"type":"Feature","geometry":{"type":"Polygon","coordinates":[[[-88.04284,41.84492],[-88.05104,41.83142],[-88.0478,41.83166],[-88.04137,41.84163],[-88.03,41.83783],[-88.01626,41.83908],[-88.01095,41.83477],[-87.99497,41.83836],[-87.99078,41.84311],[-87.99191,41.84576],[-87.99199,41.84593],[-88.00146,41.84657],[-88.00478,41.85677],[-87.99265,41.85975],[-87.98706,41.86779],[-87.98883,41.88899],[-87.99852,41.89247],[-87.99823,41.90426],[-88.00414,41.90567],[-88.01284,41.91144],[-88.02517,41.91505],[-88.0276,41.90819],[-88.03879,41.90793],[-88.03655,41.88328],[-88.03558,41.88147],[-88.03476,41.87628],[-88.04067,41.86544],[-88.0381,41.86546],[-88.0272,41.86427],[-88.03325,41.85966],[-88.03688,41.85951],[-88.03853,41.85948],[-88.04238,41.85022],[-88.04284,41.84492]]]},"properties":{"GEOID":"1744407","NAME":"Lombard","NAMELSAD":"Lombard village","ALAND":26364142,"AWATER":462082}},
{"type":"Feature","geometry":{"type":"Polygon","coordinates":[[[-88.12604,42.16871],[-88.14079,42.16872],[-88.15565,42.16487],[-88.15109,42.16151],[-88.15071,42.14246],[-88.13613,42.14282],[-88.12657,42.14305],[-88.12655,42.13587],[-88.13862,42.13663],[-88.14106,42.12825],[-88.13633,42.12838],[-88.12165,42.13015],[-88.12168,42.13943],[-88.11198,42.13963],[-88.09767,42.13509],[-88.10192,42.15406],[-88.10178,42.16132],[-88.12137,42.16143],[-88.12129,42.16672],[-88.12604,42.16871]]]},"properties":{"GEOID":"1703844","NAME":"Barrington","NAMELSAD":"Barrington village","ALAND":11956553,"AWATER":481110}},
{"type":"Feature","geometry":{"type":"MultiPolygon","coordinates":[[[[-90.58007,41.51225],[-90.59776,41.50561],[-90.60525,41.48924],[-90.6149,41.48335],[-90.59331,41.47245],[-90.58402,41.46111],[-90.57582,41.46311],[-90.56446,41.46446],[-90.54894,41.46582],[-90.53781,41.46436],[-90.53282,41.47038],[-90.53761,41.48838],[-90.53729,41.50959],[-90.53956,41.51106],[-90.55868,41.51064],[-90.58007,41.51225]]],[[[-90.58605,41.45934],[-90.59131,41.46289],[-90.60049,41.45792],[-90.60518,41.46362],[-90.62557,41.46542],[-90.62458,41.45277],[-90.62939,41.44381],[-90.64845,41.44416],[-90.64919,41.43533],[-90.6388,41.43468],[-90.61066,41.43785],[-90.61541,41.42735],[-90.6249,41.42743],[-90.62504,41.41854],[-90.61553,41.41834],[-90.59627,41.42702],[-90.58931,41.41788],[-90.57731,41.41763],[-90.57705,41.44198],[-90.58683,41.43586],[-90.58615,41.45506],[-90.58602,41.45772],[-90.58605,41.45934]]]]},"properties":{"GEOID":"1765078","NAME":"Rock Island","NAMELSAD":"Rock Island city","ALAND":45416467,"AWATER":544972}},
{"type":"Feature","geometry":{"type":"Polygon","coordinates":[[[-87.68201,41.16538],[-87.67357,41.16181],[-87.66515,41.15345],[-87.65258,41.14966],[-87.65316,41.1767],[-87.68201,41.16538]]]},"properties":{"GEOID":"1749893","NAME":"Momence","NAMELSAD":"Momence city","ALAND":4112884,"AWATER":252324}},
{"type":"Feature","geometry":{"type":"Polygon","coordinates":[[[-87.94158,41.74295],[-87.94422,41.73303],[-87.93426,41.73071],[-87.93405,41.72438],[-87.94386,41.72328],[-87.94526,41.7146],[-87.93614,41.71289],[-87.91461,41.72389],[-87.91044,41.72812],[-87.90126,41.73145],[-87.9056,41.74233],[-87.89504,41.74621],[-87.8946,41.7474],[-87.88632,41.74638],[-87.88663,41.75361],[-87.89018,41.75897],[-87.90531,41.76339],[-87.90388,41.76421],[-87.90412,41.76655],[-87.91193,41.78013],[-87.93603,41.7808],[-87.93578,41.77444],[-87.92614,41.77468],[-87.9235,41.76905],[-87.9354,41.76437],[-87.93524,41.75984],[-87.93506,41.755],[-87.93326,41.75263],[-87.93423,41.74943],[-87.94158,41.74295]]]},"properties":{"GEOID":"1709980","NAME":"Burr Ridge","NAMELSAD":"Burr Ridge village","ALAND":19356024,"AWATER":351660}},
{"type":"Feature","geometry":{"type":"Polygon","coordinates":[[[-89.05358,38.02364],[-89.05355,38.00888],[-89.03501,38.00914],[-89.03489,38.02399],[-89.05358,38.02364]]]},"properties":{"GEOID":"1777148","NAME":"Valier","NAMELSAD":"Valier village","ALAND":2904314,"AWATER":20233}},
{"type":"Feature","geometry":{"type":"Polygon","coordinates":[[[-89.19227,41.25779],[-89.19218,41.25044],[-89.17269,41.25093],[-89.1728,41.26188],[-89.18736,41.26145],[-89.19227,41.25779]]]},"properties":{"GEOID":"1772221","NAME":"Standard","NAMELSAD":"Standard village","ALAND":1842502,"AWATER":0}},
{"type":"Feature","geometry":{"type":"Polygon","coordinates":[[[-89.78962,40.56209],[-89.78941,40.54954],[-89.77541,40.55271],[-89.75561,40.55168],[-89.75587,40.5658],[-89.78484,40.56579],[-89.78962,40.56209]]]},"properties":{"GEOID":"1740091","NAME":"Kingston Mines","NAMELSAD":"Kingston Mines village","ALAND":3740591,"AWATER":366440}},
{"type":"Feature","geometry":{"type":"Polygon","coordinates":[[[-89.41677,41.02065],[-89.41085,41.01561],[-89.41643,41.0083],[-89.4004,41.00828],[-89.40017,41.02],[-89.39178,41.02352],[-89.392,41.03093],[-89.40995,41.03753],[-89.41677,41.02065]]]},"properties":{"GEOID":"1740559","NAME":"Lacon","NAMELSAD":"Lacon city","ALAND":4237337,"AWATER":107116}},
{"type":"Feature","geometry":{"type":"Polygon","coordinates":[[[-90.1735,38.31803],[-90.1781,38.3181],[-90.17929,38.30573],[-90.16914,38.30301],[-90.14611,38.3151],[-90.14029,38.33504],[-90.12778,38.33905],[-90.11864,38.34782],[-90.11845,38.36812],[-90.12751,38.36816],[-90.12761,38.35363],[-90.13396,38.35606],[-90.15073,38.35611],[-90.15686,38.37129],[-90.16206,38.37266],[-90.17765,38.36871],[-90.17779,38.36145],[-90.16228,38.35909],[-90.1562,38.35402],[-90.17197,38.35119],[-90.17106,38.33246],[-90.16415,38.32875],[-90.16424,38.32152],[-90.1735,38.31803]]]},"properties":{"GEOID":"1779150","NAME":"Waterloo","NAMELSAD":"Waterloo city","ALAND":21458849,"AWATER":348131}},
{"type":"Feature","geometry":{"type":"Polygon","coordinates":[[[-90.11875,38.79819],[-90.13453,38.78579],[-90.13183,38.77652],[-90.14084,38.7719],[-90.15017,38.77192],[-90.15267,38.76226],[-90.17019,38.76037],[-90.17557,38.74293],[-90.16056,38.73802],[-90.16374,38.73235],[-90.1806,38.73723],[-90.19713,38.73512],[-90.21005,38.7218],[-90.20888,38.70518],[-90.20443,38.70035],[-90.1933,38.70353],[-90.19179,38.68845],[-90.18462,38.67829],[-90.1579,38.67861],[-90.15712,38.66845],[-90.15737,38.66026],[-90.16203,38.65078],[-90.1494,38.65153],[-90.13789,38.64308],[-90.12528,38.64731],[-90.13031,38.65712],[-90.10462,38.66325],[-90.10241,38.66345],[-90.0932,38.66433],[-90.08034,38.66603],[-90.07723,38.67345],[-90.07867,38.67426],[-90.08054,38.67266],[-90.08301,38.67084],[-90.08704,38.67179],[-90.0868,38.70852],[-90.09848,38.70529],[-90.09767,38.69554],[-90.12551,38.68304],[-90.12564,38.68314],[-90.1269,38.68744],[-90.13486,38.68741],[-90.14841,38.68735],[-90.1486,38.69225],[-90.17,38.69161],[-90.17607,38.69634],[-90.18775,38.6942],[-90.13127,38.77172],[-90.11986,38.79543],[-90.11875,38.79819]]]},"properties":{"GEOID":"1745993","NAME":"Madison","NAMELSAD":"Madison city","ALAND":36635390,"AWATER":9691951}},
{"type":"Feature","geometry":{"type":"Polygon","coordinates":[[[-89.88163,39.29635],[-89.89879,39.2812],[-89.8908,39.27819],[-89.89663,39.26517],[-89.88785,39.26729],[-89.86939,39.26803],[-89.86485,39.27622],[-89.84633,39.2781],[-89.84633,39.28305],[-89.86086,39.28289],[-89.87392,39.28964],[-89.88163,39.29635]]]},"properties":{"GEOID":"1711202","NAME":"Carlinville","NAMELSAD":"Carlinville city","ALAND":8724483,"AWATER":0}},
{"type":"Feature","geometry":{"type":"Polygon","coordinates":[[[-88.03106,40.76516],[-88.03042,40.75087],[-88.01973,40.74665],[-87.99804,40.74868],[-87.98471,40.75962],[-87.98158,40.77506],[-88.002,40.77669],[-88.00671,40.76446],[-88.00679,40.75515],[-88.01642,40.7557],[-88.01683,40.76538],[-88.03106,40.76516]]]},"properties":{"GEOID":"1729275","NAME":"Gilman","NAMELSAD":"Gilman city","ALAND":8488937,"AWATER":51410}},
{"type":"Feature","geometry":{"type":"Polygon","coordinates":[[[-89.83309,40.69728],[-89.83315,40.69012],[-89.80003,40.69007],[-89.79045,40.68851],[-89.78552,40.69691],[-89.83309,40.69728]]]},"properties":{"GEOID":"1732668","NAME":"Hanna City","NAMELSAD":"Hanna City village","ALAND":3524465,"AWATER":0}},
{"type":"Feature","geometry":{"type":"Polygon","coordinates":[[[-87.80211,41.81032],[-87.80176,41.80078],[-87.80174,41.79856],[-87.79421,41.79946],[-87.78203,41.79967],[-87.78952,41.80228],[-87.76281,41.8104],[-87.75291,41.80749],[-87.75312,41.81344],[-87.75296,41.81468],[-87.75946,41.81484],[-87.78237,41.8108],[-87.80211,41.81032]]]},"properties":{"GEOID":"1726987","NAME":"Forest View","NAMELSAD":"Forest View village","ALAND":3026049,"AWATER":330154}},
{"type":"Feature","geometry":{"type":"Polygon","coordinates":[[[-90.17742,41.45487],[-90.17277,41.44756],[-90.17289,41.4391],[-90.16123,41.43156],[-90.13445,41.43499],[-90.14397,41.4453],[-90.1438,41.45791],[-90.13608,41.46181],[-90.13834,41.46906],[-90.14631,41.47832],[-90.15835,41.48072],[-90.15837,41.46384],[-90.17742,41.45487]]]},"properties":{"GEOID":"1728846","NAME":"Geneseo","NAMELSAD":"Geneseo city","ALAND":12206742,"AWATER":876}},
{"type":"Feature","geometry":{"type":"Polygon","coordinates":[[[-89.10489,41.29515],[-89.09221,41.28943],[-89.0813,41.27284],[-89.06884,41.27281],[-89.06803,41.28208],[-89.05312,41.28744],[-89.03265,41.29055],[-89.03555,41.30056],[-89.05363,41.30013],[-89.06404,41.30924],[-89.07385,41.30444],[-89.09237,41.30613],[-89.10442,41.3104],[-89.09735,41.29537],[-89.10489,41.29515]]]},"properties":{"GEOID":"1755353","NAME":"Oglesby","NAMELSAD":"Oglesby city","ALAND":12928729,"AWATER":0}},
{"type":"Feature","geometry":{"type":"Polygon","coordinates":[[[-88.64381,39.72113],[-88.64405,39.71555],[-88.63666,39.71002],[-88.62475,39.71008],[-88.62474,39.71737],[-88.64207,39.71739],[-88.64381,39.72113]]]},"properties":{"GEOID":"1745044","NAME":"Lovington","NAMELSAD":"Lovington village","ALAND":1408612,"AWATER":0}},
{"type":"Feature","geometry":{"type":"Polygon","coordinates":[[[-89.23148,38.22536],[-89.22155,38.2251],[-89.22169,38.21407],[-89.20306,38.21393],[-89.20275,38.22844],[-89.22149,38.22877],[-89.23148,38.22536]]]},"properties":{"GEOID":"1720890","NAME":"Du Bois","NAMELSAD":"Du Bois village","ALAND":2725903,"AWATER":0}},
{"type":"Feature","geometry":{"type":"Polygon","coordinates":[[[-88.78709,42.09537],[-88.76889,42.09976],[-88.76142,42.09538],[-88.74456,42.0954],[-88.74535,42.10395],[-88.76872,42.09976],[-88.78166,42.10507],[-88.78709,42.09537]]]},"properties":{"GEOID":"1740065","NAME":"Kingston","NAMELSAD":"Kingston village","ALAND":2567506,"AWATER":66188}},
{"type":"Feature","geometry":{"type":"MultiPolygon","coordinates":[[[[-87.63736,41.46061],[-87.64662,41.44953],[-87.65565,41.44948],[-87.65652,41.43493],[-87.63457,41.43508],[-87.6352,41.42811],[-87.62255,41.42607],[-87.6225,41.42064],[-87.60805,41.42084],[-87.6082,41.43445],[-87.62079,41.43522],[-87.62163,41.44587],[-87.5939,41.44868],[-87.59391,41.46198],[-87.5768,41.45024],[-87.57177,41.45758],[-87.57405,41.47001],[-87.5776,41.47004],[-87.62021,41.46983],[-87.6229,41.46021],[-87.63736,41.46061]]],[[[-87.66118,41.43462],[-87.67067,41.42747],[-87.67061,41.42396],[-87.67061,41.42394],[-87.65159,41.42416],[-87.6513,41.39868],[-87.6416,41.39147],[-87.64162,41.39332],[-87.6378,41.39336],[-87.63736,41.39152],[-87.62791,41.39761],[-87.63752,41.40238],[-87.63587,41.42056],[-87.64666,41.42048],[-87.64699,41.43139],[-87.66118,41.43462]]]]},"properties":{"GEOID":"1717523","NAME":"Crete","NAMELSAD":"Crete village","ALAND":24470838,"AWATER":44678}},
{"type":"Feature","geometry":{"type":"Polygon","coordinates":[[[-89.19947,41.36417],[-89.19937,41.3606],[-89.18196,41.36076],[-89.16986,41.35219],[-89.16423,41.3413],[-89.16446,41.35745],[-89.17478,41.35804],[-89.17497,41.3642],[-89.19947,41.36417]]]},"properties":{"GEOID":"1718459","NAME":"Dalzell","NAMELSAD":"Dalzell village","ALAND":2169140,"AWATER":18962}},
{"type":"Feature","geometry":{"type":"Polygon","coordinates":[[[-88.44979,42.472],[-88.44508,42.46488],[-88.44281,42.45044],[-88.42076,42.45052],[-88.4207,42.45777],[-88.43784,42.45769],[-88.43782,42.46492],[-88.42504,42.46289],[-88.42045,42.46864],[-88.42296,42.47581],[-88.44003,42.47825],[-88.44979,42.472]]]},"properties":{"GEOID":"1733851","NAME":"Hebron","NAMELSAD":"Hebron village","ALAND":5069182,"AWATER":0}},
{"type":"Feature","geometry":{"type":"Polygon","coordinates":[[[-88.42325,42.25458],[-88.43306,42.25052],[-88.43237,42.23858],[-88.40954,42.23701],[-88.40806,42.2297],[-88.39841,42.2252],[-88.39832,42.20455],[-88.37596,42.20461],[-88.36453,42.21003],[-88.36455,42.21096],[-88.36737,42.21183],[-88.36915,42.22258],[-88.36464,42.22591],[-88.34754,42.22955],[-88.34783,42.23528],[-88.36883,42.23531],[-88.37237,42.2263],[-88.37417,42.22974],[-88.37418,42.22993],[-88.38879,42.22627],[-88.39369,42.23078],[-88.38905,42.2407],[-88.39395,42.2449],[-88.39394,42.24429],[-88.40365,42.24063],[-88.41823,42.24065],[-88.42327,42.24655],[-88.42325,42.25458]]]},"properties":{"GEOID":"1741651","NAME":"Lakewood","NAMELSAD":"Lakewood village","ALAND":11880198,"AWATER":780604}},
{"type":"Feature","geometry":{"type":"Polygon","coordinates":[[[-87.88054,42.31946],[-87.87741,42.30899],[-87.88617,42.30626],[-87.89125,42.29085],[-87.88688,42.29081],[-87.87609,42.29425],[-87.87011,42.28896],[-87.84874,42.29405],[-87.84733,42.30486],[-87.83362,42.30483],[-87.83039,42.31225],[-87.832,42.32835],[-87.82691,42.34123],[-87.84608,42.34132],[-87.84615,42.33409],[-87.86539,42.33418],[-87.86557,42.34142],[-87.88514,42.34152],[-87.88054,42.31946]]]},"properties":{"GEOID":"1753559","NAME":"North Chicago","NAMELSAD":"North Chicago city","ALAND":20708702,"AWATER":51329}},
{"type":"Feature","geometry":{"type":"Polygon","coordinates":[[[-88.48863,41.68463],[-88.50841,41.68459],[-88.50947,41.67385],[-88.51943,41.6737],[-88.52257,41.67914],[-88.51954,41.68987],[-88.52765,41.69709],[-88.53729,41.69705],[-88.53708,41.68978],[-88.55148,41.68975],[-88.54845,41.69802],[-88.54754,41.71519],[-88.55732,41.72003],[-88.56854,41.71891],[-88.57509,41.71091],[-88.5664,41.70418],[-88.55665,41.6861],[-88.53698,41.68697],[-88.53677,41.67931],[-88.5478,41.68163],[-88.55425,41.6793],[-88.55872,41.66953],[-88.54936,41.66906],[-88.54898,41.65891],[-88.57123,41.65311],[-88.56979,41.65028],[-88.5604,41.65444],[-88.55528,41.64972],[-88.53169,41.65417],[-88.51508,41.65152],[-88.51135,41.64747],[-88.48796,41.65719],[-88.48806,41.66182],[-88.48813,41.66462],[-88.48824,41.66903],[-88.4884,41.67691],[-88.48863,41.68463]]]},"properties":{"GEOID":"1760352","NAME":"Plano","NAMELSAD":"Plano city","ALAND":23360210,"AWATER":112191}},
{"type":"Feature","geometry":{"type":"Polygon","coordinates":[[[-88.03794,38.9376],[-88.03795,38.92311],[-88.01741,38.92317],[-88.01733,38.93591],[-88.03794,38.9376]]]},"properties":{"GEOID":"1766800","NAME":"Ste. Marie","NAMELSAD":"Ste. Marie village","ALAND":2871588,"AWATER":0}},
{"type":"Feature","geometry":{"type":"Polygon","coordinates":[[[-88.96104,37.90902],[-88.95414,37.90195],[-88.9561,37.89144],[-88.93804,37.88819],[-88.91436,37.88913],[-88.9105,37.88664],[-88.89632,37.89866],[-88.90355,37.90182],[-88.91029,37.91123],[-88.92798,37.9074],[-88.93315,37.91801],[-88.95198,37.91824],[-88.95013,37.9106],[-88.96104,37.90902]]]},"properties":{"GEOID":"1780333","NAME":"West Frankfort","NAMELSAD":"West Frankfort city","ALAND":12909358,"AWATER":95835}},
{"type":"Feature","geometry":{"type":"Polygon","coordinates":[[[-87.84803,41.7398],[-87.84684,41.71796],[-87.83225,41.71623],[-87.83225,41.71471],[-87.83214,41.71098],[-87.81109,41.7093],[-87.80846,41.72225],[-87.81822,41.73311],[-87.82354,41.73694],[-87.82869,41.74033],[-87.83312,41.73285],[-87.84295,41.73475],[-87.84803,41.7398]]]},"properties":{"GEOID":"1734514","NAME":"Hickory Hills","NAMELSAD":"Hickory Hills city","ALAND":7367132,"AWATER":0}},
{"type":"Feature","geometry":{"type":"Polygon","coordinates":[[[-90.6603,40.92345],[-90.666,40.90222],[-90.65175,40.89927],[-90.63149,40.89861],[-90.62192,40.90043],[-90.63103,40.91726],[-90.6309,40.92262],[-90.61762,40.9275],[-90.62603,40.93251],[-90.63075,40.92794],[-90.6405,40.92816],[-90.6603,40.92345]]]},"properties":{"GEOID":"1750010","NAME":"Monmouth","NAMELSAD":"Monmouth city","ALAND":11000281,"AWATER":53160}},
{"type":"Feature","geometry":{"type":"Polygon","coordinates":[[[-88.54415,37.8346],[-88.54411,37.81976],[-88.53955,37.816],[-88.51666,37.81607],[-88.51648,37.8342],[-88.53038,37.83436],[-88.53961,37.83825],[-88.54415,37.8346]]]},"properties":{"GEOID":"1762588","NAME":"Raleigh","NAMELSAD":"Raleigh village","ALAND":5117616,"AWATER":6113}},
{"type":"Feature","geometry":{"type":"Polygon","coordinates":[[[-88.04762,40.10591],[-88.01909,40.10607],[-88.01909,40.11272],[-88.01033,40.12058],[-88.04752,40.12094],[-88.05555,40.11446],[-88.04762,40.10591]]]},"properties":{"GEOID":"1766950","NAME":"St. Joseph","NAMELSAD":"St. Joseph village","ALAND":5393734,"AWATER":41493}},
{"type":"Feature","geometry":{"type":"Polygon","coordinates":[[[-89.09648,42.14335],[-89.0958,42.10698],[-89.10534,42.10701],[-89.10527,42.09962],[-89.11477,42.09975],[-89.11465,42.09251],[-89.10508,42.09249],[-89.1049,42.08522],[-89.09533,42.0852],[-89.09549,42.09247],[-89.07608,42.09282],[-89.0763,42.10732],[-89.08604,42.10717],[-89.08645,42.12897],[-89.0767,42.12914],[-89.077,42.15081],[-89.09165,42.15068],[-89.09648,42.14342],[-89.09648,42.14335]]]},"properties":{"GEOID":"1718719","NAME":"Davis Junction","NAMELSAD":"Davis Junction village","ALAND":10878739,"AWATER":0}},
{"type":"Feature","geometry":{"type":"Polygon","coordinates":[[[-88.94023,38.65394],[-88.95051,38.65649],[-88.94789,38.64656],[-88.95397,38.64302],[-88.96772,38.64923],[-88.96774,38.63367],[-88.97815,38.62722],[-88.99037,38.62719],[-88.98839,38.63445],[-89.0044,38.63434],[-89.00073,38.62193],[-88.98613,38.61264],[-88.97069,38.61274],[-88.96785,38.62009],[-88.95407,38.62003],[-88.94942,38.60573],[-88.93783,38.60219],[-88.93095,38.61319],[-88.931,38.62484],[-88.92637,38.62812],[-88.94023,38.65394]]]},"properties":{"GEOID":"1767236","NAME":"Salem","NAMELSAD":"Salem city","ALAND":18106330,"AWATER":401296}},
{"type":"Feature","geometry":{"type":"Polygon","coordinates":[[[-87.83276,41.78373],[-87.85415,41.76135],[-87.82532,41.76217],[-87.81867,41.76923],[-87.80454,41.7692],[-87.79949,41.76273],[-87.79495,41.75393],[-87.79487,41.75178],[-87.78075,41.75544],[-87.7416,41.75649],[-87.74216,41.77478],[-87.80081,41.77371],[-87.80102,41.77627],[-87.81204,41.77438],[-87.83106,41.78513],[-87.83276,41.78373]]]},"properties":{"GEOID":"1704572","NAME":"Bedford Park","NAMELSAD":"Bedford Park village","ALAND":15369421,"AWATER":273533}},
{"type":"Feature","geometry":{"type":"Polygon","coordinates":[[[-89.40002,39.08625],[-89.3798,39.07801],[-89.38131,39.09665],[-89.40011,39.09677],[-89.40002,39.08625]]]},"properties":{"GEOID":"1715352","NAME":"Coffeen","NAMELSAD":"Coffeen city","ALAND":3009738,"AWATER":0}},
{"type":"Feature","geometry":{"type":"Polygon","coordinates":[[[-89.21027,39.64404],[-89.20579,39.64056],[-89.19698,39.6396],[-89.19576,39.63334],[-89.18611,39.63333],[-89.18311,39.64264],[-89.20543,39.64072],[-89.21027,39.64404]]]},"properties":{"GEOID":"1772949","NAME":"Stonington","NAMELSAD":"Stonington village","ALAND":1184406,"AWATER":0}},
{"type":"Feature","geometry":{"type":"Polygon","coordinates":[[[-88.1145,41.0566],[-88.11395,41.03835],[-88.09476,41.03884],[-88.08963,41.04259],[-88.08547,41.05522],[-88.09525,41.05895],[-88.1145,41.0566]]]},"properties":{"GEOID":"1734384","NAME":"Herscher","NAMELSAD":"Herscher village","ALAND":4659963,"AWATER":0}},
{"type":"Feature","geometry":{"type":"Polygon","coordinates":[[[-88.21063,40.99561],[-88.21054,40.99142],[-88.19746,40.99188],[-88.20175,40.99933],[-88.21063,40.99561]]]},"properties":{"GEOID":"1710292","NAME":"Cabery","NAMELSAD":"Cabery village","ALAND":889769,"AWATER":0}},
{"type":"Feature","geometry":{"type":"Polygon","coordinates":[[[-88.79481,38.62052],[-88.79491,38.6096],[-88.78569,38.60951],[-88.78896,38.62754],[-88.79481,38.62052]]]},"properties":{"GEOID":"1737933","NAME":"Iuka","NAMELSAD":"Iuka village","ALAND":1899422,"AWATER":2844}},
{"type":"Feature","geometry":{"type":"Polygon","coordinates":[[[-88.99452,37.55718],[-88.98391,37.55423],[-88.98375,37.54251],[-88.96508,37.54309],[-88.96514,37.56139],[-88.95,37.56155],[-88.94213,37.56664],[-88.93133,37.56287],[-88.91203,37.563],[-88.9157,37.5905],[-88.92257,37.58459],[-88.91811,37.58023],[-88.92658,37.56364],[-88.94218,37.56796],[-88.94902,37.56239],[-88.96517,37.56504],[-88.98381,37.56466],[-88.98387,37.55725],[-88.99452,37.55718]]]},"properties":{"GEOID":"1730575","NAME":"Goreville","NAMELSAD":"Goreville village","ALAND":6955486,"AWATER":57302}},
{"type":"Feature","geometry":{"type":"Polygon","coordinates":[[[-90.95945,40.23031],[-90.95726,40.22297],[-90.94017,40.23016],[-90.94355,40.23756],[-90.95213,40.23719],[-90.95945,40.23031]]]},"properties":{"GEOID":"1702986","NAME":"Augusta","NAMELSAD":"Augusta village","ALAND":1790173,"AWATER":0}},
{"type":"Feature","geometry":{"type":"Polygon","coordinates":[[[-88.19696,40.76128],[-88.19681,40.7545],[-88.18251,40.74824],[-88.18266,40.75902],[-88.19696,40.76128]]]},"properties":{"GEOID":"1760079","NAME":"Piper City","NAMELSAD":"Piper City village","ALAND":1436794,"AWATER":0}},
{"type":"Feature","geometry":{"type":"Polygon","coordinates":[[[-90.26286,42.4745],[-90.26315,42.46907],[-90.24753,42.46859],[-90.24367,42.48145],[-90.25645,42.48026],[-90.26286,42.4745]]]},"properties":{"GEOID":"1767925","NAME":"Scales Mound","NAMELSAD":"Scales Mound village","ALAND":1622257,"AWATER":0}},
{"type":"Feature","geometry":{"type":"Polygon","coordinates":[[[-88.25234,39.21485],[-88.25221,39.20027],[-88.23386,39.20044],[-88.2341,39.21533],[-88.25234,39.21485]]]},"properties":{"GEOID":"1738427","NAME":"Jewett","NAMELSAD":"Jewett village","ALAND":2602210,"AWATER":0}},
{"type":"Feature","geometry":{"type":"Polygon","coordinates":[[[-90.14967,40.19209],[-90.14992,40.18628],[-90.13695,40.18633],[-90.13637,40.19772],[-90.14967,40.19209]]]},"properties":{"GEOID":"1704156","NAME":"Bath","NAMELSAD":"Bath village","ALAND":944151,"AWATER":1047}},
{"type":"Feature","geometry":{"type":"Polygon","coordinates":[[[-88.08956,41.89208],[-88.09089,41.88845],[-88.08062,41.88896],[-88.0789,41.86656],[-88.0814,41.84913],[-88.08225,41.84718],[-88.08143,41.84557],[-88.08226,41.8445],[-88.0807,41.83714],[-88.06617,41.83839],[-88.06863,41.83147],[-88.05779,41.83091],[-88.05778,41.84474],[-88.04284,41.84492],[-88.04238,41.85022],[-88.03853,41.85948],[-88.03688,41.85951],[-88.03325,41.85966],[-88.0272,41.86427],[-88.0381,41.86546],[-88.04067,41.86544],[-88.04605,41.88013],[-88.03558,41.88147],[-88.03655,41.88328],[-88.04934,41.88527],[-88.05114,41.89384],[-88.06377,41.8899],[-88.07528,41.89367],[-88.08956,41.89208]]]},"properties":{"GEOID":"1729756","NAME":"Glen Ellyn","NAMELSAD":"Glen Ellyn village","ALAND":18134826,"AWATER":416751}},
{"type":"Feature","geometry":{"type":"Polygon","coordinates":[[[-87.71712,41.61095],[-87.71675,41.59644],[-87.71608,41.59649],[-87.71713,41.59216],[-87.71595,41.58619],[-87.70659,41.58621],[-87.65588,41.58634],[-87.65021,41.59694],[-87.66679,41.59696],[-87.68507,41.61573],[-87.69321,41.62056],[-87.69818,41.62226],[-87.70787,41.62206],[-87.70744,41.61112],[-87.71712,41.61095]]]},"properties":{"GEOID":"1747007","NAME":"Markham","NAMELSAD":"Markham city","ALAND":13998597,"AWATER":0}},
{"type":"Feature","geometry":{"type":"Polygon","coordinates":[[[-88.47133,39.80276],[-88.46824,39.79547],[-88.45745,39.79277],[-88.4576,39.80272],[-88.46331,39.80813],[-88.47133,39.80276]]]},"properties":{"GEOID":"1702882","NAME":"Atwood","NAMELSAD":"Atwood village","ALAND":1600065,"AWATER":0}},
{"type":"Feature","geometry":{"type":"Polygon","coordinates":[[[-89.58754,39.92084],[-89.58017,39.92089],[-89.5727,39.93046],[-89.55385,39.94928],[-89.53757,39.95029],[-89.52914,39.94652],[-89.52513,39.95444],[-89.53948,39.95428],[-89.55467,39.96181],[-89.56509,39.96172],[-89.56489,39.94964],[-89.5594,39.94455],[-89.57273,39.93048],[-89.58019,39.92092],[-89.58754,39.92084]]]},"properties":{"GEOID":"1781854","NAME":"Williamsville","NAMELSAD":"Williamsville village","ALAND":4325003,"AWATER":71026}},
{"type":"Feature","geometry":{"type":"Polygon","coordinates":[[[-88.23499,41.54297],[-88.23613,41.52843],[-88.23491,41.5],[-88.23611,41.49217],[-88.20509,41.49244],[-88.19744,41.48621],[-88.19733,41.48646],[-88.19613,41.4886],[-88.19817,41.50214],[-88.19347,41.51254],[-88.19348,41.51265],[-88.19369,41.51403],[-88.18198,41.52816],[-88.17884,41.52904],[-88.17987,41.53629],[-88.18955,41.53617],[-88.19452,41.53975],[-88.20184,41.5433],[-88.22482,41.54306],[-88.23086,41.54301],[-88.23499,41.54297]],[[-88.23026,41.52849],[-88.23054,41.53575],[-88.21846,41.53586],[-88.21821,41.5286],[-88.23026,41.52849]]]},"properties":{"GEOID":"1769758","NAME":"Shorewood","NAMELSAD":"Shorewood village","ALAND":21080677,"AWATER":290342}},
{"type":"Feature","geometry":{"type":"Polygon","coordinates":[[[-90.36051,39.10998],[-90.3511,39.1053],[-90.32764,39.10509],[-90.31213,39.10096],[-90.30883,39.10532],[-90.30737,39.13412],[-90.32898,39.13425],[-90.33956,39.13796],[-90.35092,39.12976],[-90.34158,39.11616],[-90.34451,39.10891],[-90.36051,39.10998]]]},"properties":{"GEOID":"1738414","NAME":"Jerseyville","NAMELSAD":"Jerseyville city","ALAND":13563998,"AWATER":3880}},
{"type":"Feature","geometry":{"type":"Polygon","coordinates":[[[-89.08268,39.93662],[-89.0731,39.93308],[-89.06721,39.92584],[-89.05519,39.92598],[-89.05314,39.93722],[-89.0672,39.93458],[-89.08268,39.93662]]]},"properties":{"GEOID":"1778916","NAME":"Warrensburg","NAMELSAD":"Warrensburg village","ALAND":1886798,"AWATER":0}},
{"type":"Feature","geometry":{"type":"MultiPolygon","coordinates":[[[[-88.31191,41.94986],[-88.31704,41.95104],[-88.31952,41.96113],[-88.3253,41.95727],[-88.32519,41.95082],[-88.33405,41.95044],[-88.32591,41.94058],[-88.33033,41.92132],[-88.34008,41.92355],[-88.34844,41.9181],[-88.35432,41.92059],[-88.35446,41.90478],[-88.34963,41.89764],[-88.27689,41.89891],[-88.27219,41.899],[-88.26728,41.89909],[-88.26243,41.90375],[-88.2625,41.91088],[-88.2625,41.91115],[-88.26253,41.91662],[-88.24992,41.91562],[-88.2495,41.92238],[-88.25137,41.92492],[-88.26258,41.92841],[-88.26268,41.93703],[-88.26446,41.94794],[-88.27281,41.94665],[-88.27703,41.94027],[-88.28141,41.93892],[-88.28777,41.9373],[-88.29387,41.9485],[-88.30576,41.94952],[-88.30631,41.94313],[-88.32594,41.94241],[-88.31662,41.95076],[-88.30879,41.94848],[-88.30836,41.94994],[-88.31191,41.94986]]],[[[-88.3896,41.9109],[-88.38953,41.9049],[-88.37861,41.90371],[-88.37929,41.89702],[-88.35947,41.89738],[-88.35474,41.90477],[-88.35456,41.9207],[-88.36456,41.92504],[-88.36732,41.91766],[-88.37704,41.91422],[-88.38,41.91426],[-88.3896,41.9109]]]]},"properties":{"GEOID":"1766703","NAME":"St. Charles","NAMELSAD":"St. Charles city","ALAND":37457565,"AWATER":1542736}},
{"type":"Feature","geometry":{"type":"Polygon","coordinates":[[[-89.40407,38.3431],[-89.38545,38.33585],[-89.38091,38.32754],[-89.3731,38.32904],[-89.37373,38.34147],[-89.35502,38.3433],[-89.35494,38.34897],[-89.37117,38.35381],[-89.3667,38.36359],[-89.37047,38.37023],[-89.36942,38.38515],[-89.38055,38.38515],[-89.3807,38.37616],[-89.37625,38.36829],[-89.37564,38.35503],[-89.394,38.34574],[-89.40407,38.3431]]]},"properties":{"GEOID":"1751700","NAME":"Nashville","NAMELSAD":"Nashville city","ALAND":8041964,"AWATER":228831}},
{"type":"Feature","geometry":{"type":"Polygon","coordinates":[[[-87.89235,42.153],[-87.88769,42.13857],[-87.88775,42.13819],[-87.88559,42.12372],[-87.87323,42.1275],[-87.86336,42.12371],[-87.86867,42.11049],[-87.86392,42.10576],[-87.86177,42.10575],[-87.85879,42.10574],[-87.857,42.10574],[-87.8344,42.10195],[-87.82732,42.1056],[-87.81979,42.10754],[-87.79899,42.10538],[-87.79988,42.11853],[-87.78239,42.11959],[-87.78156,42.12353],[-87.78492,42.13389],[-87.79436,42.14574],[-87.79605,42.15254],[-87.82108,42.15254],[-87.82442,42.15269],[-87.813,42.14196],[-87.82832,42.14209],[-87.83869,42.13828],[-87.83968,42.14921],[-87.87238,42.15073],[-87.876,42.15295],[-87.88348,42.15295],[-87.89235,42.153]]]},"properties":{"GEOID":"1753481","NAME":"Northbrook","NAMELSAD":"Northbrook village","ALAND":34313973,"AWATER":169102}},
{"type":"Feature","geometry":{"type":"Polygon","coordinates":[[[-88.22498,42.20059],[-88.23814,42.19368],[-88.22407,42.18611],[-88.21422,42.18687],[-88.20917,42.19227],[-88.19951,42.18803],[-88.19949,42.19047],[-88.19948,42.19188],[-88.19692,42.18998],[-88.19443,42.19404],[-88.18951,42.19788],[-88.20128,42.19774],[-88.20402,42.20401],[-88.21284,42.2051],[-88.22474,42.20083],[-88.22498,42.20059]]]},"properties":{"GEOID":"1727533","NAME":"Fox River Grove","NAMELSAD":"Fox River Grove village","ALAND":4434955,"AWATER":0}},
{"type":"Feature","geometry":{"type":"Polygon","coordinates":[[[-89.64188,40.70713],[-89.65777,40.6998],[-89.66112,40.69549],[-89.66118,40.68835],[-89.6515,40.68854],[-89.64215,40.68431],[-89.64205,40.69202],[-89.62295,40.6878],[-89.62275,40.70228],[-89.62541,40.70966],[-89.63746,40.71078],[-89.64188,40.70713]]]},"properties":{"GEOID":"1780736","NAME":"West Peoria","NAMELSAD":"West Peoria city","ALAND":5464818,"AWATER":0}},
{"type":"Feature","geometry":{"type":"Polygon","coordinates":[[[-87.92033,41.92496],[-87.92033,41.9241],[-87.91401,41.9368],[-87.8959,41.93619],[-87.89445,41.93058],[-87.88463,41.92913],[-87.88324,41.92196],[-87.86859,41.92224],[-87.86469,41.91597],[-87.86456,41.91561],[-87.86464,41.91507],[-87.85217,41.91905],[-87.84959,41.93729],[-87.8542,41.94599],[-87.88539,41.94556],[-87.89076,41.95803],[-87.89266,41.95071],[-87.91445,41.95354],[-87.91585,41.95745],[-87.91548,41.95033],[-87.92024,41.94313],[-87.92029,41.9313],[-87.92033,41.92496]],[[-87.91433,41.94854],[-87.89285,41.94539],[-87.89241,41.94045],[-87.91433,41.94854]]]},"properties":{"GEOID":"1727702","NAME":"Franklin Park","NAMELSAD":"Franklin Park village","ALAND":12372673,"AWATER":0}},
{"type":"Feature","geometry":{"type":"Polygon","coordinates":[[[-90.00157,42.5032],[-90.0012,42.48838],[-89.9821,42.48741],[-89.97969,42.49969],[-89.98911,42.50312],[-90.00157,42.5032]]]},"properties":{"GEOID":"1778851","NAME":"Warren","NAMELSAD":"Warren village","ALAND":2674381,"AWATER":0}},
{"type":"Feature","geometry":{"type":"Polygon","coordinates":[[[-87.97781,41.85825],[-87.97736,41.84909],[-87.99199,41.84593],[-87.99191,41.84576],[-87.98712,41.84464],[-87.97326,41.84634],[-87.97129,41.85169],[-87.9712,41.85172],[-87.97096,41.84626],[-87.95747,41.84667],[-87.95793,41.85615],[-87.94862,41.86103],[-87.95834,41.86115],[-87.96104,41.86826],[-87.96486,41.86089],[-87.97781,41.85825]]]},"properties":{"GEOID":"1754560","NAME":"Oakbrook Terrace","NAMELSAD":"Oakbrook Terrace city","ALAND":3409796,"AWATER":65067}},
{"type":"Feature","geometry":{"type":"Polygon","coordinates":[[[-87.70415,38.73762],[-87.70402,38.72392],[-87.69168,38.71389],[-87.68192,38.71874],[-87.67032,38.72067],[-87.66321,38.72668],[-87.6716,38.73133],[-87.68651,38.73194],[-87.6918,38.73786],[-87.70415,38.73762]]]},"properties":{"GEOID":"1742405","NAME":"Lawrenceville","NAMELSAD":"Lawrenceville city","ALAND":5603678,"AWATER":0}},
{"type":"Feature","geometry":{"type":"Polygon","coordinates":[[[-87.89089,41.83384],[-87.89019,41.81974],[-87.88943,41.81923],[-87.86098,41.82003],[-87.86158,41.8346],[-87.85181,41.83485],[-87.85213,41.84213],[-87.86533,41.84556],[-87.86546,41.84553],[-87.87822,41.84272],[-87.87856,41.83414],[-87.8842,41.83399],[-87.88602,41.83395],[-87.89089,41.83384]]]},"properties":{"GEOID":"1740793","NAME":"La Grange Park","NAMELSAD":"La Grange Park village","ALAND":5782155,"AWATER":0}},
{"type":"Feature","geometry":{"type":"Polygon","coordinates":[[[-88.46694,39.32923],[-88.46225,39.32734],[-88.46218,39.31281],[-88.44354,39.31273],[-88.43726,39.32295],[-88.4436,39.32735],[-88.46694,39.32923]]]},"properties":{"GEOID":"1751986","NAME":"Neoga","NAMELSAD":"Neoga city","ALAND":3638625,"AWATER":0}},
{"type":"Feature","geometry":{"type":"Polygon","coordinates":[[[-88.63082,39.35337],[-88.62918,39.34608],[-88.61513,39.34601],[-88.61488,39.35533],[-88.63082,39.35337]]]},"properties":{"GEOID":"1773040","NAME":"Strasburg","NAMELSAD":"Strasburg village","ALAND":1400684,"AWATER":0}},
{"type":"Feature","geometry":{"type":"MultiPolygon","coordinates":[[[[-88.62081,41.90554],[-88.61594,41.9026],[-88.61597,41.89372],[-88.60246,41.89024],[-88.59963,41.9016],[-88.59317,41.9017],[-88.59036,41.91232],[-88.60135,41.91373],[-88.60135,41.92303],[-88.61386,41.92286],[-88.6159,41.91081],[-88.62081,41.90554]]],[[[-88.62559,41.93052],[-88.6207,41.92642],[-88.62079,41.91152],[-88.61684,41.91095],[-88.61683,41.92998],[-88.62559,41.93052]]]]},"properties":{"GEOID":"1746604","NAME":"Maple Park","NAMELSAD":"Maple Park village","ALAND":5928715,"AWATER":12946}},
{"type":"Feature","geometry":{"type":"Polygon","coordinates":[[[-90.07968,40.28418],[-90.06578,40.28563],[-90.06618,40.27468],[-90.05637,40.27493],[-90.05623,40.28591],[-90.04939,40.28967],[-90.0374,40.28967],[-90.03018,40.29315],[-90.04319,40.3009],[-90.05214,40.30073],[-90.05124,40.3119],[-90.06895,40.31113],[-90.06874,40.2961],[-90.07968,40.28418]]]},"properties":{"GEOID":"1733513","NAME":"Havana","NAMELSAD":"Havana city","ALAND":7189877,"AWATER":427805}},
{"type":"Feature","geometry":{"type":"Polygon","coordinates":[[[-90.23444,41.07605],[-90.23449,41.06826],[-90.22209,41.06364],[-90.21474,41.07835],[-90.23444,41.07605]]]},"properties":{"GEOID":"1756159","NAME":"Oneida","NAMELSAD":"Oneida city","ALAND":1976652,"AWATER":0}},
{"type":"Feature","geometry":{"type":"Polygon","coordinates":[[[-88.71026,38.05633],[-88.71026,38.04897],[-88.69998,38.04891],[-88.70043,38.0562],[-88.71026,38.05633]]]},"properties":{"GEOID":"1745642","NAME":"Macedonia","NAMELSAD":"Macedonia village","ALAND":704764,"AWATER":12321}},
{"type":"Feature","geometry":{"type":"Polygon","coordinates":[[[-90.50742,39.71971],[-90.50746,39.71371],[-90.48848,39.71328],[-90.49325,39.72442],[-90.50742,39.71971]]]},"properties":{"GEOID":"1724699","NAME":"Exeter","NAMELSAD":"Exeter village","ALAND":1786298,"AWATER":0}},
{"type":"Feature","geometry":{"type":"Polygon","coordinates":[[[-88.52217,38.76754],[-88.51284,38.76356],[-88.49678,38.76713],[-88.49868,38.7743],[-88.51278,38.77604],[-88.5128,38.76769],[-88.52217,38.76754]]]},"properties":{"GEOID":"1744927","NAME":"Louisville","NAMELSAD":"Louisville village","ALAND":2145434,"AWATER":0}},
{"type":"Feature","geometry":{"type":"Polygon","coordinates":[[[-89.69324,38.2121],[-89.69346,38.2053],[-89.67481,38.20539],[-89.67437,38.2194],[-89.69321,38.21942],[-89.69324,38.2121]]]},"properties":{"GEOID":"1775263","NAME":"Tilden","NAMELSAD":"Tilden village","ALAND":2524797,"AWATER":27395}},
{"type":"Feature","geometry":{"type":"Polygon","coordinates":[[[-89.37152,42.31797],[-89.36888,42.30368],[-89.3567,42.30017],[-89.34108,42.30026],[-89.3495,42.30902],[-89.34955,42.3161],[-89.37152,42.31797]]]},"properties":{"GEOID":"1758408","NAME":"Pecatonica","NAMELSAD":"Pecatonica village","ALAND":3323939,"AWATER":67079}},
{"type":"Feature","geometry":{"type":"Polygon","coordinates":[[[-88.41507,40.89081],[-88.40105,40.89114],[-88.40124,40.89701],[-88.4094,40.89648],[-88.41507,40.89081]]]},"properties":{"GEOID":"1767795","NAME":"Saunemin","NAMELSAD":"Saunemin village","ALAND":598696,"AWATER":5476}},
{"type":"Feature","geometry":{"type":"Polygon","coordinates":[[[-88.05238,38.65829],[-88.05223,38.64364],[-88.03575,38.64387],[-88.03579,38.65881],[-88.05238,38.65829]]]},"properties":{"GEOID":"1710448","NAME":"Calhoun","NAMELSAD":"Calhoun village","ALAND":2362581,"AWATER":0}},
{"type":"Feature","geometry":{"type":"Polygon","coordinates":[[[-87.86316,41.87118],[-87.8432,41.86431],[-87.8334,41.86446],[-87.83369,41.87177],[-87.82732,41.87917],[-87.8336,41.88672],[-87.82983,41.88989],[-87.8342,41.89862],[-87.84459,41.89839],[-87.84424,41.88895],[-87.85976,41.8907],[-87.85889,41.87128],[-87.86316,41.87118]]]},"properties":{"GEOID":"1747774","NAME":"Maywood","NAMELSAD":"Maywood village","ALAND":7038039,"AWATER":0}},
{"type":"Feature","geometry":{"type":"Polygon","coordinates":[[[-90.25436,42.31881],[-90.24134,42.31309],[-90.21986,42.31185],[-90.21271,42.31797],[-90.23413,42.32162],[-90.23439,42.31528],[-90.25436,42.31881]]]},"properties":{"GEOID":"1723165","NAME":"Elizabeth","NAMELSAD":"Elizabeth village","ALAND":2389127,"AWATER":0}},
{"type":"Feature","geometry":{"type":"Polygon","coordinates":[[[-88.12611,42.47368],[-88.126,42.46625],[-88.10675,42.46267],[-88.09512,42.46995],[-88.09054,42.46535],[-88.07234,42.46629],[-88.06247,42.45904],[-88.05259,42.45899],[-88.05284,42.45161],[-88.03264,42.4473],[-88.03012,42.45692],[-88.04149,42.45917],[-88.0327,42.4735],[-88.01378,42.47339],[-88.01312,42.46614],[-87.99708,42.46589],[-87.99655,42.47317],[-88.01305,42.47339],[-88.02279,42.48071],[-88.03752,42.48076],[-88.04744,42.47578],[-88.06197,42.47637],[-88.06223,42.48447],[-88.04732,42.48441],[-88.04709,42.49157],[-88.05824,42.49108],[-88.06223,42.48473],[-88.07206,42.48535],[-88.07772,42.4957],[-88.10851,42.49613],[-88.1115,42.49396],[-88.11147,42.49035],[-88.11144,42.4882],[-88.12119,42.4882],[-88.12108,42.47762],[-88.12611,42.47368]]]},"properties":{"GEOID":"1701595","NAME":"Antioch","NAMELSAD":"Antioch village","ALAND":21442628,"AWATER":1007397}},
{"type":"Feature","geometry":{"type":"Polygon","coordinates":[[[-89.81468,39.39681],[-89.80291,39.39177],[-89.80331,39.40633],[-89.81234,39.40621],[-89.81468,39.39681]]]},"properties":{"GEOID":"1753039","NAME":"Nilwood","NAMELSAD":"Nilwood town","ALAND":1205307,"AWATER":0}},
{"type":"Feature","geometry":{"type":"Polygon","coordinates":[[[-90.16247,40.047],[-90.14825,40.03786],[-90.14167,40.04691],[-90.1506,40.05202],[-90.16247,40.047]]]},"properties":{"GEOID":"1712450","NAME":"Chandlerville","NAMELSAD":"Chandlerville village","ALAND":2057655,"AWATER":0}},
{"type":"Feature","geometry":{"type":"Polygon","coordinates":[[[-89.74239,41.78943],[-89.74264,41.79299],[-89.75765,41.78792],[-89.74239,41.78943]]]},"properties":{"GEOID":"1728404","NAME":"Galt","NAMELSAD":"Galt CDP","ALAND":755759,"AWATER":0}},
{"type":"Feature","geometry":{"type":"Polygon","coordinates":[[[-90.87852,41.33923],[-90.87909,41.33177],[-90.8175,41.3304],[-90.82282,41.34264],[-90.83558,41.3526],[-90.8689,41.35341],[-90.86892,41.33893],[-90.87852,41.33923]]]},"properties":{"GEOID":"1709499","NAME":"Buffalo Prairie","NAMELSAD":"Buffalo Prairie CDP","ALAND":9739981,"AWATER":0}},
{"type":"Feature","geometry":{"type":"Polygon","coordinates":[[[-91.29119,40.61745],[-91.29941,40.61014],[-91.28048,40.60968],[-91.28178,40.62382],[-91.29119,40.61745]]]},"properties":{"GEOID":"1753078","NAME":"Niota","NAMELSAD":"Niota CDP","ALAND":1354945,"AWATER":129323}},
{"type":"Feature","geometry":{"type":"Polygon","coordinates":[[[-88.09456,38.83742],[-88.08985,38.82983],[-88.08041,38.83014],[-88.08514,38.83763],[-88.09456,38.83742]]]},"properties":{"GEOID":"1721020","NAME":"Dundas","NAMELSAD":"Dundas CDP","ALAND":1733313,"AWATER":0}},
{"type":"Feature","geometry":{"type":"Polygon","coordinates":[[[-90.0517,39.7241],[-90.0487,39.71535],[-90.02235,39.71795],[-90.02248,39.72515],[-90.0517,39.7241]]]},"properties":{"GEOID":"1700659","NAME":"Alexander","NAMELSAD":"Alexander CDP","ALAND":2548245,"AWATER":0}},
{"type":"Feature","geometry":{"type":"Polygon","coordinates":[[[-88.81653,41.38583],[-88.81377,41.37975],[-88.79742,41.37722],[-88.79431,41.37728],[-88.78471,41.37838],[-88.78025,41.38661],[-88.78895,41.39017],[-88.78625,41.39789],[-88.80553,41.398],[-88.8091,41.38484],[-88.81653,41.38583]]]},"properties":{"GEOID":"1718771","NAME":"Dayton","NAMELSAD":"Dayton CDP","ALAND":4762314,"AWATER":118920}},
{"type":"Feature","geometry":{"type":"Polygon","coordinates":[[[-89.52455,40.88953],[-89.52398,40.85672],[-89.50329,40.86941],[-89.49567,40.87873],[-89.49175,40.88975],[-89.49835,40.893],[-89.5016,40.88585],[-89.51028,40.88943],[-89.52455,40.88953]]]},"properties":{"GEOID":"1765403","NAME":"Rome","NAMELSAD":"Rome CDP","ALAND":4979508,"AWATER":1499691}},
{"type":"Feature","geometry":{"type":"Polygon","coordinates":[[[-88.6722,42.415],[-88.66137,42.41254],[-88.65765,42.42109],[-88.6722,42.415]]]},"properties":{"GEOID":"1712879","NAME":"Chemung","NAMELSAD":"Chemung CDP","ALAND":728033,"AWATER":0}},
{"type":"Feature","geometry":{"type":"Polygon","coordinates":[[[-88.04935,41.52332],[-88.04877,41.51313],[-88.0236,41.51366],[-88.02395,41.52302],[-88.03256,41.52959],[-88.04317,41.52421],[-88.04935,41.52332]]]},"properties":{"GEOID":"1737465","NAME":"Ingalls Park","NAMELSAD":"Ingalls Park CDP","ALAND":2876058,"AWATER":0}},
{"type":"Feature","geometry":{"type":"Polygon","coordinates":[[[-90.0253,38.92258],[-90.01995,38.92308],[-90.02111,38.92769],[-90.02925,38.92716],[-90.03243,38.92361],[-90.0253,38.92258]]]},"properties":{"GEOID":"1750452","NAME":"Moro","NAMELSAD":"Moro CDP","ALAND":566630,"AWATER":10037}},
{"type":"Feature","geometry":{"type":"Polygon","coordinates":[[[-90.20683,39.85144],[-90.20548,39.84407],[-90.19276,39.84445],[-90.18795,39.85869],[-90.20436,39.85871],[-90.20683,39.85144]]]},"properties":{"GEOID":"1743978","NAME":"Literberry","NAMELSAD":"Literberry CDP","ALAND":2101589,"AWATER":0}},
{"type":"Feature","geometry":{"type":"Polygon","coordinates":[[[-89.73172,38.32071],[-89.7317,38.31741],[-89.72586,38.31732],[-89.72593,38.32062],[-89.73172,38.32071]]]},"properties":{"GEOID":"1718641","NAME":"Darmstadt","NAMELSAD":"Darmstadt CDP","ALAND":185945,"AWATER":250}},
{"type":"Feature","geometry":{"type":"MultiPolygon","coordinates":[[[[-88.14785,41.56972],[-88.15564,41.56558],[-88.15466,41.56559],[-88.1541,41.56559],[-88.14631,41.56566],[-88.14785,41.56972]]],[[[-88.1809,41.56978],[-88.18082,41.56529],[-88.16656,41.56546],[-88.1632,41.5655],[-88.18051,41.57163],[-88.1809,41.56978]]]]},"properties":{"GEOID":"1717939","NAME":"Crystal Lawns","NAMELSAD":"Crystal Lawns CDP","ALAND":1708023,"AWATER":0}},
{"type":"Feature","geometry":{"type":"Polygon","coordinates":[[[-91.12527,39.81988],[-91.11697,39.80881],[-91.10594,39.80876],[-91.11569,39.81889],[-91.12527,39.81988]]]},"properties":{"GEOID":"1763537","NAME":"Richfield","NAMELSAD":"Richfield CDP","ALAND":1210200,"AWATER":0}},
{"type":"Feature","geometry":{"type":"Polygon","coordinates":[[[-88.52133,42.45874],[-88.51744,42.45549],[-88.51697,42.46231],[-88.52137,42.46119],[-88.52133,42.45874]]]},"properties":{"GEOID":"1700594","NAME":"Alden","NAMELSAD":"Alden CDP","ALAND":325359,"AWATER":0}},
{"type":"Feature","geometry":{"type":"Polygon","coordinates":[[[-91.30939,40.02259],[-91.30947,40.01208],[-91.29701,40.01486],[-91.2979,40.02244],[-91.30939,40.02259]]]},"properties":{"GEOID":"1706565","NAME":"Bloomfield","NAMELSAD":"Bloomfield CDP","ALAND":1347080,"AWATER":13263}},
{"type":"Feature","geometry":{"type":"Polygon","coordinates":[[[-91.507,40.14585],[-91.5014,40.14435],[-91.50268,40.15381],[-91.507,40.14585]]]},"properties":{"GEOID":"1748684","NAME":"Meyer","NAMELSAD":"Meyer CDP","ALAND":367598,"AWATER":0}},
{"type":"Feature","geometry":{"type":"Polygon","coordinates":[[[-89.27948,37.1586],[-89.27967,37.14754],[-89.27001,37.14375],[-89.26595,37.1565],[-89.27948,37.1586]]]},"properties":{"GEOID":"1776875","NAME":"Unity","NAMELSAD":"Unity CDP","ALAND":1816343,"AWATER":0}},
{"type":"Feature","geometry":{"type":"Polygon","coordinates":[[[-91.21298,39.88583],[-91.21352,39.86023],[-91.18518,39.85987],[-91.18502,39.87911],[-91.21298,39.88583]]]},"properties":{"GEOID":"1700191","NAME":"Adams","NAMELSAD":"Adams CDP","ALAND":5794965,"AWATER":0}},
{"type":"Feature","geometry":{"type":"Polygon","coordinates":[[[-90.41904,39.71404],[-90.41431,39.71309],[-90.41427,39.71776],[-90.41606,39.71692],[-90.417,39.71376],[-90.41904,39.71404]]]},"properties":{"GEOID":"1748567","NAME":"Merritt","NAMELSAD":"Merritt CDP","ALAND":102152,"AWATER":0}},
{"type":"Feature","geometry":{"type":"Polygon","coordinates":[[[-88.90477,39.32561],[-88.90316,39.31814],[-88.89286,39.3182],[-88.89413,39.32929],[-88.90477,39.32561]]]},"properties":{"GEOID":"1741677","NAME":"Lakewood","NAMELSAD":"Lakewood CDP","ALAND":1032332,"AWATER":0}},
{"type":"Feature","geometry":{"type":"Polygon","coordinates":[[[-88.35692,39.37423],[-88.34634,39.37204],[-88.35057,39.37825],[-88.35692,39.37423]]]},"properties":{"GEOID":"1776017","NAME":"Trilla","NAMELSAD":"Trilla CDP","ALAND":499304,"AWATER":0}},
{"type":"Feature","geometry":{"type":"Polygon","coordinates":[[[-88.03557,41.60222],[-88.03588,41.59755],[-88.02642,41.60066],[-88.03177,41.60265],[-88.03557,41.60222]]]},"properties":{"GEOID":"1707276","NAME":"Bonnie Brae","NAMELSAD":"Bonnie Brae CDP","ALAND":493972,"AWATER":0}},
{"type":"Feature","geometry":{"type":"Polygon","coordinates":[[[-89.34583,37.90624],[-89.34536,37.8961],[-89.33584,37.89662],[-89.33702,37.90416],[-89.34583,37.90624]]]},"properties":{"GEOID":"1777525","NAME":"Vergennes","NAMELSAD":"Vergennes village","ALAND":911357,"AWATER":4044}},
{"type":"Feature","geometry":{"type":"Polygon","coordinates":[[[-89.19814,38.33844],[-89.20002,38.32469],[-89.18731,38.32222],[-89.17963,38.33631],[-89.19814,38.33844]]]},"properties":{"GEOID":"1702531","NAME":"Ashley","NAMELSAD":"Ashley city","ALAND":2922196,"AWATER":59819}},
{"type":"Feature","geometry":{"type":"Polygon","coordinates":[[[-89.14824,38.51425],[-89.14603,38.5032],[-89.15312,38.50351],[-89.15206,38.48172],[-89.14425,38.48122],[-89.13964,38.4897],[-89.13978,38.50119],[-89.13496,38.50717],[-89.13504,38.51056],[-89.14824,38.51425]]]},"properties":{"GEOID":"1778721","NAME":"Wamac","NAMELSAD":"Wamac city","ALAND":3664853,"AWATER":27353}},
{"type":"Feature","geometry":{"type":"Polygon","coordinates":[[[-87.80195,38.40839],[-87.78316,38.40808],[-87.77947,38.4009],[-87.7653,38.40077],[-87.75679,38.39565],[-87.74525,38.409],[-87.75304,38.42255],[-87.76185,38.42256],[-87.7596,38.43699],[-87.76871,38.4371],[-87.76927,38.44603],[-87.78213,38.44568],[-87.77832,38.41538],[-87.7868,38.41098],[-87.80195,38.40839]]]},"properties":{"GEOID":"1750868","NAME":"Mount Carmel","NAMELSAD":"Mount Carmel city","ALAND":12455828,"AWATER":367751}},
{"type":"Feature","geometry":{"type":"Polygon","coordinates":[[[-88.99878,42.22027],[-88.98739,42.22187],[-88.97946,42.22958],[-88.96165,42.23416],[-88.96448,42.22367],[-88.97012,42.22117],[-88.969,42.20921],[-88.9987,42.20912],[-88.99887,42.19737],[-89.00657,42.18791],[-89.01842,42.18223],[-89.01328,42.15888],[-89.00285,42.15894],[-89.00288,42.16597],[-89.01121,42.17647],[-88.9985,42.17822],[-88.9975,42.19539],[-88.98851,42.19533],[-88.98872,42.20482],[-88.96893,42.205],[-88.97359,42.19461],[-88.96363,42.18801],[-88.96054,42.2019],[-88.95886,42.22132],[-88.94056,42.22283],[-88.94096,42.23806],[-88.93272,42.23782],[-88.9306,42.24606],[-88.93453,42.2606],[-88.94092,42.26132],[-88.94098,42.23869],[-88.95831,42.23907],[-88.96399,42.24599],[-88.96361,42.2536],[-88.95545,42.26093],[-88.94644,42.26139],[-88.94354,42.27385],[-88.94873,42.26843],[-88.96049,42.26822],[-88.97045,42.26106],[-88.97134,42.25349],[-88.98007,42.25332],[-88.98256,42.23896],[-88.98866,42.23868],[-88.98829,42.22511],[-88.99882,42.22707],[-88.99878,42.22027]]]},"properties":{"GEOID":"1713074","NAME":"Cherry Valley","NAMELSAD":"Cherry Valley village","ALAND":21767727,"AWATER":652983}},
{"type":"Feature","geometry":{"type":"Polygon","coordinates":[[[-89.91915,42.18012],[-89.91168,42.17289],[-89.89898,42.15183],[-89.88571,42.14272],[-89.87986,42.14172],[-89.87987,42.13077],[-89.86048,42.13468],[-89.86032,42.15388],[-89.82386,42.15423],[-89.82461,42.18359],[-89.84075,42.18348],[-89.84138,42.19795],[-89.86079,42.19667],[-89.90553,42.19623],[-89.91044,42.18266],[-89.91915,42.18012]]]},"properties":{"GEOID":"1740980","NAME":"Lake Carroll","NAMELSAD":"Lake Carroll CDP","ALAND":35083567,"AWATER":1653241}},
{"type":"Feature","geometry":{"type":"Polygon","coordinates":[[[-89.54042,39.36313],[-89.54014,39.34882],[-89.52164,39.36336],[-89.54042,39.36313]]]},"properties":{"GEOID":"1733357","NAME":"Harvel","NAMELSAD":"Harvel village","ALAND":1864514,"AWATER":0}},
{"type":"Feature","geometry":{"type":"Polygon","coordinates":[[[-88.2826,39.48468],[-88.2826,39.48413],[-88.20057,39.48369],[-88.19598,39.4699],[-88.1865,39.46636],[-88.17419,39.46637],[-88.15835,39.46987],[-88.15811,39.45893],[-88.13971,39.45485],[-88.13585,39.47001],[-88.1486,39.48067],[-88.14921,39.4909],[-88.1555,39.49528],[-88.15369,39.50178],[-88.16753,39.50255],[-88.16766,39.514],[-88.1772,39.50987],[-88.18295,39.50263],[-88.19826,39.50167],[-88.20076,39.49857],[-88.25447,39.49739],[-88.26651,39.49607],[-88.26652,39.49575],[-88.25147,39.49725],[-88.20536,39.49817],[-88.20293,39.48991],[-88.20827,39.48476],[-88.24255,39.48445],[-88.25716,39.49024],[-88.27119,39.49182],[-88.27233,39.48464],[-88.2826,39.48468]]]},"properties":{"GEOID":"1712567","NAME":"Charleston","NAMELSAD":"Charleston city","ALAND":23510570,"AWATER":1845959}},
{"type":"Feature","geometry":{"type":"MultiPolygon","coordinates":[[[[-88.41978,41.72933],[-88.41973,41.72319],[-88.41033,41.71783],[-88.39954,41.71812],[-88.39969,41.72957],[-88.41978,41.72933]]],[[[-88.4292,41.70647],[-88.42383,41.70049],[-88.41471,41.69785],[-88.41067,41.70702],[-88.393,41.70745],[-88.38756,41.70994],[-88.38539,41.71125],[-88.3811,41.70774],[-88.3808,41.70775],[-88.36839,41.70329],[-88.35543,41.71647],[-88.34321,41.72051],[-88.32211,41.71906],[-88.30595,41.71932],[-88.28603,41.71588],[-88.28442,41.7231],[-88.29103,41.73194],[-88.29828,41.73156],[-88.31401,41.73098],[-88.32662,41.73812],[-88.34449,41.74193],[-88.34688,41.74298],[-88.35094,41.74301],[-88.35416,41.74295],[-88.35698,41.74472],[-88.35821,41.74472],[-88.37569,41.74439],[-88.38249,41.74118],[-88.39116,41.73884],[-88.39081,41.72973],[-88.3989,41.72959],[-88.39882,41.71757],[-88.41993,41.71709],[-88.41944,41.70676],[-88.4292,41.70647]]]]},"properties":{"GEOID":"1750218","NAME":"Montgomery","NAMELSAD":"Montgomery village","ALAND":25950422,"AWATER":495924}},
{"type":"Feature","geometry":{"type":"Polygon","coordinates":[[[-88.26651,39.49607],[-88.33834,39.48811],[-88.34105,39.49118],[-88.35941,39.49049],[-88.35948,39.51354],[-88.34566,39.51354],[-88.34539,39.52086],[-88.35783,39.52057],[-88.36876,39.49773],[-88.38271,39.49764],[-88.39557,39.49397],[-88.40396,39.48371],[-88.41338,39.48902],[-88.41573,39.48123],[-88.41015,39.47632],[-88.38768,39.47074],[-88.37832,39.4667],[-88.3788,39.43346],[-88.38244,39.42506],[-88.39089,39.41777],[-88.39182,39.41054],[-88.37774,39.41045],[-88.37796,39.45102],[-88.36908,39.45227],[-88.36757,39.45865],[-88.35504,39.46223],[-88.35311,39.47479],[-88.33173,39.47612],[-88.33175,39.46945],[-88.32165,39.46598],[-88.32139,39.47707],[-88.30838,39.47726],[-88.29915,39.48413],[-88.2826,39.48413],[-88.2826,39.48468],[-88.30381,39.48478],[-88.30377,39.49171],[-88.26652,39.49575],[-88.26651,39.49607]]]},"properties":{"GEOID":"1747553","NAME":"Mattoon","NAMELSAD":"Mattoon city","ALAND":26712550,"AWATER":10535}},
{"type":"Feature","geometry":{"type":"MultiPolygon","coordinates":[[[[-88.44358,41.49166],[-88.44296,41.48062],[-88.43272,41.48119],[-88.4336,41.49183],[-88.44358,41.49166]]],[[[-88.49176,41.47244],[-88.48079,41.47164],[-88.48106,41.4791],[-88.46256,41.4799],[-88.46237,41.47288],[-88.45277,41.47315],[-88.45257,41.4659],[-88.43809,41.46628],[-88.43826,41.47354],[-88.44975,41.48008],[-88.45007,41.49509],[-88.45863,41.49482],[-88.45816,41.48207],[-88.47162,41.48125],[-88.48241,41.48471],[-88.49176,41.47244]]]]},"properties":{"GEOID":"1743900","NAME":"Lisbon","NAMELSAD":"Lisbon village","ALAND":5484229,"AWATER":0}},
{"type":"Feature","geometry":{"type":"Polygon","coordinates":[[[-87.7133,39.38858],[-87.70528,39.39292],[-87.70216,39.37915],[-87.69388,39.37182],[-87.68881,39.37579],[-87.68821,39.38813],[-87.69308,39.40077],[-87.69364,39.41015],[-87.68518,39.41681],[-87.6934,39.41973],[-87.69711,39.40742],[-87.70994,39.39783],[-87.7133,39.38858]]]},"properties":{"GEOID":"1747163","NAME":"Marshall","NAMELSAD":"Marshall city","ALAND":9563039,"AWATER":37557}},
{"type":"Feature","geometry":{"type":"Polygon","coordinates":[[[-88.56177,41.60509],[-88.55404,41.58878],[-88.53772,41.59208],[-88.54834,41.60295],[-88.52491,41.61261],[-88.53611,41.61738],[-88.53642,41.62302],[-88.5511,41.62153],[-88.55386,41.6066],[-88.56177,41.60509]]]},"properties":{"GEOID":"1749100","NAME":"Millbrook","NAMELSAD":"Millbrook village","ALAND":4776363,"AWATER":0}},
{"type":"Feature","geometry":{"type":"MultiPolygon","coordinates":[[[[-88.32211,41.71906],[-88.32021,41.70804],[-88.28267,41.70857],[-88.28603,41.71588],[-88.30595,41.71932],[-88.32211,41.71906]]],[[[-88.39049,41.70819],[-88.38994,41.69617],[-88.37926,41.69877],[-88.3808,41.70775],[-88.3811,41.70774],[-88.38539,41.71125],[-88.38756,41.70994],[-88.39049,41.70819]]],[[[-88.39139,41.68986],[-88.39185,41.68013],[-88.37349,41.68237],[-88.37367,41.68746],[-88.35873,41.68512],[-88.36416,41.67511],[-88.37728,41.67471],[-88.37742,41.66442],[-88.36711,41.66462],[-88.3604,41.66074],[-88.36441,41.65454],[-88.37922,41.65397],[-88.39058,41.66033],[-88.394,41.65191],[-88.38197,41.64822],[-88.38608,41.64262],[-88.3692,41.63764],[-88.35884,41.63731],[-88.35406,41.64521],[-88.34629,41.64982],[-88.34666,41.65702],[-88.33706,41.65707],[-88.33335,41.66438],[-88.3181,41.66446],[-88.30861,41.66824],[-88.3092,41.67912],[-88.3186,41.67899],[-88.31731,41.68996],[-88.30692,41.69202],[-88.29721,41.68984],[-88.28956,41.67941],[-88.28285,41.69307],[-88.28283,41.70131],[-88.27552,41.6964],[-88.27512,41.68614],[-88.2678,41.68541],[-88.26582,41.69494],[-88.26027,41.69595],[-88.26167,41.69739],[-88.26656,41.70403],[-88.26691,41.70442],[-88.27004,41.7075],[-88.32022,41.70755],[-88.33389,41.70741],[-88.3337,41.70066],[-88.3463,41.70349],[-88.35061,41.68876],[-88.3573,41.69847],[-88.37465,41.6996],[-88.3899,41.69451],[-88.39139,41.68986]]]]},"properties":{"GEOID":"1756887","NAME":"Oswego","NAMELSAD":"Oswego village","ALAND":41992528,"AWATER":387688}},
{"type":"Feature","geometry":{"type":"Polygon","coordinates":[[[-88.69927,41.92295],[-88.6966,41.91545],[-88.6791,41.91196],[-88.6743,41.91916],[-88.64839,41.91538],[-88.63532,41.91538],[-88.63532,41.92447],[-88.64507,41.92249],[-88.68354,41.92224],[-88.6793,41.92949],[-88.67907,41.94738],[-88.69368,41.94908],[-88.69974,41.934],[-88.69927,41.92295]]]},"properties":{"GEOID":"1716470","NAME":"Cortland","NAMELSAD":"Cortland town","ALAND":9374286,"AWATER":20220}},
{"type":"Feature","geometry":{"type":"MultiPolygon","coordinates":[[[[-88.30382,41.2585],[-88.3035,41.24758],[-88.29383,41.24777],[-88.29418,41.25869],[-88.30382,41.2585]]],[[[-88.29518,41.29481],[-88.29509,41.28754],[-88.31427,41.28712],[-88.31399,41.28008],[-88.30436,41.27729],[-88.28501,41.27339],[-88.28477,41.26578],[-88.29308,41.26566],[-88.29246,41.24567],[-88.28429,41.24975],[-88.28456,41.25884],[-88.26536,41.25931],[-88.26515,41.25218],[-88.2552,41.25221],[-88.25533,41.25943],[-88.26091,41.27214],[-88.27542,41.27361],[-88.26948,41.28241],[-88.26629,41.29258],[-88.25946,41.29265],[-88.24711,41.29234],[-88.2471,41.29196],[-88.24246,41.29338],[-88.24738,41.30318],[-88.28577,41.30228],[-88.28559,41.295],[-88.29518,41.29481]]]]},"properties":{"GEOID":"1715170","NAME":"Coal City","NAMELSAD":"Coal City village","ALAND":14939593,"AWATER":288146}},
{"type":"Feature","geometry":{"type":"Polygon","coordinates":[[[-87.93315,42.31466],[-87.92951,42.30922],[-87.92193,42.30181],[-87.92486,42.28842],[-87.92586,42.27796],[-87.92596,42.2763],[-87.923,42.27644],[-87.90987,42.27439],[-87.89357,42.27994],[-87.88572,42.27631],[-87.88564,42.27983],[-87.88673,42.2906],[-87.88688,42.29081],[-87.89125,42.29085],[-87.89813,42.28369],[-87.9059,42.31167],[-87.90489,42.32005],[-87.90722,42.32368],[-87.92462,42.32374],[-87.9319,42.31647],[-87.93315,42.31466]]]},"properties":{"GEOID":"1731446","NAME":"Green Oaks","NAMELSAD":"Green Oaks village","ALAND":10361075,"AWATER":272528}},
{"type":"Feature","geometry":{"type":"Polygon","coordinates":[[[-88.05756,42.26992],[-88.06284,42.27362],[-88.0757,42.2746],[-88.07631,42.26264],[-88.07253,42.25407],[-88.07568,42.24615],[-88.08225,42.24596],[-88.08018,42.23374],[-88.09203,42.22644],[-88.0921,42.24101],[-88.09792,42.24445],[-88.11162,42.24064],[-88.1016,42.2338],[-88.10449,42.21748],[-88.09197,42.21405],[-88.07913,42.21559],[-88.07372,42.2218],[-88.06281,42.21326],[-88.05794,42.20282],[-88.05794,42.20236],[-88.05791,42.19738],[-88.05305,42.20368],[-88.05829,42.20952],[-88.05801,42.21374],[-88.04829,42.21498],[-88.03177,42.20781],[-88.01895,42.20809],[-88.01892,42.22261],[-88.01918,42.23349],[-88.0191,42.24055],[-88.02782,42.23352],[-88.04326,42.2332],[-88.04335,42.2263],[-88.05308,42.22632],[-88.05425,42.24451],[-88.06757,42.26337],[-88.06577,42.26626],[-88.06052,42.26278],[-88.05931,42.2627],[-88.05805,42.2627],[-88.05787,42.26628],[-88.05756,42.26992]]]},"properties":{"GEOID":"1733630","NAME":"Hawthorn Woods","NAMELSAD":"Hawthorn Woods village","ALAND":21415823,"AWATER":534042}},
{"type":"Feature","geometry":{"type":"Polygon","coordinates":[[[-87.85188,42.19638],[-87.85206,42.18912],[-87.84339,42.18134],[-87.82325,42.1687],[-87.82108,42.15254],[-87.79605,42.15254],[-87.7794,42.1524],[-87.75914,42.15225],[-87.80179,42.21059],[-87.80716,42.21057],[-87.80835,42.19609],[-87.81797,42.19617],[-87.81787,42.21064],[-87.80867,42.21547],[-87.80723,42.22258],[-87.82168,42.21794],[-87.84218,42.21803],[-87.85187,42.20363],[-87.85188,42.19638]]]},"properties":{"GEOID":"1734722","NAME":"Highland Park","NAMELSAD":"Highland Park city","ALAND":31685038,"AWATER":84688}},
{"type":"Feature","geometry":{"type":"Polygon","coordinates":[[[-88.00397,41.64076],[-88.00323,41.6275],[-87.99846,41.62038],[-87.99836,41.61851],[-88.00315,41.61839],[-88.00395,41.61837],[-88.00277,41.60746],[-88.00726,41.59823],[-88.0055,41.59828],[-88.00245,41.59835],[-88.00143,41.59837],[-87.99777,41.59846],[-87.99765,41.59846],[-87.98953,41.60599],[-87.97846,41.60225],[-87.97811,41.59168],[-87.96848,41.59187],[-87.97075,41.58816],[-87.97071,41.58733],[-87.97787,41.58442],[-87.97776,41.58077],[-87.97771,41.57896],[-87.98118,41.57701],[-87.98705,41.56963],[-87.98681,41.56234],[-87.98198,41.56245],[-87.97737,41.56982],[-87.95321,41.57037],[-87.95296,41.56312],[-87.9433,41.56375],[-87.94305,41.55603],[-87.90938,41.55682],[-87.90945,41.56019],[-87.90966,41.58876],[-87.91041,41.59273],[-87.91046,41.6003],[-87.91079,41.60758],[-87.91116,41.61954],[-87.9115,41.62833],[-87.91164,41.63306],[-87.91193,41.64393],[-87.95059,41.6431],[-87.96277,41.64283],[-88.0026,41.64195],[-88.00397,41.64076]]]},"properties":{"GEOID":"1735835","NAME":"Homer Glen","NAMELSAD":"Homer Glen village","ALAND":57524973,"AWATER":96606}},
{"type":"Feature","geometry":{"type":"MultiPolygon","coordinates":[[[[-87.97484,41.39653],[-87.9641,41.39079],[-87.94105,41.39071],[-87.94117,41.39554],[-87.97484,41.39653]]],[[[-88.02038,41.41683],[-88.0201,41.40954],[-88.01004,41.4097],[-88.01003,41.41622],[-87.98777,41.4176],[-87.98136,41.41249],[-87.9826,41.40307],[-87.97257,41.39956],[-87.96033,41.39915],[-87.97204,41.41135],[-87.97242,41.42475],[-87.9627,41.43213],[-87.96349,41.44502],[-87.94415,41.44717],[-87.947,41.45448],[-87.9833,41.45379],[-87.99174,41.44793],[-88.01073,41.44602],[-88.01073,41.43905],[-88.00152,41.43865],[-88.00133,41.42628],[-88.01042,41.4198],[-88.02038,41.41683]],[[-87.98501,41.42777],[-87.97274,41.43204],[-87.97286,41.42489],[-87.98501,41.42777]]]]},"properties":{"GEOID":"1746357","NAME":"Manhattan","NAMELSAD":"Manhattan village","ALAND":17485252,"AWATER":0}},
{"type":"Feature","geometry":{"type":"Polygon","coordinates":[[[-87.79041,41.52804],[-87.79041,41.51129],[-87.79041,41.51031],[-87.79032,41.50643],[-87.79031,41.49214],[-87.70328,41.49163],[-87.69831,41.50617],[-87.71313,41.50611],[-87.7132,41.5134],[-87.72281,41.51343],[-87.72807,41.528],[-87.77108,41.52813],[-87.78076,41.52807],[-87.78558,41.52806],[-87.79041,41.52804]],[[-87.79019,41.4923],[-87.79016,41.50612],[-87.78068,41.50564],[-87.78082,41.49921],[-87.77097,41.49901],[-87.77096,41.49251],[-87.79019,41.4923]]]},"properties":{"GEOID":"1747540","NAME":"Matteson","NAMELSAD":"Matteson village","ALAND":24056317,"AWATER":88795}},
{"type":"Feature","geometry":{"type":"Polygon","coordinates":[[[-88.05791,42.19738],[-88.05791,42.17816],[-88.06449,42.18288],[-88.07673,42.18213],[-88.07147,42.17201],[-88.06765,42.16837],[-88.07252,42.16656],[-88.06037,42.16545],[-88.06016,42.16537],[-88.04198,42.15642],[-88.0349,42.161],[-88.03357,42.18999],[-88.02862,42.1936],[-88.02629,42.1994],[-88.03177,42.20781],[-88.04829,42.21498],[-88.05305,42.20368],[-88.05791,42.19738]]]},"properties":{"GEOID":"1739883","NAME":"Kildeer","NAMELSAD":"Kildeer village","ALAND":11170644,"AWATER":530737}},
{"type":"Feature","geometry":{"type":"Polygon","coordinates":[[[-88.19951,42.18803],[-88.19463,42.18487],[-88.18493,42.17972],[-88.17494,42.18527],[-88.15905,42.18714],[-88.16004,42.19557],[-88.16002,42.19639],[-88.15417,42.20159],[-88.15964,42.21265],[-88.13509,42.21337],[-88.13183,42.22578],[-88.13573,42.22846],[-88.13983,42.22652],[-88.14302,42.22669],[-88.15746,42.22217],[-88.1644,42.22366],[-88.16426,42.23462],[-88.15435,42.24129],[-88.15927,42.25105],[-88.16415,42.24861],[-88.17877,42.24864],[-88.17424,42.23801],[-88.17759,42.22731],[-88.17433,42.21459],[-88.1896,42.21499],[-88.18645,42.20718],[-88.18951,42.19788],[-88.19443,42.19404],[-88.19692,42.18998],[-88.19948,42.19188],[-88.19949,42.19047],[-88.19951,42.18803]],[[-88.18433,42.19387],[-88.16971,42.20173],[-88.16986,42.19269],[-88.18433,42.19387]]]},"properties":{"GEOID":"1740884","NAME":"Lake Barrington","NAMELSAD":"Lake Barrington village","ALAND":14858323,"AWATER":855815}},
{"type":"Feature","geometry":{"type":"MultiPolygon","coordinates":[[[[-88.01426,42.31281],[-88.01926,42.29951],[-88.0071,42.29706],[-88.00422,42.28783],[-87.9936,42.28785],[-87.99358,42.29576],[-87.98366,42.29518],[-87.98388,42.26967],[-87.974,42.26966],[-87.96911,42.26601],[-87.96851,42.26601],[-87.9489,42.26242],[-87.94541,42.24577],[-87.94042,42.24559],[-87.93845,42.2529],[-87.94367,42.25395],[-87.93935,42.25456],[-87.93567,42.25625],[-87.93873,42.26713],[-87.92505,42.2706],[-87.93974,42.27173],[-87.93464,42.27879],[-87.92586,42.27796],[-87.92486,42.28842],[-87.93588,42.29222],[-87.95479,42.30589],[-87.96547,42.30985],[-87.98567,42.30617],[-87.99831,42.30814],[-88.00447,42.3128],[-88.01426,42.31281]]],[[[-88.02115,42.32428],[-88.01349,42.31332],[-88.00716,42.31606],[-88.02115,42.32428]]]]},"properties":{"GEOID":"1743250","NAME":"Libertyville","NAMELSAD":"Libertyville village","ALAND":22812230,"AWATER":908439}},
{"type":"Feature","geometry":{"type":"MultiPolygon","coordinates":[[[[-87.90741,41.49795],[-87.9072,41.49169],[-87.88801,41.49203],[-87.88824,41.49829],[-87.90741,41.49795]]],[[[-87.88124,41.55268],[-87.90099,41.55217],[-87.90901,41.54495],[-87.92467,41.54461],[-87.923,41.5375],[-87.92799,41.53303],[-87.92766,41.52354],[-87.90842,41.5289],[-87.90357,41.52387],[-87.90272,41.49849],[-87.88826,41.49866],[-87.88772,41.50339],[-87.89858,41.51588],[-87.8768,41.52552],[-87.86515,41.52816],[-87.85244,41.52469],[-87.84692,41.52844],[-87.84791,41.53215],[-87.85048,41.53842],[-87.85051,41.53898],[-87.84057,41.53225],[-87.83093,41.53523],[-87.83096,41.53602],[-87.81903,41.53995],[-87.81764,41.55056],[-87.82814,41.55167],[-87.8317,41.55261],[-87.8354,41.55308],[-87.85039,41.55192],[-87.85332,41.55305],[-87.85971,41.55296],[-87.85143,41.54616],[-87.87028,41.5439],[-87.87045,41.55002],[-87.88031,41.55269],[-87.88124,41.55268]],[[-87.90384,41.53579],[-87.8946,41.54233],[-87.89134,41.53511],[-87.90384,41.53579]]]]},"properties":{"GEOID":"1749854","NAME":"Mokena","NAMELSAD":"Mokena village","ALAND":22577156,"AWATER":9760}},
{"type":"Feature","geometry":{"type":"Polygon","coordinates":[[[-88.33779,37.98819],[-88.33784,37.97718],[-88.32286,37.96922],[-88.31946,37.97467],[-88.31938,37.98817],[-88.33779,37.98819]]]},"properties":{"GEOID":"1753403","NAME":"Norris City","NAMELSAD":"Norris City village","ALAND":3035613,"AWATER":2812}},
{"type":"Feature","geometry":{"type":"Polygon","coordinates":[[[-88.36008,38.17877],[-88.35889,38.17589],[-88.35173,38.17596],[-88.35418,38.18024],[-88.36008,38.17877]]]},"properties":{"GEOID":"1771643","NAME":"Springerton","NAMELSAD":"Springerton village","ALAND":355781,"AWATER":0}},
{"type":"Feature","geometry":{"type":"MultiPolygon","coordinates":[[[[-88.02824,42.24837],[-88.04316,42.24161],[-88.03341,42.23877],[-88.02125,42.24559],[-88.01877,42.25165],[-88.02824,42.24837]]],[[[-88.03357,42.18999],[-88.0349,42.161],[-88.02881,42.15373],[-88.01474,42.15369],[-88.00931,42.15954],[-87.98512,42.16063],[-87.98483,42.16818],[-87.99197,42.17546],[-87.97502,42.17904],[-87.97975,42.1972],[-87.97963,42.20567],[-87.96501,42.20448],[-87.96497,42.21175],[-87.97468,42.21173],[-87.97464,42.21899],[-87.99407,42.21896],[-87.99415,42.23348],[-88.00262,42.23489],[-88.00906,42.23355],[-88.0191,42.24055],[-88.01918,42.23349],[-88.01892,42.22261],[-88.01895,42.20809],[-88.02629,42.1994],[-88.02862,42.1936],[-88.03357,42.18999]],[[-88.0079,42.18782],[-87.99443,42.19002],[-87.98965,42.18272],[-88.00455,42.18279],[-88.0079,42.18782]]]]},"properties":{"GEOID":"1744524","NAME":"Long Grove","NAMELSAD":"Long Grove village","ALAND":32082432,"AWATER":569745}},
{"type":"Feature","geometry":{"type":"MultiPolygon","coordinates":[[[[-87.94367,42.25395],[-87.93845,42.2529],[-87.93913,42.25416],[-87.94367,42.25395]]],[[[-88.06285,42.30613],[-88.0725,42.2988],[-88.05505,42.28851],[-88.05044,42.27715],[-88.05756,42.26992],[-88.05787,42.26628],[-88.05805,42.2627],[-88.05931,42.2627],[-88.06052,42.26278],[-88.06577,42.26626],[-88.06757,42.26337],[-88.06439,42.25902],[-88.05291,42.25903],[-88.04292,42.26264],[-88.03756,42.27354],[-88.02867,42.26352],[-88.02824,42.24837],[-88.01877,42.25165],[-88.00398,42.25523],[-88.00262,42.23489],[-87.99415,42.23348],[-87.99236,42.2335],[-87.9914,42.23349],[-87.98431,42.23346],[-87.97717,42.22764],[-87.97941,42.24632],[-87.98335,42.24786],[-87.97442,42.26601],[-87.98388,42.26967],[-87.98366,42.29518],[-87.99358,42.29576],[-87.9936,42.28785],[-88.00422,42.28783],[-88.0071,42.29706],[-88.01926,42.29951],[-88.02652,42.30441],[-88.02378,42.29163],[-88.03852,42.28807],[-88.05302,42.29172],[-88.05301,42.29888],[-88.04322,42.29881],[-88.05103,42.30612],[-88.05288,42.30613],[-88.06285,42.30613]]]]},"properties":{"GEOID":"1751349","NAME":"Mundelein","NAMELSAD":"Mundelein village","ALAND":28332715,"AWATER":1049503}},
{"type":"Feature","geometry":{"type":"MultiPolygon","coordinates":[[[[-88.07282,41.62832],[-88.07206,41.59481],[-88.06543,41.59962],[-88.06171,41.62953],[-88.07282,41.62832]]],[[[-88.12499,41.65863],[-88.124,41.62446],[-88.16296,41.62364],[-88.16275,41.60177],[-88.1521,41.60197],[-88.15182,41.59468],[-88.14987,41.5947],[-88.14531,41.59476],[-88.14346,41.59479],[-88.13812,41.59489],[-88.1365,41.59492],[-88.13235,41.595],[-88.12271,41.59525],[-88.11793,41.59539],[-88.11305,41.59552],[-88.08273,41.59512],[-88.07272,41.59876],[-88.07347,41.62922],[-88.08043,41.63637],[-88.04896,41.6371],[-88.04706,41.64606],[-88.0471,41.64681],[-88.06219,41.64781],[-88.05042,41.66294],[-88.03457,41.67052],[-88.02856,41.67029],[-88.02864,41.67255],[-88.04784,41.66635],[-88.04106,41.67742],[-88.05304,41.67829],[-88.05369,41.67989],[-88.06376,41.66958],[-88.09124,41.66886],[-88.09118,41.66158],[-88.09592,41.66143],[-88.10561,41.66113],[-88.10622,41.66111],[-88.11048,41.66103],[-88.11088,41.67551],[-88.1206,41.67534],[-88.12529,41.66802],[-88.12499,41.65863]]]]},"properties":{"GEOID":"1765442","NAME":"Romeoville","NAMELSAD":"Romeoville village","ALAND":50259147,"AWATER":2665484}},
{"type":"Feature","geometry":{"type":"MultiPolygon","coordinates":[[[[-87.58693,41.49898],[-87.59686,41.49853],[-87.59718,41.49179],[-87.58488,41.49183],[-87.58446,41.47718],[-87.5776,41.47004],[-87.57405,41.47001],[-87.57214,41.47733],[-87.55796,41.48174],[-87.55304,41.47747],[-87.54333,41.48048],[-87.55244,41.48804],[-87.55333,41.51385],[-87.55822,41.5073],[-87.57423,41.50603],[-87.57778,41.5027],[-87.58242,41.50538],[-87.58693,41.49898]]],[[[-87.58511,41.47718],[-87.58588,41.49088],[-87.59675,41.4858],[-87.59415,41.48047],[-87.58693,41.4772],[-87.58511,41.47718]]]]},"properties":{"GEOID":"1767769","NAME":"Sauk Village","NAMELSAD":"Sauk Village village","ALAND":10339115,"AWATER":10136}},
{"type":"Feature","geometry":{"type":"Polygon","coordinates":[[[-88.16002,42.19639],[-88.16004,42.19557],[-88.14913,42.19472],[-88.14036,42.19038],[-88.13808,42.18215],[-88.1164,42.18116],[-88.11384,42.18452],[-88.11629,42.19044],[-88.12079,42.19407],[-88.12057,42.20488],[-88.11648,42.21096],[-88.11142,42.21571],[-88.11141,42.21753],[-88.11135,42.23732],[-88.12025,42.23031],[-88.13183,42.22578],[-88.13509,42.21337],[-88.15964,42.21265],[-88.15417,42.20159],[-88.16002,42.19639]]]},"properties":{"GEOID":"1753455","NAME":"North Barrington","NAMELSAD":"North Barrington village","ALAND":12237356,"AWATER":650508}},
{"type":"Feature","geometry":{"type":"Polygon","coordinates":[[[-87.92092,42.17385],[-87.92129,42.16613],[-87.91402,42.16088],[-87.89235,42.153],[-87.88348,42.15295],[-87.88403,42.15752],[-87.88365,42.16167],[-87.87655,42.16773],[-87.87617,42.18203],[-87.88133,42.19007],[-87.8842,42.19294],[-87.89911,42.18564],[-87.90322,42.1788],[-87.90168,42.17479],[-87.92092,42.17385]]]},"properties":{"GEOID":"1764538","NAME":"Riverwoods","NAMELSAD":"Riverwoods village","ALAND":10275917,"AWATER":121264}},
{"type":"Feature","geometry":{"type":"MultiPolygon","coordinates":[[[[-88.05332,42.31336],[-88.05331,42.31285],[-88.04826,42.31286],[-88.04826,42.31336],[-88.05332,42.31336]]],[[[-88.08264,42.35991],[-88.08746,42.35714],[-88.08583,42.34141],[-88.08405,42.34059],[-88.0825,42.32061],[-88.08231,42.30746],[-88.08231,42.30733],[-88.07636,42.303],[-88.06284,42.30992],[-88.058,42.31284],[-88.05335,42.31586],[-88.05336,42.31637],[-88.0534,42.31881],[-88.05325,42.32008],[-88.07697,42.32065],[-88.08003,42.32797],[-88.07996,42.34277],[-88.07288,42.35531],[-88.07238,42.35553],[-88.07093,42.35637],[-88.07092,42.35702],[-88.06749,42.35701],[-88.06795,42.36433],[-88.07282,42.36471],[-88.08264,42.35991]]]]},"properties":{"GEOID":"1766066","NAME":"Round Lake Park","NAMELSAD":"Round Lake Park village","ALAND":5354583,"AWATER":503139}},
{"type":"Feature","geometry":{"type":"Polygon","coordinates":[[[-88.15927,42.25105],[-88.14956,42.24774],[-88.13498,42.25761],[-88.12007,42.2592],[-88.11154,42.26267],[-88.11017,42.27711],[-88.11629,42.28456],[-88.11617,42.29823],[-88.12056,42.30596],[-88.13046,42.30602],[-88.13526,42.29657],[-88.12307,42.28468],[-88.12308,42.27746],[-88.1318,42.27759],[-88.13525,42.28477],[-88.15538,42.28565],[-88.15956,42.27459],[-88.15945,42.2631],[-88.16415,42.24861],[-88.15927,42.25105]]]},"properties":{"GEOID":"1779267","NAME":"Wauconda","NAMELSAD":"Wauconda village","ALAND":13137455,"AWATER":1792502}},
{"type":"Feature","geometry":{"type":"MultiPolygon","coordinates":[[[[-88.13805,41.34185],[-88.13255,41.33472],[-88.07558,41.3359],[-88.07587,41.34345],[-88.08234,41.34621],[-88.09515,41.34307],[-88.11159,41.34226],[-88.11438,41.34593],[-88.13358,41.34604],[-88.13805,41.34185]]],[[[-88.21461,41.34721],[-88.21479,41.33207],[-88.20972,41.31827],[-88.22751,41.31805],[-88.23265,41.3123],[-88.22701,41.30351],[-88.21853,41.29931],[-88.20604,41.30587],[-88.20402,41.29672],[-88.18948,41.29707],[-88.1898,41.30338],[-88.18017,41.30363],[-88.17983,41.29387],[-88.1897,41.28982],[-88.18949,41.28401],[-88.16099,41.30444],[-88.16046,41.29054],[-88.14603,41.28733],[-88.14126,41.28683],[-88.14131,41.29095],[-88.128,41.29371],[-88.13217,41.3056],[-88.13124,41.32021],[-88.1416,41.32232],[-88.13901,41.33842],[-88.17395,41.3373],[-88.18715,41.33993],[-88.18692,41.32714],[-88.17114,41.31928],[-88.16313,41.31946],[-88.16102,41.30507],[-88.19476,41.30482],[-88.19013,41.31231],[-88.19114,41.34051],[-88.19902,41.34758],[-88.21263,41.34722],[-88.21461,41.34721]]]]},"properties":{"GEOID":"1782101","NAME":"Wilmington","NAMELSAD":"Wilmington city","ALAND":36174917,"AWATER":1858463}},
{"type":"Feature","geometry":{"type":"Polygon","coordinates":[[[-88.4666,38.65935],[-88.44777,38.65901],[-88.44231,38.67282],[-88.45619,38.67462],[-88.45741,38.68059],[-88.47475,38.67945],[-88.49853,38.68296],[-88.50692,38.66678],[-88.49847,38.66491],[-88.49843,38.65648],[-88.4693,38.65565],[-88.4666,38.65935]]]},"properties":{"GEOID":"1726454","NAME":"Flora","NAMELSAD":"Flora city","ALAND":12148211,"AWATER":764}},
{"type":"Feature","geometry":{"type":"Polygon","coordinates":[[[-88.64899,38.6359],[-88.64899,38.6323],[-88.63976,38.63237],[-88.63975,38.63613],[-88.64899,38.6359]]]},"properties":{"GEOID":"1783739","NAME":"Xenia","NAMELSAD":"Xenia village","ALAND":1277225,"AWATER":0}},
{"type":"Feature","geometry":{"type":"Polygon","coordinates":[[[-89.55514,37.93379],[-89.55871,37.92637],[-89.54487,37.9292],[-89.55514,37.93379]]]},"properties":{"GEOID":"1710773","NAME":"Campbell Hill","NAMELSAD":"Campbell Hill village","ALAND":1197553,"AWATER":2947}},
{"type":"Feature","geometry":{"type":"Polygon","coordinates":[[[-89.24344,37.81548],[-89.24035,37.81146],[-89.21298,37.81234],[-89.21703,37.82265],[-89.22902,37.82079],[-89.24344,37.81548]]]},"properties":{"GEOID":"1719616","NAME":"De Soto","NAMELSAD":"De Soto village","ALAND":2362869,"AWATER":30216}},
{"type":"Feature","geometry":{"type":"Polygon","coordinates":[[[-89.51498,37.64316],[-89.50187,37.62101],[-89.49506,37.62406],[-89.50189,37.63386],[-89.50104,37.64821],[-89.51277,37.64826],[-89.51498,37.64316]]]},"properties":{"GEOID":"1730770","NAME":"Grand Tower","NAMELSAD":"Grand Tower city","ALAND":3233097,"AWATER":8625}},
{"type":"Feature","geometry":{"type":"Polygon","coordinates":[[[-88.49137,39.7174],[-88.48428,39.71007],[-88.47637,39.71009],[-88.46836,39.70477],[-88.45841,39.71039],[-88.46095,39.72148],[-88.4713,39.72188],[-88.47718,39.71745],[-88.49137,39.7174]]]},"properties":{"GEOID":"1702414","NAME":"Arthur","NAMELSAD":"Arthur village","ALAND":3461726,"AWATER":0}},
{"type":"Feature","geometry":{"type":"Polygon","coordinates":[[[-89.26855,37.62841],[-89.26351,37.6205],[-89.25418,37.617],[-89.23873,37.59865],[-89.22747,37.59861],[-89.2272,37.6094],[-89.20086,37.61],[-89.20016,37.62505],[-89.21795,37.62525],[-89.21562,37.6364],[-89.22894,37.63619],[-89.23343,37.62419],[-89.24593,37.63596],[-89.25409,37.64073],[-89.26519,37.64236],[-89.26855,37.62841]],[[-89.22723,37.61298],[-89.22713,37.62423],[-89.21799,37.62415],[-89.21829,37.61295],[-89.22723,37.61298]]]},"properties":{"GEOID":"1746214","NAME":"Makanda","NAMELSAD":"Makanda village","ALAND":13676907,"AWATER":133240}},
{"type":"Feature","geometry":{"type":"Polygon","coordinates":[[[-88.5725,41.19157],[-88.57247,41.18832],[-88.56757,41.18831],[-88.56759,41.19206],[-88.5725,41.19157]]]},"properties":{"GEOID":"1740143","NAME":"Kinsman","NAMELSAD":"Kinsman village","ALAND":175679,"AWATER":0}},
{"type":"Feature","geometry":{"type":"Polygon","coordinates":[[[-88.43343,41.24087],[-88.43216,41.23499],[-88.41639,41.23762],[-88.41436,41.24857],[-88.43343,41.24087]]]},"properties":{"GEOID":"1747787","NAME":"Mazon","NAMELSAD":"Mazon village","ALAND":1558761,"AWATER":16471}},
{"type":"Feature","geometry":{"type":"Polygon","coordinates":[[[-88.65502,41.76971],[-88.65055,41.7661],[-88.63128,41.76639],[-88.63089,41.77726],[-88.64588,41.77706],[-88.65502,41.76971]]]},"properties":{"GEOID":"1735268","NAME":"Hinckley","NAMELSAD":"Hinckley village","ALAND":2222384,"AWATER":20825}},
{"type":"Feature","geometry":{"type":"Polygon","coordinates":[[[-88.90622,41.77169],[-88.90616,41.76076],[-88.88692,41.76784],[-88.88688,41.75739],[-88.87117,41.76108],[-88.86983,41.77191],[-88.88692,41.76872],[-88.90622,41.77169]]]},"properties":{"GEOID":"1768822","NAME":"Shabbona","NAMELSAD":"Shabbona village","ALAND":3321819,"AWATER":2556}},
{"type":"Feature","geometry":{"type":"Polygon","coordinates":[[[-88.78613,41.76932],[-88.78,41.76144],[-88.74449,41.76148],[-88.74443,41.76883],[-88.7666,41.776],[-88.77871,41.77819],[-88.78613,41.76932]]]},"properties":{"GEOID":"1779163","NAME":"Waterman","NAMELSAD":"Waterman village","ALAND":3935198,"AWATER":8854}},
{"type":"Feature","geometry":{"type":"Polygon","coordinates":[[[-88.17895,39.80627],[-88.17889,39.79172],[-88.15524,39.79182],[-88.15525,39.80655],[-88.17895,39.80627]]]},"properties":{"GEOID":"1710591","NAME":"Camargo","NAMELSAD":"Camargo village","ALAND":3268538,"AWATER":27089}},
{"type":"Feature","geometry":{"type":"Polygon","coordinates":[[[-88.13944,39.68118],[-88.12854,39.68132],[-88.13041,39.6888],[-88.13944,39.68858],[-88.13944,39.68118]]]},"properties":{"GEOID":"1735281","NAME":"Hindsboro","NAMELSAD":"Hindsboro village","ALAND":697972,"AWATER":0}},
{"type":"Feature","geometry":{"type":"Polygon","coordinates":[[[-88.00386,39.79218],[-87.99033,39.7963],[-87.97827,39.79234],[-87.97959,39.80326],[-87.98899,39.80321],[-87.99381,39.7969],[-88.00386,39.79218]]]},"properties":{"GEOID":"1752623","NAME":"Newman","NAMELSAD":"Newman city","ALAND":1588349,"AWATER":0}},
{"type":"Feature","geometry":{"type":"Polygon","coordinates":[[[-88.27345,39.80617],[-88.27342,39.82051],[-88.28729,39.82044],[-88.29243,39.78772],[-88.27755,39.78963],[-88.2667,39.78253],[-88.26444,39.77522],[-88.25532,39.77523],[-88.25533,39.788],[-88.25928,39.79528],[-88.27342,39.7984],[-88.27345,39.80617]]]},"properties":{"GEOID":"1776407","NAME":"Tuscola","NAMELSAD":"Tuscola city","ALAND":7638611,"AWATER":25353}},
{"type":"Feature","geometry":{"type":"Polygon","coordinates":[[[-88.28777,42.44747],[-88.3036,42.45086],[-88.30547,42.46745],[-88.29635,42.47262],[-88.2965,42.48696],[-88.30299,42.49478],[-88.3225,42.49475],[-88.30972,42.48338],[-88.32428,42.47517],[-88.32451,42.45581],[-88.33043,42.43987],[-88.31574,42.44364],[-88.2962,42.44365],[-88.28777,42.44698],[-88.28777,42.44747]]]},"properties":{"GEOID":"1763641","NAME":"Richmond","NAMELSAD":"Richmond village","ALAND":11106622,"AWATER":0}},
{"type":"Feature","geometry":{"type":"Polygon","coordinates":[[[-88.21399,42.48776],[-88.2237,42.4959],[-88.22864,42.49154],[-88.22852,42.4818],[-88.23791,42.47964],[-88.25535,42.48044],[-88.2574,42.49122],[-88.26719,42.48832],[-88.26474,42.48027],[-88.27691,42.48003],[-88.27686,42.47281],[-88.26228,42.47312],[-88.26231,42.48032],[-88.24762,42.47964],[-88.25734,42.45508],[-88.26707,42.45129],[-88.25237,42.44424],[-88.25908,42.43697],[-88.28287,42.43258],[-88.27676,42.42034],[-88.26695,42.42049],[-88.26694,42.42959],[-88.2491,42.42983],[-88.24739,42.42261],[-88.23305,42.42277],[-88.21601,42.42019],[-88.2215,42.41227],[-88.2215,42.41224],[-88.20574,42.41557],[-88.21463,42.42281],[-88.2232,42.42279],[-88.22326,42.43447],[-88.2331,42.43776],[-88.2331,42.44313],[-88.21347,42.43889],[-88.21473,42.44539],[-88.2208,42.44205],[-88.23321,42.44447],[-88.23322,42.45118],[-88.21323,42.45178],[-88.20996,42.46632],[-88.21386,42.47716],[-88.20905,42.4808],[-88.21399,42.48776]]]},"properties":{"GEOID":"1772052","NAME":"Spring Grove","NAMELSAD":"Spring Grove village","ALAND":23441726,"AWATER":78542}},
{"type":"Feature","geometry":{"type":"Polygon","coordinates":[[[-88.38477,42.38019],[-88.37002,42.36824],[-88.36996,42.35768],[-88.3603,42.36018],[-88.35544,42.36631],[-88.35545,42.37108],[-88.34529,42.37019],[-88.34342,42.35933],[-88.33261,42.36391],[-88.32673,42.35672],[-88.32218,42.35678],[-88.32077,42.37128],[-88.30864,42.3714],[-88.30621,42.37142],[-88.30609,42.37684],[-88.33027,42.38566],[-88.34802,42.38652],[-88.34612,42.40111],[-88.35291,42.39995],[-88.3541,42.39993],[-88.36032,42.39816],[-88.3726,42.39632],[-88.3695,42.38599],[-88.38483,42.38535],[-88.38477,42.38019]]]},"properties":{"GEOID":"1782855","NAME":"Wonder Lake","NAMELSAD":"Wonder Lake village","ALAND":13006370,"AWATER":2978399}},
{"type":"Feature","geometry":{"type":"Polygon","coordinates":[[[-89.64238,40.65967],[-89.65295,40.66442],[-89.6614,40.66307],[-89.67084,40.65595],[-89.69696,40.65599],[-89.70381,40.65255],[-89.70383,40.64531],[-89.6897,40.64514],[-89.68976,40.63799],[-89.67687,40.63555],[-89.68046,40.62348],[-89.66142,40.62344],[-89.6614,40.60931],[-89.65665,40.60902],[-89.63707,40.62223],[-89.63592,40.62313],[-89.62308,40.63597],[-89.63661,40.65048],[-89.61266,40.65232],[-89.6424,40.65223],[-89.6424,40.65408],[-89.64238,40.65967]]]},"properties":{"GEOID":"1704039","NAME":"Bartonville","NAMELSAD":"Bartonville village","ALAND":20849268,"AWATER":1156410}},
{"type":"Feature","geometry":{"type":"Polygon","coordinates":[[[-89.49835,40.893],[-89.48187,40.91709],[-89.46545,40.92646],[-89.48615,40.92663],[-89.48607,40.9369],[-89.49085,40.93879],[-89.51484,40.93678],[-89.52452,40.93228],[-89.52453,40.92641],[-89.50541,40.92215],[-89.50544,40.91497],[-89.51503,40.91494],[-89.51187,40.90023],[-89.52455,40.90028],[-89.52455,40.88953],[-89.51028,40.88943],[-89.5016,40.88585],[-89.49835,40.893]]]},"properties":{"GEOID":"1714117","NAME":"Chillicothe","NAMELSAD":"Chillicothe city","ALAND":13659768,"AWATER":682376}},
{"type":"Feature","geometry":{"type":"Polygon","coordinates":[[[-89.76731,40.93761],[-89.76732,40.92302],[-89.7453,40.92288],[-89.74528,40.9519],[-89.75467,40.95188],[-89.75978,40.93749],[-89.76731,40.93761]]]},"properties":{"GEOID":"1761925","NAME":"Princeville","NAMELSAD":"Princeville village","ALAND":4388298,"AWATER":0}},
{"type":"Feature","geometry":{"type":"Polygon","coordinates":[[[-89.27778,38.92368],[-89.27524,38.91728],[-89.25671,38.9174],[-89.25689,38.93188],[-89.27535,38.93176],[-89.27778,38.92368]]]},"properties":{"GEOID":"1751284","NAME":"Mulberry Grove","NAMELSAD":"Mulberry Grove village","ALAND":2631048,"AWATER":24323}},
{"type":"Feature","geometry":{"type":"Polygon","coordinates":[[[-89.52939,39.02821],[-89.52948,39.02233],[-89.52486,39.02093],[-89.52125,39.0262],[-89.52939,39.02821]]]},"properties":{"GEOID":"1757498","NAME":"Panama","NAMELSAD":"Panama village","ALAND":944947,"AWATER":4174}},
{"type":"Feature","geometry":{"type":"Polygon","coordinates":[[[-89.34705,38.90231],[-89.34998,38.89408],[-89.3499,38.88745],[-89.33121,38.88746],[-89.3314,38.90243],[-89.34705,38.90231]]]},"properties":{"GEOID":"1770213","NAME":"Smithboro","NAMELSAD":"Smithboro village","ALAND":2412852,"AWATER":0}},
{"type":"Feature","geometry":{"type":"MultiPolygon","coordinates":[[[[-89.4872,41.81111],[-89.4871,41.80212],[-89.47735,41.80161],[-89.47742,41.80884],[-89.45336,41.80883],[-89.45347,41.82333],[-89.47484,41.81782],[-89.4872,41.81111]]],[[[-89.51532,41.85187],[-89.514,41.84469],[-89.50102,41.84257],[-89.51423,41.83139],[-89.4914,41.82884],[-89.49214,41.8162],[-89.48163,41.81611],[-89.46459,41.82334],[-89.4632,41.83023],[-89.43893,41.83055],[-89.439,41.83771],[-89.45322,41.83779],[-89.46545,41.84834],[-89.46776,41.86192],[-89.45482,41.86643],[-89.46072,41.87721],[-89.47629,41.8843],[-89.48601,41.88081],[-89.48657,41.86639],[-89.50585,41.86602],[-89.50088,41.85921],[-89.50413,41.84814],[-89.51532,41.85187]]]]},"properties":{"GEOID":"1720162","NAME":"Dixon","NAMELSAD":"Dixon city","ALAND":24548661,"AWATER":803505}},
{"type":"Feature","geometry":{"type":"Polygon","coordinates":[[[-89.15061,41.69899],[-89.15023,41.69127],[-89.14428,41.69097],[-89.1444,41.69503],[-89.14874,41.69504],[-89.15061,41.69899]]]},"properties":{"GEOID":"1780008","NAME":"West Brooklyn","NAMELSAD":"West Brooklyn village","ALAND":242192,"AWATER":0}},
{"type":"Feature","geometry":{"type":"Polygon","coordinates":[[[-89.22158,40.27049],[-89.24112,40.27043],[-89.24317,40.25898],[-89.2354,40.25222],[-89.22399,40.2523],[-89.22425,40.26695],[-89.22158,40.27049]]]},"properties":{"GEOID":"1702752","NAME":"Atlanta","NAMELSAD":"Atlanta city","ALAND":3235467,"AWATER":19901}},
{"type":"Feature","geometry":{"type":"Polygon","coordinates":[[[-89.29498,40.00695],[-89.29191,40.00075],[-89.27743,40.00431],[-89.27508,40.01881],[-89.29179,40.01895],[-89.29498,40.00695]]]},"properties":{"GEOID":"1751128","NAME":"Mount Pulaski","NAMELSAD":"Mount Pulaski city","ALAND":2937034,"AWATER":0}},
{"type":"Feature","geometry":{"type":"Polygon","coordinates":[[[-88.32675,39.6081],[-88.32674,39.60092],[-88.31257,39.60106],[-88.31268,39.60833],[-88.32675,39.6081]]]},"properties":{"GEOID":"1736542","NAME":"Humboldt","NAMELSAD":"Humboldt village","ALAND":889461,"AWATER":0}},
{"type":"Feature","geometry":{"type":"Polygon","coordinates":[[[-90.20826,41.3099],[-90.19904,41.29582],[-90.19907,41.28824],[-90.17513,41.28815],[-90.17539,41.29909],[-90.18471,41.30317],[-90.18464,41.31044],[-90.20826,41.3099]]]},"properties":{"GEOID":"1710643","NAME":"Cambridge","NAMELSAD":"Cambridge village","ALAND":5157850,"AWATER":36704}},
{"type":"Feature","geometry":{"type":"Polygon","coordinates":[[[-90.47643,41.45363],[-90.47839,41.4531],[-90.47046,41.44595],[-90.47066,41.42354],[-90.44559,41.43027],[-90.44553,41.43484],[-90.42377,41.43454],[-90.41693,41.43694],[-90.41522,41.44962],[-90.42373,41.44624],[-90.42486,41.43538],[-90.43217,41.43553],[-90.43378,41.4448],[-90.4418,41.44684],[-90.4418,41.44284],[-90.45144,41.4393],[-90.44997,41.44755],[-90.44306,41.45009],[-90.44305,41.45263],[-90.44723,41.45237],[-90.47643,41.45363]]]},"properties":{"GEOID":"1715235","NAME":"Coal Valley","NAMELSAD":"Coal Valley village","ALAND":8200605,"AWATER":0}},
{"type":"Feature","geometry":{"type":"Polygon","coordinates":[[[-90.39117,41.3549],[-90.3912,41.3477],[-90.36309,41.34724],[-90.36165,41.35439],[-90.38163,41.35609],[-90.39117,41.3549]]]},"properties":{"GEOID":"1756601","NAME":"Orion","NAMELSAD":"Orion village","ALAND":2421093,"AWATER":0}},
{"type":"Feature","geometry":{"type":"Polygon","coordinates":[[[-90.3418,41.18095],[-90.33268,41.17299],[-90.31345,41.17345],[-90.31046,41.18307],[-90.33215,41.18392],[-90.3418,41.18095]]]},"properties":{"GEOID":"1783063","NAME":"Woodhull","NAMELSAD":"Woodhull village","ALAND":2273763,"AWATER":0}},
{"type":"Feature","geometry":{"type":"Polygon","coordinates":[[[-88.91765,38.15403],[-88.91744,38.14203],[-88.90403,38.1403],[-88.90408,38.13306],[-88.91223,38.13297],[-88.91214,38.1257],[-88.90412,38.12581],[-88.9038,38.1403],[-88.89008,38.1405],[-88.88974,38.1588],[-88.90388,38.16031],[-88.91765,38.15403]]]},"properties":{"GEOID":"1737179","NAME":"Ina","NAMELSAD":"Ina village","ALAND":6231243,"AWATER":0}},
{"type":"Feature","geometry":{"type":"Polygon","coordinates":[[[-90.10396,42.50793],[-90.10015,42.49587],[-90.08532,42.49577],[-90.08563,42.5082],[-90.10396,42.50793]]]},"properties":{"GEOID":"1701673","NAME":"Apple River","NAMELSAD":"Apple River village","ALAND":1824812,"AWATER":0}},
{"type":"Feature","geometry":{"type":"Polygon","coordinates":[[[-90.6499,42.4918],[-90.64872,42.48412],[-90.63311,42.4841],[-90.62153,42.4786],[-90.61482,42.49168],[-90.62494,42.49156],[-90.62494,42.49895],[-90.61489,42.5063],[-90.63474,42.50626],[-90.63903,42.50842],[-90.6499,42.4918]]]},"properties":{"GEOID":"1721683","NAME":"East Dubuque","NAMELSAD":"East Dubuque city","ALAND":7439706,"AWATER":187537}},
{"type":"Feature","geometry":{"type":"MultiPolygon","coordinates":[[[[-87.87655,42.16773],[-87.88365,42.16167],[-87.87546,42.16185],[-87.87238,42.15073],[-87.83968,42.14921],[-87.82442,42.15269],[-87.82108,42.15254],[-87.82325,42.1687],[-87.84339,42.18134],[-87.85206,42.18912],[-87.85688,42.18185],[-87.86829,42.18196],[-87.87428,42.17837],[-87.87655,42.16773]]],[[[-87.88403,42.15752],[-87.88348,42.15295],[-87.876,42.15295],[-87.88403,42.15752]]]]},"properties":{"GEOID":"1718992","NAME":"Deerfield","NAMELSAD":"Deerfield village","ALAND":14344988,"AWATER":56946}},
{"type":"Feature","geometry":{"type":"MultiPolygon","coordinates":[[[[-88.07147,42.17201],[-88.07251,42.16838],[-88.06765,42.16837],[-88.07147,42.17201]]],[[[-88.1164,42.18116],[-88.12604,42.16871],[-88.12129,42.16672],[-88.11336,42.17321],[-88.10169,42.17311],[-88.10178,42.16132],[-88.10192,42.15406],[-88.06283,42.15386],[-88.06288,42.15211],[-88.03857,42.15376],[-88.04198,42.15642],[-88.06016,42.16537],[-88.06037,42.16545],[-88.07252,42.16656],[-88.07251,42.16838],[-88.08235,42.16882],[-88.08235,42.17022],[-88.08715,42.1757],[-88.0878,42.17571],[-88.09207,42.18302],[-88.10165,42.18306],[-88.10167,42.17583],[-88.11075,42.17589],[-88.11384,42.18452],[-88.1164,42.18116]]]]},"properties":{"GEOID":"1719083","NAME":"Deer Park","NAMELSAD":"Deer Park village","ALAND":9511008,"AWATER":260406}},
{"type":"Feature","geometry":{"type":"MultiPolygon","coordinates":[[[[-89.37262,41.74398],[-89.36234,41.73637],[-89.3621,41.74396],[-89.37262,41.74398]]],[[[-89.37262,41.74398],[-89.39169,41.75792],[-89.40035,41.75092],[-89.40956,41.75093],[-89.40969,41.73857],[-89.41766,41.73135],[-89.40527,41.72898],[-89.40545,41.71891],[-89.39648,41.71503],[-89.35813,41.71488],[-89.34479,41.715],[-89.34389,41.70712],[-89.32466,41.70794],[-89.32449,41.72217],[-89.31963,41.72211],[-89.31945,41.73652],[-89.33879,41.72943],[-89.34328,41.72222],[-89.3556,41.72227],[-89.35545,41.72949],[-89.37688,41.72657],[-89.38741,41.72743],[-89.39154,41.71869],[-89.40055,41.72857],[-89.40036,41.74963],[-89.37656,41.73844],[-89.37262,41.74398]]]]},"properties":{"GEOID":"1701270","NAME":"Amboy","NAMELSAD":"Amboy city","ALAND":15587236,"AWATER":0}},
{"type":"Feature","geometry":{"type":"Polygon","coordinates":[[[-88.00414,41.90567],[-87.99823,41.90426],[-87.99852,41.89247],[-87.98883,41.88899],[-87.98706,41.86779],[-87.98528,41.85829],[-87.97781,41.85825],[-87.96486,41.86089],[-87.96104,41.86826],[-87.95944,41.88582],[-87.96573,41.89785],[-87.96821,41.90615],[-87.96636,41.91182],[-87.96766,41.91179],[-87.96893,41.91296],[-87.96925,41.91698],[-87.9729,41.91729],[-87.97362,41.90745],[-87.9834,41.90845],[-87.99156,41.9072],[-87.99905,41.905],[-88.00414,41.90567]]]},"properties":{"GEOID":"1777993","NAME":"Villa Park","NAMELSAD":"Villa Park village","ALAND":12229204,"AWATER":116069}},
{"type":"Feature","geometry":{"type":"Polygon","coordinates":[[[-88.21138,41.85039],[-88.21427,41.82072],[-88.21392,41.81039],[-88.19047,41.81294],[-88.18673,41.80566],[-88.1763,41.79997],[-88.15711,41.79921],[-88.15704,41.80582],[-88.15703,41.80673],[-88.15086,41.81382],[-88.16206,41.81903],[-88.16598,41.82787],[-88.1894,41.82933],[-88.19508,41.83933],[-88.20225,41.83924],[-88.2051,41.85054],[-88.21138,41.85039]]]},"properties":{"GEOID":"1778929","NAME":"Warrenville","NAMELSAD":"Warrenville city","ALAND":14059392,"AWATER":398319}},
{"type":"Feature","geometry":{"type":"MultiPolygon","coordinates":[[[[-88.19674,41.91339],[-88.19688,41.90734],[-88.18466,41.90514],[-88.17608,41.91068],[-88.19674,41.91339]]],[[[-88.23756,41.93601],[-88.26268,41.93703],[-88.26258,41.92841],[-88.25137,41.92492],[-88.2495,41.92238],[-88.24992,41.91562],[-88.26253,41.91662],[-88.2625,41.91115],[-88.2625,41.91088],[-88.26243,41.90375],[-88.26242,41.89753],[-88.26245,41.89217],[-88.26245,41.892],[-88.26248,41.88493],[-88.26249,41.88289],[-88.26249,41.88251],[-88.26255,41.87115],[-88.25978,41.86294],[-88.2339,41.87059],[-88.22391,41.87066],[-88.21914,41.86425],[-88.20467,41.86444],[-88.1971,41.85841],[-88.19467,41.87719],[-88.18461,41.8771],[-88.18886,41.88674],[-88.18454,41.89222],[-88.18478,41.90474],[-88.20409,41.90682],[-88.20388,41.92175],[-88.19515,41.92202],[-88.18827,41.9269],[-88.19018,41.93726],[-88.20887,41.93288],[-88.20884,41.92142],[-88.22639,41.92158],[-88.23419,41.91934],[-88.23756,41.93601]],[[-88.20425,41.89648],[-88.18999,41.90011],[-88.18974,41.89216],[-88.20425,41.89648]]]]},"properties":{"GEOID":"1780060","NAME":"West Chicago","NAMELSAD":"West Chicago city","ALAND":40096769,"AWATER":788530}},
{"type":"Feature","geometry":{"type":"Polygon","coordinates":[[[-87.9638,41.78025],[-87.96354,41.77076],[-87.96103,41.76851],[-87.94525,41.76696],[-87.94491,41.75323],[-87.95929,41.75216],[-87.95904,41.74488],[-87.94158,41.74295],[-87.93423,41.74943],[-87.93326,41.75263],[-87.93506,41.755],[-87.93524,41.75984],[-87.9354,41.76437],[-87.9235,41.76905],[-87.92614,41.77468],[-87.93578,41.77444],[-87.94645,41.77436],[-87.94666,41.78161],[-87.94947,41.78155],[-87.95052,41.78326],[-87.95297,41.78321],[-87.95911,41.78314],[-87.96021,41.78313],[-87.96178,41.78121],[-87.9621,41.7812],[-87.96324,41.78105],[-87.9638,41.78025]]]},"properties":{"GEOID":"1781919","NAME":"Willowbrook","NAMELSAD":"Willowbrook village","ALAND":6669810,"AWATER":140695}},
{"type":"Feature","geometry":{"type":"Polygon","coordinates":[[[-88.83208,39.98533],[-88.81613,39.97838],[-88.81245,39.98683],[-88.8248,39.98984],[-88.83208,39.98533]]]},"properties":{"GEOID":"1701972","NAME":"Argenta","NAMELSAD":"Argenta village","ALAND":1690950,"AWATER":0}},
{"type":"Feature","geometry":{"type":"Polygon","coordinates":[[[-88.60379,39.10623],[-88.60004,39.10984],[-88.57673,39.10886],[-88.57045,39.10233],[-88.56114,39.10225],[-88.5618,39.09133],[-88.54787,39.08873],[-88.55969,39.07285],[-88.54523,39.07059],[-88.54469,39.08704],[-88.52564,39.11462],[-88.52813,39.12374],[-88.52802,39.13758],[-88.51448,39.141],[-88.51246,39.15033],[-88.54201,39.14728],[-88.55135,39.14929],[-88.57276,39.14787],[-88.57636,39.13793],[-88.5767,39.1142],[-88.58631,39.11069],[-88.60121,39.11056],[-88.60379,39.10623]]]},"properties":{"GEOID":"1722736","NAME":"Effingham","NAMELSAD":"Effingham city","ALAND":28203531,"AWATER":180940}},
{"type":"Feature","geometry":{"type":"Polygon","coordinates":[[[-88.50356,39.129],[-88.49999,39.12576],[-88.4861,39.12835],[-88.47217,39.1258],[-88.46504,39.13407],[-88.46964,39.14028],[-88.48573,39.1403],[-88.49878,39.13705],[-88.50356,39.129]]]},"properties":{"GEOID":"1774743","NAME":"Teutopolis","NAMELSAD":"Teutopolis village","ALAND":5290739,"AWATER":0}},
{"type":"Feature","geometry":{"type":"Polygon","coordinates":[[[-87.88029,39.79979],[-87.87464,39.79254],[-87.8613,39.79259],[-87.86123,39.80142],[-87.88029,39.79979]]]},"properties":{"GEOID":"1736568","NAME":"Hume","NAMELSAD":"Hume village","ALAND":1465186,"AWATER":0}},
{"type":"Feature","geometry":{"type":"Polygon","coordinates":[[[-88.40368,40.47153],[-88.40374,40.46452],[-88.38005,40.46445],[-88.37538,40.44959],[-88.36594,40.44955],[-88.36578,40.48241],[-88.37534,40.48242],[-88.38075,40.47146],[-88.40368,40.47153]]]},"properties":{"GEOID":"1729125","NAME":"Gibson City","NAMELSAD":"Gibson City city","ALAND":6011416,"AWATER":93121}},
{"type":"Feature","geometry":{"type":"Polygon","coordinates":[[[-88.19132,40.61832],[-88.19096,40.60733],[-88.17567,40.61137],[-88.17691,40.61862],[-88.19132,40.61832]]]},"properties":{"GEOID":"1764655","NAME":"Roberts","NAMELSAD":"Roberts village","ALAND":1246486,"AWATER":0}},
{"type":"Feature","geometry":{"type":"Polygon","coordinates":[[[-89.02593,37.98701],[-89.02576,37.97561],[-89.00706,37.97568],[-89.00695,37.98674],[-89.02593,37.98701]]]},"properties":{"GEOID":"1709330","NAME":"Buckner","NAMELSAD":"Buckner village","ALAND":2257973,"AWATER":53574}},
{"type":"Feature","geometry":{"type":"Polygon","coordinates":[[[-89.12997,39.6963],[-89.11951,39.6935],[-89.11196,39.70285],[-89.12608,39.7036],[-89.12997,39.6963]]]},"properties":{"GEOID":"1706756","NAME":"Blue Mound","NAMELSAD":"Blue Mound village","ALAND":1515588,"AWATER":0}},
{"type":"Feature","geometry":{"type":"Polygon","coordinates":[[[-89.07248,37.9797],[-89.06322,37.97596],[-89.06072,37.96477],[-89.05423,37.95914],[-89.03969,37.96457],[-89.04011,37.97566],[-89.05119,37.98121],[-89.05837,37.98064],[-89.06914,37.97957],[-89.07248,37.9797]]]},"properties":{"GEOID":"1714286","NAME":"Christopher","NAMELSAD":"Christopher city","ALAND":4199817,"AWATER":39870}},
{"type":"Feature","geometry":{"type":"Polygon","coordinates":[[[-89.05119,37.98121],[-89.05011,37.99865],[-89.05354,38.00319],[-89.07676,38.00163],[-89.07687,37.98138],[-89.07248,37.9797],[-89.06914,37.97957],[-89.05837,37.98064],[-89.05119,37.98121]]]},"properties":{"GEOID":"1753585","NAME":"North City","NAMELSAD":"North City village","ALAND":5611684,"AWATER":145957}},
{"type":"Feature","geometry":{"type":"Polygon","coordinates":[[[-88.08017,38.37756],[-88.07559,38.37107],[-88.06397,38.36914],[-88.04821,38.37143],[-88.04818,38.38623],[-88.07544,38.38231],[-88.08017,38.37756]]]},"properties":{"GEOID":"1700568","NAME":"Albion","NAMELSAD":"Albion city","ALAND":5531613,"AWATER":118661}},
{"type":"Feature","geometry":{"type":"Polygon","coordinates":[[[-88.00486,38.44972],[-88.00494,38.43864],[-87.99536,38.43867],[-87.99021,38.44965],[-88.00486,38.44972]]]},"properties":{"GEOID":"1707224","NAME":"Bone Gap","NAMELSAD":"Bone Gap village","ALAND":1509741,"AWATER":0}},
{"type":"Feature","geometry":{"type":"Polygon","coordinates":[[[-88.14258,37.70035],[-88.14758,37.69428],[-88.13785,37.68907],[-88.13009,37.70021],[-88.1386,37.70508],[-88.14258,37.70035]]]},"properties":{"GEOID":"1755756","NAME":"Old Shawneetown","NAMELSAD":"Old Shawneetown village","ALAND":1321472,"AWATER":0}},
{"type":"Feature","geometry":{"type":"Polygon","coordinates":[[[-90.55724,39.28414],[-90.55132,39.28504],[-90.54969,39.2883],[-90.55722,39.2893],[-90.55724,39.28414]]]},"properties":{"GEOID":"1723022","NAME":"Eldred","NAMELSAD":"Eldred village","ALAND":346376,"AWATER":0}},
{"type":"Feature","geometry":{"type":"Polygon","coordinates":[[[-90.15685,38.92987],[-90.17971,38.93118],[-90.18139,38.92212],[-90.20332,38.92162],[-90.20115,38.90776],[-90.20922,38.89699],[-90.19761,38.88765],[-90.18691,38.88505],[-90.16641,38.87635],[-90.15151,38.86715],[-90.13885,38.86493],[-90.14905,38.87141],[-90.15614,38.8757],[-90.15624,38.88323],[-90.14218,38.87859],[-90.13305,38.87602],[-90.12726,38.87401],[-90.11843,38.88921],[-90.11744,38.89001],[-90.11237,38.89866],[-90.10144,38.89737],[-90.10146,38.90851],[-90.08827,38.90839],[-90.09063,38.92131],[-90.10357,38.91947],[-90.10408,38.92651],[-90.12324,38.92667],[-90.1201,38.9126],[-90.13745,38.91802],[-90.14227,38.93],[-90.14713,38.92624],[-90.15685,38.92987]]]},"properties":{"GEOID":"1701114","NAME":"Alton","NAMELSAD":"Alton city","ALAND":40586908,"AWATER":3313256}},
{"type":"Feature","geometry":{"type":"MultiPolygon","coordinates":[[[[-90.03871,38.76031],[-90.02711,38.75697],[-90.02714,38.76021],[-90.03871,38.76031]]],[[[-90.03878,38.75623],[-90.03811,38.74048],[-90.02481,38.737],[-89.98507,38.74502],[-89.97938,38.74077],[-89.9793,38.74182],[-89.97497,38.74505],[-89.96608,38.74502],[-89.96383,38.745],[-89.96232,38.745],[-89.95187,38.74313],[-89.94422,38.74205],[-89.94305,38.74203],[-89.94049,38.74208],[-89.93786,38.74157],[-89.93327,38.75283],[-89.94919,38.75413],[-89.95492,38.75965],[-89.92798,38.76828],[-89.94226,38.77408],[-89.94538,38.77412],[-89.95195,38.78057],[-89.95701,38.78568],[-89.95309,38.78145],[-89.96392,38.78164],[-89.96703,38.77803],[-89.97081,38.78162],[-89.99202,38.77516],[-90.00363,38.76575],[-90.00289,38.76121],[-90.02121,38.75916],[-90.02123,38.75666],[-90.0271,38.75622],[-90.03878,38.75623]]]]},"properties":{"GEOID":"1729639","NAME":"Glen Carbon","NAMELSAD":"Glen Carbon village","ALAND":26754066,"AWATER":301745}},
{"type":"Feature","geometry":{"type":"Polygon","coordinates":[[[-89.6656,38.82041],[-89.66302,38.83361],[-89.67604,38.83342],[-89.67382,38.82899],[-89.66741,38.82952],[-89.66597,38.82116],[-89.6656,38.82041]]]},"properties":{"GEOID":"1730978","NAME":"Grantfork","NAMELSAD":"Grantfork village","ALAND":952849,"AWATER":20454}},
{"type":"Feature","geometry":{"type":"Polygon","coordinates":[[[-88.88054,42.36615],[-88.88093,42.37815],[-88.89552,42.37803],[-88.89552,42.3721],[-88.91036,42.37058],[-88.91043,42.3629],[-88.88051,42.3632],[-88.88051,42.36362],[-88.88054,42.36615]]]},"properties":{"GEOID":"1710422","NAME":"Caledonia","NAMELSAD":"Caledonia village","ALAND":2680147,"AWATER":0}},
{"type":"Feature","geometry":{"type":"Polygon","coordinates":[[[-90.11875,38.79819],[-90.11986,38.79543],[-90.10963,38.79504],[-90.10345,38.79894],[-90.10208,38.79509],[-90.09527,38.79157],[-90.08578,38.79109],[-90.08452,38.78405],[-90.08609,38.8045],[-90.07654,38.80378],[-90.06706,38.80656],[-90.06708,38.8075],[-90.06729,38.82394],[-90.07343,38.82105],[-90.08632,38.8213],[-90.09003,38.82626],[-90.09033,38.82792],[-90.08635,38.8283],[-90.08551,38.83344],[-90.07168,38.83334],[-90.08065,38.84475],[-90.10561,38.84525],[-90.10508,38.83775],[-90.10927,38.82108],[-90.09935,38.82113],[-90.10157,38.80659],[-90.11359,38.80623],[-90.11875,38.79819]]]},"properties":{"GEOID":"1733279","NAME":"Hartford","NAMELSAD":"Hartford village","ALAND":13471654,"AWATER":698196}},
{"type":"Feature","geometry":{"type":"Polygon","coordinates":[[[-88.96993,40.23163],[-88.96629,40.2278],[-88.9654,40.21372],[-88.95573,40.2139],[-88.95686,40.22876],[-88.96993,40.23163]]]},"properties":{"GEOID":"1778773","NAME":"Wapella","NAMELSAD":"Wapella village","ALAND":1453289,"AWATER":0}},
{"type":"Feature","geometry":{"type":"Polygon","coordinates":[[[-88.75462,40.12456],[-88.75468,40.11719],[-88.74524,40.119],[-88.74788,40.12451],[-88.75462,40.12456]]]},"properties":{"GEOID":"1779683","NAME":"Weldon","NAMELSAD":"Weldon village","ALAND":691392,"AWATER":0}},
{"type":"Feature","geometry":{"type":"Polygon","coordinates":[[[-87.89739,41.88489],[-87.89176,41.88038],[-87.88328,41.88252],[-87.88282,41.87089],[-87.86811,41.87104],[-87.86316,41.87118],[-87.85889,41.87128],[-87.85976,41.8907],[-87.86401,41.89292],[-87.89551,41.89265],[-87.89739,41.88489]]]},"properties":{"GEOID":"1704975","NAME":"Bellwood","NAMELSAD":"Bellwood village","ALAND":6211148,"AWATER":0}},
{"type":"Feature","geometry":{"type":"Polygon","coordinates":[[[-87.69508,41.66976],[-87.69491,41.66337],[-87.70809,41.66226],[-87.70453,41.66071],[-87.69961,41.65858],[-87.69197,41.65078],[-87.69861,41.63324],[-87.69859,41.6328],[-87.6889,41.63296],[-87.68921,41.6407],[-87.6795,41.64087],[-87.6628,41.64076],[-87.66959,41.64824],[-87.65156,41.65543],[-87.65056,41.65577],[-87.66062,41.65544],[-87.67059,41.66277],[-87.66715,41.67583],[-87.68636,41.67721],[-87.69535,41.67705],[-87.69508,41.66976]]]},"properties":{"GEOID":"1706704","NAME":"Blue Island","NAMELSAD":"Blue Island city","ALAND":10544392,"AWATER":223343}},
{"type":"Feature","geometry":{"type":"Polygon","coordinates":[[[-87.79487,41.75178],[-87.79981,41.75051],[-87.7992,41.73532],[-87.79463,41.73357],[-87.74107,41.73452],[-87.7416,41.75649],[-87.78075,41.75544],[-87.79487,41.75178]]]},"properties":{"GEOID":"1709642","NAME":"Burbank","NAMELSAD":"Burbank city","ALAND":10828463,"AWATER":0}},
{"type":"Feature","geometry":{"type":"Polygon","coordinates":[[[-87.66715,41.67583],[-87.67059,41.66277],[-87.66062,41.65544],[-87.65056,41.65577],[-87.647,41.65698],[-87.6472,41.66316],[-87.64155,41.66689],[-87.64167,41.67054],[-87.66115,41.67033],[-87.66715,41.67583]]]},"properties":{"GEOID":"1710513","NAME":"Calumet Park","NAMELSAD":"Calumet Park village","ALAND":2893479,"AWATER":92477}},
{"type":"Feature","geometry":{"type":"Polygon","coordinates":[[[-87.79851,41.71724],[-87.79805,41.70441],[-87.79786,41.69993],[-87.77911,41.69768],[-87.77344,41.69035],[-87.75937,41.69042],[-87.75965,41.70157],[-87.76705,41.70509],[-87.76741,41.71227],[-87.77935,41.70865],[-87.77999,41.72034],[-87.78955,41.71576],[-87.79851,41.71724]]]},"properties":{"GEOID":"1714065","NAME":"Chicago Ridge","NAMELSAD":"Chicago Ridge village","ALAND":5873964,"AWATER":0}},
{"type":"Feature","geometry":{"type":"Polygon","coordinates":[[[-87.742,41.57513],[-87.74735,41.5629],[-87.74353,41.56062],[-87.74305,41.54254],[-87.71896,41.54253],[-87.71334,41.53606],[-87.71338,41.53929],[-87.71338,41.54165],[-87.71347,41.54975],[-87.71192,41.55713],[-87.70443,41.56444],[-87.70659,41.58621],[-87.71595,41.58619],[-87.72922,41.58645],[-87.73559,41.58031],[-87.73792,41.57886],[-87.73877,41.57802],[-87.74147,41.57587],[-87.742,41.57513]]]},"properties":{"GEOID":"1716691","NAME":"Country Club Hills","NAMELSAD":"Country Club Hills city","ALAND":12872726,"AWATER":43099}},
{"type":"Feature","geometry":{"type":"Polygon","coordinates":[[[-89.77785,38.72148],[-89.77417,38.71048],[-89.76138,38.713],[-89.76152,38.72709],[-89.76852,38.72859],[-89.77785,38.72148]]]},"properties":{"GEOID":"1766859","NAME":"St. Jacob","NAMELSAD":"St. Jacob village","ALAND":2198498,"AWATER":18569}},
{"type":"Feature","geometry":{"type":"Polygon","coordinates":[[[-90.07654,38.80378],[-90.06892,38.79833],[-90.06699,38.78937],[-90.05755,38.78676],[-90.0576,38.80141],[-90.05229,38.80557],[-90.05781,38.819],[-90.05256,38.8299],[-90.06934,38.83333],[-90.06751,38.82763],[-90.06729,38.82394],[-90.06708,38.8075],[-90.06706,38.80656],[-90.07654,38.80378]]]},"properties":{"GEOID":"1771240","NAME":"South Roxana","NAMELSAD":"South Roxana village","ALAND":5588027,"AWATER":263553}},
{"type":"Feature","geometry":{"type":"Polygon","coordinates":[[[-87.96573,41.89785],[-87.95944,41.88582],[-87.96104,41.86826],[-87.95834,41.86115],[-87.94862,41.86103],[-87.93864,41.86096],[-87.93199,41.86899],[-87.919,41.87348],[-87.92056,41.8997],[-87.92036,41.91742],[-87.92033,41.92496],[-87.92029,41.9313],[-87.92539,41.93145],[-87.93652,41.93156],[-87.95375,41.93073],[-87.96679,41.93008],[-87.96655,41.92421],[-87.96649,41.9224],[-87.96636,41.91182],[-87.96821,41.90615],[-87.96573,41.89785]]]},"properties":{"GEOID":"1723620","NAME":"Elmhurst","NAMELSAD":"Elmhurst city","ALAND":26465545,"AWATER":154717}},
{"type":"Feature","geometry":{"type":"Polygon","coordinates":[[[-87.73242,42.06467],[-87.72747,42.05526],[-87.70886,42.05243],[-87.7099,42.03369],[-87.70866,42.01914],[-87.67331,42.01939],[-87.66615,42.02313],[-87.67316,42.04798],[-87.67146,42.05833],[-87.67984,42.07171],[-87.68923,42.06877],[-87.72904,42.06914],[-87.73242,42.06467]]]},"properties":{"GEOID":"1724582","NAME":"Evanston","NAMELSAD":"Evanston city","ALAND":20148775,"AWATER":57390}},
{"type":"Feature","geometry":{"type":"MultiPolygon","coordinates":[[[[-87.58728,41.52401],[-87.58893,41.52091],[-87.58753,41.52072],[-87.5828,41.52081],[-87.58183,41.52301],[-87.58728,41.52401]]],[[[-87.63171,41.56027],[-87.64094,41.55737],[-87.63604,41.54964],[-87.637,41.53878],[-87.63594,41.53742],[-87.63092,41.53528],[-87.62386,41.54247],[-87.61178,41.54256],[-87.61633,41.53204],[-87.61125,41.52806],[-87.60677,41.52476],[-87.60191,41.52469],[-87.59726,41.52455],[-87.59701,41.52458],[-87.5873,41.52472],[-87.58245,41.52852],[-87.58248,41.53099],[-87.58315,41.53889],[-87.59732,41.54263],[-87.59739,41.54992],[-87.62644,41.54974],[-87.62655,41.55743],[-87.62666,41.56029],[-87.63171,41.56027]]]]},"properties":{"GEOID":"1730029","NAME":"Glenwood","NAMELSAD":"Glenwood village","ALAND":8504335,"AWATER":0}},
{"type":"Feature","geometry":{"type":"Polygon","coordinates":[[[-87.81841,41.97062],[-87.81946,41.96335],[-87.8072,41.96283],[-87.8013,41.95672],[-87.7868,41.96022],[-87.78677,41.96843],[-87.80716,41.96827],[-87.81841,41.97062]]]},"properties":{"GEOID":"1733435","NAME":"Harwood Heights","NAMELSAD":"Harwood Heights village","ALAND":2136262,"AWATER":0}},
{"type":"Feature","geometry":{"type":"Polygon","coordinates":[[[-87.95257,41.81776],[-87.94687,41.81073],[-87.9469,41.78861],[-87.9363,41.78775],[-87.93603,41.7808],[-87.91193,41.78013],[-87.90412,41.76655],[-87.90699,41.77497],[-87.90856,41.79707],[-87.91363,41.81864],[-87.91861,41.82578],[-87.92557,41.81837],[-87.95257,41.81776]]]},"properties":{"GEOID":"1735307","NAME":"Hinsdale","NAMELSAD":"Hinsdale village","ALAND":11973851,"AWATER":99296}},
{"type":"Feature","geometry":{"type":"Polygon","coordinates":[[[-89.92871,38.71953],[-89.9287,38.71366],[-89.92146,38.71261],[-89.91386,38.70672],[-89.91388,38.70005],[-89.90437,38.69797],[-89.90432,38.71747],[-89.89944,38.72848],[-89.88514,38.72294],[-89.89005,38.70965],[-89.86667,38.7095],[-89.8724,38.72364],[-89.86148,38.72752],[-89.8839,38.74773],[-89.89305,38.74791],[-89.90037,38.73574],[-89.9083,38.73583],[-89.90849,38.74691],[-89.92823,38.74501],[-89.92871,38.72316],[-89.92871,38.71953]],[[-89.92817,38.71459],[-89.92819,38.72479],[-89.91626,38.72113],[-89.92817,38.71459]]]},"properties":{"GEOID":"1776199","NAME":"Troy","NAMELSAD":"Troy city","ALAND":16158599,"AWATER":130666}},
{"type":"Feature","geometry":{"type":"Polygon","coordinates":[[[-87.66548,41.57181],[-87.67987,41.57177],[-87.68501,41.5643],[-87.69901,41.55716],[-87.69853,41.54983],[-87.67481,41.55173],[-87.665,41.54612],[-87.65064,41.54427],[-87.64925,41.53876],[-87.64072,41.53876],[-87.637,41.53878],[-87.63604,41.54964],[-87.64094,41.55737],[-87.63171,41.56027],[-87.6317,41.56054],[-87.63144,41.56472],[-87.63144,41.56824],[-87.63486,41.57715],[-87.64125,41.57187],[-87.66548,41.57181]]]},"properties":{"GEOID":"1735879","NAME":"Homewood","NAMELSAD":"Homewood village","ALAND":12967123,"AWATER":122555}},
{"type":"Feature","geometry":{"type":"Polygon","coordinates":[[[-87.72602,42.09181],[-87.72451,42.08783],[-87.7226,42.08272],[-87.70222,42.0895],[-87.71094,42.09532],[-87.72602,42.09181]]]},"properties":{"GEOID":"1739519","NAME":"Kenilworth","NAMELSAD":"Kenilworth village","ALAND":1573272,"AWATER":0}},
{"type":"Feature","geometry":{"type":"Polygon","coordinates":[[[-87.88943,41.81923],[-87.88834,41.79432],[-87.8833,41.79017],[-87.8748,41.79035],[-87.85919,41.7984],[-87.85946,41.80528],[-87.86098,41.82003],[-87.88943,41.81923]]]},"properties":{"GEOID":"1740767","NAME":"La Grange","NAMELSAD":"La Grange village","ALAND":6539261,"AWATER":0}},
{"type":"Feature","geometry":{"type":"Polygon","coordinates":[[[-87.58753,41.52072],[-87.58749,41.51876],[-87.58512,41.51778],[-87.57782,41.52402],[-87.5729,41.52411],[-87.57069,41.51356],[-87.55333,41.51385],[-87.54261,41.51918],[-87.54368,41.50258],[-87.53036,41.49793],[-87.52561,41.51744],[-87.52931,41.52832],[-87.53687,41.5283],[-87.5392,41.54136],[-87.55041,41.54278],[-87.56946,41.54274],[-87.58315,41.53889],[-87.58248,41.53099],[-87.58245,41.52852],[-87.5873,41.52472],[-87.58728,41.52401],[-87.58183,41.52301],[-87.5828,41.52081],[-87.58753,41.52072]]]},"properties":{"GEOID":"1745421","NAME":"Lynwood","NAMELSAD":"Lynwood village","ALAND":13307191,"AWATER":233106}},
{"type":"Feature","geometry":{"type":"Polygon","coordinates":[[[-87.75227,41.63429],[-87.75391,41.62783],[-87.74878,41.62504],[-87.74701,41.62506],[-87.74051,41.62334],[-87.73717,41.62197],[-87.73714,41.6211],[-87.73341,41.61885],[-87.72815,41.61533],[-87.7174,41.61823],[-87.71712,41.61095],[-87.70744,41.61112],[-87.70787,41.62206],[-87.69818,41.62226],[-87.69851,41.63084],[-87.69859,41.6328],[-87.69861,41.63324],[-87.70932,41.63291],[-87.73998,41.63199],[-87.74233,41.63236],[-87.75227,41.63429]]]},"properties":{"GEOID":"1748892","NAME":"Midlothian","NAMELSAD":"Midlothian village","ALAND":7301801,"AWATER":0}},
{"type":"Feature","geometry":{"type":"Polygon","coordinates":[[[-87.92036,41.91742],[-87.92056,41.8997],[-87.90336,41.89983],[-87.89351,41.90276],[-87.88868,41.90281],[-87.88728,41.90016],[-87.8857,41.90752],[-87.88405,41.91471],[-87.89398,41.92542],[-87.91409,41.92907],[-87.91401,41.9368],[-87.92033,41.9241],[-87.92036,41.91742]]]},"properties":{"GEOID":"1753871","NAME":"Northlake","NAMELSAD":"Northlake city","ALAND":8227329,"AWATER":0}},
{"type":"Feature","geometry":{"type":"MultiPolygon","coordinates":[[[[-89.35012,41.13347],[-89.34936,41.12584],[-89.33497,41.12589],[-89.33443,41.13343],[-89.35012,41.13347]]],[[[-89.37497,41.10463],[-89.3584,41.1039],[-89.34335,41.11699],[-89.36955,41.12069],[-89.36953,41.11218],[-89.37497,41.10463]]]]},"properties":{"GEOID":"1734163","NAME":"Henry","NAMELSAD":"Henry city","ALAND":4664071,"AWATER":185782}},
{"type":"Feature","geometry":{"type":"Polygon","coordinates":[[[-89.14385,41.01084],[-89.14382,40.99882],[-89.12456,40.99827],[-89.12449,41.01034],[-89.14385,41.01084]]]},"properties":{"GEOID":"1775653","NAME":"Toluca","NAMELSAD":"Toluca city","ALAND":2750823,"AWATER":0}},
{"type":"Feature","geometry":{"type":"Polygon","coordinates":[[[-89.30121,40.92381],[-89.30039,40.9164],[-89.28142,40.91484],[-89.29025,40.92769],[-89.30121,40.92381]]]},"properties":{"GEOID":"1779007","NAME":"Washburn","NAMELSAD":"Washburn village","ALAND":1871260,"AWATER":0}},
{"type":"Feature","geometry":{"type":"Polygon","coordinates":[[[-87.99078,41.84311],[-87.99497,41.83836],[-87.99622,41.83138],[-87.996,41.82412],[-87.99569,41.81919],[-87.98107,41.81903],[-87.97643,41.82423],[-87.95354,41.82505],[-87.95257,41.81776],[-87.92557,41.81837],[-87.91861,41.82578],[-87.92031,41.86188],[-87.92844,41.85842],[-87.93864,41.86096],[-87.94862,41.86103],[-87.95793,41.85615],[-87.95747,41.84667],[-87.97096,41.84626],[-87.9712,41.85172],[-87.97129,41.85169],[-87.97326,41.84634],[-87.98712,41.84464],[-87.99078,41.84311]],[[-87.98161,41.83141],[-87.98189,41.83865],[-87.9722,41.84195],[-87.97189,41.83157],[-87.98161,41.83141]]]},"properties":{"GEOID":"1754534","NAME":"Oak Brook","NAMELSAD":"Oak Brook village","ALAND":20658422,"AWATER":833634}},
{"type":"Feature","geometry":{"type":"Polygon","coordinates":[[[-87.80575,41.9089],[-87.80499,41.88698],[-87.8042,41.86498],[-87.77905,41.86539],[-87.77414,41.86546],[-87.7756,41.90925],[-87.80575,41.9089]]]},"properties":{"GEOID":"1754885","NAME":"Oak Park","NAMELSAD":"Oak Park village","ALAND":12172451,"AWATER":0}},
{"type":"Feature","geometry":{"type":"Polygon","coordinates":[[[-88.06288,42.15211],[-88.03865,42.1525],[-88.0387,42.14371],[-88.05495,42.13921],[-88.09491,42.13338],[-88.06786,42.12133],[-88.07785,42.11046],[-88.07793,42.08151],[-88.08283,42.08338],[-88.07792,42.07905],[-88.07795,42.06896],[-88.06252,42.06707],[-88.06578,42.07805],[-88.06223,42.08572],[-88.05338,42.08501],[-88.05107,42.08677],[-88.03958,42.09398],[-88.03891,42.09491],[-88.02907,42.10452],[-88.0134,42.09758],[-88.00968,42.09587],[-88.00467,42.0953],[-88.00498,42.12432],[-88.00924,42.13583],[-88.00633,42.14213],[-88.00983,42.14661],[-88.01474,42.15369],[-88.02881,42.15373],[-88.03857,42.15376],[-88.06288,42.15211]]]},"properties":{"GEOID":"1757225","NAME":"Palatine","NAMELSAD":"Palatine village","ALAND":36521405,"AWATER":416661}},
{"type":"Feature","geometry":{"type":"MultiPolygon","coordinates":[[[[-87.8311,41.68312],[-87.83071,41.67461],[-87.85003,41.67421],[-87.85479,41.67055],[-87.84979,41.66327],[-87.84005,41.65985],[-87.84142,41.65255],[-87.83949,41.64998],[-87.83312,41.65656],[-87.8155,41.65675],[-87.81552,41.65718],[-87.83387,41.657],[-87.83504,41.66003],[-87.81073,41.66047],[-87.81653,41.68098],[-87.82194,41.68192],[-87.8311,41.68312]]],[[[-87.90296,41.66592],[-87.90248,41.65526],[-87.89305,41.65501],[-87.8836,41.65899],[-87.88367,41.66629],[-87.90296,41.66592]]],[[[-87.93588,41.66002],[-87.93175,41.65631],[-87.92858,41.65817],[-87.92239,41.66418],[-87.91259,41.66575],[-87.91295,41.67304],[-87.92748,41.67283],[-87.93188,41.66537],[-87.93588,41.66002]]],[[[-87.95357,41.68695],[-87.9568,41.67941],[-87.96651,41.67551],[-87.96615,41.66557],[-87.9517,41.67202],[-87.94664,41.66661],[-87.93788,41.65881],[-87.95116,41.65452],[-87.94142,41.65474],[-87.93679,41.65801],[-87.937,41.66527],[-87.93765,41.68699],[-87.94048,41.69237],[-87.94285,41.69233],[-87.9522,41.68725],[-87.95357,41.68695]]]]},"properties":{"GEOID":"1757407","NAME":"Palos Park","NAMELSAD":"Palos Park village","ALAND":15916115,"AWATER":313197}},
{"type":"Feature","geometry":{"type":"Polygon","coordinates":[[[-87.86782,42.03785],[-87.86977,42.03162],[-87.86564,42.02932],[-87.86428,42.00493],[-87.8597,41.99212],[-87.85585,41.98906],[-87.82333,41.98451],[-87.82141,41.99685],[-87.82121,42.01864],[-87.81633,42.01875],[-87.81627,42.02599],[-87.8358,42.02558],[-87.84553,42.02899],[-87.84662,42.04118],[-87.86001,42.03934],[-87.86521,42.03914],[-87.86782,42.03785]]]},"properties":{"GEOID":"1757875","NAME":"Park Ridge","NAMELSAD":"Park Ridge city","ALAND":18356570,"AWATER":121232}},
{"type":"Feature","geometry":{"type":"Polygon","coordinates":[[[-88.05338,42.08501],[-88.06223,42.08572],[-88.06578,42.07805],[-88.04389,42.0741],[-88.02928,42.07403],[-88.02848,42.06701],[-88.03531,42.05786],[-88.02802,42.05073],[-88.007,42.05127],[-87.99571,42.04605],[-87.9931,42.05089],[-88.00706,42.05795],[-88.00402,42.06663],[-88.00473,42.08831],[-88.02658,42.08852],[-88.02645,42.09565],[-88.01349,42.09747],[-88.0134,42.09758],[-88.02907,42.10452],[-88.03891,42.09491],[-88.03958,42.09398],[-88.05107,42.08677],[-88.05338,42.08501]]]},"properties":{"GEOID":"1765338","NAME":"Rolling Meadows","NAMELSAD":"Rolling Meadows city","ALAND":14550267,"AWATER":16606}},
{"type":"Feature","geometry":{"type":"Polygon","coordinates":[[[-90.56314,41.06457],[-90.56162,41.05765],[-90.55073,41.05711],[-90.55041,41.06778],[-90.56314,41.06457]]]},"properties":{"GEOID":"1700672","NAME":"Alexis","NAMELSAD":"Alexis village","ALAND":1229839,"AWATER":0}},
{"type":"Feature","geometry":{"type":"Polygon","coordinates":[[[-90.96091,41.11467],[-90.94663,41.09663],[-90.94806,41.0852],[-90.9199,41.08474],[-90.91932,41.11402],[-90.96091,41.11467]]]},"properties":{"GEOID":"1739298","NAME":"Keithsburg","NAMELSAD":"Keithsburg city","ALAND":6626047,"AWATER":1607539}},
{"type":"Feature","geometry":{"type":"MultiPolygon","coordinates":[[[[-87.88453,41.99822],[-87.8801,41.99524],[-87.8738,41.97673],[-87.862,41.97386],[-87.85603,41.98679],[-87.85573,41.98882],[-87.85585,41.98906],[-87.8597,41.99212],[-87.86177,41.99579],[-87.88453,41.99822]]],[[[-87.89407,42.00571],[-87.88453,41.99822],[-87.88585,42.00962],[-87.8931,42.00697],[-87.89407,42.00571]]]]},"properties":{"GEOID":"1765819","NAME":"Rosemont","NAMELSAD":"Rosemont village","ALAND":4642536,"AWATER":0}},
{"type":"Feature","geometry":{"type":"Polygon","coordinates":[[[-88.13875,42.03955],[-88.13886,42.03202],[-88.15443,42.03188],[-88.15426,42.0209],[-88.14471,42.0174],[-88.12891,42.01811],[-88.12936,41.99611],[-88.12919,41.98884],[-88.12702,41.98893],[-88.10675,41.9897],[-88.09276,41.98684],[-88.08956,41.98845],[-88.08955,41.989],[-88.09003,41.99711],[-88.08992,42.00111],[-88.06055,42.00241],[-88.05854,42.02089],[-88.05548,42.02104],[-88.04573,42.01616],[-88.04428,42.02077],[-88.03189,42.02124],[-88.03136,42.01445],[-88.03087,42.01097],[-88.03052,42.03248],[-88.02802,42.05073],[-88.03531,42.05786],[-88.02848,42.06701],[-88.03371,42.06409],[-88.04391,42.0695],[-88.04389,42.0741],[-88.06578,42.07805],[-88.06252,42.06707],[-88.07795,42.06896],[-88.08258,42.06701],[-88.08453,42.05612],[-88.0895,42.04898],[-88.06477,42.04972],[-88.06461,42.04172],[-88.07981,42.03842],[-88.09156,42.02684],[-88.09957,42.02656],[-88.09949,42.03749],[-88.11911,42.03684],[-88.12146,42.0474],[-88.13893,42.04673],[-88.13875,42.03955]]]},"properties":{"GEOID":"1768003","NAME":"Schaumburg","NAMELSAD":"Schaumburg village","ALAND":50209114,"AWATER":324334}},
{"type":"Feature","geometry":{"type":"Polygon","coordinates":[[[-88.18558,42.10318],[-88.19463,42.0893],[-88.18973,42.08493],[-88.18959,42.07457],[-88.17998,42.07187],[-88.17969,42.06676],[-88.16063,42.06697],[-88.15047,42.06733],[-88.14118,42.06896],[-88.14112,42.07926],[-88.12655,42.07938],[-88.11269,42.08916],[-88.11798,42.09036],[-88.13125,42.08867],[-88.1266,42.09683],[-88.12802,42.10691],[-88.12155,42.1106],[-88.13238,42.11049],[-88.13238,42.10325],[-88.14109,42.10239],[-88.14769,42.09848],[-88.1706,42.1103],[-88.18132,42.10998],[-88.18558,42.10318]]]},"properties":{"GEOID":"1770564","NAME":"South Barrington","NAMELSAD":"South Barrington village","ALAND":19316683,"AWATER":732982}},
{"type":"Feature","geometry":{"type":"Polygon","coordinates":[[[-87.65507,41.49153],[-87.65473,41.47693],[-87.64494,41.47697],[-87.61604,41.4771],[-87.60636,41.48445],[-87.61126,41.48445],[-87.626,41.48457],[-87.62665,41.48457],[-87.63411,41.48424],[-87.63504,41.49159],[-87.65507,41.49153]]]},"properties":{"GEOID":"1770629","NAME":"South Chicago Heights","NAMELSAD":"South Chicago Heights village","ALAND":4093973,"AWATER":42091}},
{"type":"Feature","geometry":{"type":"Polygon","coordinates":[[[-88.02621,40.31648],[-88.02437,40.30217],[-88.01653,40.30192],[-88.01804,40.31283],[-88.02621,40.31648]]]},"properties":{"GEOID":"1729145","NAME":"Gifford","NAMELSAD":"Gifford village","ALAND":1149811,"AWATER":0}},
{"type":"Feature","geometry":{"type":"Polygon","coordinates":[[[-88.46865,39.94301],[-88.46248,39.93764],[-88.45181,39.93773],[-88.45244,39.9443],[-88.44634,39.95249],[-88.46253,39.95241],[-88.46865,39.94301]]]},"properties":{"GEOID":"1737998","NAME":"Ivesdale","NAMELSAD":"Ivesdale village","ALAND":1854508,"AWATER":0}},
{"type":"Feature","geometry":{"type":"Polygon","coordinates":[[[-87.96636,40.11245],[-87.95985,40.10886],[-87.94933,40.10899],[-87.94948,40.12012],[-87.95865,40.12264],[-87.96636,40.11245]]]},"properties":{"GEOID":"1755275","NAME":"Ogden","NAMELSAD":"Ogden village","ALAND":1523090,"AWATER":0}},
{"type":"Feature","geometry":{"type":"Polygon","coordinates":[[[-88.28259,39.90391],[-88.27086,39.91135],[-88.27898,39.91724],[-88.28259,39.90391]]]},"properties":{"GEOID":"1759273","NAME":"Pesotum","NAMELSAD":"Pesotum village","ALAND":1473595,"AWATER":23817}},
{"type":"Feature","geometry":{"type":"Polygon","coordinates":[[[-87.63076,41.6042],[-87.63174,41.5864],[-87.63638,41.58234],[-87.6306,41.57874],[-87.6275,41.58641],[-87.61698,41.5864],[-87.61206,41.57938],[-87.59887,41.5773],[-87.58215,41.58229],[-87.57199,41.57925],[-87.56372,41.5865],[-87.5662,41.59407],[-87.57684,41.59445],[-87.57784,41.60477],[-87.57799,41.60669],[-87.59767,41.60724],[-87.59771,41.61531],[-87.60822,41.6154],[-87.60984,41.62262],[-87.6244,41.62264],[-87.63164,41.61931],[-87.62413,41.6154],[-87.62436,41.6066],[-87.63076,41.6042]]]},"properties":{"GEOID":"1770850","NAME":"South Holland","NAMELSAD":"South Holland village","ALAND":18740904,"AWATER":40377}},
{"type":"Feature","geometry":{"type":"Polygon","coordinates":[[[-87.91363,41.81864],[-87.90856,41.79707],[-87.90699,41.77497],[-87.89695,41.77916],[-87.89761,41.78981],[-87.88834,41.79432],[-87.88943,41.81923],[-87.89019,41.81974],[-87.91363,41.81864]]]},"properties":{"GEOID":"1780242","NAME":"Western Springs","NAMELSAD":"Western Springs village","ALAND":7211828,"AWATER":0}},
{"type":"Feature","geometry":{"type":"Polygon","coordinates":[[[-87.94214,41.70059],[-87.93941,41.70027],[-87.93332,41.70323],[-87.90964,41.71607],[-87.88955,41.72435],[-87.87615,41.72473],[-87.87648,41.73186],[-87.85749,41.73236],[-87.85775,41.73959],[-87.84803,41.7398],[-87.84833,41.74705],[-87.85024,41.75439],[-87.86057,41.75424],[-87.88587,41.74017],[-87.88632,41.74638],[-87.8946,41.7474],[-87.89504,41.74621],[-87.9056,41.74233],[-87.90126,41.73145],[-87.90173,41.72409],[-87.91446,41.72176],[-87.94065,41.70361],[-87.94214,41.70059]]]},"properties":{"GEOID":"1782049","NAME":"Willow Springs","NAMELSAD":"Willow Springs village","ALAND":10751760,"AWATER":269951}},
{"type":"Feature","geometry":{"type":"Polygon","coordinates":[[[-88.12045,41.9604],[-88.12612,41.95287],[-88.12613,41.94555],[-88.14014,41.94415],[-88.14014,41.93992],[-88.12564,41.9395],[-88.11869,41.9381],[-88.10107,41.9316],[-88.10109,41.93901],[-88.09009,41.93803],[-88.08821,41.93787],[-88.07146,41.93977],[-88.06409,41.93514],[-88.06176,41.93331],[-88.06368,41.93132],[-88.05838,41.93151],[-88.05653,41.94029],[-88.05104,41.94508],[-88.05029,41.94722],[-88.05102,41.9478],[-88.05104,41.94808],[-88.05111,41.95058],[-88.04977,41.95438],[-88.05227,41.96069],[-88.0714,41.96713],[-88.07698,41.96901],[-88.07781,41.96898],[-88.08518,41.96541],[-88.0872,41.96556],[-88.08951,41.96449],[-88.09102,41.96024],[-88.09924,41.96443],[-88.10464,41.96546],[-88.10826,41.96681],[-88.10647,41.96095],[-88.12045,41.9604]]]},"properties":{"GEOID":"1706587","NAME":"Bloomingdale","NAMELSAD":"Bloomingdale village","ALAND":17523338,"AWATER":675988}},
{"type":"Feature","geometry":{"type":"Polygon","coordinates":[[[-88.17321,41.94145],[-88.17487,41.91702],[-88.15538,41.91898],[-88.16034,41.90878],[-88.15549,41.90605],[-88.14572,41.91051],[-88.14581,41.90199],[-88.13529,41.9017],[-88.12548,41.89015],[-88.11181,41.89529],[-88.11124,41.88804],[-88.09089,41.88845],[-88.08956,41.89208],[-88.08768,41.89864],[-88.10162,41.90538],[-88.101,41.90597],[-88.10106,41.91822],[-88.10109,41.91875],[-88.10107,41.9316],[-88.11869,41.9381],[-88.12564,41.9395],[-88.14014,41.93992],[-88.16732,41.94186],[-88.17321,41.94145]]]},"properties":{"GEOID":"1711332","NAME":"Carol Stream","NAMELSAD":"Carol Stream village","ALAND":24085645,"AWATER":820940}},
{"type":"Feature","geometry":{"type":"Polygon","coordinates":[[[-88.10162,41.90538],[-88.08768,41.89864],[-88.08221,41.89699],[-88.06498,41.89885],[-88.05209,41.90747],[-88.05215,41.9213],[-88.06226,41.92258],[-88.06273,41.9255],[-88.05282,41.92506],[-88.05183,41.92833],[-88.05218,41.92874],[-88.06368,41.93132],[-88.06176,41.93331],[-88.06409,41.93514],[-88.07146,41.93977],[-88.08821,41.93787],[-88.09009,41.93803],[-88.10109,41.93901],[-88.10107,41.9316],[-88.10109,41.91875],[-88.10106,41.91822],[-88.101,41.90597],[-88.10162,41.90538]],[[-88.09126,41.90263],[-88.08196,41.90628],[-88.07978,41.9153],[-88.06514,41.91439],[-88.06276,41.90711],[-88.07175,41.90326],[-88.09126,41.90263]]]},"properties":{"GEOID":"1729730","NAME":"Glendale Heights","NAMELSAD":"Glendale Heights village","ALAND":13968831,"AWATER":364729}},
{"type":"Feature","geometry":{"type":"Polygon","coordinates":[[[-88.04825,41.99189],[-88.05109,41.98641],[-88.04131,41.98307],[-88.04357,41.97524],[-88.03403,41.97344],[-88.04129,41.96154],[-88.03316,41.95826],[-88.02319,41.96325],[-88.00327,41.96172],[-87.99214,41.97164],[-87.99341,41.98386],[-87.99847,41.98375],[-87.99812,41.9856],[-87.99806,41.98958],[-87.99817,41.99268],[-88.04118,41.99215],[-88.04628,41.99196],[-88.04825,41.99189]]]},"properties":{"GEOID":"1737907","NAME":"Itasca","NAMELSAD":"Itasca village","ALAND":13118438,"AWATER":315530}},
{"type":"Feature","geometry":{"type":"Polygon","coordinates":[[[-90.44164,40.01301],[-90.43685,40.0044],[-90.42775,39.99896],[-90.41699,40.00005],[-90.41743,39.98024],[-90.41201,39.96628],[-90.40438,39.96616],[-90.40716,39.98794],[-90.39989,39.98782],[-90.39924,40.00132],[-90.41329,40.01036],[-90.41823,40.02041],[-90.4275,40.02427],[-90.44164,40.01301]]]},"properties":{"GEOID":"1704351","NAME":"Beardstown","NAMELSAD":"Beardstown city","ALAND":9478870,"AWATER":74945}},
{"type":"Feature","geometry":{"type":"Polygon","coordinates":[[[-89.32116,40.34297],[-89.31889,40.3355],[-89.31139,40.33486],[-89.31248,40.3431],[-89.32116,40.34297]]]},"properties":{"GEOID":"1702206","NAME":"Armington","NAMELSAD":"Armington village","ALAND":737753,"AWATER":0}},
{"type":"Feature","geometry":{"type":"Polygon","coordinates":[[[-89.54008,38.6111],[-89.53246,38.59997],[-89.51853,38.60639],[-89.5026,38.59905],[-89.50495,38.60998],[-89.51592,38.6135],[-89.52109,38.62504],[-89.52126,38.63604],[-89.5305,38.63248],[-89.53518,38.62515],[-89.53526,38.61101],[-89.54008,38.6111]]]},"properties":{"GEOID":"1707913","NAME":"Breese","NAMELSAD":"Breese city","ALAND":6921703,"AWATER":65769}},
{"type":"Feature","geometry":{"type":"Polygon","coordinates":[[[-89.70307,38.61206],[-89.69953,38.6001],[-89.66356,38.60247],[-89.66422,38.61215],[-89.68249,38.61177],[-89.68729,38.6189],[-89.7015,38.6188],[-89.70307,38.61206]]]},"properties":{"GEOID":"1775991","NAME":"Trenton","NAMELSAD":"Trenton city","ALAND":4876432,"AWATER":0}},
{"type":"Feature","geometry":{"type":"Polygon","coordinates":[[[-88.73873,40.99661],[-88.73888,40.98639],[-88.72936,40.98601],[-88.71982,40.98983],[-88.71984,40.99717],[-88.73873,40.99661]]]},"properties":{"GEOID":"1716405","NAME":"Cornell","NAMELSAD":"Cornell village","ALAND":1694500,"AWATER":0}},
{"type":"Feature","geometry":{"type":"Polygon","coordinates":[[[-89.56654,40.37166],[-89.56636,40.36447],[-89.5378,40.36471],[-89.53096,40.36857],[-89.5285,40.37563],[-89.5511,40.37532],[-89.56654,40.37166]]]},"properties":{"GEOID":"1719226","NAME":"Delavan","NAMELSAD":"Delavan city","ALAND":3735523,"AWATER":0}},
{"type":"Feature","geometry":{"type":"Polygon","coordinates":[[[-89.34174,40.53953],[-89.34879,40.54233],[-89.36305,40.5421],[-89.36286,40.5332],[-89.35776,40.53002],[-89.32947,40.53388],[-89.32574,40.53712],[-89.33203,40.53713],[-89.33913,40.53706],[-89.34174,40.53953]]]},"properties":{"GEOID":"1745785","NAME":"Mackinaw","NAMELSAD":"Mackinaw village","ALAND":3156833,"AWATER":78124}},
{"type":"Feature","geometry":{"type":"MultiPolygon","coordinates":[[[[-89.61475,40.62838],[-89.61873,40.62671],[-89.61749,40.6266],[-89.61475,40.62838]]],[[[-89.61819,40.62599],[-89.61429,40.61243],[-89.60783,40.6101],[-89.58884,40.61535],[-89.5888,40.61906],[-89.59102,40.62406],[-89.61819,40.62599]]]]},"properties":{"GEOID":"1747111","NAME":"Marquette Heights","NAMELSAD":"Marquette Heights city","ALAND":2522778,"AWATER":0}},
{"type":"Feature","geometry":{"type":"Polygon","coordinates":[[[-89.50627,40.53198],[-89.49834,40.52468],[-89.49759,40.51764],[-89.48335,40.51568],[-89.48509,40.53206],[-89.50627,40.53198]]]},"properties":{"GEOID":"1775965","NAME":"Tremont","NAMELSAD":"Tremont village","ALAND":3056284,"AWATER":0}},
{"type":"Feature","geometry":{"type":"Polygon","coordinates":[[[-89.4802,40.69905],[-89.48359,40.68976],[-89.46942,40.68977],[-89.44071,40.69751],[-89.44113,40.69012],[-89.45499,40.68995],[-89.45472,40.68251],[-89.42948,40.68972],[-89.42046,40.69611],[-89.41045,40.69379],[-89.39236,40.6984],[-89.39243,40.71184],[-89.40712,40.71279],[-89.40738,40.72033],[-89.41702,40.72019],[-89.41718,40.72797],[-89.45168,40.72723],[-89.45044,40.71234],[-89.46237,40.70764],[-89.46943,40.70096],[-89.4802,40.69905]]]},"properties":{"GEOID":"1779033","NAME":"Washington","NAMELSAD":"Washington city","ALAND":22209874,"AWATER":34035}},
{"type":"Feature","geometry":{"type":"Polygon","coordinates":[[[-90.23554,38.52342],[-90.24245,38.52837],[-90.23567,38.53817],[-90.22507,38.53592],[-90.23963,38.5535],[-90.2449,38.54844],[-90.24791,38.53427],[-90.24348,38.52652],[-90.23327,38.52005],[-90.23492,38.52268],[-90.23554,38.52342]]]},"properties":{"GEOID":"1721618","NAME":"East Carondelet","NAMELSAD":"East Carondelet village","ALAND":3049206,"AWATER":436456}},
{"type":"Feature","geometry":{"type":"Polygon","coordinates":[[[-89.26599,37.54622],[-89.26436,37.52624],[-89.24463,37.52641],[-89.24468,37.54154],[-89.26271,37.54145],[-89.26599,37.54622]]]},"properties":{"GEOID":"1715300","NAME":"Cobden","NAMELSAD":"Cobden village","ALAND":3159075,"AWATER":21383}},
{"type":"Feature","geometry":{"type":"Polygon","coordinates":[[[-89.17554,37.35861],[-89.17553,37.35251],[-89.15566,37.35218],[-89.15537,37.36707],[-89.17539,37.36735],[-89.17554,37.35861]]]},"properties":{"GEOID":"1720305","NAME":"Dongola","NAMELSAD":"Dongola village","ALAND":2818864,"AWATER":146374}},
{"type":"Feature","geometry":{"type":"Polygon","coordinates":[[[-88.74535,39.89454],[-88.7454,39.88717],[-88.737,39.88718],[-88.72656,39.87989],[-88.72638,39.89446],[-88.74535,39.89454]]]},"properties":{"GEOID":"1712268","NAME":"Cerro Gordo","NAMELSAD":"Cerro Gordo village","ALAND":1887464,"AWATER":0}},
{"type":"Feature","geometry":{"type":"Polygon","coordinates":[[[-90.22213,38.48342],[-90.24193,38.48693],[-90.24144,38.47967],[-90.25794,38.48188],[-90.27065,38.46702],[-90.25796,38.46701],[-90.25062,38.46112],[-90.2385,38.46081],[-90.22646,38.45588],[-90.23171,38.44663],[-90.22411,38.44203],[-90.22799,38.43437],[-90.21477,38.4346],[-90.21019,38.42867],[-90.19628,38.42722],[-90.18993,38.4338],[-90.16848,38.42179],[-90.16837,38.43407],[-90.17965,38.43142],[-90.17736,38.44871],[-90.19656,38.44974],[-90.19518,38.4552],[-90.2007,38.47065],[-90.20137,38.47982],[-90.20923,38.48759],[-90.21861,38.48582],[-90.22213,38.48342]]]},"properties":{"GEOID":"1715833","NAME":"Columbia","NAMELSAD":"Columbia city","ALAND":27337964,"AWATER":144762}},
{"type":"Feature","geometry":{"type":"Polygon","coordinates":[[[-90.17476,38.64264],[-90.18665,38.60786],[-90.16776,38.60418],[-90.15763,38.59563],[-90.15464,38.59817],[-90.13908,38.58566],[-90.13369,38.59181],[-90.12432,38.6019],[-90.11891,38.5961],[-90.11269,38.60709],[-90.0836,38.60103],[-90.07873,38.5956],[-90.07929,38.59938],[-90.07322,38.59578],[-90.06588,38.58557],[-90.06361,38.58711],[-90.05787,38.59051],[-90.04185,38.58417],[-90.05199,38.59829],[-90.06293,38.6033],[-90.09006,38.61259],[-90.09176,38.61575],[-90.09838,38.61322],[-90.11281,38.61707],[-90.1113,38.61875],[-90.10229,38.62331],[-90.10217,38.64149],[-90.13721,38.63734],[-90.14373,38.64179],[-90.15073,38.63667],[-90.15757,38.64239],[-90.17476,38.64264]]]},"properties":{"GEOID":"1722255","NAME":"East St. Louis","NAMELSAD":"East St. Louis city","ALAND":36100014,"AWATER":977663}},
{"type":"Feature","geometry":{"type":"Polygon","coordinates":[[[-88.7293,40.01149],[-88.72135,40.00969],[-88.72129,40.01492],[-88.7293,40.01149]]]},"properties":{"GEOID":"1714442","NAME":"Cisco","NAMELSAD":"Cisco village","ALAND":471198,"AWATER":0}},
{"type":"Feature","geometry":{"type":"Polygon","coordinates":[[[-88.60793,40.0293],[-88.59027,40.01749],[-88.5795,40.02096],[-88.57378,40.01504],[-88.55807,40.01773],[-88.55182,40.02816],[-88.56259,40.02977],[-88.56295,40.04249],[-88.57053,40.04802],[-88.56116,40.05278],[-88.54583,40.06872],[-88.55544,40.0688],[-88.56897,40.05415],[-88.57922,40.0541],[-88.57748,40.04677],[-88.58393,40.03937],[-88.59864,40.03757],[-88.59516,40.03096],[-88.60793,40.0293]]]},"properties":{"GEOID":"1750244","NAME":"Monticello","NAMELSAD":"Monticello city","ALAND":10444807,"AWATER":102625}},
{"type":"Feature","geometry":{"type":"Polygon","coordinates":[[[-90.02692,38.62164],[-90.03731,38.62283],[-90.04874,38.6075],[-90.05199,38.59829],[-90.04185,38.58417],[-90.03637,38.58148],[-90.02664,38.58579],[-90.00377,38.58578],[-90.00201,38.57119],[-90.00081,38.56766],[-89.99825,38.56732],[-89.97654,38.56961],[-89.97099,38.56767],[-89.96605,38.57605],[-89.96626,38.60027],[-89.96626,38.60182],[-89.96627,38.60584],[-89.96645,38.61443],[-89.97569,38.61447],[-89.97566,38.60711],[-89.99437,38.60729],[-89.99865,38.62166],[-90.01819,38.62164],[-90.02692,38.62164]]]},"properties":{"GEOID":"1725141","NAME":"Fairview Heights","NAMELSAD":"Fairview Heights city","ALAND":29687171,"AWATER":178591}},
{"type":"Feature","geometry":{"type":"Polygon","coordinates":[[[-89.9647,38.44645],[-89.96477,38.44415],[-89.95071,38.44355],[-89.9481,38.43223],[-89.92736,38.42142],[-89.9229,38.42703],[-89.90887,38.41686],[-89.89979,38.41766],[-89.88608,38.40232],[-89.87391,38.41635],[-89.86716,38.42797],[-89.89238,38.42744],[-89.90446,38.43295],[-89.91843,38.44655],[-89.91401,38.46022],[-89.90942,38.46561],[-89.9003,38.46741],[-89.90067,38.47688],[-89.91159,38.48308],[-89.91568,38.4841],[-89.91815,38.48325],[-89.92136,38.48113],[-89.92216,38.47889],[-89.91966,38.47755],[-89.91466,38.47474],[-89.92068,38.46862],[-89.92769,38.45858],[-89.92029,38.4506],[-89.92362,38.44573],[-89.93649,38.4555],[-89.93682,38.44861],[-89.95023,38.45007],[-89.95982,38.45006],[-89.9647,38.44645]],[[-89.93214,38.43201],[-89.93225,38.44383],[-89.92305,38.44463],[-89.91372,38.43119],[-89.93214,38.43201]]]},"properties":{"GEOID":"1727806","NAME":"Freeburg","NAMELSAD":"Freeburg village","ALAND":17674170,"AWATER":709620}},
{"type":"Feature","geometry":{"type":"Polygon","coordinates":[[[-89.35087,41.24996],[-89.32815,41.23614],[-89.32816,41.22794],[-89.30887,41.22779],[-89.30889,41.2351],[-89.29934,41.23494],[-89.2994,41.25676],[-89.34071,41.25724],[-89.33762,41.27153],[-89.32517,41.28519],[-89.3195,41.28599],[-89.31462,41.29556],[-89.29903,41.29334],[-89.30045,41.30848],[-89.32908,41.30177],[-89.32438,41.29913],[-89.32423,41.28757],[-89.33708,41.28167],[-89.3482,41.25928],[-89.35087,41.24996]]]},"properties":{"GEOID":"1734098","NAME":"Hennepin","NAMELSAD":"Hennepin village","ALAND":13744707,"AWATER":916351}},
{"type":"Feature","geometry":{"type":"Polygon","coordinates":[[[-90.06406,38.46979],[-90.05656,38.4732],[-90.05675,38.48387],[-90.08006,38.47628],[-90.08226,38.46454],[-90.09612,38.46907],[-90.10534,38.4691],[-90.10512,38.45598],[-90.09621,38.45096],[-90.09866,38.43296],[-90.09565,38.42276],[-90.08243,38.42566],[-90.08221,38.43299],[-90.09161,38.43642],[-90.09159,38.44489],[-90.07307,38.45462],[-90.07224,38.46587],[-90.07644,38.47628],[-90.06913,38.47634],[-90.06406,38.46979]]]},"properties":{"GEOID":"1749386","NAME":"Millstadt","NAMELSAD":"Millstadt village","ALAND":9207335,"AWATER":465133}},
{"type":"Feature","geometry":{"type":"Polygon","coordinates":[[[-90.18665,38.60786],[-90.19181,38.59895],[-90.2046,38.58736],[-90.18425,38.58432],[-90.1812,38.58934],[-90.16559,38.58328],[-90.16473,38.58263],[-90.14469,38.56693],[-90.13752,38.55783],[-90.13124,38.55177],[-90.12959,38.55036],[-90.12608,38.55407],[-90.12709,38.56696],[-90.12817,38.56799],[-90.12682,38.57047],[-90.13704,38.57918],[-90.15763,38.59563],[-90.16776,38.60418],[-90.18665,38.60786]]]},"properties":{"GEOID":"1767756","NAME":"Sauget","NAMELSAD":"Sauget village","ALAND":11901935,"AWATER":920471}},
{"type":"Feature","geometry":{"type":"Polygon","coordinates":[[[-89.96589,38.55924],[-89.96616,38.55698],[-89.9621,38.55598],[-89.95435,38.55298],[-89.95256,38.53992],[-89.94808,38.53371],[-89.93803,38.53387],[-89.93647,38.5195],[-89.93325,38.51949],[-89.93226,38.51949],[-89.93069,38.52099],[-89.92872,38.5268],[-89.90768,38.52682],[-89.91059,38.5195],[-89.88307,38.51935],[-89.88294,38.5338],[-89.87151,38.53365],[-89.87369,38.54847],[-89.87372,38.55216],[-89.87376,38.55775],[-89.87929,38.56315],[-89.87874,38.57713],[-89.88593,38.57522],[-89.92356,38.57491],[-89.92908,38.57056],[-89.94298,38.57048],[-89.95407,38.578],[-89.95531,38.56915],[-89.95743,38.56684],[-89.95779,38.55837],[-89.96589,38.55924]],[[-89.91077,38.53432],[-89.91087,38.5423],[-89.89727,38.54051],[-89.90276,38.53108],[-89.91077,38.53432]]]},"properties":{"GEOID":"1769524","NAME":"Shiloh","NAMELSAD":"Shiloh village","ALAND":32779611,"AWATER":228052}},
{"type":"Feature","geometry":{"type":"Polygon","coordinates":[[[-88.64028,39.26411],[-88.63304,39.25715],[-88.6236,39.25854],[-88.62109,39.26629],[-88.63788,39.26984],[-88.64028,39.26411]]]},"properties":{"GEOID":"1772650","NAME":"Stewardson","NAMELSAD":"Stewardson village","ALAND":1586565,"AWATER":0}},
{"type":"Feature","geometry":{"type":"Polygon","coordinates":[[[-88.23267,38.7049],[-88.2327,38.6901],[-88.21393,38.68996],[-88.21412,38.70464],[-88.23267,38.7049]]]},"properties":{"GEOID":"1753143","NAME":"Noble","NAMELSAD":"Noble village","ALAND":2634034,"AWATER":12397}},
{"type":"Feature","geometry":{"type":"Polygon","coordinates":[[[-88.642,37.68462],[-88.63906,37.68083],[-88.62522,37.68007],[-88.62053,37.68795],[-88.62045,37.69587],[-88.63865,37.69837],[-88.642,37.68462]]]},"properties":{"GEOID":"1711397","NAME":"Carrier Mills","NAMELSAD":"Carrier Mills village","ALAND":3128155,"AWATER":26196}},
{"type":"Feature","geometry":{"type":"Polygon","coordinates":[[[-88.46592,37.80505],[-88.45195,37.79766],[-88.44215,37.79775],[-88.42737,37.80538],[-88.42308,37.81253],[-88.4319,37.81614],[-88.42768,37.82266],[-88.45233,37.81964],[-88.4613,37.80508],[-88.46592,37.80505]]]},"properties":{"GEOID":"1723009","NAME":"Eldorado","NAMELSAD":"Eldorado city","ALAND":6484124,"AWATER":105136}},
{"type":"Feature","geometry":{"type":"Polygon","coordinates":[[[-90.58572,40.11353],[-90.57244,40.10925],[-90.56669,40.11281],[-90.55336,40.11381],[-90.54951,40.12056],[-90.55313,40.12821],[-90.57128,40.12757],[-90.5815,40.12429],[-90.57911,40.11755],[-90.58572,40.11353]]]},"properties":{"GEOID":"1766339","NAME":"Rushville","NAMELSAD":"Rushville city","ALAND":4279796,"AWATER":0}},
{"type":"Feature","geometry":{"type":"Polygon","coordinates":[[[-90.54835,39.45099],[-90.5438,39.44093],[-90.53449,39.44089],[-90.52983,39.45606],[-90.54797,39.45619],[-90.54835,39.45099]]]},"properties":{"GEOID":"1735203","NAME":"Hillview","NAMELSAD":"Hillview village","ALAND":2112759,"AWATER":0}},
{"type":"Feature","geometry":{"type":"Polygon","coordinates":[[[-89.9834,38.46075],[-89.99231,38.45768],[-89.99211,38.42244],[-89.99674,38.41587],[-89.99595,38.40649],[-90.00259,38.40321],[-90.00627,38.39287],[-90.00625,38.37777],[-89.99027,38.38123],[-89.99203,38.40079],[-89.98303,38.39923],[-89.98307,38.43593],[-89.96922,38.43911],[-89.96477,38.44415],[-89.9647,38.44645],[-89.98335,38.44789],[-89.98325,38.4524],[-89.98135,38.45357],[-89.9707,38.4537],[-89.97153,38.45968],[-89.9834,38.46075]]]},"properties":{"GEOID":"1770252","NAME":"Smithton","NAMELSAD":"Smithton village","ALAND":11679598,"AWATER":135596}},
{"type":"Feature","geometry":{"type":"Polygon","coordinates":[[[-88.60252,39.435],[-88.58738,39.43327],[-88.58909,39.44412],[-88.6029,39.44391],[-88.60252,39.435]]]},"properties":{"GEOID":"1782322","NAME":"Windsor","NAMELSAD":"Windsor city","ALAND":1631811,"AWATER":0}},
{"type":"Feature","geometry":{"type":"Polygon","coordinates":[[[-90.41991,39.43654],[-90.42005,39.42654],[-90.39411,39.42602],[-90.37711,39.44791],[-90.40039,39.44842],[-90.41894,39.44674],[-90.41991,39.43654]]]},"properties":{"GEOID":"1781256","NAME":"White Hall","NAMELSAD":"White Hall city","ALAND":6675087,"AWATER":148826}},
{"type":"Feature","geometry":{"type":"Polygon","coordinates":[[[-88.69436,38.20533],[-88.69386,38.19081],[-88.67542,38.19063],[-88.67536,38.20525],[-88.69436,38.20533]]]},"properties":{"GEOID":"1718303","NAME":"Dahlgren","NAMELSAD":"Dahlgren village","ALAND":2634421,"AWATER":0}},
{"type":"Feature","geometry":{"type":"Polygon","coordinates":[[[-91.07274,40.23282],[-91.06948,40.2279],[-91.05499,40.2276],[-91.06331,40.23893],[-91.07274,40.23282]]]},"properties":{"GEOID":"1707510","NAME":"Bowen","NAMELSAD":"Bowen village","ALAND":1108399,"AWATER":0}},
{"type":"Feature","geometry":{"type":"Polygon","coordinates":[[[-91.13501,40.42354],[-91.14817,40.40884],[-91.14069,40.40155],[-91.13002,40.40862],[-91.11152,40.40134],[-91.10766,40.4144],[-91.1016,40.42314],[-91.12034,40.42212],[-91.13501,40.42354]]]},"properties":{"GEOID":"1711527","NAME":"Carthage","NAMELSAD":"Carthage city","ALAND":6504338,"AWATER":25449}},
{"type":"Feature","geometry":{"type":"Polygon","coordinates":[[[-91.25924,40.39057],[-91.24148,40.38808],[-91.24127,40.40331],[-91.25779,40.40363],[-91.25924,40.39057]]]},"properties":{"GEOID":"1723841","NAME":"Elvaston","NAMELSAD":"Elvaston village","ALAND":2029476,"AWATER":854}},
{"type":"Feature","geometry":{"type":"Polygon","coordinates":[[[-91.40219,40.37594],[-91.36463,40.37567],[-91.35957,40.38515],[-91.33886,40.38573],[-91.3244,40.40016],[-91.32955,40.40348],[-91.37252,40.4044],[-91.37575,40.39188],[-91.38836,40.38493],[-91.41301,40.38228],[-91.42206,40.37597],[-91.40219,40.37594]]]},"properties":{"GEOID":"1732434","NAME":"Hamilton","NAMELSAD":"Hamilton city","ALAND":9222966,"AWATER":4646129}},
{"type":"Feature","geometry":{"type":"Polygon","coordinates":[[[-90.92416,40.29417],[-90.91951,40.28438],[-90.90959,40.28984],[-90.91235,40.29743],[-90.92416,40.29417]]]},"properties":{"GEOID":"1760833","NAME":"Plymouth","NAMELSAD":"Plymouth village","ALAND":1462266,"AWATER":0}},
{"type":"Feature","geometry":{"type":"Polygon","coordinates":[[[-91.42206,40.37597],[-91.44483,40.36317],[-91.46214,40.34241],[-91.4669,40.33328],[-91.40289,40.33181],[-91.40219,40.37594],[-91.42206,40.37597]]]},"properties":{"GEOID":"1778942","NAME":"Warsaw","NAMELSAD":"Warsaw city","ALAND":16885785,"AWATER":2456666}},
{"type":"Feature","geometry":{"type":"Polygon","coordinates":[[[-89.5746,38.03527],[-89.57469,38.02775],[-89.56087,38.02769],[-89.56071,38.03495],[-89.5746,38.03527]]]},"properties":{"GEOID":"1718225","NAME":"Cutler","NAMELSAD":"Cutler village","ALAND":1212348,"AWATER":0}},
{"type":"Feature","geometry":{"type":"Polygon","coordinates":[[[-89.23095,38.02689],[-89.23142,38.03881],[-89.24978,38.039],[-89.24976,38.02704],[-89.23095,38.02689]]]},"properties":{"GEOID":"1766924","NAME":"St. Johns","NAMELSAD":"St. Johns village","ALAND":1878795,"AWATER":96231}},
{"type":"Feature","geometry":{"type":"Polygon","coordinates":[[[-90.08567,40.56043],[-90.08546,40.55444],[-90.0721,40.55233],[-90.04719,40.55144],[-90.04585,40.5442],[-90.05897,40.53669],[-90.04842,40.53144],[-90.04362,40.54239],[-90.03172,40.53942],[-90.02425,40.54252],[-90.01931,40.55528],[-90.00031,40.55356],[-90.00016,40.5625],[-89.99517,40.57171],[-89.98518,40.57333],[-89.9795,40.56098],[-89.96988,40.56091],[-89.97279,40.57558],[-89.98467,40.57804],[-89.9944,40.57681],[-90.0048,40.56812],[-90.02884,40.56783],[-90.02834,40.59719],[-90.03564,40.59187],[-90.05935,40.58474],[-90.0557,40.57148],[-90.0572,40.56263],[-90.08567,40.56043]]]},"properties":{"GEOID":"1711007","NAME":"Canton","NAMELSAD":"Canton city","ALAND":21733838,"AWATER":1326675}},
{"type":"Feature","geometry":{"type":"Polygon","coordinates":[[[-90.21464,40.6477],[-90.21455,40.64058],[-90.18813,40.64049],[-90.18818,40.63314],[-90.17961,40.6293],[-90.15933,40.62934],[-90.15915,40.6371],[-90.17799,40.63693],[-90.17771,40.64416],[-90.16379,40.64787],[-90.16476,40.66694],[-90.17317,40.66207],[-90.18782,40.66209],[-90.19421,40.65885],[-90.20608,40.65887],[-90.20631,40.65007],[-90.21464,40.6477]]]},"properties":{"GEOID":"1725063","NAME":"Fairview","NAMELSAD":"Fairview village","ALAND":10915940,"AWATER":191040}},
{"type":"Feature","geometry":{"type":"Polygon","coordinates":[[[-90.01984,40.69821],[-90.01987,40.69108],[-89.97687,40.69146],[-89.99475,40.69889],[-89.99492,40.70488],[-90.01477,40.70545],[-90.01984,40.69821]]]},"properties":{"GEOID":"1725531","NAME":"Farmington","NAMELSAD":"Farmington city","ALAND":3899183,"AWATER":0}},
{"type":"Feature","geometry":{"type":"Polygon","coordinates":[[[-90.17281,40.39355],[-90.16646,40.39304],[-90.15567,40.383],[-90.14925,40.38387],[-90.14019,40.40772],[-90.15274,40.40778],[-90.16656,40.40255],[-90.17281,40.39355]]]},"properties":{"GEOID":"1743055","NAME":"Lewistown","NAMELSAD":"Lewistown city","ALAND":5180529,"AWATER":0}},
{"type":"Feature","geometry":{"type":"Polygon","coordinates":[[[-87.77905,41.86539],[-87.7778,41.82153],[-87.75339,41.82188],[-87.75351,41.82917],[-87.7436,41.82932],[-87.74354,41.82217],[-87.73865,41.82213],[-87.73993,41.86596],[-87.77414,41.86546],[-87.77905,41.86539]]]},"properties":{"GEOID":"1714351","NAME":"Cicero","NAMELSAD":"Cicero town","ALAND":15190398,"AWATER":0}},
{"type":"Feature","geometry":{"type":"Polygon","coordinates":[[[-88.424,38.38073],[-88.42413,38.37713],[-88.40672,38.37699],[-88.38193,38.36983],[-88.37174,38.36969],[-88.36766,38.36476],[-88.35835,38.37193],[-88.3516,38.37197],[-88.3471,38.39018],[-88.35975,38.39023],[-88.36899,38.39622],[-88.38217,38.39388],[-88.38706,38.38403],[-88.40099,38.3802],[-88.424,38.38073]]]},"properties":{"GEOID":"1724816","NAME":"Fairfield","NAMELSAD":"Fairfield city","ALAND":10610965,"AWATER":88378}},
{"type":"Feature","geometry":{"type":"Polygon","coordinates":[[[-90.16005,39.04302],[-90.15993,39.03575],[-90.14943,39.03204],[-90.12738,39.03172],[-90.1274,39.04379],[-90.13617,39.05017],[-90.15062,39.05024],[-90.16005,39.04302]]]},"properties":{"GEOID":"1708264","NAME":"Brighton","NAMELSAD":"Brighton village","ALAND":4976162,"AWATER":100353}},
{"type":"Feature","geometry":{"type":"Polygon","coordinates":[[[-90.45983,38.98041],[-90.45957,38.97162],[-90.44787,38.96848],[-90.41003,38.96717],[-90.39468,38.96369],[-90.3954,38.97799],[-90.404,38.978],[-90.40416,38.98494],[-90.41353,38.98862],[-90.4269,38.98548],[-90.42749,38.97769],[-90.43618,38.97881],[-90.43597,38.98711],[-90.44751,38.9871],[-90.44754,38.98058],[-90.45983,38.98041]]]},"properties":{"GEOID":"1730653","NAME":"Grafton","NAMELSAD":"Grafton city","ALAND":9615165,"AWATER":0}},
{"type":"Feature","geometry":{"type":"Polygon","coordinates":[[[-89.74239,41.78943],[-89.75765,41.78792],[-89.74533,41.78626],[-89.72725,41.78802],[-89.70844,41.78309],[-89.69497,41.78411],[-89.67928,41.78874],[-89.67131,41.79183],[-89.67197,41.79872],[-89.657,41.81111],[-89.66963,41.8099],[-89.67438,41.81351],[-89.69185,41.81478],[-89.71696,41.80794],[-89.71469,41.80148],[-89.73267,41.80134],[-89.73491,41.7896],[-89.74239,41.78943]]]},"properties":{"GEOID":"1772546","NAME":"Sterling","NAMELSAD":"Sterling city","ALAND":15399240,"AWATER":565648}},
{"type":"Feature","geometry":{"type":"Polygon","coordinates":[[[-89.10985,37.76424],[-89.11793,37.7707],[-89.10987,37.77771],[-89.10985,37.78824],[-89.12403,37.78881],[-89.12393,37.77779],[-89.11948,37.77227],[-89.11926,37.7621],[-89.11459,37.76063],[-89.10985,37.76424]]]},"properties":{"GEOID":"1710630","NAME":"Cambria","NAMELSAD":"Cambria village","ALAND":3664718,"AWATER":114254}},
{"type":"Feature","geometry":{"type":"Polygon","coordinates":[[[-89.08242,37.80742],[-89.08221,37.80365],[-89.07756,37.80503],[-89.08242,37.80742]]]},"properties":{"GEOID":"1715807","NAME":"Colp","NAMELSAD":"Colp village","ALAND":347417,"AWATER":0}},
{"type":"Feature","geometry":{"type":"Polygon","coordinates":[[[-89.05853,37.7642],[-89.07256,37.76021],[-89.0725,37.74164],[-89.0725,37.7413],[-89.06788,37.74077],[-89.04466,37.74345],[-89.04001,37.74624],[-89.04467,37.74697],[-89.04471,37.75881],[-89.04016,37.76363],[-89.04235,37.76437],[-89.04714,37.76068],[-89.04848,37.76065],[-89.04477,37.74963],[-89.05389,37.74949],[-89.05491,37.76056],[-89.0562,37.76267],[-89.05853,37.7642]]]},"properties":{"GEOID":"1717185","NAME":"Crainville","NAMELSAD":"Crainville village","ALAND":4280171,"AWATER":27291}},
{"type":"Feature","geometry":{"type":"Polygon","coordinates":[[[-88.95589,37.81927],[-88.94424,37.81573],[-88.91923,37.8115],[-88.91281,37.82636],[-88.92375,37.82935],[-88.94187,37.82873],[-88.95589,37.81927]]]},"properties":{"GEOID":"1738544","NAME":"Johnston City","NAMELSAD":"Johnston City city","ALAND":5480466,"AWATER":148499}},
{"type":"Feature","geometry":{"type":"Polygon","coordinates":[[[-89.40007,41.43219],[-89.39355,41.42941],[-89.39358,41.43466],[-89.40007,41.43219]]]},"properties":{"GEOID":"1720526","NAME":"Dover","NAMELSAD":"Dover village","ALAND":704118,"AWATER":0}},
{"type":"Feature","geometry":{"type":"Polygon","coordinates":[[[-89.229,41.38622],[-89.21906,41.37894],[-89.21893,41.37161],[-89.20985,41.37159],[-89.2046,41.37894],[-89.20464,41.38625],[-89.21394,41.38624],[-89.21463,41.39356],[-89.22428,41.39355],[-89.229,41.38622]]]},"properties":{"GEOID":"1740598","NAME":"Ladd","NAMELSAD":"Ladd village","ALAND":3041183,"AWATER":0}},
{"type":"Feature","geometry":{"type":"Polygon","coordinates":[[[-89.31004,41.53911],[-89.31006,41.5327],[-89.29131,41.53173],[-89.2828,41.52704],[-89.28363,41.52081],[-89.27122,41.5208],[-89.27122,41.53516],[-89.29072,41.53541],[-89.30037,41.53235],[-89.31004,41.53911]]]},"properties":{"GEOID":"1741794","NAME":"La Moille","NAMELSAD":"La Moille village","ALAND":2683404,"AWATER":0}},
{"type":"Feature","geometry":{"type":"Polygon","coordinates":[[[-89.79905,41.30434],[-89.79912,41.28955],[-89.77981,41.28941],[-89.77959,41.30383],[-89.79905,41.30434]]]},"properties":{"GEOID":"1751999","NAME":"Neponset","NAMELSAD":"Neponset village","ALAND":2596187,"AWATER":0}},
{"type":"Feature","geometry":{"type":"Polygon","coordinates":[[[-89.47126,41.55293],[-89.47129,41.54939],[-89.45205,41.5494],[-89.45199,41.56089],[-89.46444,41.56105],[-89.47126,41.55293]]]},"properties":{"GEOID":"1755379","NAME":"Ohio","NAMELSAD":"Ohio village","ALAND":1652268,"AWATER":0}},
{"type":"Feature","geometry":{"type":"Polygon","coordinates":[[[-89.39198,40.79275],[-89.38839,40.7842],[-89.38,40.78816],[-89.36567,40.78532],[-89.34575,40.78479],[-89.34541,40.79583],[-89.35066,40.79945],[-89.3698,40.8018],[-89.36987,40.80662],[-89.38059,40.81021],[-89.38402,40.80404],[-89.38411,40.79197],[-89.39198,40.79275]]]},"properties":{"GEOID":"1748606","NAME":"Metamora","NAMELSAD":"Metamora village","ALAND":5903525,"AWATER":9416}},
{"type":"Feature","geometry":{"type":"Polygon","coordinates":[[[-89.05616,40.91482],[-89.04768,40.91119],[-89.04175,40.89666],[-89.02724,40.89685],[-89.02746,40.92617],[-89.04783,40.92575],[-89.04789,40.91479],[-89.05616,40.91482]]]},"properties":{"GEOID":"1749568","NAME":"Minonk","NAMELSAD":"Minonk city","ALAND":6215225,"AWATER":0}},
{"type":"Feature","geometry":{"type":"Polygon","coordinates":[[[-89.52191,40.81702],[-89.5173,40.82103],[-89.51665,40.83005],[-89.54111,40.82127],[-89.54116,40.81341],[-89.52468,40.81385],[-89.52191,40.81702]]]},"properties":{"GEOID":"1771604","NAME":"Spring Bay","NAMELSAD":"Spring Bay village","ALAND":1781687,"AWATER":573840}},
{"type":"Feature","geometry":{"type":"Polygon","coordinates":[[[-89.19947,41.36417],[-89.21302,41.36429],[-89.22381,41.36844],[-89.24104,41.37143],[-89.24085,41.36488],[-89.22868,41.36429],[-89.22826,41.33495],[-89.23816,41.335],[-89.2378,41.32375],[-89.21923,41.32156],[-89.21813,41.31684],[-89.19114,41.31723],[-89.18404,41.31126],[-89.16373,41.31153],[-89.164,41.32805],[-89.16401,41.33053],[-89.1641,41.3354],[-89.18105,41.33527],[-89.19131,41.34109],[-89.20858,41.33508],[-89.21013,41.34963],[-89.19921,41.34974],[-89.19937,41.3606],[-89.19947,41.36417]]]},"properties":{"GEOID":"1772156","NAME":"Spring Valley","NAMELSAD":"Spring Valley city","ALAND":19186397,"AWATER":150455}},
{"type":"Feature","geometry":{"type":"MultiPolygon","coordinates":[[[[-88.2865,42.19372],[-88.28652,42.19193],[-88.28471,42.19193],[-88.2865,42.19372]]],[[[-88.38365,42.16848],[-88.3836,42.16124],[-88.3694,42.15402],[-88.35929,42.154],[-88.3545,42.14698],[-88.34311,42.14343],[-88.34559,42.13744],[-88.34446,42.13263],[-88.33551,42.13251],[-88.32095,42.13578],[-88.31118,42.13567],[-88.31128,42.14657],[-88.29304,42.1539],[-88.28219,42.15374],[-88.28233,42.14659],[-88.26752,42.14685],[-88.2576,42.1488],[-88.25748,42.16478],[-88.26199,42.16858],[-88.2629,42.17225],[-88.26667,42.17732],[-88.28168,42.17576],[-88.28627,42.18213],[-88.27244,42.18452],[-88.2742,42.19017],[-88.28164,42.19194],[-88.28649,42.1905],[-88.30066,42.19008],[-88.29398,42.18291],[-88.29802,42.1757],[-88.31097,42.17628],[-88.37193,42.17574],[-88.37876,42.17576],[-88.38365,42.16848]]]]},"properties":{"GEOID":"1700685","NAME":"Algonquin","NAMELSAD":"Algonquin village","ALAND":32649419,"AWATER":524025}},
{"type":"Feature","geometry":{"type":"Polygon","coordinates":[[[-88.4224,42.20958],[-88.43702,42.2116],[-88.43519,42.19524],[-88.44187,42.18995],[-88.44185,42.18275],[-88.43456,42.16834],[-88.45159,42.16824],[-88.47198,42.16516],[-88.47206,42.15375],[-88.47688,42.14765],[-88.47684,42.13924],[-88.47199,42.1344],[-88.45224,42.12943],[-88.45228,42.12092],[-88.44738,42.11755],[-88.41335,42.11771],[-88.41835,42.12492],[-88.4182,42.14304],[-88.40848,42.14674],[-88.40865,42.15358],[-88.39827,42.15389],[-88.38844,42.16121],[-88.38849,42.16845],[-88.39337,42.16843],[-88.39337,42.17949],[-88.38851,42.19011],[-88.39823,42.19007],[-88.40293,42.19006],[-88.4031,42.18282],[-88.41271,42.18289],[-88.41277,42.19723],[-88.42257,42.19725],[-88.4224,42.20958]]]},"properties":{"GEOID":"1736750","NAME":"Huntley","NAMELSAD":"Huntley village","ALAND":37949137,"AWATER":163256}},
{"type":"Feature","geometry":{"type":"Polygon","coordinates":[[[-89.41555,39.20611],[-89.41553,39.19878],[-89.39682,39.19875],[-89.39718,39.21351],[-89.40991,39.2124],[-89.41555,39.20611]]]},"properties":{"GEOID":"1737738","NAME":"Irving","NAMELSAD":"Irving village","ALAND":2323066,"AWATER":0}},
{"type":"Feature","geometry":{"type":"Polygon","coordinates":[[[-89.27925,39.30881],[-89.2795,39.3342],[-89.28892,39.33421],[-89.28886,39.32698],[-89.29821,39.32696],[-89.29814,39.30881],[-89.29269,39.30881],[-89.27925,39.30881]]]},"properties":{"GEOID":"1779826","NAME":"Wenonah","NAMELSAD":"Wenonah village","ALAND":3921560,"AWATER":0}},
{"type":"Feature","geometry":{"type":"Polygon","coordinates":[[[-89.36145,39.25379],[-89.35914,39.24561],[-89.34042,39.24654],[-89.33527,39.26116],[-89.35904,39.26115],[-89.36145,39.25379]]]},"properties":{"GEOID":"1782725","NAME":"Witt","NAMELSAD":"Witt city","ALAND":3205875,"AWATER":0}},
{"type":"Feature","geometry":{"type":"Polygon","coordinates":[[[-87.94564,40.93588],[-87.93606,40.92865],[-87.92403,40.9291],[-87.92728,40.94016],[-87.93841,40.94027],[-87.94564,40.93588]]]},"properties":{"GEOID":"1714936","NAME":"Clifton","NAMELSAD":"Clifton village","ALAND":2408130,"AWATER":0}},
{"type":"Feature","geometry":{"type":"Polygon","coordinates":[[[-87.86404,40.76996],[-87.84951,40.76738],[-87.84952,40.7742],[-87.86221,40.77759],[-87.86404,40.76996]]]},"properties":{"GEOID":"1717406","NAME":"Crescent City","NAMELSAD":"Crescent City village","ALAND":1180092,"AWATER":0}},
{"type":"Feature","geometry":{"type":"Polygon","coordinates":[[[-87.59139,40.82899],[-87.58726,40.82325],[-87.57681,40.82664],[-87.57694,40.83481],[-87.59056,40.83461],[-87.59139,40.82899]]]},"properties":{"GEOID":"1737712","NAME":"Iroquois","NAMELSAD":"Iroquois village","ALAND":1468092,"AWATER":0}},
{"type":"Feature","geometry":{"type":"Polygon","coordinates":[[[-88.08899,40.52267],[-88.0889,40.50948],[-88.06764,40.50475],[-88.06037,40.52088],[-88.07921,40.52654],[-88.08899,40.52267]]]},"properties":{"GEOID":"1744264","NAME":"Loda","NAMELSAD":"Loda village","ALAND":3798726,"AWATER":21923}},
{"type":"Feature","geometry":{"type":"Polygon","coordinates":[[[-87.73957,40.71445],[-87.73466,40.70686],[-87.7266,40.70686],[-87.72699,40.71918],[-87.73957,40.71445]]]},"properties":{"GEOID":"1783102","NAME":"Woodland","NAMELSAD":"Woodland village","ALAND":1268515,"AWATER":0}},
{"type":"Feature","geometry":{"type":"Polygon","coordinates":[[[-88.17342,39.251],[-88.17354,39.23753],[-88.15489,39.23763],[-88.15264,39.24502],[-88.1453,39.24496],[-88.14514,39.25295],[-88.15665,39.25915],[-88.16435,39.25243],[-88.17342,39.251]]]},"properties":{"GEOID":"1731524","NAME":"Greenup","NAMELSAD":"Greenup village","ALAND":4531930,"AWATER":2607}},
{"type":"Feature","geometry":{"type":"Polygon","coordinates":[[[-88.26281,39.27285],[-88.2495,39.27215],[-88.23175,39.26581],[-88.23219,39.27652],[-88.24019,39.28022],[-88.25021,39.28017],[-88.25017,39.27387],[-88.26281,39.27285]]]},"properties":{"GEOID":"1775601","NAME":"Toledo","NAMELSAD":"Toledo village","ALAND":2300394,"AWATER":0}},
{"type":"Feature","geometry":{"type":"Polygon","coordinates":[[[-88.83761,41.24103],[-88.83727,41.23105],[-88.82453,41.23129],[-88.8247,41.24122],[-88.83761,41.24103]]]},"properties":{"GEOID":"1730757","NAME":"Grand Ridge","NAMELSAD":"Grand Ridge village","ALAND":1195601,"AWATER":0}},
{"type":"Feature","geometry":{"type":"Polygon","coordinates":[[[-88.36503,37.41526],[-88.36049,37.4124],[-88.36063,37.4035],[-88.3484,37.41073],[-88.33924,37.42539],[-88.33955,37.44007],[-88.35845,37.44012],[-88.36054,37.4145],[-88.36503,37.41526]]]},"properties":{"GEOID":"1765897","NAME":"Rosiclare","NAMELSAD":"Rosiclare city","ALAND":5021012,"AWATER":460501}},
{"type":"Feature","geometry":{"type":"Polygon","coordinates":[[[-89.7883,41.96825],[-89.78015,41.96353],[-89.78009,41.95748],[-89.7659,41.95711],[-89.765,41.96665],[-89.7883,41.96825]]]},"properties":{"GEOID":"1749191","NAME":"Milledgeville","NAMELSAD":"Milledgeville village","ALAND":1787259,"AWATER":0}},
{"type":"Feature","geometry":{"type":"Polygon","coordinates":[[[-90.15996,42.10985],[-90.15949,42.08823],[-90.15108,42.08089],[-90.12838,42.08081],[-90.12544,42.09527],[-90.14955,42.10162],[-90.14964,42.10671],[-90.15996,42.10985]]]},"properties":{"GEOID":"1767821","NAME":"Savanna","NAMELSAD":"Savanna city","ALAND":6776627,"AWATER":242564}},
{"type":"Feature","geometry":{"type":"Polygon","coordinates":[[[-90.12958,41.98792],[-90.12853,41.98156],[-90.11309,41.95849],[-90.10415,41.95693],[-90.1038,41.97344],[-90.10606,41.98795],[-90.11467,41.99463],[-90.12453,41.99413],[-90.12958,41.98792]]]},"properties":{"GEOID":"1775172","NAME":"Thomson","NAMELSAD":"Thomson village","ALAND":5746137,"AWATER":0}},
{"type":"Feature","geometry":{"type":"Polygon","coordinates":[[[-91.38177,40.17737],[-91.37702,40.17739],[-91.3775,40.18152],[-91.38039,40.18158],[-91.38177,40.17737]]]},"properties":{"GEOID":"1743445","NAME":"Lima","NAMELSAD":"Lima village","ALAND":348562,"AWATER":0}},
{"type":"Feature","geometry":{"type":"Polygon","coordinates":[[[-90.06019,40.48819],[-90.04901,40.4879],[-90.04472,40.49605],[-90.05836,40.49518],[-90.06019,40.48819]]]},"properties":{"GEOID":"1766768","NAME":"St. David","NAMELSAD":"St. David village","ALAND":836756,"AWATER":0}},
{"type":"Feature","geometry":{"type":"Polygon","coordinates":[[[-90.43985,40.30581],[-90.4399,40.29107],[-90.43579,40.28719],[-90.4203,40.28725],[-90.41651,40.29101],[-90.42374,40.30554],[-90.43985,40.30581]]]},"properties":{"GEOID":"1777642","NAME":"Vermont","NAMELSAD":"Vermont village","ALAND":3258696,"AWATER":0}},
{"type":"Feature","geometry":{"type":"Polygon","coordinates":[[[-90.41463,40.80407],[-90.41414,40.79805],[-90.40471,40.79441],[-90.3927,40.79445],[-90.38597,40.8015],[-90.39068,40.81255],[-90.41185,40.81246],[-90.41463,40.80407]]]},"properties":{"GEOID":"1700113","NAME":"Abingdon","NAMELSAD":"Abingdon city","ALAND":3689813,"AWATER":0}},
{"type":"Feature","geometry":{"type":"Polygon","coordinates":[[[-90.16712,40.80063],[-90.16234,40.7979],[-90.15685,40.79798],[-90.15687,40.80054],[-90.16712,40.80063]]]},"properties":{"GEOID":"1746695","NAME":"Maquon","NAMELSAD":"Maquon village","ALAND":419887,"AWATER":0}},
{"type":"Feature","geometry":{"type":"Polygon","coordinates":[[[-90.10335,41.03137],[-90.09211,41.03119],[-90.08547,41.02605],[-90.08537,41.03689],[-90.0979,41.03521],[-90.10335,41.03137]]]},"properties":{"GEOID":"1777811","NAME":"Victoria","NAMELSAD":"Victoria village","ALAND":1167527,"AWATER":0}},
{"type":"Feature","geometry":{"type":"Polygon","coordinates":[[[-90.28747,41.02711],[-90.28752,41.01976],[-90.27457,41.0196],[-90.26799,41.02549],[-90.26781,41.03402],[-90.28747,41.02711]]]},"properties":{"GEOID":"1779124","NAME":"Wataga","NAMELSAD":"Wataga village","ALAND":2147212,"AWATER":0}},
{"type":"Feature","geometry":{"type":"Polygon","coordinates":[[[-88.78341,40.32261],[-88.75237,40.32436],[-88.74872,40.34369],[-88.75245,40.35709],[-88.76906,40.35505],[-88.77149,40.35036],[-88.77089,40.33372],[-88.77387,40.32623],[-88.78341,40.32261]]]},"properties":{"GEOID":"1742971","NAME":"Le Roy","NAMELSAD":"Le Roy city","ALAND":6226124,"AWATER":48473}},
{"type":"Feature","geometry":{"type":"Polygon","coordinates":[[[-88.91845,40.5173],[-88.91864,40.53159],[-88.92483,40.53795],[-88.93203,40.53238],[-88.94171,40.53805],[-88.94447,40.56166],[-88.95411,40.56168],[-88.95385,40.54703],[-88.98742,40.54684],[-88.98802,40.55411],[-88.99717,40.55396],[-88.99687,40.54238],[-89.0242,40.53845],[-89.02833,40.53464],[-89.02893,40.51706],[-89.03911,40.5142],[-89.05831,40.52915],[-89.0596,40.50984],[-89.07868,40.50961],[-89.0785,40.50231],[-89.05939,40.50237],[-89.058,40.49499],[-89.05468,40.49501],[-89.04757,40.495],[-89.02087,40.49513],[-89.02036,40.49514],[-88.97214,40.49562],[-88.95304,40.50271],[-88.9532,40.51044],[-88.94193,40.51039],[-88.93614,40.51771],[-88.93542,40.51773],[-88.93408,40.51772],[-88.92457,40.5185],[-88.91845,40.5173]],[[-89.01705,40.52528],[-89.0172,40.53178],[-89.00739,40.53184],[-89.00716,40.52531],[-89.01705,40.52528]],[[-88.96584,40.52951],[-88.96335,40.53882],[-88.95112,40.53527],[-88.9537,40.52846],[-88.96584,40.52951]]]},"properties":{"GEOID":"1753234","NAME":"Normal","NAMELSAD":"Normal town","ALAND":48348901,"AWATER":226141}},
{"type":"Feature","geometry":{"type":"Polygon","coordinates":[[[-88.87914,41.15225],[-88.86949,41.14174],[-88.8694,41.14991],[-88.87914,41.15225]]]},"properties":{"GEOID":"1738921","NAME":"Kangley","NAMELSAD":"Kangley village","ALAND":675415,"AWATER":0}},
{"type":"Feature","geometry":{"type":"Polygon","coordinates":[[[-88.80769,41.61676],[-88.8061,41.61189],[-88.78927,41.61312],[-88.78938,41.6199],[-88.80769,41.61676]]]},"properties":{"GEOID":"1742756","NAME":"Leland","NAMELSAD":"Leland village","ALAND":1382488,"AWATER":0}},
{"type":"Feature","geometry":{"type":"Polygon","coordinates":[[[-89.0749,41.12635],[-89.07432,41.10762],[-89.06573,41.10459],[-89.06531,41.1337],[-89.05892,41.14001],[-89.06666,41.14458],[-89.06672,41.12642],[-89.0749,41.12635]]]},"properties":{"GEOID":"1744823","NAME":"Lostant","NAMELSAD":"Lostant village","ALAND":2925529,"AWATER":0}},
{"type":"Feature","geometry":{"type":"Polygon","coordinates":[[[-89.14703,41.5613],[-89.13729,41.55545],[-89.13468,41.54095],[-89.10337,41.54061],[-89.10356,41.5514],[-89.06581,41.5503],[-89.06995,41.56128],[-89.06196,41.56137],[-89.05035,41.55406],[-89.05081,41.57601],[-89.06257,41.57624],[-89.06271,41.5688],[-89.07507,41.56903],[-89.07481,41.56341],[-89.0893,41.56201],[-89.11536,41.56205],[-89.13677,41.56712],[-89.14703,41.5613]],[[-89.08914,41.55487],[-89.08923,41.5596],[-89.07476,41.56233],[-89.07148,41.55103],[-89.08468,41.55104],[-89.08914,41.55487]]]},"properties":{"GEOID":"1748333","NAME":"Mendota","NAMELSAD":"Mendota city","ALAND":13275900,"AWATER":248843}},
{"type":"Feature","geometry":{"type":"Polygon","coordinates":[[[-88.86439,41.13684],[-88.85279,41.13539],[-88.85457,41.12449],[-88.8489,41.10622],[-88.82892,41.10638],[-88.82971,41.10215],[-88.81848,41.09816],[-88.81779,41.08354],[-88.80357,41.0836],[-88.81199,41.09919],[-88.81164,41.11012],[-88.81553,41.11737],[-88.79716,41.11744],[-88.79693,41.12909],[-88.80826,41.13277],[-88.81636,41.13923],[-88.83132,41.14634],[-88.83167,41.15672],[-88.84068,41.15696],[-88.85265,41.14853],[-88.84153,41.13907],[-88.8516,41.13539],[-88.85476,41.14092],[-88.86439,41.13684]]]},"properties":{"GEOID":"1773170","NAME":"Streator","NAMELSAD":"Streator city","ALAND":18969748,"AWATER":175501}},
{"type":"Feature","geometry":{"type":"MultiPolygon","coordinates":[[[[-89.06446,40.48771],[-89.06484,40.48761],[-89.04556,40.48136],[-89.04495,40.48715],[-89.03197,40.48497],[-89.02963,40.47312],[-89.03185,40.46704],[-89.02799,40.45873],[-89.01982,40.45889],[-89.0277,40.43791],[-89.01637,40.43838],[-89.01514,40.44436],[-88.98359,40.44485],[-88.96896,40.44856],[-88.96294,40.44023],[-88.95684,40.44021],[-88.95899,40.45163],[-88.93286,40.45226],[-88.92925,40.45893],[-88.90183,40.45754],[-88.86359,40.45817],[-88.86798,40.46486],[-88.88753,40.46376],[-88.88744,40.45829],[-88.921,40.45928],[-88.9237,40.48305],[-88.91199,40.48018],[-88.90246,40.49042],[-88.90252,40.50272],[-88.89624,40.50739],[-88.89642,40.51725],[-88.91845,40.5173],[-88.92457,40.5185],[-88.93408,40.51772],[-88.93542,40.51773],[-88.93614,40.51771],[-88.94193,40.51039],[-88.9532,40.51044],[-88.95304,40.50271],[-88.97214,40.49562],[-89.02036,40.49514],[-89.02087,40.49513],[-89.04757,40.495],[-89.05468,40.49501],[-89.058,40.49499],[-89.06446,40.48771]]],[[[-89.06771,40.45862],[-89.06763,40.455],[-89.04875,40.45508],[-89.04826,40.44032],[-89.03602,40.44078],[-89.0233,40.45376],[-89.03737,40.45863],[-89.06771,40.45862]]]]},"properties":{"GEOID":"1706613","NAME":"Bloomington","NAMELSAD":"Bloomington city","ALAND":70218582,"AWATER":320485}},
{"type":"Feature","geometry":{"type":"Polygon","coordinates":[[[-87.61478,40.31471],[-87.61448,40.30025],[-87.5972,40.30051],[-87.60203,40.31475],[-87.61478,40.31471]]]},"properties":{"GEOID":"1701242","NAME":"Alvan (Alvin)","NAMELSAD":"Alvan (Alvin) village","ALAND":2054384,"AWATER":0}},
{"type":"Feature","geometry":{"type":"Polygon","coordinates":[[[-87.63432,40.05403],[-87.62562,40.05403],[-87.62743,40.06523],[-87.64405,40.06444],[-87.63544,40.06195],[-87.63432,40.05403]]]},"properties":{"GEOID":"1704689","NAME":"Belgium","NAMELSAD":"Belgium village","ALAND":1122932,"AWATER":0}},
{"type":"Feature","geometry":{"type":"Polygon","coordinates":[[[-87.67017,39.90739],[-87.66995,39.88455],[-87.63279,39.88416],[-87.63311,39.90217],[-87.63816,39.90749],[-87.67017,39.90739]]]},"properties":{"GEOID":"1763862","NAME":"Ridge Farm","NAMELSAD":"Ridge Farm village","ALAND":7915547,"AWATER":0}},
{"type":"Feature","geometry":{"type":"Polygon","coordinates":[[[-87.69194,40.40148],[-87.68716,40.39725],[-87.68706,40.387],[-87.67605,40.38591],[-87.67527,40.37161],[-87.65676,40.37284],[-87.65675,40.38699],[-87.68604,40.38735],[-87.68625,40.39675],[-87.69194,40.40148]]]},"properties":{"GEOID":"1765962","NAME":"Rossville","NAMELSAD":"Rossville village","ALAND":3619685,"AWATER":0}},
{"type":"Feature","geometry":{"type":"Polygon","coordinates":[[[-88.31476,40.72134],[-88.31452,40.71407],[-88.30659,40.70326],[-88.29024,40.70343],[-88.2905,40.71276],[-88.286,40.71805],[-88.287,40.74711],[-88.27794,40.76161],[-88.29679,40.76141],[-88.30124,40.74691],[-88.2882,40.7471],[-88.28724,40.71895],[-88.29333,40.72523],[-88.3053,40.72509],[-88.31476,40.72134]]]},"properties":{"GEOID":"1712710","NAME":"Chatsworth","NAMELSAD":"Chatsworth town","ALAND":6945982,"AWATER":15798}},
{"type":"Feature","geometry":{"type":"Polygon","coordinates":[[[-89.96463,39.03974],[-89.95189,39.03373],[-89.94124,39.03526],[-89.94136,39.04956],[-89.96,39.04991],[-89.96463,39.03974]]]},"properties":{"GEOID":"1709577","NAME":"Bunker Hill","NAMELSAD":"Bunker Hill city","ALAND":3318941,"AWATER":65610}},
{"type":"Feature","geometry":{"type":"Polygon","coordinates":[[[-89.75107,39.10016],[-89.75095,39.094],[-89.74322,39.09419],[-89.74349,39.10166],[-89.75107,39.10016]]]},"properties":{"GEOID":"1741214","NAME":"Lake Ka-Ho","NAMELSAD":"Lake Ka-Ho village","ALAND":734292,"AWATER":103680}},
{"type":"Feature","geometry":{"type":"Polygon","coordinates":[[[-89.81172,39.1004],[-89.81638,39.10791],[-89.83941,39.10774],[-89.83922,39.09275],[-89.81325,39.09293],[-89.81153,39.08958],[-89.81172,39.1004]]]},"properties":{"GEOID":"1750920","NAME":"Mount Clare","NAMELSAD":"Mount Clare village","ALAND":3984024,"AWATER":101270}},
{"type":"Feature","geometry":{"type":"Polygon","coordinates":[[[-90.11332,39.48481],[-90.11301,39.47044],[-90.09421,39.47063],[-90.09458,39.48494],[-90.11332,39.48481]]]},"properties":{"GEOID":"1768406","NAME":"Scottville","NAMELSAD":"Scottville village","ALAND":2581157,"AWATER":0}},
{"type":"Feature","geometry":{"type":"Polygon","coordinates":[[[-90.47434,40.62841],[-90.4747,40.61409],[-90.45545,40.61348],[-90.45532,40.62795],[-90.47434,40.62841]]]},"properties":{"GEOID":"1761548","NAME":"Prairie City","NAMELSAD":"Prairie City village","ALAND":2610311,"AWATER":0}},
{"type":"Feature","geometry":{"type":"Polygon","coordinates":[[[-88.72163,40.54482],[-88.72163,40.54113],[-88.70732,40.54102],[-88.70732,40.54473],[-88.72163,40.54482]]]},"properties":{"GEOID":"1716210","NAME":"Cooksville","NAMELSAD":"Cooksville village","ALAND":561307,"AWATER":0}},
{"type":"Feature","geometry":{"type":"Polygon","coordinates":[[[-88.92041,40.4146],[-88.91071,40.40006],[-88.89635,40.39812],[-88.89614,40.38527],[-88.89129,40.37791],[-88.88172,40.37791],[-88.88187,40.3871],[-88.89134,40.38709],[-88.8914,40.39678],[-88.86438,40.3855],[-88.8617,40.39479],[-88.87465,40.4059],[-88.90118,40.40371],[-88.90131,40.41905],[-88.91083,40.41452],[-88.92041,40.4146]]]},"properties":{"GEOID":"1720643","NAME":"Downs","NAMELSAD":"Downs village","ALAND":7764709,"AWATER":0}},
{"type":"Feature","geometry":{"type":"Polygon","coordinates":[[[-89.03538,40.30452],[-89.02168,40.30212],[-89.01438,40.31209],[-88.99753,40.30552],[-88.96855,40.30863],[-88.96231,40.31576],[-88.96399,40.33676],[-88.97364,40.33773],[-88.97328,40.32499],[-88.9787,40.3194],[-88.99404,40.31285],[-89.0014,40.31287],[-89.00398,40.31974],[-89.02085,40.32311],[-89.02047,40.31211],[-89.03538,40.30452]]]},"properties":{"GEOID":"1734449","NAME":"Heyworth","NAMELSAD":"Heyworth village","ALAND":8611502,"AWATER":163135}},
{"type":"Feature","geometry":{"type":"Polygon","coordinates":[[[-89.82202,39.01832],[-89.81053,39.00455],[-89.82229,39.00715],[-89.82138,38.9984],[-89.78279,38.99848],[-89.77594,39.00218],[-89.77352,39.02187],[-89.78288,39.02586],[-89.80391,39.02763],[-89.80348,39.01589],[-89.82202,39.01832]]]},"properties":{"GEOID":"1772403","NAME":"Staunton","NAMELSAD":"Staunton city","ALAND":10379959,"AWATER":91124}},
{"type":"Feature","geometry":{"type":"Polygon","coordinates":[[[-89.79071,39.50847],[-89.79058,39.50081],[-89.77745,39.50057],[-89.77638,39.49372],[-89.7577,39.49447],[-89.76149,39.51581],[-89.77105,39.51945],[-89.77356,39.50842],[-89.79071,39.50847]]]},"properties":{"GEOID":"1778149","NAME":"Virden","NAMELSAD":"Virden city","ALAND":4892246,"AWATER":0}},
{"type":"Feature","geometry":{"type":"Polygon","coordinates":[[[-89.13309,38.58498],[-89.13323,38.57235],[-89.11983,38.57224],[-89.11927,38.58317],[-89.13309,38.58498]]]},"properties":{"GEOID":"1738791","NAME":"Junction City","NAMELSAD":"Junction City village","ALAND":1771372,"AWATER":45357}},
{"type":"Feature","geometry":{"type":"Polygon","coordinates":[[[-88.87556,38.77139],[-88.8604,38.76088],[-88.85435,38.76616],[-88.84078,38.76615],[-88.83609,38.7804],[-88.85935,38.78075],[-88.8594,38.76616],[-88.87556,38.77139]]]},"properties":{"GEOID":"1740117","NAME":"Kinmundy","NAMELSAD":"Kinmundy city","ALAND":3102455,"AWATER":655523}},
{"type":"Feature","geometry":{"type":"Polygon","coordinates":[[[-89.13168,38.61922],[-89.12804,38.61709],[-89.12838,38.60546],[-89.11201,38.60537],[-89.11181,38.61997],[-89.13168,38.61922]]]},"properties":{"GEOID":"1767444","NAME":"Sandoval","NAMELSAD":"Sandoval village","ALAND":2679018,"AWATER":0}},
{"type":"Feature","geometry":{"type":"Polygon","coordinates":[[[-90.61173,39.75583],[-90.61612,39.74678],[-90.6012,39.74697],[-90.60086,39.76163],[-90.61173,39.75583]]]},"properties":{"GEOID":"1751661","NAME":"Naples","NAMELSAD":"Naples town","ALAND":1567327,"AWATER":0}},
{"type":"Feature","geometry":{"type":"Polygon","coordinates":[[[-89.74015,39.95646],[-89.7413,39.95303],[-89.71451,39.95326],[-89.71444,39.96019],[-89.70464,39.96068],[-89.70471,39.9725],[-89.7149,39.96707],[-89.73192,39.9675],[-89.73275,39.95736],[-89.74015,39.95646]]]},"properties":{"GEOID":"1702674","NAME":"Athens","NAMELSAD":"Athens city","ALAND":4361648,"AWATER":0}},
{"type":"Feature","geometry":{"type":"Polygon","coordinates":[[[-89.93382,40.33397],[-89.93245,40.32648],[-89.92818,40.32643],[-89.92826,40.33397],[-89.93382,40.33397]]]},"properties":{"GEOID":"1775757","NAME":"Topeka","NAMELSAD":"Topeka village","ALAND":354343,"AWATER":0}},
{"type":"Feature","geometry":{"type":"Polygon","coordinates":[[[-89.86239,40.00873],[-89.86048,40.00356],[-89.84413,40.00362],[-89.84287,40.01512],[-89.85046,40.02059],[-89.86045,40.01993],[-89.86239,40.00873]]]},"properties":{"GEOID":"1759312","NAME":"Petersburg","NAMELSAD":"Petersburg city","ALAND":4046000,"AWATER":0}},
{"type":"Feature","geometry":{"type":"Polygon","coordinates":[[[-90.84641,40.77403],[-90.84144,40.76245],[-90.81758,40.76237],[-90.81745,40.77763],[-90.84638,40.7777],[-90.84641,40.77403]]]},"properties":{"GEOID":"1748073","NAME":"Media","NAMELSAD":"Media village","ALAND":4396916,"AWATER":0}},
{"type":"Feature","geometry":{"type":"Polygon","coordinates":[[[-90.61628,39.63471],[-90.6138,39.62753],[-90.60499,39.62006],[-90.60743,39.63478],[-90.61628,39.63471]]]},"properties":{"GEOID":"1726480","NAME":"Florence","NAMELSAD":"Florence village","ALAND":714396,"AWATER":214700}},
{"type":"Feature","geometry":{"type":"MultiPolygon","coordinates":[[[[-90.76423,39.64236],[-90.7612,39.63277],[-90.74221,39.62821],[-90.7409,39.6344],[-90.75156,39.6419],[-90.75383,39.64928],[-90.76112,39.65115],[-90.76423,39.64236]]],[[[-90.85062,39.61214],[-90.85077,39.60476],[-90.82931,39.60412],[-90.82813,39.59719],[-90.81083,39.59718],[-90.80156,39.59331],[-90.79939,39.60633],[-90.8025,39.61649],[-90.79358,39.62801],[-90.78037,39.62732],[-90.77118,39.64029],[-90.7899,39.64306],[-90.79018,39.63388],[-90.79676,39.63376],[-90.80045,39.62379],[-90.81437,39.62568],[-90.81384,39.61194],[-90.82968,39.60686],[-90.84517,39.60675],[-90.85062,39.61214]]]]},"properties":{"GEOID":"1760222","NAME":"Pittsfield","NAMELSAD":"Pittsfield city","ALAND":12386056,"AWATER":1003746}},
{"type":"Feature","geometry":{"type":"Polygon","coordinates":[[[-89.87316,37.93679],[-89.85609,37.93416],[-89.85921,37.92347],[-89.8286,37.8996],[-89.80843,37.88875],[-89.80546,37.89463],[-89.81834,37.90807],[-89.80951,37.91291],[-89.81228,37.91842],[-89.79697,37.92429],[-89.79228,37.93183],[-89.7839,37.93697],[-89.80624,37.93829],[-89.80615,37.93214],[-89.81731,37.93218],[-89.8373,37.92801],[-89.85431,37.92816],[-89.85407,37.93977],[-89.87316,37.93679]]]},"properties":{"GEOID":"1713139","NAME":"Chester","NAMELSAD":"Chester city","ALAND":14948975,"AWATER":41443}},
{"type":"Feature","geometry":{"type":"Polygon","coordinates":[[[-87.85766,41.21317],[-87.86681,41.21316],[-87.86609,41.22124],[-87.8771,41.22129],[-87.88176,41.21313],[-87.89564,41.21309],[-87.89563,41.20665],[-87.90519,41.20644],[-87.90742,41.19446],[-87.89528,41.1946],[-87.89484,41.16681],[-87.90309,41.16639],[-87.90183,41.15139],[-87.89453,41.14731],[-87.87308,41.148],[-87.8656,41.15535],[-87.85873,41.15539],[-87.85594,41.16998],[-87.85149,41.17724],[-87.85181,41.19206],[-87.84984,41.20672],[-87.85119,41.20682],[-87.85745,41.20844],[-87.85766,41.21317]],[[-87.87592,41.19198],[-87.87641,41.19926],[-87.86704,41.19917],[-87.86682,41.19196],[-87.87592,41.19198]],[[-87.86802,41.17724],[-87.86603,41.19187],[-87.857,41.19187],[-87.85538,41.17723],[-87.86802,41.17724]]]},"properties":{"GEOID":"1707471","NAME":"Bourbonnais","NAMELSAD":"Bourbonnais village","ALAND":23788509,"AWATER":0}},
{"type":"Feature","geometry":{"type":"Polygon","coordinates":[[[-87.85873,41.15539],[-87.8656,41.15535],[-87.87308,41.148],[-87.89453,41.14731],[-87.8936,41.14388],[-87.8847,41.14348],[-87.87743,41.13559],[-87.85566,41.13709],[-87.83643,41.14576],[-87.83177,41.14914],[-87.83199,41.16275],[-87.81698,41.16292],[-87.81874,41.18463],[-87.83255,41.18486],[-87.83783,41.20125],[-87.84879,41.20673],[-87.85181,41.19206],[-87.85149,41.17724],[-87.85594,41.16998],[-87.85164,41.17002],[-87.85121,41.15202],[-87.85873,41.15539]]]},"properties":{"GEOID":"1707744","NAME":"Bradley","NAMELSAD":"Bradley village","ALAND":18841060,"AWATER":0}},
{"type":"Feature","geometry":{"type":"Polygon","coordinates":[[[-87.74394,41.12488],[-87.73929,41.11983],[-87.72984,41.11998],[-87.72985,41.13367],[-87.74394,41.12488]]]},"properties":{"GEOID":"1773943","NAME":"Sun River Terrace","NAMELSAD":"Sun River Terrace village","ALAND":1503532,"AWATER":90064}},
{"type":"Feature","geometry":{"type":"Polygon","coordinates":[[[-89.7752,38.17914],[-89.76446,38.17841],[-89.74293,38.18449],[-89.72911,38.17546],[-89.72918,38.16758],[-89.74537,38.15522],[-89.74512,38.14962],[-89.73616,38.14664],[-89.73611,38.13185],[-89.71354,38.12764],[-89.71472,38.11807],[-89.7236,38.11813],[-89.72244,38.11064],[-89.70451,38.1105],[-89.704,38.10122],[-89.69022,38.10123],[-89.68942,38.11928],[-89.68196,38.13346],[-89.69867,38.13575],[-89.69867,38.14643],[-89.69201,38.14641],[-89.69295,38.16021],[-89.70256,38.16031],[-89.70332,38.15154],[-89.70897,38.14686],[-89.72466,38.14669],[-89.72462,38.15324],[-89.71353,38.15295],[-89.71332,38.16824],[-89.70327,38.17188],[-89.70358,38.19048],[-89.76806,38.19057],[-89.7752,38.17914]]]},"properties":{"GEOID":"1771448","NAME":"Sparta","NAMELSAD":"Sparta city","ALAND":28893379,"AWATER":668410}},
{"type":"Feature","geometry":{"type":"Polygon","coordinates":[[[-89.68139,38.01193],[-89.68113,38.00678],[-89.6677,38.00685],[-89.6632,37.99976],[-89.64948,38.00006],[-89.64983,38.01446],[-89.67912,38.0151],[-89.68139,38.01193]]]},"properties":{"GEOID":"1772468","NAME":"Steeleville","NAMELSAD":"Steeleville village","ALAND":3944594,"AWATER":20023}},
{"type":"Feature","geometry":{"type":"Polygon","coordinates":[[[-89.1933,37.28695],[-89.19351,37.27224],[-89.18402,37.27341],[-89.18765,37.26133],[-89.17066,37.26121],[-89.17066,37.26846],[-89.15986,37.26846],[-89.157,37.27675],[-89.17494,37.27678],[-89.17048,37.29028],[-89.16018,37.29028],[-89.15684,37.29733],[-89.17048,37.29733],[-89.18011,37.28687],[-89.1933,37.28695]]]},"properties":{"GEOID":"1776615","NAME":"Ullin","NAMELSAD":"Ullin village","ALAND":7280135,"AWATER":135439}},
{"type":"Feature","geometry":{"type":"Polygon","coordinates":[[[-90.75869,40.87182],[-90.75885,40.86095],[-90.73977,40.86099],[-90.73956,40.87531],[-90.75869,40.87182]]]},"properties":{"GEOID":"1740182","NAME":"Kirkwood","NAMELSAD":"Kirkwood village","ALAND":2433066,"AWATER":0}},
{"type":"Feature","geometry":{"type":"Polygon","coordinates":[[[-90.75516,41.01369],[-90.75487,41.0103],[-90.74862,41.01018],[-90.74625,41.0137],[-90.75516,41.01369]]]},"properties":{"GEOID":"1744082","NAME":"Little York","NAMELSAD":"Little York village","ALAND":578005,"AWATER":0}},
{"type":"Feature","geometry":{"type":"Polygon","coordinates":[[[-89.02419,41.49862],[-89.01709,41.49571],[-89.01726,41.50523],[-89.02419,41.49862]]]},"properties":{"GEOID":"1776082","NAME":"Triumph","NAMELSAD":"Triumph CDP","ALAND":385559,"AWATER":0}},
{"type":"Feature","geometry":{"type":"Polygon","coordinates":[[[-88.73765,41.48438],[-88.72816,41.4827],[-88.73258,41.4882],[-88.73765,41.48438]]]},"properties":{"GEOID":"1768679","NAME":"Serena","NAMELSAD":"Serena CDP","ALAND":635862,"AWATER":0}},
{"type":"Feature","geometry":{"type":"Polygon","coordinates":[[[-90.59183,41.31323],[-90.58965,41.30578],[-90.56976,41.3054],[-90.56704,41.3197],[-90.58871,41.32046],[-90.59183,41.31323]]]},"properties":{"GEOID":"1761782","NAME":"Preemption","NAMELSAD":"Preemption CDP","ALAND":2876097,"AWATER":0}},
{"type":"Feature","geometry":{"type":"Polygon","coordinates":[[[-90.51752,41.27318],[-90.49837,41.27366],[-90.49376,41.28822],[-90.51797,41.28639],[-90.51199,41.27775],[-90.51752,41.27318]]]},"properties":{"GEOID":"1710305","NAME":"Cable","NAMELSAD":"Cable CDP","ALAND":2943016,"AWATER":0}},
{"type":"Feature","geometry":{"type":"Polygon","coordinates":[[[-89.40047,41.83109],[-89.37099,41.83034],[-89.37096,41.83758],[-89.40046,41.83757],[-89.40047,41.83109]]]},"properties":{"GEOID":"1751544","NAME":"Nachusa","NAMELSAD":"Nachusa CDP","ALAND":1978443,"AWATER":0}},
{"type":"Feature","geometry":{"type":"Polygon","coordinates":[[[-89.65983,42.33751],[-89.65684,42.3305],[-89.63838,42.32257],[-89.6122,42.32119],[-89.61241,42.33033],[-89.62224,42.33023],[-89.62229,42.34484],[-89.64718,42.34591],[-89.65231,42.33772],[-89.65983,42.33751]]]},"properties":{"GEOID":"1782029","NAME":"Willow Lake","NAMELSAD":"Willow Lake CDP","ALAND":7075212,"AWATER":95514}},
{"type":"Feature","geometry":{"type":"Polygon","coordinates":[[[-90.73548,41.44143],[-90.73426,41.43039],[-90.72461,41.43403],[-90.71043,41.43491],[-90.71011,41.43036],[-90.69613,41.43027],[-90.69608,41.43747],[-90.70567,41.43758],[-90.71503,41.44497],[-90.73548,41.44143]]]},"properties":{"GEOID":"1701426","NAME":"Andalusia","NAMELSAD":"Andalusia village","ALAND":3042182,"AWATER":1161}},
{"type":"Feature","geometry":{"type":"Polygon","coordinates":[[[-90.53956,41.51106],[-90.53729,41.50959],[-90.53761,41.48838],[-90.53282,41.47038],[-90.53781,41.46436],[-90.50891,41.46399],[-90.50328,41.45676],[-90.49071,41.45773],[-90.48494,41.45278],[-90.48571,41.44266],[-90.50901,41.4379],[-90.51779,41.44314],[-90.53255,41.44397],[-90.53754,41.44696],[-90.5377,41.44226],[-90.52807,41.43555],[-90.50666,41.43778],[-90.50441,41.42265],[-90.49969,41.42096],[-90.49976,41.43907],[-90.48826,41.44167],[-90.48129,41.44419],[-90.47839,41.4531],[-90.47643,41.45363],[-90.46206,41.4581],[-90.44723,41.45237],[-90.44305,41.45263],[-90.44306,41.45009],[-90.44997,41.44755],[-90.45144,41.4393],[-90.4418,41.44284],[-90.4418,41.44684],[-90.44213,41.45773],[-90.44686,41.45773],[-90.44675,41.46906],[-90.43379,41.4711],[-90.4321,41.4789],[-90.45591,41.47864],[-90.46091,41.48601],[-90.46053,41.51834],[-90.47263,41.51521],[-90.51289,41.51299],[-90.51996,41.50875],[-90.53956,41.51106]]]},"properties":{"GEOID":"1749867","NAME":"Moline","NAMELSAD":"Moline city","ALAND":43426568,"AWATER":435672}},
{"type":"Feature","geometry":{"type":"Polygon","coordinates":[[[-90.33002,41.59079],[-90.32557,41.59077],[-90.32529,41.61988],[-90.31469,41.61622],[-90.30707,41.61996],[-90.31094,41.62738],[-90.3252,41.62712],[-90.32522,41.63518],[-90.3372,41.63084],[-90.33762,41.59678],[-90.33564,41.59065],[-90.33002,41.59079]]]},"properties":{"GEOID":"1761223","NAME":"Port Byron","NAMELSAD":"Port Byron village","ALAND":6287320,"AWATER":144231}},
{"type":"Feature","geometry":{"type":"Polygon","coordinates":[[[-90.33564,41.59065],[-90.34001,41.58337],[-90.34756,41.58329],[-90.35678,41.57735],[-90.35697,41.5708],[-90.3276,41.57073],[-90.33002,41.59079],[-90.33564,41.59065]]]},"properties":{"GEOID":"1762822","NAME":"Rapids City","NAMELSAD":"Rapids City village","ALAND":4211459,"AWATER":0}},
{"type":"Feature","geometry":{"type":"Polygon","coordinates":[[[-89.66727,41.17741],[-89.65775,41.17287],[-89.64816,41.1789],[-89.66131,41.17962],[-89.66727,41.17741]]]},"properties":{"GEOID":"1707692","NAME":"Bradford","NAMELSAD":"Bradford village","ALAND":1031729,"AWATER":0}},
{"type":"Feature","geometry":{"type":"MultiPolygon","coordinates":[[[[-90.40426,41.48187],[-90.40924,41.47204],[-90.39855,41.46885],[-90.38614,41.47739],[-90.38639,41.48402],[-90.39918,41.48387],[-90.40365,41.48185],[-90.40426,41.48187]]],[[[-90.39648,41.51977],[-90.40699,41.52185],[-90.42546,41.52057],[-90.4264,41.51037],[-90.42475,41.50108],[-90.42479,41.49944],[-90.42489,41.49708],[-90.4249,41.49675],[-90.42516,41.4893],[-90.42526,41.48575],[-90.41244,41.47402],[-90.40544,41.48187],[-90.40795,41.48371],[-90.40585,41.48774],[-90.40095,41.48812],[-90.40103,41.49991],[-90.40596,41.5052],[-90.39645,41.51362],[-90.39648,41.51977]]]]},"properties":{"GEOID":"1769979","NAME":"Silvis","NAMELSAD":"Silvis city","ALAND":11092307,"AWATER":0}},
{"type":"Feature","geometry":{"type":"Polygon","coordinates":[[[-89.9127,39.75469],[-89.91262,39.74969],[-89.89391,39.74998],[-89.89423,39.76457],[-89.91045,39.76425],[-89.9127,39.75469]]]},"properties":{"GEOID":"1705443","NAME":"Berlin","NAMELSAD":"Berlin village","ALAND":2306806,"AWATER":0}},
{"type":"Feature","geometry":{"type":"Polygon","coordinates":[[[-89.70498,39.6983],[-89.72402,39.69814],[-89.71995,39.68364],[-89.71864,39.66899],[-89.70724,39.66642],[-89.70489,39.6487],[-89.70883,39.64866],[-89.70856,39.63277],[-89.68086,39.63296],[-89.68097,39.63947],[-89.70401,39.64008],[-89.70427,39.65465],[-89.69532,39.65478],[-89.69536,39.66782],[-89.66706,39.66572],[-89.66711,39.66942],[-89.66718,39.67788],[-89.6672,39.68054],[-89.68149,39.68415],[-89.68157,39.6915],[-89.66735,39.69149],[-89.66745,39.69775],[-89.67196,39.69859],[-89.67372,39.69857],[-89.67585,39.7022],[-89.68103,39.70327],[-89.6811,39.7011],[-89.69149,39.69833],[-89.69652,39.68937],[-89.70488,39.69295],[-89.70498,39.6983]]]},"properties":{"GEOID":"1712684","NAME":"Chatham","NAMELSAD":"Chatham village","ALAND":19473310,"AWATER":10806}},
{"type":"Feature","geometry":{"type":"Polygon","coordinates":[[[-89.61096,39.82264],[-89.62482,39.81894],[-89.62499,39.81342],[-89.61646,39.81347],[-89.61096,39.82264]]]},"properties":{"GEOID":"1730835","NAME":"Grandview","NAMELSAD":"Grandview village","ALAND":867715,"AWATER":0}},
{"type":"Feature","geometry":{"type":"Polygon","coordinates":[[[-89.26457,39.85261],[-89.26461,39.84246],[-89.25522,39.8428],[-89.25523,39.84975],[-89.26457,39.85261]]]},"properties":{"GEOID":"1737127","NAME":"Illiopolis","NAMELSAD":"Illiopolis village","ALAND":1753769,"AWATER":0}},
{"type":"Feature","geometry":{"type":"Polygon","coordinates":[[[-89.68693,39.77144],[-89.68686,39.76412],[-89.66841,39.76569],[-89.67129,39.77156],[-89.6822,39.77148],[-89.68693,39.77144]]]},"properties":{"GEOID":"1738375","NAME":"Jerome","NAMELSAD":"Jerome village","ALAND":1195469,"AWATER":0}},
{"type":"Feature","geometry":{"type":"Polygon","coordinates":[[[-89.93788,39.88008],[-89.92944,39.877],[-89.92837,39.86548],[-89.90952,39.8655],[-89.91059,39.87554],[-89.90733,39.8814],[-89.92641,39.8841],[-89.92944,39.87798],[-89.93788,39.88008]]]},"properties":{"GEOID":"1760599","NAME":"Pleasant Plains","NAMELSAD":"Pleasant Plains village","ALAND":3588045,"AWATER":0}},
{"type":"Feature","geometry":{"type":"Polygon","coordinates":[[[-89.6511,39.74283],[-89.64763,39.75287],[-89.6484,39.76451],[-89.6551,39.76358],[-89.66068,39.75346],[-89.65382,39.75174],[-89.65353,39.74277],[-89.6511,39.74283]]]},"properties":{"GEOID":"1770759","NAME":"Southern View","NAMELSAD":"Southern View village","ALAND":1734712,"AWATER":6296}},
{"type":"Feature","geometry":{"type":"Polygon","coordinates":[[[-88.74974,42.39468],[-88.73458,42.39322],[-88.72537,42.39686],[-88.73031,42.40393],[-88.74953,42.40421],[-88.74974,42.39468]]]},"properties":{"GEOID":"1711124","NAME":"Capron","NAMELSAD":"Capron village","ALAND":1999785,"AWATER":1372}},
{"type":"Feature","geometry":{"type":"Polygon","coordinates":[[[-88.21263,41.34722],[-88.22946,41.3479],[-88.22918,41.34163],[-88.22102,41.34169],[-88.21461,41.34721],[-88.21263,41.34722]]]},"properties":{"GEOID":"1744784","NAME":"Lorenzo","NAMELSAD":"Lorenzo CDP","ALAND":801148,"AWATER":0}},
{"type":"Feature","geometry":{"type":"Polygon","coordinates":[[[-88.4991,41.78825],[-88.49912,41.79376],[-88.49069,41.80122],[-88.50914,41.80035],[-88.50713,41.7723],[-88.52349,41.77233],[-88.52811,41.76851],[-88.55663,41.76851],[-88.5763,41.77149],[-88.57637,41.76376],[-88.55689,41.76399],[-88.55687,41.75334],[-88.53724,41.75348],[-88.53772,41.76233],[-88.52307,41.76081],[-88.52226,41.75168],[-88.51322,41.75278],[-88.5084,41.76428],[-88.50404,41.76489],[-88.5041,41.78608],[-88.49906,41.78605],[-88.4991,41.78825]]]},"properties":{"GEOID":"1705976","NAME":"Big Rock","NAMELSAD":"Big Rock village","ALAND":11184280,"AWATER":0}},
{"type":"Feature","geometry":{"type":"MultiPolygon","coordinates":[[[[-88.58144,42.04685],[-88.57744,42.03622],[-88.56278,42.03994],[-88.56341,42.05062],[-88.57786,42.05173],[-88.58144,42.04685]]],[[[-88.5384,42.02944],[-88.58232,42.02889],[-88.58211,42.01782],[-88.57251,42.02159],[-88.55833,42.01818],[-88.5383,42.01845],[-88.52845,42.02215],[-88.5384,42.02944]]],[[[-88.5384,42.02944],[-88.53363,42.04034],[-88.52267,42.05491],[-88.52281,42.06667],[-88.54327,42.06656],[-88.54338,42.06123],[-88.55153,42.05648],[-88.56815,42.06631],[-88.57776,42.06171],[-88.58713,42.06169],[-88.58732,42.05456],[-88.55833,42.04997],[-88.55333,42.0456],[-88.53854,42.04394],[-88.5384,42.02944]]]]},"properties":{"GEOID":"1709759","NAME":"Burlington","NAMELSAD":"Burlington village","ALAND":17753545,"AWATER":0}},
{"type":"Feature","geometry":{"type":"Polygon","coordinates":[[[-89.88294,38.5338],[-89.87999,38.52657],[-89.86428,38.52441],[-89.86437,38.53295],[-89.85101,38.5332],[-89.84805,38.5295],[-89.83654,38.53284],[-89.8237,38.53274],[-89.82493,38.53746],[-89.82282,38.53954],[-89.82283,38.54042],[-89.82745,38.54709],[-89.83661,38.54898],[-89.83663,38.55473],[-89.86439,38.55708],[-89.87369,38.54847],[-89.87151,38.53365],[-89.88294,38.5338]]]},"properties":{"GEOID":"1768328","NAME":"Scott AFB","NAMELSAD":"Scott AFB CDP","ALAND":11232028,"AWATER":71982}},
{"type":"Feature","geometry":{"type":"Polygon","coordinates":[[[-88.1251,41.25497],[-88.1194,41.24495],[-88.10967,41.24417],[-88.10652,41.2562],[-88.11456,41.26515],[-88.12542,41.26596],[-88.1251,41.25497]]]},"properties":{"GEOID":"1764239","NAME":"Ritchie","NAMELSAD":"Ritchie CDP","ALAND":2679129,"AWATER":0}},
{"type":"Feature","geometry":{"type":"Polygon","coordinates":[[[-88.14761,41.57821],[-88.14734,41.56936],[-88.13999,41.5662],[-88.1401,41.56939],[-88.14273,41.57571],[-88.14761,41.57821]]]},"properties":{"GEOID":"1773872","NAME":"Sunnyland","NAMELSAD":"Sunnyland CDP","ALAND":514384,"AWATER":0}},
{"type":"Feature","geometry":{"type":"Polygon","coordinates":[[[-87.96927,41.35359],[-87.95952,41.34663],[-87.95011,41.34677],[-87.94626,41.35402],[-87.96927,41.35359]]]},"properties":{"GEOID":"1782257","NAME":"Wilton Center","NAMELSAD":"Wilton Center CDP","ALAND":1429200,"AWATER":0}},
{"type":"Feature","geometry":{"type":"Polygon","coordinates":[[[-88.45478,42.09945],[-88.46194,42.09583],[-88.4632,42.08188],[-88.44736,42.07765],[-88.44732,42.07418],[-88.44241,42.0742],[-88.43242,42.07636],[-88.4237,42.07202],[-88.42173,42.0614],[-88.41128,42.06753],[-88.41028,42.08516],[-88.42299,42.08869],[-88.42781,42.0959],[-88.42786,42.10877],[-88.4425,42.11034],[-88.45471,42.10293],[-88.45478,42.09945]]]},"properties":{"GEOID":"1759988","NAME":"Pingree Grove","NAMELSAD":"Pingree Grove village","ALAND":10465365,"AWATER":237844}},
{"type":"Feature","geometry":{"type":"MultiPolygon","coordinates":[[[[-88.34079,41.99076],[-88.35336,41.99219],[-88.35336,41.97023],[-88.34059,41.96973],[-88.34066,41.97779],[-88.32097,41.97474],[-88.29865,41.97571],[-88.29758,41.98603],[-88.26766,41.9863],[-88.26847,41.99775],[-88.26894,42.0045],[-88.2689,42.00585],[-88.28007,42.0126],[-88.30199,42.01269],[-88.30211,42.00625],[-88.31747,42.00685],[-88.32059,42.00677],[-88.3263,42.00718],[-88.32735,41.99244],[-88.33103,41.98585],[-88.33141,41.98534],[-88.34079,41.99076]]],[[[-88.36487,41.99207],[-88.35613,41.98913],[-88.3599,41.98298],[-88.35963,41.97015],[-88.35376,41.97022],[-88.35377,41.99215],[-88.36487,41.99207]]]]},"properties":{"GEOID":"1770720","NAME":"South Elgin","NAMELSAD":"South Elgin village","ALAND":18955499,"AWATER":520486}},
{"type":"Feature","geometry":{"type":"Polygon","coordinates":[[[-88.35468,42.11057],[-88.35219,42.10346],[-88.33994,42.10349],[-88.33521,42.10349],[-88.33521,42.10339],[-88.31572,42.11024],[-88.31542,42.10265],[-88.33518,42.10004],[-88.33514,42.09623],[-88.31566,42.09589],[-88.31446,42.10112],[-88.29673,42.09917],[-88.29677,42.08133],[-88.29658,42.07419],[-88.27404,42.07309],[-88.28036,42.08538],[-88.27335,42.09261],[-88.28469,42.10345],[-88.31039,42.11138],[-88.32125,42.11687],[-88.33507,42.11784],[-88.33943,42.11788],[-88.34085,42.11789],[-88.34503,42.11789],[-88.34631,42.11785],[-88.35468,42.11057]]]},"properties":{"GEOID":"1780125","NAME":"West Dundee","NAMELSAD":"West Dundee village","ALAND":10407113,"AWATER":300523}},
{"type":"Feature","geometry":{"type":"Polygon","coordinates":[[[-88.19266,38.99107],[-88.18117,38.98856],[-88.16722,38.97713],[-88.15326,38.97303],[-88.1547,38.98253],[-88.1455,38.99038],[-88.15477,38.99462],[-88.17964,38.99465],[-88.19266,38.99107]]]},"properties":{"GEOID":"1752844","NAME":"Newton","NAMELSAD":"Newton city","ALAND":5460630,"AWATER":0}},
{"type":"Feature","geometry":{"type":"Polygon","coordinates":[[[-87.8086,40.30729],[-87.80128,40.29978],[-87.79454,40.30437],[-87.8086,40.30729]]]},"properties":{"GEOID":"1761366","NAME":"Potomac","NAMELSAD":"Potomac village","ALAND":1264175,"AWATER":0}},
{"type":"Feature","geometry":{"type":"Polygon","coordinates":[[[-89.34165,42.43685],[-89.33156,42.42379],[-89.32188,42.42378],[-89.32461,42.43917],[-89.34165,42.43685]]]},"properties":{"GEOID":"1721280","NAME":"Durand","NAMELSAD":"Durand village","ALAND":2380072,"AWATER":0}},
{"type":"Feature","geometry":{"type":"Polygon","coordinates":[[[-89.05987,42.47054],[-89.07195,42.47192],[-89.07959,42.4608],[-89.08949,42.45689],[-89.09896,42.44733],[-89.09895,42.4412],[-89.08923,42.43358],[-89.07779,42.42989],[-89.07904,42.41186],[-89.05976,42.41207],[-89.04877,42.41594],[-89.04882,42.42045],[-89.04985,42.43053],[-89.05831,42.44594],[-89.05504,42.44851],[-89.02953,42.44903],[-89.02948,42.44179],[-89.01941,42.44923],[-89.02106,42.45647],[-89.02042,42.45978],[-89.02193,42.46266],[-89.0395,42.46292],[-89.04927,42.45961],[-89.05697,42.46319],[-89.0594,42.46427],[-89.05966,42.4659],[-89.05998,42.47038],[-89.05987,42.47054]],[[-89.06985,42.42059],[-89.06986,42.42646],[-89.05458,42.42765],[-89.05279,42.42299],[-89.06985,42.42059]]]},"properties":{"GEOID":"1765156","NAME":"Rockton","NAMELSAD":"Rockton village","ALAND":17772240,"AWATER":554116}},
{"type":"Feature","geometry":{"type":"Polygon","coordinates":[[[-89.05976,42.41207],[-89.05501,42.39784],[-89.04698,42.39045],[-89.04644,42.3968],[-89.03783,42.41252],[-89.01643,42.41293],[-89.01255,42.4103],[-89.0123,42.39901],[-89.01705,42.38388],[-89.00779,42.38402],[-89.00939,42.39128],[-88.99738,42.39146],[-88.99474,42.39149],[-88.97434,42.38884],[-88.96706,42.38952],[-88.97815,42.39544],[-88.9843,42.40621],[-89.00495,42.40588],[-89.00432,42.41279],[-88.99344,42.41508],[-88.98995,42.42428],[-88.99296,42.43372],[-88.98714,42.44247],[-88.9651,42.44648],[-88.97028,42.45177],[-88.98643,42.44974],[-88.99011,42.45694],[-88.99539,42.45965],[-88.99526,42.46295],[-89.00496,42.46398],[-89.00439,42.47125],[-89.01003,42.47843],[-89.01917,42.47831],[-89.01944,42.47831],[-89.0194,42.4721],[-89.01939,42.47104],[-89.02042,42.45978],[-89.02106,42.45647],[-89.01468,42.44932],[-88.99468,42.45056],[-88.99178,42.44242],[-89.01689,42.44208],[-89.01941,42.44923],[-89.02948,42.44179],[-89.02668,42.4344],[-89.01919,42.43018],[-89.02008,42.42289],[-89.03326,42.41527],[-89.03952,42.42715],[-89.04887,42.42701],[-89.04882,42.42045],[-89.04877,42.41594],[-89.05976,42.41207]]]},"properties":{"GEOID":"1765611","NAME":"Roscoe","NAMELSAD":"Roscoe village","ALAND":26585296,"AWATER":200074}},
{"type":"Feature","geometry":{"type":"Polygon","coordinates":[[[-89.25124,42.27228],[-89.25095,42.25966],[-89.24188,42.26152],[-89.23875,42.25431],[-89.22418,42.25448],[-89.23184,42.27252],[-89.2482,42.28139],[-89.25124,42.27228]]]},"properties":{"GEOID":"1782491","NAME":"Winnebago","NAMELSAD":"Winnebago village","ALAND":5007763,"AWATER":0}},
{"type":"Feature","geometry":{"type":"Polygon","coordinates":[[[-88.24854,39.37478],[-88.24264,39.37392],[-88.24387,39.37731],[-88.24854,39.37478]]]},"properties":{"GEOID":"1738232","NAME":"Janesville","NAMELSAD":"Janesville CDP","ALAND":159033,"AWATER":0}},
{"type":"Feature","geometry":{"type":"Polygon","coordinates":[[[-91.25429,39.91203],[-91.25204,39.90323],[-91.24599,39.89996],[-91.24524,39.91198],[-91.25429,39.91203]]]},"properties":{"GEOID":"1710006","NAME":"Burton","NAMELSAD":"Burton CDP","ALAND":853794,"AWATER":0}},
{"type":"Feature","geometry":{"type":"Polygon","coordinates":[[[-91.03202,39.82316],[-91.03013,39.81586],[-91.02145,39.82238],[-91.03202,39.82316]]]},"properties":{"GEOID":"1740052","NAME":"Kingston","NAMELSAD":"Kingston CDP","ALAND":551280,"AWATER":0}},
{"type":"Feature","geometry":{"type":"Polygon","coordinates":[[[-89.49694,42.14431],[-89.49689,42.13747],[-89.48693,42.13754],[-89.48692,42.14299],[-89.49694,42.14431]]]},"properties":{"GEOID":"1700295","NAME":"Adeline","NAMELSAD":"Adeline village","ALAND":689518,"AWATER":0}},
{"type":"Feature","geometry":{"type":"Polygon","coordinates":[[[-89.29803,42.10741],[-89.27794,42.10043],[-89.2586,42.10219],[-89.25871,42.10764],[-89.24902,42.10957],[-89.24839,42.12507],[-89.23996,42.12298],[-89.23341,42.12836],[-89.24553,42.13174],[-89.24933,42.14085],[-89.25792,42.13858],[-89.27683,42.13871],[-89.27352,42.11641],[-89.27318,42.10207],[-89.27797,42.10197],[-89.27831,42.11656],[-89.29294,42.11277],[-89.29803,42.10741]]]},"properties":{"GEOID":"1710240","NAME":"Byron","NAMELSAD":"Byron city","ALAND":12042012,"AWATER":4203}},
{"type":"Feature","geometry":{"type":"Polygon","coordinates":[[[-89.58917,42.14214],[-89.58426,42.13493],[-89.58541,42.11858],[-89.5694,42.12045],[-89.56871,42.13066],[-89.58183,42.13494],[-89.58917,42.14214]]]},"properties":{"GEOID":"1727065","NAME":"Forreston","NAMELSAD":"Forreston village","ALAND":2443591,"AWATER":0}},
{"type":"Feature","geometry":{"type":"Polygon","coordinates":[[[-89.06573,41.94852],[-89.06459,41.95867],[-89.04438,41.95988],[-89.04442,41.95031],[-89.03458,41.94887],[-89.03451,41.95614],[-89.02502,41.95626],[-89.02547,41.96719],[-89.03469,41.96339],[-89.07795,41.9628],[-89.07925,41.96644],[-89.06287,41.97036],[-89.0652,41.98495],[-89.08955,41.98467],[-89.08945,41.97742],[-89.08413,41.97002],[-89.08391,41.9603],[-89.07534,41.95559],[-89.07514,41.9485],[-89.06851,41.94852],[-89.06573,41.94852]]]},"properties":{"GEOID":"1734982","NAME":"Hillcrest","NAMELSAD":"Hillcrest village","ALAND":9190651,"AWATER":0}},
{"type":"Feature","geometry":{"type":"Polygon","coordinates":[[[-89.44537,42.05244],[-89.44172,42.04214],[-89.42032,42.04043],[-89.41742,42.04361],[-89.42238,42.055],[-89.44209,42.05737],[-89.44537,42.05244]]]},"properties":{"GEOID":"1750998","NAME":"Mount Morris","NAMELSAD":"Mount Morris village","ALAND":4039926,"AWATER":0}},
{"type":"Feature","geometry":{"type":"Polygon","coordinates":[[[-89.3525,42.01949],[-89.35279,42.01079],[-89.34682,42.0039],[-89.3278,42.00069],[-89.32913,42.01811],[-89.33414,42.02646],[-89.34598,42.02515],[-89.3525,42.01949]]]},"properties":{"GEOID":"1756484","NAME":"Oregon","NAMELSAD":"Oregon city","ALAND":4990978,"AWATER":176296}},
{"type":"Feature","geometry":{"type":"Polygon","coordinates":[[[-88.34321,41.72051],[-88.34907,41.71532],[-88.3463,41.70349],[-88.3337,41.70066],[-88.33389,41.70741],[-88.32022,41.70755],[-88.32021,41.70804],[-88.32211,41.71906],[-88.34321,41.72051]]]},"properties":{"GEOID":"1707419","NAME":"Boulder Hill","NAMELSAD":"Boulder Hill CDP","ALAND":3770796,"AWATER":17987}},
{"type":"Feature","geometry":{"type":"Polygon","coordinates":[[[-88.11965,42.42466],[-88.14012,42.42081],[-88.14025,42.40805],[-88.13689,42.40087],[-88.12222,42.40096],[-88.12231,42.40819],[-88.10812,42.4082],[-88.10683,42.41545],[-88.11321,42.41543],[-88.11572,42.41542],[-88.11797,42.41543],[-88.11987,42.42401],[-88.11965,42.42466]]]},"properties":{"GEOID":"1727455","NAME":"Fox Lake Hills","NAMELSAD":"Fox Lake Hills CDP","ALAND":3284782,"AWATER":1397861}},
{"type":"Feature","geometry":{"type":"Polygon","coordinates":[[[-88.14971,42.3827],[-88.14971,42.38249],[-88.13988,42.3723],[-88.13989,42.36502],[-88.13006,42.36485],[-88.12739,42.36749],[-88.12678,42.36734],[-88.11452,42.36472],[-88.10951,42.37918],[-88.11243,42.38365],[-88.11184,42.38284],[-88.11332,42.3874],[-88.12008,42.38305],[-88.13457,42.38127],[-88.14971,42.3827]]]},"properties":{"GEOID":"1744550","NAME":"Long Lake","NAMELSAD":"Long Lake CDP","ALAND":3056289,"AWATER":1552742}},
{"type":"Feature","geometry":{"type":"Polygon","coordinates":[[[-88.053,42.40916],[-88.058,42.40195],[-88.07083,42.39838],[-88.06416,42.39229],[-88.0473,42.38997],[-88.0288,42.39336],[-88.02872,42.39699],[-88.03494,42.40921],[-88.03567,42.40945],[-88.04081,42.41416],[-88.0529,42.41528],[-88.053,42.40916]]]},"properties":{"GEOID":"1777460","NAME":"Venetian Village","NAMELSAD":"Venetian Village CDP","ALAND":4586883,"AWATER":1578617}},
{"type":"Feature","geometry":{"type":"Polygon","coordinates":[[[-88.6332,42.45102],[-88.644,42.43896],[-88.63589,42.44397],[-88.6332,42.45102]]]},"properties":{"GEOID":"1742392","NAME":"Lawrence","NAMELSAD":"Lawrence CDP","ALAND":952079,"AWATER":0}},
{"type":"Feature","geometry":{"type":"Polygon","coordinates":[[[-88.52092,42.2781],[-88.52091,42.27333],[-88.51023,42.27312],[-88.51103,42.27727],[-88.52092,42.2781]]]},"properties":{"GEOID":"1727728","NAME":"Franklinville","NAMELSAD":"Franklinville CDP","ALAND":430764,"AWATER":0}},
{"type":"Feature","geometry":{"type":"Polygon","coordinates":[[[-89.38812,37.1896],[-89.38741,37.16458],[-89.38343,37.1567],[-89.36656,37.15647],[-89.36058,37.15315],[-89.34508,37.15857],[-89.32896,37.15195],[-89.32171,37.15908],[-89.32149,37.18092],[-89.31748,37.18846],[-89.32124,37.1958],[-89.36872,37.19624],[-89.36888,37.1892],[-89.38812,37.1896]]]},"properties":{"GEOID":"1755847","NAME":"Olive Branch","NAMELSAD":"Olive Branch CDP","ALAND":24467108,"AWATER":15950}},
{"type":"Feature","geometry":{"type":"Polygon","coordinates":[[[-89.42821,41.89668],[-89.41463,41.88618],[-89.41259,41.89382],[-89.40372,41.89991],[-89.39856,41.91183],[-89.42105,41.91182],[-89.42055,41.89893],[-89.42821,41.89668]]]},"properties":{"GEOID":"1730705","NAME":"Grand Detour","NAMELSAD":"Grand Detour CDP","ALAND":3029748,"AWATER":631354}},
{"type":"Feature","geometry":{"type":"Polygon","coordinates":[[[-89.78102,41.76302],[-89.77248,41.75655],[-89.76117,41.76436],[-89.75011,41.76512],[-89.74543,41.77232],[-89.77219,41.77225],[-89.78102,41.76302]]]},"properties":{"GEOID":"1715950","NAME":"Como","NAMELSAD":"Como CDP","ALAND":2759823,"AWATER":226526}},
{"type":"Feature","geometry":{"type":"Polygon","coordinates":[[[-90.18556,42.44629],[-90.17833,42.4372],[-90.18204,42.42984],[-90.18217,42.41907],[-90.17532,42.41561],[-90.16275,42.41559],[-90.16257,42.40458],[-90.14792,42.40806],[-90.14772,42.42292],[-90.14285,42.42452],[-90.14561,42.43651],[-90.15837,42.43673],[-90.16338,42.4483],[-90.18078,42.45122],[-90.18556,42.44629]]]},"properties":{"GEOID":"1701647","NAME":"Apple Canyon Lake","NAMELSAD":"Apple Canyon Lake CDP","ALAND":9624129,"AWATER":1698880}},
{"type":"Feature","geometry":{"type":"Polygon","coordinates":[[[-89.32576,37.78929],[-89.31481,37.79785],[-89.32245,37.80926],[-89.33071,37.80622],[-89.35128,37.8079],[-89.34823,37.78635],[-89.33213,37.78929],[-89.32576,37.78929]]]},"properties":{"GEOID":"1733162","NAME":"Harrison","NAMELSAD":"Harrison CDP","ALAND":5461447,"AWATER":94390}},
{"type":"Feature","geometry":{"type":"Polygon","coordinates":[[[-89.19797,40.14675],[-89.19796,40.1358],[-89.18786,40.13785],[-89.18798,40.15032],[-89.19797,40.14675]]]},"properties":{"GEOID":"1704403","NAME":"Beason","NAMELSAD":"Beason CDP","ALAND":1125146,"AWATER":0}},
{"type":"Feature","geometry":{"type":"Polygon","coordinates":[[[-89.40539,39.9394],[-89.40496,39.93468],[-89.39807,39.9371],[-89.40539,39.9394]]]},"properties":{"GEOID":"1716431","NAME":"Cornland","NAMELSAD":"Cornland CDP","ALAND":245576,"AWATER":0}},
{"type":"Feature","geometry":{"type":"Polygon","coordinates":[[[-88.81815,37.73136],[-88.81806,37.71699],[-88.79461,37.71695],[-88.79429,37.73256],[-88.81815,37.73136]]]},"properties":{"GEOID":"1717094","NAME":"Crab Orchard","NAMELSAD":"Crab Orchard CDP","ALAND":3609769,"AWATER":90639}},
{"type":"Feature","geometry":{"type":"Polygon","coordinates":[[[-87.67981,39.22273],[-87.67986,39.20875],[-87.67687,39.20156],[-87.6661,39.20137],[-87.66612,39.2087],[-87.64729,39.20855],[-87.64732,39.21576],[-87.6567,39.21586],[-87.65658,39.22328],[-87.67981,39.22273]]]},"properties":{"GEOID":"1780879","NAME":"West Union","NAMELSAD":"West Union CDP","ALAND":4681982,"AWATER":0}},
{"type":"Feature","geometry":{"type":"Polygon","coordinates":[[[-90.1658,40.96458],[-90.15754,40.95356],[-90.14663,40.95332],[-90.13331,40.94559],[-90.12752,40.95053],[-90.10895,40.95326],[-90.10305,40.95793],[-90.1072,40.96906],[-90.10343,40.97522],[-90.11983,40.97385],[-90.12745,40.97879],[-90.15145,40.97817],[-90.1658,40.96458]]]},"properties":{"GEOID":"1754924","NAME":"Oak Run","NAMELSAD":"Oak Run CDP","ALAND":11075595,"AWATER":2262871}},
{"type":"Feature","geometry":{"type":"Polygon","coordinates":[[[-90.51289,41.51299],[-90.51313,41.51953],[-90.54093,41.52613],[-90.55623,41.52423],[-90.58007,41.51225],[-90.55868,41.51064],[-90.53956,41.51106],[-90.51996,41.50875],[-90.51289,41.51299]]]},"properties":{"GEOID":"1765104","NAME":"Rock Island Arsenal","NAMELSAD":"Rock Island Arsenal CDP","ALAND":4068745,"AWATER":2957068}},
{"type":"Feature","geometry":{"type":"Polygon","coordinates":[[[-88.22297,41.94771],[-88.2517,41.95471],[-88.26245,41.96086],[-88.26334,41.96689],[-88.27427,41.97502],[-88.28255,41.95446],[-88.29737,41.95763],[-88.2991,41.95181],[-88.30992,41.95319],[-88.31191,41.94986],[-88.30836,41.94994],[-88.30576,41.94952],[-88.29387,41.9485],[-88.28777,41.9373],[-88.28141,41.93892],[-88.27703,41.94027],[-88.27281,41.94665],[-88.26446,41.94794],[-88.26268,41.93703],[-88.23756,41.93601],[-88.23022,41.92885],[-88.22445,41.93568],[-88.20863,41.93569],[-88.20842,41.94385],[-88.21325,41.94823],[-88.22297,41.94771]]]},"properties":{"GEOID":"1779397","NAME":"Wayne","NAMELSAD":"Wayne village","ALAND":14840242,"AWATER":242096}},
{"type":"Feature","geometry":{"type":"Polygon","coordinates":[[[-87.97973,42.39863],[-87.97278,42.40398],[-87.94845,42.40659],[-87.94754,42.42421],[-87.95547,42.43674],[-87.96341,42.4631],[-87.96569,42.46561],[-87.99176,42.46591],[-87.99188,42.45266],[-87.99688,42.44418],[-88.0101,42.44183],[-88.00912,42.43702],[-88.0084,42.42415],[-88.00378,42.42369],[-88.00379,42.42279],[-88.00723,42.42245],[-88.00654,42.41852],[-88.00398,42.40462],[-87.99736,42.39693],[-87.98665,42.39683],[-87.97973,42.39863]]]},"properties":{"GEOID":"1755639","NAME":"Old Mill Creek","NAMELSAD":"Old Mill Creek village","ALAND":27623513,"AWATER":452141}},
{"type":"Feature","geometry":{"type":"Polygon","coordinates":[[[-88.22863,40.09522],[-88.21421,40.09457],[-88.214,40.08344],[-88.20933,40.07645],[-88.19987,40.07649],[-88.19995,40.08361],[-88.19061,40.08364],[-88.19045,40.07287],[-88.18327,40.07291],[-88.18109,40.08384],[-88.16215,40.084],[-88.16293,40.12142],[-88.17226,40.12597],[-88.19119,40.12747],[-88.19659,40.13115],[-88.18499,40.13752],[-88.17704,40.13454],[-88.17382,40.14211],[-88.19145,40.14928],[-88.20084,40.14319],[-88.20418,40.12559],[-88.21624,40.12831],[-88.21402,40.13519],[-88.22364,40.15],[-88.23396,40.13098],[-88.22904,40.12929],[-88.22862,40.10057],[-88.22869,40.09811],[-88.22863,40.09522]],[[-88.18443,40.11397],[-88.17679,40.12021],[-88.16735,40.10592],[-88.17665,40.10584],[-88.17462,40.11361],[-88.18443,40.11397]]]},"properties":{"GEOID":"1777005","NAME":"Urbana","NAMELSAD":"Urbana city","ALAND":30673358,"AWATER":186870}},
{"type":"Feature","geometry":{"type":"Polygon","coordinates":[[[-90.21924,39.69593],[-90.21939,39.70866],[-90.21519,39.71593],[-90.24803,39.716],[-90.24802,39.71344],[-90.23643,39.70126],[-90.23804,39.68705],[-90.22912,39.68409],[-90.21911,39.68599],[-90.21921,39.69403],[-90.21924,39.69593]]]},"properties":{"GEOID":"1770889","NAME":"South Jacksonville","NAMELSAD":"South Jacksonville village","ALAND":5860704,"AWATER":138448}},
{"type":"Feature","geometry":{"type":"Polygon","coordinates":[[[-89.84078,42.39364],[-89.8353,42.38764],[-89.83327,42.36624],[-89.80886,42.36424],[-89.80873,42.35696],[-89.79738,42.35779],[-89.81363,42.37346],[-89.81394,42.39959],[-89.82077,42.39461],[-89.84078,42.39364]]]},"properties":{"GEOID":"1742834","NAME":"Lena","NAMELSAD":"Lena village","ALAND":6879385,"AWATER":0}},
{"type":"Feature","geometry":{"type":"Polygon","coordinates":[[[-87.71192,41.55713],[-87.71347,41.54975],[-87.69853,41.54983],[-87.69901,41.55716],[-87.68501,41.5643],[-87.67987,41.57177],[-87.66548,41.57181],[-87.66553,41.57903],[-87.65595,41.57906],[-87.65588,41.58634],[-87.70659,41.58621],[-87.70443,41.56444],[-87.71192,41.55713]]]},"properties":{"GEOID":"1733695","NAME":"Hazel Crest","NAMELSAD":"Hazel Crest village","ALAND":9341373,"AWATER":54790}},
{"type":"Feature","geometry":{"type":"Polygon","coordinates":[[[-87.89076,41.95803],[-87.88539,41.94556],[-87.8542,41.94599],[-87.85795,41.95534],[-87.85415,41.97143],[-87.86185,41.97336],[-87.88088,41.97308],[-87.88056,41.95712],[-87.89076,41.95803]]]},"properties":{"GEOID":"1768081","NAME":"Schiller Park","NAMELSAD":"Schiller Park village","ALAND":7173315,"AWATER":0}},
{"type":"Feature","geometry":{"type":"Polygon","coordinates":[[[-88.87751,39.804],[-88.87256,39.79582],[-88.8824,39.7912],[-88.87647,39.7911],[-88.86235,39.80331],[-88.8676,39.81293],[-88.84744,39.81204],[-88.84004,39.79874],[-88.83065,39.79882],[-88.83066,39.79157],[-88.82122,39.79166],[-88.82126,39.7989],[-88.81188,39.80505],[-88.86632,39.81842],[-88.86651,39.8202],[-88.87337,39.82011],[-88.87802,39.8119],[-88.87786,39.80556],[-88.87751,39.804]]]},"properties":{"GEOID":"1744498","NAME":"Long Creek","NAMELSAD":"Long Creek village","ALAND":7311362,"AWATER":0}},
{"type":"Feature","geometry":{"type":"Polygon","coordinates":[[[-89.03257,39.84664],[-89.08225,39.84561],[-89.08179,39.8564],[-89.08779,39.85633],[-89.08501,39.83681],[-89.07523,39.84126],[-89.05722,39.84126],[-89.05266,39.83844],[-89.02414,39.83754],[-89.03257,39.84664]]]},"properties":{"GEOID":"1733227","NAME":"Harristown","NAMELSAD":"Harristown village","ALAND":4930049,"AWATER":0}},
{"type":"Feature","geometry":{"type":"Polygon","coordinates":[[[-90.22485,39.94944],[-90.22203,39.94286],[-90.21059,39.93953],[-90.19964,39.95359],[-90.20986,39.95485],[-90.21632,39.96056],[-90.22485,39.94944]]]},"properties":{"GEOID":"1778201","NAME":"Virginia","NAMELSAD":"Virginia city","ALAND":3124876,"AWATER":166011}},
{"type":"Feature","geometry":{"type":"Polygon","coordinates":[[[-90.54446,39.75577],[-90.54475,39.74347],[-90.52595,39.74281],[-90.52572,39.75564],[-90.54446,39.75577]]]},"properties":{"GEOID":"1706899","NAME":"Bluffs","NAMELSAD":"Bluffs village","ALAND":2311823,"AWATER":0}},
{"type":"Feature","geometry":{"type":"Polygon","coordinates":[[[-87.85946,41.80528],[-87.85919,41.7984],[-87.8586,41.78361],[-87.83276,41.78373],[-87.83106,41.78513],[-87.83022,41.78586],[-87.82955,41.78699],[-87.82637,41.79864],[-87.81726,41.79893],[-87.81206,41.80617],[-87.83993,41.80564],[-87.85946,41.80528]]]},"properties":{"GEOID":"1745564","NAME":"McCook","NAMELSAD":"McCook village","ALAND":6770441,"AWATER":54864}},
{"type":"Feature","geometry":{"type":"Polygon","coordinates":[[[-89.19632,38.37185],[-89.19159,38.36723],[-89.17329,38.36692],[-89.17317,38.38464],[-89.19163,38.37176],[-89.19632,38.37185]]]},"properties":{"GEOID":"1763719","NAME":"Richview","NAMELSAD":"Richview village","ALAND":2974621,"AWATER":0}},
{"type":"Feature","geometry":{"type":"Polygon","coordinates":[[[-87.86811,41.87104],[-87.86706,41.84905],[-87.86546,41.84553],[-87.86533,41.84556],[-87.85489,41.84938],[-87.84273,41.85071],[-87.8432,41.86431],[-87.86316,41.87118],[-87.86811,41.87104]]]},"properties":{"GEOID":"1708446","NAME":"Broadview","NAMELSAD":"Broadview village","ALAND":4601714,"AWATER":0}},
{"type":"Feature","geometry":{"type":"Polygon","coordinates":[[[-89.01393,40.67911],[-89.01015,40.67194],[-88.99935,40.67209],[-88.99957,40.67935],[-89.01393,40.67911]]]},"properties":{"GEOID":"1739038","NAME":"Kappa","NAMELSAD":"Kappa village","ALAND":925064,"AWATER":0}},
{"type":"Feature","geometry":{"type":"Polygon","coordinates":[[[-89.39146,38.61252],[-89.4055,38.6182],[-89.40304,38.60782],[-89.38219,38.60863],[-89.37798,38.60675],[-89.35745,38.60625],[-89.36466,38.62463],[-89.35631,38.64298],[-89.37257,38.64294],[-89.38187,38.62459],[-89.37743,38.61761],[-89.38255,38.6112],[-89.39146,38.61252]]]},"properties":{"GEOID":"1711228","NAME":"Carlyle","NAMELSAD":"Carlyle city","ALAND":8869681,"AWATER":1882}},
{"type":"Feature","geometry":{"type":"Polygon","coordinates":[[[-89.81153,39.08958],[-89.81145,39.08557],[-89.79259,39.08586],[-89.79279,39.10073],[-89.81172,39.1004],[-89.81153,39.08958]]]},"properties":{"GEOID":"1705209","NAME":"Benld","NAMELSAD":"Benld city","ALAND":2745447,"AWATER":0}},
{"type":"Feature","geometry":{"type":"Polygon","coordinates":[[[-89.75487,38.97592],[-89.7551,38.99876],[-89.76462,38.99863],[-89.76469,38.98803],[-89.77369,38.98805],[-89.77343,38.97598],[-89.75487,38.97592]]]},"properties":{"GEOID":"1781815","NAME":"Williamson","NAMELSAD":"Williamson village","ALAND":3034050,"AWATER":121595}},
{"type":"Feature","geometry":{"type":"Polygon","coordinates":[[[-87.84959,41.93729],[-87.85217,41.91905],[-87.84001,41.91003],[-87.82785,41.9085],[-87.82545,41.90854],[-87.82625,41.93775],[-87.84959,41.93729]]]},"properties":{"GEOID":"1764343","NAME":"River Grove","NAMELSAD":"River Grove village","ALAND":6192765,"AWATER":0}},
{"type":"Feature","geometry":{"type":"Polygon","coordinates":[[[-88.51252,37.75941],[-88.52171,37.76302],[-88.52097,37.76191],[-88.51392,37.75942],[-88.51252,37.75941]]]},"properties":{"GEOID":"1751271","NAME":"Muddy","NAMELSAD":"Muddy village","ALAND":784962,"AWATER":2986}},
{"type":"Feature","geometry":{"type":"Polygon","coordinates":[[[-88.14632,41.85729],[-88.1467,41.83776],[-88.11983,41.84949],[-88.11134,41.84749],[-88.11127,41.83973],[-88.12106,41.8402],[-88.129,41.83641],[-88.12602,41.82905],[-88.10161,41.82881],[-88.10157,41.81844],[-88.09579,41.81848],[-88.09194,41.82227],[-88.07925,41.82378],[-88.0807,41.83714],[-88.08226,41.8445],[-88.08143,41.84557],[-88.08225,41.84718],[-88.0814,41.84913],[-88.0789,41.86656],[-88.08062,41.88896],[-88.09089,41.88845],[-88.11124,41.88804],[-88.12518,41.88213],[-88.12626,41.87527],[-88.13645,41.87051],[-88.14615,41.86982],[-88.14632,41.85729]]]},"properties":{"GEOID":"1781048","NAME":"Wheaton","NAMELSAD":"Wheaton city","ALAND":29322019,"AWATER":433148}},
{"type":"Feature","geometry":{"type":"Polygon","coordinates":[[[-87.62085,40.2638],[-87.61867,40.25283],[-87.60395,40.25266],[-87.60422,40.26731],[-87.62085,40.2638]]]},"properties":{"GEOID":"1706184","NAME":"Bismarck","NAMELSAD":"Bismarck village","ALAND":1925570,"AWATER":0}},
{"type":"Feature","geometry":{"type":"Polygon","coordinates":[[[-89.55938,38.55613],[-89.53749,38.54818],[-89.53053,38.54908],[-89.53205,38.56217],[-89.54012,38.55957],[-89.55384,38.55963],[-89.55938,38.55613]]]},"properties":{"GEOID":"1729041","NAME":"Germantown","NAMELSAD":"Germantown village","ALAND":2641606,"AWATER":0}},
{"type":"Feature","geometry":{"type":"Polygon","coordinates":[[[-89.81595,38.24911],[-89.81576,38.23449],[-89.75869,38.23436],[-89.74938,38.23531],[-89.74482,38.24188],[-89.73563,38.24557],[-89.73581,38.26785],[-89.77174,38.26798],[-89.78209,38.27161],[-89.78467,38.25598],[-89.81289,38.25678],[-89.81595,38.24911]]]},"properties":{"GEOID":"1746955","NAME":"Marissa","NAMELSAD":"Marissa village","ALAND":18684588,"AWATER":1880616}},
{"type":"Feature","geometry":{"type":"Polygon","coordinates":[[[-89.12077,38.54363],[-89.12401,38.55418],[-89.13362,38.55575],[-89.13186,38.54005],[-89.12077,38.54363]]]},"properties":{"GEOID":"1712151","NAME":"Central City","NAMELSAD":"Central City village","ALAND":1463290,"AWATER":0}},
{"type":"Feature","geometry":{"type":"Polygon","coordinates":[[[-89.22449,41.43732],[-89.2144,41.41912],[-89.20496,41.42443],[-89.21473,41.43744],[-89.22449,41.43732]]]},"properties":{"GEOID":"1712970","NAME":"Cherry","NAMELSAD":"Cherry village","ALAND":1372173,"AWATER":0}},
{"type":"Feature","geometry":{"type":"Polygon","coordinates":[[[-88.16615,40.01145],[-88.16608,39.99639],[-88.14714,39.99655],[-88.14723,40.01011],[-88.1565,40.00858],[-88.16615,40.01145]]]},"properties":{"GEOID":"1759533","NAME":"Philo","NAMELSAD":"Philo village","ALAND":2146862,"AWATER":0}},
{"type":"Feature","geometry":{"type":"Polygon","coordinates":[[[-90.03609,40.78048],[-90.02037,40.77831],[-90.00986,40.7785],[-90.0109,40.78406],[-90.01931,40.7833],[-90.02034,40.77883],[-90.03609,40.78048]]]},"properties":{"GEOID":"1783817","NAME":"Yates City","NAMELSAD":"Yates City village","ALAND":1276172,"AWATER":0}},
{"type":"Feature","geometry":{"type":"Polygon","coordinates":[[[-89.41549,39.85262],[-89.41555,39.84619],[-89.40281,39.84614],[-89.40272,39.85269],[-89.41549,39.85262]]]},"properties":{"GEOID":"1709434","NAME":"Buffalo","NAMELSAD":"Buffalo village","ALAND":893368,"AWATER":0}},
{"type":"Feature","geometry":{"type":"Polygon","coordinates":[[[-90.62484,39.2995],[-90.62498,39.29224],[-90.60243,39.29269],[-90.60827,39.3036],[-90.62028,39.30712],[-90.62484,39.2995]]]},"properties":{"GEOID":"1738856","NAME":"Kampsville","NAMELSAD":"Kampsville village","ALAND":2641046,"AWATER":569689}},
{"type":"Feature","geometry":{"type":"Polygon","coordinates":[[[-89.59427,37.98807],[-89.59452,37.97726],[-89.58518,37.9771],[-89.58521,37.98801],[-89.59427,37.98807]]]},"properties":{"GEOID":"1781867","NAME":"Willisville","NAMELSAD":"Willisville village","ALAND":1008528,"AWATER":0}},
{"type":"Feature","geometry":{"type":"Polygon","coordinates":[[[-89.00976,39.6948],[-89.00045,39.69405],[-88.99293,39.70259],[-88.98872,39.71994],[-89.00522,39.71666],[-89.00725,39.70577],[-89.00007,39.7042],[-89.0025,39.6946],[-89.00976,39.6948]]]},"properties":{"GEOID":"1745941","NAME":"Macon","NAMELSAD":"Macon city","ALAND":3281663,"AWATER":0}},
{"type":"Feature","geometry":{"type":"Polygon","coordinates":[[[-89.47837,42.41292],[-89.4672,42.41111],[-89.46587,42.41451],[-89.47837,42.41292]]]},"properties":{"GEOID":"1764837","NAME":"Rock City","NAMELSAD":"Rock City village","ALAND":351004,"AWATER":0}},
{"type":"Feature","geometry":{"type":"Polygon","coordinates":[[[-88.08268,40.02818],[-88.07428,40.0185],[-88.06654,40.02003],[-88.06194,40.02967],[-88.08268,40.02818]]]},"properties":{"GEOID":"1769875","NAME":"Sidney","NAMELSAD":"Sidney village","ALAND":1615593,"AWATER":12561}},
{"type":"Feature","geometry":{"type":"Polygon","coordinates":[[[-88.27533,39.99588],[-88.2752,39.98107],[-88.24651,39.9812],[-88.25171,39.98853],[-88.25287,39.99716],[-88.26085,39.99717],[-88.25752,40.01754],[-88.26604,40.01033],[-88.26591,39.99624],[-88.27533,39.99588]]]},"properties":{"GEOID":"1775614","NAME":"Tolono","NAMELSAD":"Tolono village","ALAND":5338683,"AWATER":0}},
{"type":"Feature","geometry":{"type":"Polygon","coordinates":[[[-87.95126,42.18995],[-87.94392,42.17536],[-87.94328,42.17626],[-87.94327,42.17837],[-87.93262,42.18145],[-87.92112,42.17561],[-87.91977,42.1859],[-87.90641,42.18585],[-87.90322,42.1788],[-87.89911,42.18564],[-87.8842,42.19294],[-87.89095,42.20373],[-87.8915,42.20485],[-87.8956,42.21414],[-87.89906,42.22187],[-87.90591,42.22183],[-87.91083,42.21832],[-87.91263,42.20255],[-87.92741,42.20147],[-87.93217,42.20723],[-87.93546,42.20129],[-87.9398,42.20311],[-87.94108,42.20447],[-87.94854,42.20456],[-87.95107,42.19582],[-87.95126,42.18995]]]},"properties":{"GEOID":"1743666","NAME":"Lincolnshire","NAMELSAD":"Lincolnshire village","ALAND":11824052,"AWATER":360964}},
{"type":"Feature","geometry":{"type":"Polygon","coordinates":[[[-89.63683,40.60408],[-89.62215,40.60271],[-89.61247,40.6044],[-89.60783,40.6101],[-89.61429,40.61243],[-89.61819,40.62599],[-89.61749,40.6266],[-89.61873,40.62671],[-89.62323,40.62596],[-89.63683,40.60408]]]},"properties":{"GEOID":"1754092","NAME":"North Pekin","NAMELSAD":"North Pekin village","ALAND":3558098,"AWATER":127177}},
{"type":"Feature","geometry":{"type":"Polygon","coordinates":[[[-88.28211,42.29935],[-88.29431,42.29199],[-88.29168,42.2764],[-88.2868,42.27033],[-88.27218,42.27295],[-88.27428,42.25641],[-88.27838,42.25527],[-88.28181,42.25524],[-88.28377,42.25523],[-88.28336,42.25001],[-88.25824,42.24874],[-88.25734,42.25245],[-88.25739,42.25601],[-88.25744,42.26035],[-88.23813,42.2661],[-88.24788,42.27065],[-88.24734,42.28144],[-88.25988,42.28576],[-88.2664,42.29948],[-88.28211,42.29935]]]},"properties":{"GEOID":"1761678","NAME":"Prairie Grove","NAMELSAD":"Prairie Grove village","ALAND":15736976,"AWATER":10140}},
{"type":"Feature","geometry":{"type":"Polygon","coordinates":[[[-89.98687,42.08866],[-89.98338,42.08004],[-89.96808,42.08015],[-89.96493,42.09109],[-89.96809,42.09522],[-89.96815,42.10905],[-89.98763,42.10914],[-89.98687,42.08866]]]},"properties":{"GEOID":"1750881","NAME":"Mount Carroll","NAMELSAD":"Mount Carroll city","ALAND":5188836,"AWATER":0}},
{"type":"Feature","geometry":{"type":"Polygon","coordinates":[[[-88.4505,41.09107],[-88.4514,41.08659],[-88.43524,41.08669],[-88.42951,41.07945],[-88.41984,41.07965],[-88.41864,41.09059],[-88.4012,41.09552],[-88.40188,41.11407],[-88.41563,41.11939],[-88.43059,41.10993],[-88.43029,41.10114],[-88.43876,41.10096],[-88.4505,41.09107]]]},"properties":{"GEOID":"1721358","NAME":"Dwight","NAMELSAD":"Dwight village","ALAND":10008831,"AWATER":24741}},
{"type":"Feature","geometry":{"type":"Polygon","coordinates":[[[-88.65267,41.65969],[-88.66075,41.66042],[-88.66516,41.65245],[-88.68358,41.65258],[-88.68075,41.63809],[-88.68958,41.63274],[-88.68359,41.62729],[-88.6711,41.62467],[-88.66313,41.631],[-88.65784,41.63474],[-88.6607,41.64448],[-88.65585,41.64869],[-88.65575,41.65115],[-88.65109,41.65949],[-88.65267,41.65969]]]},"properties":{"GEOID":"1770460","NAME":"Somonauk","NAMELSAD":"Somonauk village","ALAND":6483251,"AWATER":15219}},
{"type":"Feature","geometry":{"type":"Polygon","coordinates":[[[-91.30229,40.09062],[-91.2872,40.08082],[-91.27091,40.09131],[-91.27719,40.09536],[-91.29478,40.09546],[-91.30229,40.09062]]]},"properties":{"GEOID":"1748307","NAME":"Mendon","NAMELSAD":"Mendon village","ALAND":2218848,"AWATER":0}},
{"type":"Feature","geometry":{"type":"Polygon","coordinates":[[[-89.86833,38.32224],[-89.86222,38.32221],[-89.86219,38.33308],[-89.87678,38.33224],[-89.88944,38.3171],[-89.90016,38.30804],[-89.8851,38.30792],[-89.87586,38.31431],[-89.85307,38.30593],[-89.85749,38.31542],[-89.86833,38.32224]]]},"properties":{"GEOID":"1752116","NAME":"New Athens","NAMELSAD":"New Athens village","ALAND":5470796,"AWATER":475501}},
{"type":"Feature","geometry":{"type":"Polygon","coordinates":[[[-89.04421,40.73664],[-89.03415,40.72963],[-89.00557,40.73022],[-89.00104,40.74483],[-89.02501,40.74789],[-89.02781,40.73781],[-89.04421,40.73664]]]},"properties":{"GEOID":"1723737","NAME":"El Paso","NAMELSAD":"El Paso city","ALAND":5556040,"AWATER":0}},
{"type":"Feature","geometry":{"type":"Polygon","coordinates":[[[-90.32896,41.66696],[-90.32476,41.67764],[-90.31706,41.67717],[-90.31312,41.68109],[-90.3151,41.68644],[-90.32351,41.68052],[-90.32909,41.67961],[-90.32896,41.66696]]]},"properties":{"GEOID":"1716366","NAME":"Cordova","NAMELSAD":"Cordova village","ALAND":1487675,"AWATER":491}},
{"type":"Feature","geometry":{"type":"Polygon","coordinates":[[[-88.01181,38.25976],[-88.00051,38.25549],[-87.99968,38.23775],[-87.99051,38.23893],[-87.9847,38.25005],[-87.99038,38.258],[-87.99292,38.27241],[-87.98899,38.28155],[-87.99756,38.28166],[-88.00116,38.27437],[-87.99756,38.26701],[-88.01181,38.25976]]]},"properties":{"GEOID":"1731165","NAME":"Grayville","NAMELSAD":"Grayville city","ALAND":5509405,"AWATER":110335}},
{"type":"Feature","geometry":{"type":"Polygon","coordinates":[[[-90.17516,38.64625],[-90.17476,38.64264],[-90.15757,38.64239],[-90.15073,38.63667],[-90.14373,38.64179],[-90.13721,38.63734],[-90.10217,38.64149],[-90.08371,38.64395],[-90.07991,38.64205],[-90.07451,38.63699],[-90.05965,38.63691],[-90.05604,38.64297],[-90.04712,38.64573],[-90.03701,38.64593],[-90.04866,38.64821],[-90.07211,38.64591],[-90.07288,38.65901],[-90.06566,38.66667],[-90.06565,38.66746],[-90.06561,38.67343],[-90.07723,38.67345],[-90.08034,38.66603],[-90.08893,38.65944],[-90.0932,38.66433],[-90.10241,38.66345],[-90.10462,38.66325],[-90.13031,38.65712],[-90.12528,38.64731],[-90.13789,38.64308],[-90.1494,38.65153],[-90.16203,38.65078],[-90.17516,38.64625]]]},"properties":{"GEOID":"1724933","NAME":"Fairmont City","NAMELSAD":"Fairmont City village","ALAND":16069708,"AWATER":886428}},
{"type":"Feature","geometry":{"type":"Polygon","coordinates":[[[-89.76138,38.59488],[-89.73406,38.59366],[-89.73768,38.59892],[-89.748,38.59721],[-89.75619,38.60069],[-89.76138,38.59488]]]},"properties":{"GEOID":"1773547","NAME":"Summerfield","NAMELSAD":"Summerfield village","ALAND":1353078,"AWATER":0}},
{"type":"Feature","geometry":{"type":"Polygon","coordinates":[[[-90.30314,40.92044],[-90.30645,40.91893],[-90.29864,40.91577],[-90.29893,40.89599],[-90.27004,40.89586],[-90.26971,40.9105],[-90.27348,40.91784],[-90.28408,40.92032],[-90.30314,40.92044]]]},"properties":{"GEOID":"1740416","NAME":"Knoxville","NAMELSAD":"Knoxville city","ALAND":6085492,"AWATER":0}},
{"type":"Feature","geometry":{"type":"Polygon","coordinates":[[[-88.35244,38.25191],[-88.35272,38.24115],[-88.33903,38.24133],[-88.33793,38.24719],[-88.35244,38.25191]]]},"properties":{"GEOID":"1749347","NAME":"Mill Shoals","NAMELSAD":"Mill Shoals village","ALAND":1985678,"AWATER":0}},
{"type":"Feature","geometry":{"type":"Polygon","coordinates":[[[-89.42085,39.80264],[-89.42095,39.79177],[-89.40674,39.79158],[-89.39715,39.79755],[-89.39589,39.81428],[-89.4059,39.81384],[-89.40183,39.80245],[-89.42085,39.80264]]]},"properties":{"GEOID":"1748021","NAME":"Mechanicsburg","NAMELSAD":"Mechanicsburg village","ALAND":2682925,"AWATER":37688}},
{"type":"Feature","geometry":{"type":"Polygon","coordinates":[[[-89.73663,38.54245],[-89.72834,38.53173],[-89.68648,38.5291],[-89.68872,38.54439],[-89.70529,38.54602],[-89.70575,38.53855],[-89.72813,38.53913],[-89.73663,38.54245]]]},"properties":{"GEOID":"1752142","NAME":"New Baden","NAMELSAD":"New Baden village","ALAND":4725462,"AWATER":0}},
{"type":"Feature","geometry":{"type":"Polygon","coordinates":[[[-89.05332,39.62543],[-89.05333,39.61812],[-89.03963,39.62085],[-89.02299,39.61784],[-89.00517,39.61743],[-89.00562,39.63956],[-89.0253,39.63634],[-89.02499,39.62168],[-89.04061,39.62158],[-89.04375,39.62721],[-89.05332,39.62543]]]},"properties":{"GEOID":"1751232","NAME":"Moweaqua","NAMELSAD":"Moweaqua village","ALAND":5311042,"AWATER":0}},
{"type":"Feature","geometry":{"type":"Polygon","coordinates":[[[-90.09307,38.56413],[-90.0982,38.55735],[-90.07647,38.55254],[-90.06344,38.54478],[-90.05226,38.53525],[-90.03684,38.54172],[-90.02759,38.53142],[-90.01113,38.52129],[-90.02045,38.51982],[-90.03032,38.52303],[-90.03277,38.52907],[-90.04086,38.52874],[-90.04116,38.52038],[-90.03616,38.50895],[-90.02738,38.51026],[-90.02045,38.51606],[-90.00361,38.51156],[-90.00314,38.50445],[-90.01132,38.49366],[-89.99054,38.4949],[-89.98259,38.49253],[-89.98864,38.48557],[-89.97434,38.48349],[-89.96614,38.47518],[-89.97231,38.46119],[-89.9834,38.46075],[-89.97153,38.45968],[-89.9707,38.4537],[-89.98135,38.45357],[-89.98325,38.4524],[-89.98335,38.44789],[-89.9647,38.44645],[-89.95982,38.45006],[-89.95866,38.45465],[-89.95023,38.45007],[-89.93682,38.44861],[-89.93649,38.4555],[-89.94013,38.46093],[-89.9554,38.46448],[-89.95859,38.47229],[-89.96663,38.47029],[-89.9616,38.49162],[-89.94979,38.49875],[-89.93793,38.49285],[-89.94309,38.47815],[-89.93563,38.47207],[-89.92068,38.46862],[-89.91466,38.47474],[-89.91966,38.47755],[-89.92216,38.47889],[-89.92136,38.48113],[-89.91815,38.48325],[-89.91568,38.4841],[-89.91159,38.48308],[-89.91175,38.4942],[-89.93085,38.49282],[-89.92711,38.50495],[-89.92089,38.5079],[-89.91929,38.51951],[-89.91059,38.5195],[-89.90768,38.52682],[-89.92872,38.5268],[-89.93069,38.52099],[-89.93226,38.51949],[-89.92088,38.5195],[-89.92083,38.5129],[-89.93317,38.5122],[-89.93325,38.51949],[-89.93647,38.5195],[-89.93647,38.5122],[-89.94698,38.51216],[-89.95142,38.52177],[-89.95963,38.52911],[-89.9518,38.53379],[-89.95621,38.53897],[-89.96652,38.53424],[-89.97039,38.53467],[-89.98366,38.5242],[-90.00186,38.52333],[-90.00184,38.54153],[-89.99432,38.54321],[-89.99382,38.5432],[-90.00576,38.55241],[-90.01113,38.55621],[-90.01652,38.56312],[-90.02022,38.56099],[-90.02557,38.56733],[-90.03363,38.57148],[-90.03637,38.58148],[-90.04185,38.58417],[-90.05787,38.59051],[-90.06361,38.58711],[-90.05501,38.56881],[-90.04511,38.5565],[-90.04965,38.54517],[-90.06789,38.54954],[-90.07845,38.55914],[-90.07842,38.56832],[-90.09256,38.56447],[-90.09281,38.5643],[-90.09307,38.56413]],[[-90.04661,38.56994],[-90.03681,38.57222],[-90.0292,38.562],[-90.02966,38.55421],[-90.04206,38.55973],[-90.04661,38.56994]]]},"properties":{"GEOID":"1704845","NAME":"Belleville","NAMELSAD":"Belleville city","ALAND":60202981,"AWATER":665751}},
{"type":"Feature","geometry":{"type":"Polygon","coordinates":[[[-88.73123,42.25437],[-88.72972,42.24943],[-88.70548,42.24936],[-88.70547,42.25643],[-88.73123,42.25437]]]},"properties":{"GEOID":"1728612","NAME":"Garden Prairie","NAMELSAD":"Garden Prairie CDP","ALAND":1651315,"AWATER":30926}},
{"type":"Feature","geometry":{"type":"Polygon","coordinates":[[[-88.88051,42.3632],[-88.88049,42.35631],[-88.8869,42.35246],[-88.87974,42.34185],[-88.85833,42.34211],[-88.85145,42.34533],[-88.85147,42.35422],[-88.85146,42.35499],[-88.86125,42.35649],[-88.8612,42.36381],[-88.88051,42.36362],[-88.88051,42.3632]]]},"properties":{"GEOID":"1710936","NAME":"Candlewick Lake","NAMELSAD":"Candlewick Lake CDP","ALAND":4787678,"AWATER":746742}},
{"type":"Feature","geometry":{"type":"Polygon","coordinates":[[[-89.37493,41.42952],[-89.3746,41.42135],[-89.36627,41.42014],[-89.36462,41.42824],[-89.37493,41.42952]]]},"properties":{"GEOID":"1746240","NAME":"Malden","NAMELSAD":"Malden village","ALAND":707171,"AWATER":0}},
{"type":"Feature","geometry":{"type":"Polygon","coordinates":[[[-87.84157,42.05686],[-87.84041,42.05022],[-87.84662,42.04118],[-87.84553,42.02899],[-87.8358,42.02558],[-87.81627,42.02599],[-87.81633,42.01875],[-87.80655,42.01897],[-87.80675,42.00151],[-87.79077,42.00053],[-87.78271,42.00423],[-87.78872,42.012],[-87.77334,42.01195],[-87.76787,42.00426],[-87.76714,42.01917],[-87.77939,42.02359],[-87.7959,42.02641],[-87.8007,42.04083],[-87.82044,42.04046],[-87.82582,42.04397],[-87.82558,42.05488],[-87.83076,42.06053],[-87.84157,42.05686]],[[-87.83575,42.03181],[-87.835,42.03958],[-87.82585,42.03956],[-87.82036,42.03319],[-87.82603,42.02943],[-87.83575,42.03181]]]},"properties":{"GEOID":"1753000","NAME":"Niles","NAMELSAD":"Niles village","ALAND":15146477,"AWATER":0}},
{"type":"Feature","geometry":{"type":"Polygon","coordinates":[[[-88.0265,39.53387],[-88.02657,39.52208],[-88.01294,39.52703],[-88.01488,39.539],[-88.0265,39.53896],[-88.0265,39.53387]]]},"properties":{"GEOID":"1702557","NAME":"Ashmore","NAMELSAD":"Ashmore village","ALAND":2083740,"AWATER":0}},
{"type":"Feature","geometry":{"type":"MultiPolygon","coordinates":[[[[-89.09341,37.78887],[-89.09108,37.78324],[-89.07252,37.78339],[-89.08113,37.79117],[-89.09341,37.78887]]],[[[-89.11459,37.76063],[-89.10964,37.75655],[-89.10675,37.74534],[-89.0822,37.7447],[-89.08222,37.7387],[-89.06788,37.74077],[-89.0725,37.7413],[-89.0725,37.74164],[-89.07256,37.76021],[-89.05853,37.7642],[-89.0562,37.76267],[-89.05491,37.76056],[-89.05504,37.76423],[-89.04848,37.76065],[-89.04714,37.76068],[-89.04763,37.76796],[-89.04944,37.77386],[-89.07737,37.77585],[-89.09575,37.77402],[-89.09572,37.76759],[-89.10985,37.76424],[-89.11459,37.76063]],[[-89.07263,37.76384],[-89.07247,37.77396],[-89.05844,37.7739],[-89.0581,37.76724],[-89.07263,37.76384]]]]},"properties":{"GEOID":"1711514","NAME":"Carterville","NAMELSAD":"Carterville city","ALAND":13723537,"AWATER":218352}},
{"type":"Feature","geometry":{"type":"Polygon","coordinates":[[[-87.99415,42.23348],[-87.99407,42.21896],[-87.97464,42.21899],[-87.97468,42.21173],[-87.96497,42.21175],[-87.96501,42.20448],[-87.95911,42.20431],[-87.9588,42.20447],[-87.95644,42.20941],[-87.95521,42.20996],[-87.95087,42.20812],[-87.94108,42.20447],[-87.9398,42.20311],[-87.93546,42.20129],[-87.93217,42.20723],[-87.93681,42.22384],[-87.93868,42.22654],[-87.93951,42.24053],[-87.94042,42.24559],[-87.94541,42.24577],[-87.9489,42.26242],[-87.96851,42.26601],[-87.96911,42.26601],[-87.974,42.26966],[-87.97442,42.26601],[-87.98335,42.24786],[-87.97941,42.24632],[-87.97717,42.22764],[-87.97065,42.22629],[-87.96973,42.22476],[-87.97948,42.22261],[-87.98431,42.23346],[-87.9914,42.23349],[-87.99236,42.2335],[-87.99415,42.23348]]]},"properties":{"GEOID":"1777694","NAME":"Vernon Hills","NAMELSAD":"Vernon Hills village","ALAND":20043445,"AWATER":528221}},
{"type":"Feature","geometry":{"type":"Polygon","coordinates":[[[-87.74777,41.46973],[-87.75496,41.46975],[-87.75814,41.4414],[-87.76029,41.43419],[-87.75191,41.42869],[-87.74754,41.42703],[-87.72847,41.42719],[-87.7189,41.42974],[-87.71389,41.4257],[-87.70844,41.43809],[-87.69468,41.43882],[-87.69461,41.43031],[-87.68043,41.42406],[-87.67061,41.42394],[-87.67061,41.42396],[-87.67067,41.42747],[-87.66118,41.43462],[-87.66121,41.44226],[-87.67074,41.44401],[-87.67095,41.45084],[-87.68018,41.45339],[-87.67586,41.46363],[-87.68773,41.46641],[-87.69053,41.46323],[-87.69346,41.45787],[-87.69965,41.45287],[-87.70955,41.4528],[-87.7096,41.45635],[-87.70987,41.46438],[-87.72215,41.47281],[-87.73904,41.46972],[-87.7423,41.46972],[-87.74777,41.46973]]]},"properties":{"GEOID":"1776935","NAME":"University Park","NAMELSAD":"University Park village","ALAND":27740187,"AWATER":5723}},
{"type":"Feature","geometry":{"type":"Polygon","coordinates":[[[-90.02842,40.93193],[-90.02842,40.91717],[-90.00941,40.91714],[-90.00943,40.93918],[-90.02842,40.93193]]]},"properties":{"GEOID":"1781802","NAME":"Williamsfield","NAMELSAD":"Williamsfield village","ALAND":3187991,"AWATER":0}},
{"type":"Feature","geometry":{"type":"Polygon","coordinates":[[[-88.19659,42.03883],[-88.20183,42.03149],[-88.21642,42.02989],[-88.21419,42.02228],[-88.2197,42.01456],[-88.20631,42.00928],[-88.19368,42.01117],[-88.19371,42.00944],[-88.195,42.00769],[-88.19243,42.00607],[-88.18987,42.00603],[-88.18874,42.00603],[-88.17425,42.00133],[-88.17401,41.99108],[-88.1599,41.98934],[-88.16595,41.99522],[-88.15916,42.00078],[-88.15913,42.009],[-88.14476,42.01048],[-88.14471,42.0174],[-88.15426,42.0209],[-88.15443,42.03188],[-88.13886,42.03202],[-88.13875,42.03955],[-88.18517,42.03903],[-88.18688,42.04293],[-88.19659,42.03883]]]},"properties":{"GEOID":"1773157","NAME":"Streamwood","NAMELSAD":"Streamwood village","ALAND":20203464,"AWATER":86802}},
{"type":"Feature","geometry":{"type":"Polygon","coordinates":[[[-90.14227,38.93],[-90.15684,38.93209],[-90.15204,38.93732],[-90.15214,38.95917],[-90.14043,38.95936],[-90.14226,38.9666],[-90.1565,38.96641],[-90.15614,38.99935],[-90.27396,38.99904],[-90.27571,38.92345],[-90.25025,38.91934],[-90.22304,38.90739],[-90.20922,38.89699],[-90.20115,38.90776],[-90.20332,38.92162],[-90.18139,38.92212],[-90.17971,38.93118],[-90.15685,38.92987],[-90.14713,38.92624],[-90.14227,38.93]]]},"properties":{"GEOID":"1730094","NAME":"Godfrey","NAMELSAD":"Godfrey village","ALAND":89081811,"AWATER":5070381}},
{"type":"Feature","geometry":{"type":"Polygon","coordinates":[[[-88.34558,42.33993],[-88.34564,42.33386],[-88.33601,42.32777],[-88.33599,42.32718],[-88.33589,42.32449],[-88.33588,42.32441],[-88.32986,42.32046],[-88.30719,42.32076],[-88.30941,42.31382],[-88.29573,42.31369],[-88.2979,42.30647],[-88.28221,42.30658],[-88.28211,42.29935],[-88.2664,42.29948],[-88.26757,42.31032],[-88.25502,42.31645],[-88.25314,42.3285],[-88.25409,42.3428],[-88.23814,42.34089],[-88.23808,42.35039],[-88.23803,42.35477],[-88.25023,42.35953],[-88.26026,42.3604],[-88.26024,42.36456],[-88.26234,42.36815],[-88.28133,42.36848],[-88.28232,42.36469],[-88.28534,42.36656],[-88.28662,42.36422],[-88.29191,42.36414],[-88.29667,42.35706],[-88.30876,42.35694],[-88.30625,42.36409],[-88.30625,42.36686],[-88.30864,42.3714],[-88.32077,42.37128],[-88.32218,42.35678],[-88.32673,42.35672],[-88.33261,42.36391],[-88.34342,42.35933],[-88.34556,42.3421],[-88.34557,42.34124],[-88.34558,42.33993]]]},"properties":{"GEOID":"1745694","NAME":"McHenry","NAMELSAD":"McHenry city","ALAND":38947753,"AWATER":1094225}},
{"type":"Feature","geometry":{"type":"Polygon","coordinates":[[[-87.81726,41.79893],[-87.82637,41.79864],[-87.82955,41.78699],[-87.83022,41.78586],[-87.83106,41.78513],[-87.81204,41.77438],[-87.80102,41.77627],[-87.80209,41.79785],[-87.80174,41.79856],[-87.80176,41.80078],[-87.81726,41.79893]]]},"properties":{"GEOID":"1773638","NAME":"Summit","NAMELSAD":"Summit village","ALAND":5487597,"AWATER":357949}},
{"type":"Feature","geometry":{"type":"MultiPolygon","coordinates":[[[[-88.47432,41.82336],[-88.45464,41.81615],[-88.45643,41.82762],[-88.46361,41.82974],[-88.47432,41.82336]]],[[[-88.5084,41.76428],[-88.51322,41.75278],[-88.5011,41.76186],[-88.49418,41.75755],[-88.45376,41.75785],[-88.45379,41.75098],[-88.43398,41.74375],[-88.40989,41.74392],[-88.40821,41.75476],[-88.40627,41.77051],[-88.41158,41.77597],[-88.40723,41.78842],[-88.39748,41.79621],[-88.40818,41.7995],[-88.42242,41.79827],[-88.45625,41.81612],[-88.46214,41.81203],[-88.46042,41.80557],[-88.4518,41.80559],[-88.43427,41.7873],[-88.41052,41.78933],[-88.41842,41.77909],[-88.42848,41.77912],[-88.44733,41.78283],[-88.46229,41.79381],[-88.47049,41.79702],[-88.48309,41.78698],[-88.4991,41.78825],[-88.49906,41.78605],[-88.49674,41.76514],[-88.5084,41.76428]],[[-88.49413,41.76761],[-88.49405,41.77276],[-88.45915,41.77282],[-88.45894,41.76532],[-88.47378,41.76851],[-88.49413,41.76761]]]]},"properties":{"GEOID":"1773391","NAME":"Sugar Grove","NAMELSAD":"Sugar Grove village","ALAND":30336858,"AWATER":39676}},
{"type":"Feature","geometry":{"type":"Polygon","coordinates":[[[-87.89931,42.45249],[-87.90382,42.44141],[-87.92343,42.43969],[-87.92327,42.45784],[-87.92818,42.45799],[-87.92877,42.42521],[-87.93788,42.4253],[-87.938,42.44205],[-87.94415,42.44906],[-87.94628,42.46636],[-87.94323,42.4871],[-87.95216,42.49123],[-87.95238,42.47998],[-87.96365,42.4694],[-87.9575,42.46551],[-87.95933,42.45098],[-87.94781,42.44723],[-87.94787,42.43853],[-87.943,42.43418],[-87.94318,42.41807],[-87.94797,42.41108],[-87.94462,42.40207],[-87.93491,42.40383],[-87.9237,42.4039],[-87.92827,42.41435],[-87.90402,42.41411],[-87.90397,42.42141],[-87.88429,42.42123],[-87.88424,42.42848],[-87.89404,42.43215],[-87.89381,42.45097],[-87.88399,42.45077],[-87.87987,42.45748],[-87.88537,42.46747],[-87.8981,42.46779],[-87.89809,42.46863],[-87.89799,42.49388],[-87.90276,42.4886],[-87.90324,42.47134],[-87.90832,42.46497],[-87.91826,42.46146],[-87.90359,42.45775],[-87.89931,42.45249]]]},"properties":{"GEOID":"1778370","NAME":"Wadsworth","NAMELSAD":"Wadsworth village","ALAND":25496819,"AWATER":230518}},
{"type":"Feature","geometry":{"type":"MultiPolygon","coordinates":[[[[-87.91166,42.15314],[-87.91333,42.15901],[-87.93707,42.15955],[-87.93396,42.15308],[-87.91166,42.15314]]],[[[-87.95644,42.20941],[-87.9588,42.20447],[-87.95087,42.20812],[-87.95521,42.20996],[-87.95644,42.20941]]],[[[-87.98517,42.15363],[-87.98997,42.14183],[-87.98033,42.12975],[-87.9657,42.13631],[-87.96102,42.13392],[-87.96102,42.13239],[-87.95135,42.1316],[-87.94927,42.13956],[-87.95854,42.14132],[-87.96066,42.15321],[-87.93472,42.15308],[-87.94163,42.16076],[-87.94099,42.16807],[-87.92129,42.16613],[-87.92092,42.17385],[-87.92112,42.17561],[-87.93262,42.18145],[-87.94327,42.17837],[-87.94328,42.17626],[-87.94392,42.17536],[-87.95126,42.18995],[-87.95107,42.19582],[-87.96005,42.19595],[-87.95911,42.20431],[-87.96501,42.20448],[-87.97963,42.20567],[-87.97975,42.1972],[-87.97502,42.17904],[-87.99197,42.17546],[-87.98483,42.16818],[-87.98512,42.16063],[-87.98517,42.15363]]]]},"properties":{"GEOID":"1709447","NAME":"Buffalo Grove","NAMELSAD":"Buffalo Grove village","ALAND":24781985,"AWATER":43278}},
{"type":"Feature","geometry":{"type":"Polygon","coordinates":[[[-88.48861,41.96823],[-88.48831,41.939],[-88.45272,41.93958],[-88.45288,41.94699],[-88.46144,41.94689],[-88.46183,41.9612],[-88.47786,41.96826],[-88.48861,41.96823]]]},"properties":{"GEOID":"1743406","NAME":"Lily Lake","NAMELSAD":"Lily Lake village","ALAND":7038258,"AWATER":2476}},
{"type":"Feature","geometry":{"type":"Polygon","coordinates":[[[-88.21299,40.31891],[-88.21285,40.31172],[-88.1943,40.30951],[-88.1846,40.30578],[-88.18369,40.29713],[-88.16534,40.29741],[-88.17053,40.28275],[-88.12679,40.283],[-88.12669,40.27568],[-88.11706,40.27572],[-88.11723,40.29033],[-88.12694,40.29032],[-88.12711,40.30088],[-88.12103,40.31215],[-88.13176,40.32311],[-88.15298,40.32301],[-88.15631,40.31933],[-88.16994,40.31596],[-88.17011,40.30914],[-88.18353,40.31191],[-88.18199,40.31897],[-88.21299,40.31891]]]},"properties":{"GEOID":"1762783","NAME":"Rantoul","NAMELSAD":"Rantoul village","ALAND":21989880,"AWATER":269802}},
{"type":"Feature","geometry":{"type":"Polygon","coordinates":[[[-88.14109,42.11039],[-88.14109,42.10239],[-88.13238,42.10325],[-88.13238,42.11049],[-88.12155,42.1106],[-88.12162,42.11786],[-88.10684,42.11786],[-88.10692,42.10338],[-88.09728,42.10256],[-88.09739,42.08873],[-88.08772,42.08343],[-88.08283,42.08338],[-88.07793,42.08151],[-88.07785,42.11046],[-88.06786,42.12133],[-88.09491,42.13338],[-88.09767,42.13509],[-88.11198,42.13963],[-88.12165,42.13015],[-88.13633,42.12838],[-88.14109,42.11393],[-88.14109,42.11039]]]},"properties":{"GEOID":"1737608","NAME":"Inverness","NAMELSAD":"Inverness village","ALAND":16923974,"AWATER":402555}},
{"type":"Feature","geometry":{"type":"MultiPolygon","coordinates":[[[[-88.11965,42.42466],[-88.11987,42.42401],[-88.11797,42.41543],[-88.11572,42.41542],[-88.11321,42.41543],[-88.10683,42.41545],[-88.10685,42.42179],[-88.11965,42.42466]]],[[[-88.10812,42.4082],[-88.12231,42.40819],[-88.12222,42.40096],[-88.10192,42.39839],[-88.10198,42.3937],[-88.09708,42.38639],[-88.08726,42.38987],[-88.08714,42.39791],[-88.07083,42.39838],[-88.058,42.40195],[-88.053,42.40916],[-88.05793,42.40936],[-88.05791,42.42215],[-88.06754,42.42272],[-88.05766,42.43721],[-88.06746,42.44789],[-88.07248,42.44341],[-88.08431,42.44554],[-88.09132,42.43921],[-88.1035,42.43883],[-88.10537,42.42999],[-88.09705,42.42634],[-88.09224,42.40813],[-88.10812,42.4082]]]]},"properties":{"GEOID":"1741586","NAME":"Lake Villa","NAMELSAD":"Lake Villa village","ALAND":16924179,"AWATER":2030007}},
{"type":"Feature","geometry":{"type":"Polygon","coordinates":[[[-88.21399,42.48776],[-88.20905,42.4808],[-88.21386,42.47716],[-88.20996,42.46632],[-88.21323,42.45178],[-88.21473,42.44539],[-88.21347,42.43889],[-88.19875,42.43579],[-88.19967,42.42645],[-88.18841,42.41803],[-88.18894,42.40848],[-88.19881,42.40844],[-88.19881,42.40121],[-88.1939,42.40123],[-88.19333,42.38644],[-88.1813,42.38673],[-88.17408,42.38221],[-88.17485,42.35963],[-88.16987,42.35779],[-88.16869,42.3578],[-88.16893,42.36145],[-88.16047,42.36364],[-88.14968,42.36778],[-88.16066,42.37413],[-88.14971,42.38249],[-88.14971,42.3827],[-88.14783,42.39789],[-88.15699,42.39886],[-88.15993,42.40475],[-88.16925,42.40474],[-88.16954,42.4119],[-88.18719,42.41203],[-88.18387,42.42267],[-88.17098,42.42588],[-88.17792,42.43723],[-88.19141,42.43732],[-88.20202,42.44461],[-88.19887,42.45547],[-88.21143,42.45542],[-88.20877,42.46632],[-88.19909,42.46634],[-88.19915,42.47348],[-88.18555,42.47371],[-88.17932,42.48816],[-88.1994,42.48803],[-88.19858,42.49602],[-88.21405,42.49594],[-88.21399,42.48776]]]},"properties":{"GEOID":"1727442","NAME":"Fox Lake","NAMELSAD":"Fox Lake village","ALAND":20287676,"AWATER":4150952}},
{"type":"Feature","geometry":{"type":"Polygon","coordinates":[[[-87.76612,39.00928],[-87.76265,38.99815],[-87.74832,38.99838],[-87.7482,38.99048],[-87.72934,38.99158],[-87.72977,39.00329],[-87.72448,39.00599],[-87.70435,39.00769],[-87.70372,39.01531],[-87.68471,39.01511],[-87.68587,39.02237],[-87.70117,39.02256],[-87.70141,39.01558],[-87.71765,39.01519],[-87.72884,39.01199],[-87.73136,39.02332],[-87.75759,39.02049],[-87.75367,39.01312],[-87.76612,39.00928]]]},"properties":{"GEOID":"1764707","NAME":"Robinson","NAMELSAD":"Robinson city","ALAND":12169232,"AWATER":159250}},
{"type":"Feature","geometry":{"type":"Polygon","coordinates":[[[-87.68455,38.90037],[-87.6833,38.89672],[-87.66558,38.89664],[-87.6655,38.91158],[-87.67974,38.9116],[-87.68455,38.90037]]]},"properties":{"GEOID":"1726350","NAME":"Flat Rock","NAMELSAD":"Flat Rock village","ALAND":2216835,"AWATER":0}},
{"type":"Feature","geometry":{"type":"Polygon","coordinates":[[[-88.13877,37.90771],[-88.13618,37.89306],[-88.11804,37.89304],[-88.11786,37.90744],[-88.13589,37.91595],[-88.13877,37.90771]]]},"properties":{"GEOID":"1752506","NAME":"New Haven","NAMELSAD":"New Haven village","ALAND":3222814,"AWATER":75469}},
{"type":"Feature","geometry":{"type":"Polygon","coordinates":[[[-88.5655,38.22691],[-88.55757,38.21959],[-88.54721,38.21953],[-88.54734,38.22687],[-88.5655,38.22691]]]},"properties":{"GEOID":"1704793","NAME":"Belle Prairie City","NAMELSAD":"Belle Prairie City town","ALAND":1134619,"AWATER":0}},
{"type":"Feature","geometry":{"type":"Polygon","coordinates":[[[-90.88452,39.44061],[-90.86722,39.43581],[-90.86431,39.44974],[-90.87923,39.45125],[-90.88452,39.44061]]]},"properties":{"GEOID":"1760534","NAME":"Pleasant Hill","NAMELSAD":"Pleasant Hill village","ALAND":1982199,"AWATER":64338}},
{"type":"Feature","geometry":{"type":"Polygon","coordinates":[[[-89.28611,38.74189],[-89.28223,38.73477],[-89.27295,38.73462],[-89.27187,38.74461],[-89.28611,38.74189]]]},"properties":{"GEOID":"1739753","NAME":"Keyesport","NAMELSAD":"Keyesport village","ALAND":1866026,"AWATER":44949}},
{"type":"Feature","geometry":{"type":"Polygon","coordinates":[[[-88.91928,38.20019],[-88.90814,38.19129],[-88.89863,38.19491],[-88.89819,38.21185],[-88.91257,38.21386],[-88.91259,38.20577],[-88.91928,38.20019]]]},"properties":{"GEOID":"1707263","NAME":"Bonnie","NAMELSAD":"Bonnie village","ALAND":3303351,"AWATER":0}},
{"type":"Feature","geometry":{"type":"Polygon","coordinates":[[[-89.41691,40.15656],[-89.4141,40.14693],[-89.39616,40.14924],[-89.39478,40.14243],[-89.38633,40.13587],[-89.34485,40.13565],[-89.34446,40.14044],[-89.33439,40.14319],[-89.33451,40.15017],[-89.34872,40.15023],[-89.34885,40.15587],[-89.33936,40.15749],[-89.34214,40.16476],[-89.35264,40.16397],[-89.38536,40.16493],[-89.39212,40.15809],[-89.41379,40.16147],[-89.41691,40.15656]]]},"properties":{"GEOID":"1743536","NAME":"Lincoln","NAMELSAD":"Lincoln city","ALAND":16435439,"AWATER":9593}},
{"type":"Feature","geometry":{"type":"Polygon","coordinates":[[[-88.11895,41.80622],[-88.11876,41.80556],[-88.11635,41.7996],[-88.11673,41.79546],[-88.11227,41.78802],[-88.09985,41.79265],[-88.10064,41.78139],[-88.10756,41.77963],[-88.10743,41.77585],[-88.11021,41.77242],[-88.10901,41.75979],[-88.1037,41.7599],[-88.09653,41.76411],[-88.08629,41.76387],[-88.08637,41.76578],[-88.08655,41.76948],[-88.07687,41.77114],[-88.07066,41.77516],[-88.07633,41.78172],[-88.05751,41.78559],[-88.05646,41.79725],[-88.05256,41.80116],[-88.05773,41.80988],[-88.07336,41.80948],[-88.08873,41.81141],[-88.09579,41.81848],[-88.10157,41.81844],[-88.11378,41.81473],[-88.11884,41.8064],[-88.11895,41.80622]]]},"properties":{"GEOID":"1743939","NAME":"Lisle","NAMELSAD":"Lisle village","ALAND":17866611,"AWATER":468452}},
{"type":"Feature","geometry":{"type":"Polygon","coordinates":[[[-90.11958,38.86312],[-90.12015,38.85619],[-90.10561,38.84525],[-90.08065,38.84475],[-90.08631,38.85248],[-90.07684,38.8563],[-90.06334,38.85599],[-90.0539,38.85296],[-90.06193,38.85828],[-90.05551,38.86318],[-90.04403,38.86365],[-90.04872,38.854],[-90.04871,38.85227],[-90.03937,38.85213],[-90.03914,38.84493],[-90.0339,38.84613],[-90.03449,38.85918],[-90.02062,38.86223],[-90.02046,38.866],[-90.03975,38.8669],[-90.04331,38.87733],[-90.05519,38.87625],[-90.05875,38.87869],[-90.08739,38.87903],[-90.10893,38.87307],[-90.11752,38.86877],[-90.11958,38.86312]]]},"properties":{"GEOID":"1783271","NAME":"Wood River","NAMELSAD":"Wood River city","ALAND":18077525,"AWATER":644459}},
{"type":"Feature","geometry":{"type":"Polygon","coordinates":[[[-87.90336,41.89983],[-87.89551,41.89265],[-87.86401,41.89292],[-87.85976,41.8907],[-87.84424,41.88895],[-87.84459,41.89839],[-87.8342,41.89862],[-87.82789,41.90575],[-87.82785,41.9085],[-87.84001,41.91003],[-87.85217,41.91905],[-87.86464,41.91507],[-87.86456,41.91561],[-87.86469,41.91597],[-87.88405,41.91471],[-87.8857,41.90752],[-87.8788,41.90345],[-87.88728,41.90016],[-87.88868,41.90281],[-87.89351,41.90276],[-87.90336,41.89983]]]},"properties":{"GEOID":"1748242","NAME":"Melrose Park","NAMELSAD":"Melrose Park village","ALAND":11271873,"AWATER":0}},
{"type":"Feature","geometry":{"type":"Polygon","coordinates":[[[-89.89478,40.84037],[-89.88903,40.83538],[-89.87871,40.83807],[-89.88455,40.84475],[-89.89478,40.84037]]]},"properties":{"GEOID":"1708303","NAME":"Brimfield","NAMELSAD":"Brimfield village","ALAND":2386290,"AWATER":12103}},
{"type":"Feature","geometry":{"type":"Polygon","coordinates":[[[-88.36017,42.41447],[-88.36519,42.40357],[-88.39455,42.40153],[-88.40259,42.39346],[-88.39452,42.37811],[-88.38477,42.38019],[-88.38483,42.38535],[-88.3695,42.38599],[-88.3726,42.39632],[-88.36032,42.39816],[-88.3541,42.39993],[-88.35291,42.39995],[-88.36025,42.40362],[-88.36017,42.41447]]]},"properties":{"GEOID":"1731667","NAME":"Greenwood","NAMELSAD":"Greenwood village","ALAND":6880265,"AWATER":0}},
{"type":"Feature","geometry":{"type":"Polygon","coordinates":[[[-89.65568,42.46778],[-89.65391,42.45528],[-89.64199,42.45849],[-89.63942,42.4712],[-89.65292,42.47248],[-89.65568,42.46778]]]},"properties":{"GEOID":"1756341","NAME":"Orangeville","NAMELSAD":"Orangeville village","ALAND":1755189,"AWATER":0}},
{"type":"Feature","geometry":{"type":"Polygon","coordinates":[[[-90.02505,41.42444],[-90.02507,41.41636],[-90.02028,41.40994],[-89.99912,41.40556],[-89.9963,41.41557],[-90.01066,41.42435],[-90.02505,41.42444]]]},"properties":{"GEOID":"1702726","NAME":"Atkinson","NAMELSAD":"Atkinson town","ALAND":4938201,"AWATER":62403}},
{"type":"Feature","geometry":{"type":"Polygon","coordinates":[[[-88.27606,40.06191],[-88.27605,40.05465],[-88.25776,40.05413],[-88.2532,40.04559],[-88.24295,40.04582],[-88.24427,40.0608],[-88.24827,40.069],[-88.24571,40.08355],[-88.24839,40.08357],[-88.25745,40.08031],[-88.27156,40.0764],[-88.27142,40.0693],[-88.27606,40.06191]],[[-88.26653,40.0546],[-88.26663,40.06186],[-88.2572,40.06182],[-88.25842,40.05455],[-88.26653,40.0546]]]},"properties":{"GEOID":"1767860","NAME":"Savoy","NAMELSAD":"Savoy village","ALAND":8511480,"AWATER":182637}},
{"type":"Feature","geometry":{"type":"Polygon","coordinates":[[[-87.67152,39.10848],[-87.66702,39.10128],[-87.65437,39.10276],[-87.65803,39.11595],[-87.66682,39.11419],[-87.67152,39.10848]]]},"properties":{"GEOID":"1736841","NAME":"Hutsonville","NAMELSAD":"Hutsonville village","ALAND":1610297,"AWATER":4}},
{"type":"Feature","geometry":{"type":"Polygon","coordinates":[[[-90.06109,41.17997],[-90.05361,41.16895],[-90.0568,41.16426],[-90.04058,41.15689],[-90.01812,41.15857],[-90.02043,41.17143],[-90.03244,41.17119],[-90.04193,41.18072],[-90.06109,41.17997]]]},"properties":{"GEOID":"1728430","NAME":"Galva","NAMELSAD":"Galva city","ALAND":7225776,"AWATER":0}},
{"type":"Feature","geometry":{"type":"Polygon","coordinates":[[[-88.46361,41.9976],[-88.46815,41.98292],[-88.44857,41.97586],[-88.44181,41.9688],[-88.43026,41.96677],[-88.43547,41.95959],[-88.43396,41.94725],[-88.44636,41.94228],[-88.44901,41.92648],[-88.43111,41.92161],[-88.43612,41.91625],[-88.44761,41.91635],[-88.45353,41.91248],[-88.4529,41.90527],[-88.4529,41.90513],[-88.43355,41.90643],[-88.43363,41.91074],[-88.41062,41.91115],[-88.40893,41.90666],[-88.38953,41.9049],[-88.3896,41.9109],[-88.38,41.91426],[-88.37704,41.91422],[-88.38484,41.9173],[-88.38887,41.9375],[-88.39612,41.94209],[-88.379,41.94865],[-88.37568,41.95648],[-88.37548,41.98602],[-88.38549,41.99139],[-88.39548,41.99133],[-88.39543,41.98709],[-88.38588,41.98754],[-88.38562,41.97449],[-88.39526,41.97763],[-88.3953,41.9841],[-88.40514,41.984],[-88.40792,41.97175],[-88.41994,41.97266],[-88.43319,41.98136],[-88.45358,41.98081],[-88.44893,41.99058],[-88.42898,41.99089],[-88.4248,41.98382],[-88.42065,41.98746],[-88.40881,41.98826],[-88.41009,41.99846],[-88.43442,41.99805],[-88.43933,41.99156],[-88.45058,41.99138],[-88.45391,41.9978],[-88.46361,41.9976]],[[-88.42876,41.92661],[-88.42885,41.93289],[-88.40682,41.93305],[-88.40449,41.92771],[-88.42876,41.92661]]]},"properties":{"GEOID":"1710906","NAME":"Campton Hills","NAMELSAD":"Campton Hills village","ALAND":43745329,"AWATER":207311}},
{"type":"Feature","geometry":{"type":"Polygon","coordinates":[[[-89.42817,39.58995],[-89.42333,39.58275],[-89.41053,39.57902],[-89.40678,39.58219],[-89.40452,39.57789],[-89.40936,39.59347],[-89.42328,39.59292],[-89.42817,39.58995]]]},"properties":{"GEOID":"1739909","NAME":"Kincaid","NAMELSAD":"Kincaid village","ALAND":2115057,"AWATER":0}},
{"type":"Feature","geometry":{"type":"Polygon","coordinates":[[[-88.34559,42.13744],[-88.35445,42.14118],[-88.35456,42.12146],[-88.34631,42.11785],[-88.34503,42.11789],[-88.34085,42.11789],[-88.33943,42.11788],[-88.33507,42.11784],[-88.32059,42.12171],[-88.31288,42.11932],[-88.31039,42.11138],[-88.28469,42.10345],[-88.27394,42.10471],[-88.26744,42.11392],[-88.25793,42.108],[-88.25793,42.10849],[-88.24279,42.10568],[-88.24264,42.11409],[-88.2465,42.11963],[-88.24806,42.13964],[-88.2578,42.13948],[-88.2576,42.1488],[-88.26752,42.14685],[-88.26757,42.13771],[-88.27673,42.13678],[-88.28177,42.12962],[-88.29097,42.1252],[-88.30708,42.1245],[-88.31595,42.12707],[-88.32095,42.13578],[-88.33551,42.13251],[-88.34446,42.13263],[-88.34559,42.13744]],[[-88.28097,42.12182],[-88.27594,42.13124],[-88.26813,42.1317],[-88.26756,42.12201],[-88.28097,42.12182]]]},"properties":{"GEOID":"1711358","NAME":"Carpentersville","NAMELSAD":"Carpentersville village","ALAND":20357897,"AWATER":538400}},
{"type":"Feature","geometry":{"type":"Polygon","coordinates":[[[-90.53198,40.55953],[-90.52172,40.55675],[-90.51544,40.5473],[-90.51974,40.54172],[-90.50352,40.54131],[-90.48284,40.54827],[-90.48264,40.55569],[-90.49849,40.55615],[-90.50836,40.56364],[-90.52154,40.55675],[-90.53198,40.55953]]]},"properties":{"GEOID":"1710110","NAME":"Bushnell","NAMELSAD":"Bushnell city","ALAND":5483966,"AWATER":19836}},
{"type":"Feature","geometry":{"type":"Polygon","coordinates":[[[-90.03243,38.92361],[-90.06856,38.92375],[-90.07897,38.91967],[-90.07887,38.91001],[-90.06927,38.90855],[-90.06913,38.90306],[-90.06525,38.90145],[-90.0639,38.88799],[-90.05884,38.88175],[-90.05519,38.87625],[-90.04331,38.87733],[-90.02662,38.87709],[-90.02061,38.88602],[-90.02569,38.89201],[-90.02711,38.90645],[-90.0253,38.92258],[-90.03243,38.92361]]]},"properties":{"GEOID":"1705599","NAME":"Bethalto","NAMELSAD":"Bethalto village","ALAND":19709338,"AWATER":125283}},
{"type":"Feature","geometry":{"type":"Polygon","coordinates":[[[-89.98133,38.73468],[-89.99782,38.73234],[-90.00355,38.72362],[-89.99907,38.72352],[-89.9942,38.7163],[-89.97535,38.7129],[-89.97121,38.70577],[-89.95908,38.70396],[-89.95323,38.72319],[-89.94136,38.72088],[-89.93658,38.71493],[-89.92871,38.71953],[-89.92871,38.72316],[-89.93786,38.74157],[-89.94049,38.74208],[-89.94305,38.74203],[-89.94422,38.74205],[-89.95187,38.74313],[-89.96232,38.745],[-89.96383,38.745],[-89.96608,38.74502],[-89.97497,38.74505],[-89.9793,38.74182],[-89.97938,38.74077],[-89.98133,38.73468]]]},"properties":{"GEOID":"1747397","NAME":"Maryville","NAMELSAD":"Maryville village","ALAND":15016520,"AWATER":202961}},
{"type":"Feature","geometry":{"type":"Polygon","coordinates":[[[-87.82625,41.93775],[-87.82545,41.90854],[-87.82451,41.90856],[-87.80575,41.9089],[-87.80662,41.93451],[-87.82625,41.93775]]]},"properties":{"GEOID":"1723724","NAME":"Elmwood Park","NAMELSAD":"Elmwood Park village","ALAND":4942717,"AWATER":0}},
{"type":"Feature","geometry":{"type":"Polygon","coordinates":[[[-88.36074,40.9714],[-88.36056,40.96792],[-88.35502,40.96953],[-88.35608,40.97145],[-88.36074,40.9714]]]},"properties":{"GEOID":"1724062","NAME":"Emington","NAMELSAD":"Emington village","ALAND":214217,"AWATER":0}},
{"type":"Feature","geometry":{"type":"Polygon","coordinates":[[[-87.68515,41.61915],[-87.68507,41.61573],[-87.66679,41.59696],[-87.65021,41.59694],[-87.65588,41.58634],[-87.65595,41.57906],[-87.63922,41.57923],[-87.63638,41.58234],[-87.63174,41.5864],[-87.63076,41.6042],[-87.6365,41.60751],[-87.63164,41.61931],[-87.6244,41.62264],[-87.63231,41.62984],[-87.64917,41.62984],[-87.65605,41.62989],[-87.67528,41.62267],[-87.68515,41.61915]]]},"properties":{"GEOID":"1733383","NAME":"Harvey","NAMELSAD":"Harvey city","ALAND":16073930,"AWATER":0}},
{"type":"Feature","geometry":{"type":"Polygon","coordinates":[[[-87.88663,41.75361],[-87.88632,41.74638],[-87.88587,41.74017],[-87.86057,41.75424],[-87.85415,41.76135],[-87.83276,41.78373],[-87.8586,41.78361],[-87.86816,41.77855],[-87.86699,41.75808],[-87.87216,41.75382],[-87.88663,41.75361]]]},"properties":{"GEOID":"1735385","NAME":"Hodgkins","NAMELSAD":"Hodgkins village","ALAND":7020480,"AWATER":139993}},
{"type":"Feature","geometry":{"type":"Polygon","coordinates":[[[-88.72144,40.45014],[-88.71195,40.44622],[-88.71194,40.45358],[-88.72144,40.45014]]]},"properties":{"GEOID":"1723555","NAME":"Ellsworth","NAMELSAD":"Ellsworth village","ALAND":561468,"AWATER":0}},
{"type":"Feature","geometry":{"type":"Polygon","coordinates":[[[-88.81545,40.6471],[-88.80104,40.64445],[-88.79895,40.63239],[-88.79061,40.63963],[-88.77408,40.63973],[-88.77103,40.64689],[-88.7599,40.64686],[-88.75993,40.6551],[-88.76891,40.65663],[-88.78811,40.6456],[-88.79867,40.64462],[-88.80811,40.64859],[-88.81545,40.6471]]]},"properties":{"GEOID":"1743094","NAME":"Lexington","NAMELSAD":"Lexington city","ALAND":5301842,"AWATER":0}},
{"type":"Feature","geometry":{"type":"Polygon","coordinates":[[[-90.02109,42.35726],[-90.00701,42.34241],[-89.99584,42.34246],[-89.99612,42.34972],[-89.98094,42.3496],[-89.98156,42.36424],[-89.99151,42.35847],[-90.01144,42.35896],[-90.02109,42.35726]]]},"properties":{"GEOID":"1772780","NAME":"Stockton","NAMELSAD":"Stockton village","ALAND":4837105,"AWATER":0}},
{"type":"Feature","geometry":{"type":"Polygon","coordinates":[[[-90.2387,38.22448],[-90.22926,38.22384],[-90.23159,38.23166],[-90.2387,38.22448]]]},"properties":{"GEOID":"1746058","NAME":"Maeystown","NAMELSAD":"Maeystown village","ALAND":765157,"AWATER":5130}},
{"type":"Feature","geometry":{"type":"Polygon","coordinates":[[[-91.2327,40.15476],[-91.23275,40.14631],[-91.21324,40.14659],[-91.21297,40.16134],[-91.22307,40.16114],[-91.22316,40.15413],[-91.2327,40.15476]]]},"properties":{"GEOID":"1744719","NAME":"Loraine","NAMELSAD":"Loraine village","ALAND":2186149,"AWATER":0}},
{"type":"Feature","geometry":{"type":"Polygon","coordinates":[[[-88.78771,40.18633],[-88.78782,40.17775],[-88.78297,40.17782],[-88.78771,40.18633]]]},"properties":{"GEOID":"1719798","NAME":"De Witt","NAMELSAD":"De Witt village","ALAND":614303,"AWATER":0}},
{"type":"Feature","geometry":{"type":"MultiPolygon","coordinates":[[[[-90.13369,38.59181],[-90.12858,38.58816],[-90.13704,38.57918],[-90.12682,38.57047],[-90.12817,38.56799],[-90.12709,38.56696],[-90.10923,38.5574],[-90.0982,38.55735],[-90.09307,38.56413],[-90.09281,38.5643],[-90.09256,38.56447],[-90.08608,38.57255],[-90.06588,38.58557],[-90.07322,38.59578],[-90.07929,38.59938],[-90.07873,38.5956],[-90.0836,38.60103],[-90.11269,38.60709],[-90.11891,38.5961],[-90.12432,38.6019],[-90.13369,38.59181]],[[-90.11102,38.60165],[-90.11065,38.6064],[-90.09039,38.5974],[-90.07961,38.58131],[-90.08865,38.57197],[-90.10039,38.58196],[-90.09603,38.58619],[-90.10529,38.59317],[-90.11102,38.60165]]],[[[-90.2046,38.58736],[-90.21671,38.57875],[-90.2311,38.56392],[-90.22215,38.55911],[-90.21563,38.56272],[-90.20389,38.55125],[-90.18021,38.54547],[-90.15988,38.54634],[-90.1481,38.54944],[-90.1378,38.54392],[-90.12959,38.55036],[-90.13124,38.55177],[-90.13752,38.55783],[-90.14469,38.56693],[-90.16473,38.58263],[-90.16559,38.58328],[-90.1812,38.58934],[-90.18425,38.58432],[-90.2046,38.58736]]]]},"properties":{"GEOID":"1710373","NAME":"Cahokia Heights","NAMELSAD":"Cahokia Heights city","ALAND":40852257,"AWATER":1678706}},
{"type":"Feature","geometry":{"type":"Polygon","coordinates":[[[-87.82507,41.09382],[-87.82246,41.08875],[-87.81112,41.08671],[-87.81849,41.07743],[-87.81437,41.06733],[-87.807,41.07043],[-87.79171,41.07051],[-87.7795,41.07813],[-87.77977,41.08986],[-87.78808,41.08898],[-87.79348,41.0776],[-87.80388,41.07913],[-87.80862,41.09212],[-87.82507,41.09382]]]},"properties":{"GEOID":"1702258","NAME":"Aroma Park","NAMELSAD":"Aroma Park village","ALAND":4874094,"AWATER":825584}},
{"type":"Feature","geometry":{"type":"Polygon","coordinates":[[[-87.73411,41.02796],[-87.73109,41.02093],[-87.71997,41.01752],[-87.70619,41.01712],[-87.70389,41.02504],[-87.71822,41.03025],[-87.72812,41.02463],[-87.73411,41.02796]]]},"properties":{"GEOID":"1766638","NAME":"St. Anne","NAMELSAD":"St. Anne village","ALAND":2150744,"AWATER":76829}},
{"type":"Feature","geometry":{"type":"Polygon","coordinates":[[[-87.85415,41.76135],[-87.86057,41.75424],[-87.85024,41.75439],[-87.84833,41.74705],[-87.84803,41.7398],[-87.84295,41.73475],[-87.83312,41.73285],[-87.82869,41.74033],[-87.82354,41.73694],[-87.81822,41.73311],[-87.81974,41.7623],[-87.82532,41.76217],[-87.85415,41.76135]]]},"properties":{"GEOID":"1738830","NAME":"Justice","NAMELSAD":"Justice village","ALAND":7354851,"AWATER":116067}},
{"type":"Feature","geometry":{"type":"Polygon","coordinates":[[[-87.57199,41.57925],[-87.57827,41.57815],[-87.58059,41.56475],[-87.57352,41.55939],[-87.54903,41.55749],[-87.55041,41.54278],[-87.5392,41.54136],[-87.53687,41.5283],[-87.52931,41.52832],[-87.52561,41.51744],[-87.52538,41.58138],[-87.53154,41.58796],[-87.53945,41.58687],[-87.54445,41.59374],[-87.55869,41.59446],[-87.56372,41.5865],[-87.57199,41.57925]]]},"properties":{"GEOID":"1742028","NAME":"Lansing","NAMELSAD":"Lansing village","ALAND":19329664,"AWATER":147063}},
{"type":"Feature","geometry":{"type":"Polygon","coordinates":[[[-87.83169,41.8206],[-87.84059,41.82051],[-87.83993,41.80564],[-87.81206,41.80617],[-87.81726,41.79893],[-87.80176,41.80078],[-87.80211,41.81032],[-87.80261,41.82115],[-87.80268,41.82372],[-87.8125,41.82106],[-87.82168,41.82106],[-87.83169,41.8206]]]},"properties":{"GEOID":"1745434","NAME":"Lyons","NAMELSAD":"Lyons village","ALAND":5717258,"AWATER":174409}},
{"type":"Feature","geometry":{"type":"Polygon","coordinates":[[[-87.95128,42.09538],[-87.94639,42.08758],[-87.95141,42.07359],[-87.96608,42.07242],[-87.96612,42.06644],[-87.97502,42.06183],[-87.96973,42.05031],[-87.96984,42.03253],[-87.95817,42.02444],[-87.94732,42.02084],[-87.94048,42.02272],[-87.94076,42.04759],[-87.92243,42.0486],[-87.9214,42.06619],[-87.90772,42.06707],[-87.90192,42.07832],[-87.8927,42.08046],[-87.88862,42.10218],[-87.90495,42.10239],[-87.90499,42.09513],[-87.9149,42.08781],[-87.93679,42.08803],[-87.93677,42.09527],[-87.95128,42.09538]]]},"properties":{"GEOID":"1751089","NAME":"Mount Prospect","NAMELSAD":"Mount Prospect village","ALAND":27767309,"AWATER":99694}},
{"type":"Feature","geometry":{"type":"Polygon","coordinates":[[[-87.8155,41.65675],[-87.81986,41.64567],[-87.81028,41.6459],[-87.80568,41.65329],[-87.7822,41.65375],[-87.76857,41.6685],[-87.77816,41.67408],[-87.80902,41.68029],[-87.80942,41.68432],[-87.81645,41.68119],[-87.81653,41.68098],[-87.81073,41.66047],[-87.81552,41.65718],[-87.8155,41.65675]]]},"properties":{"GEOID":"1757381","NAME":"Palos Heights","NAMELSAD":"Palos Heights city","ALAND":9793511,"AWATER":252938}},
{"type":"Feature","geometry":{"type":"Polygon","coordinates":[[[-87.59496,39.5784],[-87.58106,39.57478],[-87.5812,39.58566],[-87.59474,39.58561],[-87.59496,39.5784]]]},"properties":{"GEOID":"1777551","NAME":"Vermilion","NAMELSAD":"Vermilion village","ALAND":1414682,"AWATER":0}},
{"type":"Feature","geometry":{"type":"Polygon","coordinates":[[[-88.13188,40.45859],[-88.12706,40.4525],[-88.11748,40.45145],[-88.11746,40.44434],[-88.10351,40.44442],[-88.09227,40.44803],[-88.07996,40.44705],[-88.07882,40.46147],[-88.09183,40.46999],[-88.10646,40.46992],[-88.11198,40.45894],[-88.12037,40.45512],[-88.13188,40.45859]]]},"properties":{"GEOID":"1758239","NAME":"Paxton","NAMELSAD":"Paxton city","ALAND":7862440,"AWATER":17049}},
{"type":"Feature","geometry":{"type":"Polygon","coordinates":[[[-88.93548,37.99048],[-88.93553,37.98311],[-88.90232,37.98221],[-88.9012,38.00705],[-88.9101,38.01355],[-88.911,38.0238],[-88.92595,38.0234],[-88.93837,38.01259],[-88.94754,38.01251],[-88.94739,38.00488],[-88.92949,38.00486],[-88.92962,37.99045],[-88.93548,37.99048]]]},"properties":{"GEOID":"1705300","NAME":"Benton","NAMELSAD":"Benton city","ALAND":14219422,"AWATER":450194}},
{"type":"Feature","geometry":{"type":"Polygon","coordinates":[[[-89.0635,38.09157],[-89.05877,38.0818],[-89.04596,38.08274],[-89.04008,38.08895],[-89.0401,38.0966],[-89.05442,38.10023],[-89.0635,38.09157]]]},"properties":{"GEOID":"1768705","NAME":"Sesser","NAMELSAD":"Sesser city","ALAND":2720188,"AWATER":1914}},
{"type":"Feature","geometry":{"type":"Polygon","coordinates":[[[-89.05313,37.91393],[-89.0587,37.91062],[-89.05848,37.89199],[-89.04978,37.89182],[-89.0451,37.8988],[-89.0475,37.9104],[-89.05313,37.91393]]]},"properties":{"GEOID":"1784155","NAME":"Zeigler","NAMELSAD":"Zeigler city","ALAND":3519261,"AWATER":17423}},
{"type":"Feature","geometry":{"type":"Polygon","coordinates":[[[-90.22868,39.34586],[-90.22412,39.33797],[-90.18701,39.3385],[-90.20065,39.35328],[-90.21964,39.35328],[-90.22868,39.34586]]]},"properties":{"GEOID":"1731368","NAME":"Greenfield","NAMELSAD":"Greenfield city","ALAND":4438599,"AWATER":164231}},
{"type":"Feature","geometry":{"type":"Polygon","coordinates":[[[-87.79031,41.49214],[-87.79019,41.49171],[-87.75762,41.49103],[-87.75769,41.48446],[-87.78074,41.48437],[-87.78073,41.47799],[-87.78059,41.46982],[-87.77097,41.46978],[-87.77095,41.47664],[-87.75607,41.47671],[-87.74777,41.46973],[-87.7423,41.46972],[-87.73904,41.46972],[-87.72215,41.47281],[-87.70314,41.46978],[-87.70328,41.49163],[-87.79031,41.49214]]]},"properties":{"GEOID":"1763706","NAME":"Richton Park","NAMELSAD":"Richton Park village","ALAND":11374920,"AWATER":31490}},
{"type":"Feature","geometry":{"type":"Polygon","coordinates":[[[-88.13131,38.71126],[-88.11724,38.70779],[-88.11726,38.71256],[-88.11261,38.71521],[-88.10332,38.71538],[-88.09869,38.71027],[-88.08945,38.70836],[-88.08939,38.69758],[-88.07566,38.7014],[-88.07565,38.70863],[-88.08362,38.71453],[-88.06652,38.71603],[-88.06198,38.71984],[-88.04807,38.72057],[-88.04781,38.73072],[-88.06211,38.73173],[-88.0573,38.75008],[-88.08062,38.75136],[-88.08578,38.74616],[-88.10664,38.74583],[-88.10372,38.73798],[-88.10648,38.73064],[-88.10333,38.71634],[-88.11728,38.71613],[-88.11728,38.71407],[-88.13131,38.71126]]]},"properties":{"GEOID":"1755912","NAME":"Olney","NAMELSAD":"Olney city","ALAND":18032368,"AWATER":675}},
{"type":"Feature","geometry":{"type":"Polygon","coordinates":[[[-89.1197,39.14697],[-89.12005,39.13718],[-89.10129,39.1368],[-89.10082,39.15131],[-89.11983,39.15172],[-89.1197,39.14697]]]},"properties":{"GEOID":"1762627","NAME":"Ramsey","NAMELSAD":"Ramsey village","ALAND":2878416,"AWATER":0}},
{"type":"Feature","geometry":{"type":"Polygon","coordinates":[[[-88.75723,39.06683],[-88.75745,39.05203],[-88.74397,39.04553],[-88.73865,39.0581],[-88.74332,39.06707],[-88.7512,39.07228],[-88.75723,39.06683]]]},"properties":{"GEOID":"1701049","NAME":"Altamont","NAMELSAD":"Altamont city","ALAND":3980426,"AWATER":14992}},
{"type":"Feature","geometry":{"type":"Polygon","coordinates":[[[-88.38849,39.16598],[-88.37923,39.16246],[-88.36826,39.169],[-88.37655,39.17553],[-88.38181,39.16809],[-88.38849,39.16598]]]},"properties":{"GEOID":"1750283","NAME":"Montrose","NAMELSAD":"Montrose village","ALAND":1650065,"AWATER":0}},
{"type":"Feature","geometry":{"type":"Polygon","coordinates":[[[-87.96102,42.13239],[-87.96102,42.12444],[-87.95135,42.11894],[-87.94168,42.1243],[-87.93678,42.11341],[-87.9271,42.10906],[-87.90772,42.09658],[-87.90764,42.11463],[-87.89375,42.11473],[-87.89609,42.12277],[-87.88777,42.12363],[-87.88775,42.13819],[-87.88769,42.13857],[-87.90385,42.13977],[-87.91166,42.15314],[-87.93396,42.15308],[-87.93472,42.15308],[-87.96066,42.15321],[-87.95854,42.14132],[-87.94927,42.13956],[-87.95135,42.1316],[-87.96102,42.13239]]]},"properties":{"GEOID":"1781087","NAME":"Wheeling","NAMELSAD":"Wheeling village","ALAND":22460744,"AWATER":150683}},
{"type":"Feature","geometry":{"type":"Polygon","coordinates":[[[-88.48931,41.37771],[-88.48881,41.36334],[-88.47921,41.36339],[-88.47896,41.35509],[-88.45679,41.35868],[-88.45451,41.35338],[-88.44087,41.35714],[-88.44061,41.34925],[-88.42825,41.35349],[-88.41445,41.35452],[-88.40228,41.35961],[-88.38332,41.3636],[-88.38133,41.37201],[-88.40249,41.36507],[-88.39711,41.37952],[-88.37407,41.39492],[-88.37448,41.41146],[-88.38406,41.40624],[-88.38765,41.39741],[-88.39341,41.39453],[-88.40855,41.39601],[-88.41302,41.40139],[-88.42241,41.40127],[-88.4207,41.41575],[-88.41095,41.42493],[-88.4158,41.43773],[-88.43292,41.43735],[-88.43272,41.43008],[-88.4232,41.4303],[-88.42284,41.41573],[-88.43238,41.41551],[-88.43467,41.40095],[-88.44119,41.39711],[-88.43688,41.38685],[-88.45142,41.38594],[-88.45123,41.37869],[-88.46814,41.37754],[-88.46756,41.36474],[-88.48426,41.37064],[-88.48931,41.37771]],[[-88.42081,41.37419],[-88.41737,41.38306],[-88.4027,41.37599],[-88.40835,41.37237],[-88.42081,41.37419]]]},"properties":{"GEOID":"1750491","NAME":"Morris","NAMELSAD":"Morris city","ALAND":32840298,"AWATER":928056}},
{"type":"Feature","geometry":{"type":"Polygon","coordinates":[[[-87.77317,40.10639],[-87.77358,40.11983],[-87.78328,40.11762],[-87.78289,40.10698],[-87.77317,40.10639]]]},"properties":{"GEOID":"1755002","NAME":"Oakwood","NAMELSAD":"Oakwood village","ALAND":2404249,"AWATER":0}},
{"type":"Feature","geometry":{"type":"Polygon","coordinates":[[[-89.7929,39.1189],[-89.78961,39.10476],[-89.77443,39.1047],[-89.77464,39.11919],[-89.7929,39.1189]]]},"properties":{"GEOID":"1721410","NAME":"Eagarville","NAMELSAD":"Eagarville village","ALAND":2359759,"AWATER":48272}},
{"type":"Feature","geometry":{"type":"Polygon","coordinates":[[[-90.14634,39.17467],[-90.14229,39.17065],[-90.13385,39.18172],[-90.14652,39.18133],[-90.14634,39.17467]]]},"properties":{"GEOID":"1748138","NAME":"Medora","NAMELSAD":"Medora village","ALAND":984469,"AWATER":0}},
{"type":"Feature","geometry":{"type":"Polygon","coordinates":[[[-89.74224,39.07595],[-89.73654,39.065],[-89.71771,39.06476],[-89.71782,39.07943],[-89.7366,39.07953],[-89.74224,39.07595]]]},"properties":{"GEOID":"1751024","NAME":"Mount Olive","NAMELSAD":"Mount Olive city","ALAND":2987424,"AWATER":7721}},
{"type":"Feature","geometry":{"type":"Polygon","coordinates":[[[-90.91827,40.75276],[-90.91821,40.73827],[-90.90145,40.73959],[-90.89919,40.75257],[-90.91827,40.75276]]]},"properties":{"GEOID":"1773261","NAME":"Stronghurst","NAMELSAD":"Stronghurst village","ALAND":2261403,"AWATER":0}},
{"type":"Feature","geometry":{"type":"Polygon","coordinates":[[[-88.96827,39.39417],[-88.96804,39.37981],[-88.95031,39.37988],[-88.9504,39.3946],[-88.96827,39.39417]]]},"properties":{"GEOID":"1775848","NAME":"Tower Hill","NAMELSAD":"Tower Hill village","ALAND":2603133,"AWATER":0}},
{"type":"Feature","geometry":{"type":"Polygon","coordinates":[[[-88.75186,38.32532],[-88.73845,38.31695],[-88.73106,38.31666],[-88.71652,38.33249],[-88.75184,38.33199],[-88.75186,38.32532]]]},"properties":{"GEOID":"1706964","NAME":"Bluford","NAMELSAD":"Bluford village","ALAND":4110448,"AWATER":0}},
{"type":"Feature","geometry":{"type":"Polygon","coordinates":[[[-91.01472,41.17992],[-91.01445,41.16559],[-91.00759,41.16618],[-90.99259,41.15843],[-90.98661,41.15834],[-90.98603,41.17436],[-90.99585,41.18021],[-91.01472,41.17992]]]},"properties":{"GEOID":"1752220","NAME":"New Boston","NAMELSAD":"New Boston city","ALAND":2437346,"AWATER":1198082}},
{"type":"Feature","geometry":{"type":"Polygon","coordinates":[[[-90.19165,39.72327],[-90.19633,39.73062],[-90.21046,39.74135],[-90.21191,39.74951],[-90.22537,39.74976],[-90.23854,39.75676],[-90.25759,39.75262],[-90.27338,39.74512],[-90.27294,39.71869],[-90.26218,39.71841],[-90.26231,39.71239],[-90.24802,39.71344],[-90.24803,39.716],[-90.21519,39.71593],[-90.21939,39.70866],[-90.21924,39.69593],[-90.21921,39.69403],[-90.2105,39.69399],[-90.21074,39.70862],[-90.20029,39.70684],[-90.17762,39.71574],[-90.17229,39.71974],[-90.17296,39.7299],[-90.19159,39.73257],[-90.19165,39.72327]],[[-90.18856,39.71704],[-90.18856,39.72327],[-90.17737,39.72316],[-90.17879,39.71661],[-90.18856,39.71704]]]},"properties":{"GEOID":"1738115","NAME":"Jacksonville","NAMELSAD":"Jacksonville city","ALAND":27356761,"AWATER":510223}},
{"type":"Feature","geometry":{"type":"Polygon","coordinates":[[[-90.41554,40.72021],[-90.41273,40.71461],[-90.40121,40.71449],[-90.40092,40.72889],[-90.4105,40.72912],[-90.41554,40.72021]]]},"properties":{"GEOID":"1766677","NAME":"St. Augustine","NAMELSAD":"St. Augustine village","ALAND":1536247,"AWATER":0}},
{"type":"Feature","geometry":{"type":"Polygon","coordinates":[[[-87.70538,40.63233],[-87.70512,40.62497],[-87.68534,40.62517],[-87.68939,40.63308],[-87.70538,40.63233]]]},"properties":{"GEOID":"1749048","NAME":"Milford","NAMELSAD":"Milford village","ALAND":1738121,"AWATER":0}},
{"type":"Feature","geometry":{"type":"Polygon","coordinates":[[[-89.75567,41.36318],[-89.75118,41.35071],[-89.72834,41.35061],[-89.73131,41.35904],[-89.72342,41.36508],[-89.75567,41.36318]]]},"properties":{"GEOID":"1769147","NAME":"Sheffield","NAMELSAD":"Sheffield village","ALAND":3016517,"AWATER":0}},
{"type":"Feature","geometry":{"type":"Polygon","coordinates":[[[-90.3262,40.9475],[-90.32619,40.95465],[-90.336,40.98024],[-90.33315,40.98349],[-90.33954,40.9842],[-90.35744,40.98409],[-90.36732,40.99123],[-90.41222,40.99115],[-90.41179,40.97856],[-90.40201,40.97865],[-90.40005,40.98434],[-90.38588,40.97849],[-90.39714,40.97255],[-90.40507,40.963],[-90.40471,40.95541],[-90.41249,40.94773],[-90.43607,40.94743],[-90.44097,40.94018],[-90.44122,40.92268],[-90.41611,40.93276],[-90.41257,40.92565],[-90.40311,40.92257],[-90.38412,40.92368],[-90.392,40.90151],[-90.38427,40.90147],[-90.37244,40.92557],[-90.36022,40.92506],[-90.35535,40.93218],[-90.33333,40.93274],[-90.32659,40.92616],[-90.30645,40.91893],[-90.30314,40.92044],[-90.31726,40.9331],[-90.31741,40.93322],[-90.32993,40.93867],[-90.3263,40.94283],[-90.3262,40.9475]],[[-90.35436,40.96948],[-90.35406,40.9837],[-90.33999,40.98349],[-90.33676,40.98123],[-90.3317,40.96266],[-90.34019,40.96747],[-90.35436,40.96948]],[[-90.3405,40.95074],[-90.34031,40.96016],[-90.33177,40.96168],[-90.33361,40.9496],[-90.3405,40.95074]]]},"properties":{"GEOID":"1728326","NAME":"Galesburg","NAMELSAD":"Galesburg city","ALAND":46036264,"AWATER":459914}},
{"type":"Feature","geometry":{"type":"Polygon","coordinates":[[[-89.3501,38.8996],[-89.3677,38.89936],[-89.3722,38.89333],[-89.38457,38.89316],[-89.3859,38.90198],[-89.39613,38.90546],[-89.41657,38.8995],[-89.42274,38.89404],[-89.4228,38.8836],[-89.41744,38.88325],[-89.40683,38.87293],[-89.39543,38.87698],[-89.3831,38.86898],[-89.38034,38.87265],[-89.35887,38.87703],[-89.35979,38.89039],[-89.34998,38.89408],[-89.34705,38.90231],[-89.34841,38.9023],[-89.3501,38.8996]]]},"properties":{"GEOID":"1731589","NAME":"Greenville","NAMELSAD":"Greenville city","ALAND":16339583,"AWATER":0}},
{"type":"Feature","geometry":{"type":"Polygon","coordinates":[[[-89.58611,39.0029],[-89.58385,38.99574],[-89.56488,38.99504],[-89.56738,39.00809],[-89.58146,39.00671],[-89.58611,39.0029]]]},"properties":{"GEOID":"1770525","NAME":"Sorento","NAMELSAD":"Sorento village","ALAND":2065803,"AWATER":0}},
{"type":"Feature","geometry":{"type":"Polygon","coordinates":[[[-89.44943,37.30404],[-89.44652,37.3066],[-89.42971,37.30655],[-89.42973,37.31684],[-89.41554,37.31684],[-89.41553,37.32167],[-89.44819,37.3202],[-89.44943,37.30404]]]},"properties":{"GEOID":"1745525","NAME":"McClure","NAMELSAD":"McClure village","ALAND":3961134,"AWATER":527}},
{"type":"Feature","geometry":{"type":"Polygon","coordinates":[[[-90.65637,39.7106],[-90.65681,39.70285],[-90.64601,39.70279],[-90.64378,39.71017],[-90.65637,39.7106]]]},"properties":{"GEOID":"1777187","NAME":"Valley City","NAMELSAD":"Valley City village","ALAND":698254,"AWATER":135215}},
{"type":"Feature","geometry":{"type":"Polygon","coordinates":[[[-89.08698,41.22137],[-89.07832,41.21391],[-89.07726,41.20686],[-89.05811,41.20686],[-89.05831,41.21856],[-89.07386,41.2248],[-89.08698,41.22137]]]},"properties":{"GEOID":"1775718","NAME":"Tonica","NAMELSAD":"Tonica village","ALAND":3531044,"AWATER":0}},
{"type":"Feature","geometry":{"type":"Polygon","coordinates":[[[-88.64423,38.34229],[-88.64435,38.33494],[-88.63958,38.33492],[-88.63949,38.34224],[-88.64423,38.34229]]]},"properties":{"GEOID":"1739233","NAME":"Keenes","NAMELSAD":"Keenes village","ALAND":336065,"AWATER":0}},
{"type":"Feature","geometry":{"type":"Polygon","coordinates":[[[-88.14734,41.56936],[-88.14785,41.56972],[-88.14631,41.56566],[-88.14685,41.55607],[-88.1464,41.54389],[-88.14145,41.54035],[-88.13514,41.55138],[-88.08808,41.55262],[-88.08016,41.55703],[-88.07743,41.56716],[-88.08719,41.56754],[-88.08345,41.57902],[-88.07632,41.59114],[-88.08273,41.59512],[-88.11305,41.59552],[-88.11749,41.5842],[-88.12219,41.58076],[-88.12309,41.58801],[-88.13211,41.58774],[-88.13235,41.595],[-88.1365,41.59492],[-88.13812,41.59489],[-88.14346,41.59479],[-88.14306,41.58429],[-88.14294,41.58025],[-88.14273,41.57571],[-88.1401,41.56939],[-88.13999,41.5662],[-88.14734,41.56936]]]},"properties":{"GEOID":"1717458","NAME":"Crest Hill","NAMELSAD":"Crest Hill city","ALAND":23328170,"AWATER":289619}},
{"type":"Feature","geometry":{"type":"Polygon","coordinates":[[[-88.22567,41.72501],[-88.22541,41.71669],[-88.23535,41.71552],[-88.23368,41.67476],[-88.21422,41.6769],[-88.22435,41.68763],[-88.22465,41.69492],[-88.20658,41.6952],[-88.20508,41.68814],[-88.21208,41.68421],[-88.20455,41.67705],[-88.2039,41.6698],[-88.19804,41.66633],[-88.18477,41.66641],[-88.18062,41.68342],[-88.16632,41.69031],[-88.15912,41.69867],[-88.15221,41.7041],[-88.14074,41.70754],[-88.13666,41.70928],[-88.1333,41.70835],[-88.13035,41.70887],[-88.12708,41.70783],[-88.11711,41.70713],[-88.11162,41.71304],[-88.0975,41.71615],[-88.0976,41.71954],[-88.09764,41.72006],[-88.09794,41.72727],[-88.09817,41.73458],[-88.08851,41.73926],[-88.08891,41.7496],[-88.10357,41.74767],[-88.1037,41.7599],[-88.10901,41.75979],[-88.11021,41.77242],[-88.10743,41.77585],[-88.10756,41.77963],[-88.12812,41.77485],[-88.12847,41.78083],[-88.11709,41.78591],[-88.11673,41.79546],[-88.11635,41.7996],[-88.11876,41.80556],[-88.11895,41.80622],[-88.11884,41.8064],[-88.11378,41.81473],[-88.12198,41.81956],[-88.13058,41.81436],[-88.15086,41.81382],[-88.15703,41.80673],[-88.15704,41.80582],[-88.15711,41.79921],[-88.1763,41.79997],[-88.17645,41.785],[-88.18553,41.79008],[-88.18913,41.7985],[-88.18673,41.80566],[-88.19047,41.81294],[-88.21392,41.81039],[-88.2149,41.81039],[-88.22087,41.80545],[-88.221,41.80544],[-88.2242,41.80391],[-88.22465,41.80254],[-88.23001,41.80112],[-88.2318,41.77677],[-88.22202,41.77767],[-88.20573,41.77812],[-88.20573,41.77788],[-88.20633,41.74692],[-88.20642,41.73986],[-88.20593,41.73782],[-88.19626,41.74702],[-88.16826,41.74733],[-88.16723,41.74032],[-88.14784,41.74069],[-88.1506,41.72607],[-88.16332,41.72196],[-88.18677,41.71728],[-88.18669,41.73279],[-88.206,41.73257],[-88.20604,41.72525],[-88.22567,41.72501]],[[-88.19589,41.70261],[-88.1843,41.70278],[-88.18598,41.69547],[-88.19562,41.69536],[-88.19589,41.70261]]]},"properties":{"GEOID":"1751622","NAME":"Naperville","NAMELSAD":"Naperville city","ALAND":101961462,"AWATER":1502809}},
{"type":"Feature","geometry":{"type":"Polygon","coordinates":[[[-88.14283,41.50771],[-88.1396,41.49547],[-88.13959,41.49522],[-88.11025,41.50307],[-88.09816,41.50885],[-88.11469,41.51143],[-88.14018,41.50922],[-88.14283,41.50771]]]},"properties":{"GEOID":"1764902","NAME":"Rockdale","NAMELSAD":"Rockdale village","ALAND":3654192,"AWATER":0}},
{"type":"Feature","geometry":{"type":"Polygon","coordinates":[[[-87.64494,41.47697],[-87.64498,41.46977],[-87.65331,41.46355],[-87.63736,41.46061],[-87.6229,41.46021],[-87.62021,41.46983],[-87.5776,41.47004],[-87.58446,41.47718],[-87.58511,41.47718],[-87.58693,41.4772],[-87.59415,41.48047],[-87.59675,41.4858],[-87.60494,41.48703],[-87.60639,41.48557],[-87.60636,41.48445],[-87.61604,41.4771],[-87.64494,41.47697]]]},"properties":{"GEOID":"1772520","NAME":"Steger","NAMELSAD":"Steger village","ALAND":8819711,"AWATER":0}},
{"type":"Feature","geometry":{"type":"Polygon","coordinates":[[[-89.47379,38.53774],[-89.47374,38.53286],[-89.44603,38.53771],[-89.44608,38.54363],[-89.47152,38.54254],[-89.47379,38.53774]]]},"properties":{"GEOID":"1704000","NAME":"Bartelso","NAMELSAD":"Bartelso village","ALAND":1708923,"AWATER":0}},
{"type":"Feature","geometry":{"type":"Polygon","coordinates":[[[-89.4983,40.63384],[-89.49065,40.61923],[-89.49362,40.60837],[-89.49348,40.59007],[-89.48744,40.58303],[-89.47811,40.58255],[-89.46892,40.58773],[-89.4688,40.56885],[-89.45443,40.56923],[-89.45469,40.59273],[-89.43132,40.60616],[-89.43146,40.61705],[-89.44098,40.62067],[-89.44812,40.62863],[-89.44583,40.63856],[-89.44881,40.64938],[-89.46982,40.65354],[-89.47022,40.64921],[-89.4854,40.65102],[-89.49597,40.65566],[-89.49369,40.64435],[-89.4983,40.63384]],[[-89.48847,40.63847],[-89.48357,40.63081],[-89.46913,40.63455],[-89.47012,40.62716],[-89.48043,40.62695],[-89.48662,40.6318],[-89.48847,40.63847]]]},"properties":{"GEOID":"1750621","NAME":"Morton","NAMELSAD":"Morton village","ALAND":33361665,"AWATER":103313}},
{"type":"Feature","geometry":{"type":"Polygon","coordinates":[[[-89.26132,37.46844],[-89.25922,37.4529],[-89.24965,37.45306],[-89.24972,37.44551],[-89.23113,37.44547],[-89.22717,37.46055],[-89.21217,37.45942],[-89.20744,37.46804],[-89.21308,37.47276],[-89.22206,37.46577],[-89.22973,37.46801],[-89.23099,37.47573],[-89.2497,37.47583],[-89.2497,37.47101],[-89.26132,37.46844]]]},"properties":{"GEOID":"1701543","NAME":"Anna","NAMELSAD":"Anna city","ALAND":9565300,"AWATER":53048}},
{"type":"Feature","geometry":{"type":"Polygon","coordinates":[[[-88.07288,42.35531],[-88.07996,42.34277],[-88.08003,42.32797],[-88.05844,42.32783],[-88.05842,42.33333],[-88.06331,42.337],[-88.06058,42.33981],[-88.06055,42.34011],[-88.05829,42.35645],[-88.06749,42.35701],[-88.07092,42.35702],[-88.07093,42.35637],[-88.07238,42.35553],[-88.07288,42.35531]]]},"properties":{"GEOID":"1732200","NAME":"Hainesville","NAMELSAD":"Hainesville village","ALAND":4783495,"AWATER":88031}},
{"type":"Feature","geometry":{"type":"Polygon","coordinates":[[[-87.88688,42.29081],[-87.88673,42.2906],[-87.87054,42.28851],[-87.86804,42.27953],[-87.87854,42.27972],[-87.87227,42.2689],[-87.82805,42.26855],[-87.83383,42.29676],[-87.83362,42.30483],[-87.84733,42.30486],[-87.84874,42.29405],[-87.87011,42.28896],[-87.87609,42.29425],[-87.88688,42.29081]]]},"properties":{"GEOID":"1740910","NAME":"Lake Bluff","NAMELSAD":"Lake Bluff village","ALAND":10556955,"AWATER":24855}},
{"type":"Feature","geometry":{"type":"Polygon","coordinates":[[[-88.11648,42.21096],[-88.12057,42.20488],[-88.12079,42.19407],[-88.11629,42.19044],[-88.11384,42.18452],[-88.11075,42.17589],[-88.10167,42.17583],[-88.10165,42.18306],[-88.09207,42.18302],[-88.0878,42.17571],[-88.08715,42.1757],[-88.08235,42.17022],[-88.08235,42.16882],[-88.07251,42.16838],[-88.07147,42.17201],[-88.07673,42.18213],[-88.06449,42.18288],[-88.05791,42.17816],[-88.05791,42.19738],[-88.05794,42.20236],[-88.05794,42.20282],[-88.06281,42.21326],[-88.07372,42.2218],[-88.07913,42.21559],[-88.07957,42.20989],[-88.09194,42.20479],[-88.09197,42.21405],[-88.10449,42.21748],[-88.11141,42.21753],[-88.11142,42.21571],[-88.11648,42.21096]]]},"properties":{"GEOID":"1741742","NAME":"Lake Zurich","NAMELSAD":"Lake Zurich village","ALAND":17930925,"AWATER":1054980}},
{"type":"Feature","geometry":{"type":"Polygon","coordinates":[[[-87.93868,42.22654],[-87.93681,42.22384],[-87.93553,42.22156],[-87.90591,42.22183],[-87.89906,42.22187],[-87.90145,42.23014],[-87.90111,42.25828],[-87.89572,42.25862],[-87.89565,42.26369],[-87.90416,42.26339],[-87.91518,42.26814],[-87.92438,42.26714],[-87.923,42.27644],[-87.92596,42.2763],[-87.92505,42.2706],[-87.93873,42.26713],[-87.93567,42.25625],[-87.93935,42.25456],[-87.93913,42.25416],[-87.93845,42.2529],[-87.94042,42.24559],[-87.93951,42.24053],[-87.93395,42.22853],[-87.93868,42.22654]],[[-87.9251,42.2511],[-87.90564,42.25832],[-87.90575,42.24911],[-87.9251,42.2511]]]},"properties":{"GEOID":"1748671","NAME":"Mettawa","NAMELSAD":"Mettawa village","ALAND":14117243,"AWATER":199132}},
{"type":"Feature","geometry":{"type":"Polygon","coordinates":[[[-87.90725,42.3564],[-87.90608,42.34722],[-87.90517,42.34729],[-87.90358,42.34769],[-87.89645,42.34801],[-87.88825,42.34159],[-87.87785,42.34513],[-87.88014,42.35955],[-87.88495,42.36325],[-87.90096,42.35632],[-87.90218,42.35634],[-87.90725,42.3564]]]},"properties":{"GEOID":"1757654","NAME":"Park City","NAMELSAD":"Park City city","ALAND":2996748,"AWATER":5582}},
{"type":"Feature","geometry":{"type":"MultiPolygon","coordinates":[[[[-88.09176,42.30968],[-88.08231,42.30733],[-88.08231,42.30746],[-88.09176,42.30968]]],[[[-88.13006,42.36485],[-88.13011,42.35777],[-88.13989,42.35774],[-88.14066,42.34684],[-88.13893,42.34115],[-88.12235,42.343],[-88.1202,42.35746],[-88.11183,42.35743],[-88.10812,42.3502],[-88.10733,42.33621],[-88.10241,42.32819],[-88.09866,42.31354],[-88.08705,42.31363],[-88.0825,42.32061],[-88.08405,42.34059],[-88.08583,42.34141],[-88.08746,42.35714],[-88.08264,42.35991],[-88.08262,42.3643],[-88.11452,42.36472],[-88.12678,42.36734],[-88.12739,42.36749],[-88.13006,42.36485]]]]},"properties":{"GEOID":"1766027","NAME":"Round Lake","NAMELSAD":"Round Lake village","ALAND":14399165,"AWATER":414923}},
{"type":"Feature","geometry":{"type":"Polygon","coordinates":[[[-88.18419,42.32539],[-88.17951,42.31394],[-88.16952,42.31314],[-88.16954,42.30596],[-88.15492,42.30309],[-88.14505,42.31407],[-88.13526,42.31956],[-88.13525,42.32848],[-88.14499,42.32753],[-88.1449,42.33611],[-88.13893,42.34115],[-88.14066,42.34684],[-88.14712,42.33229],[-88.16437,42.3324],[-88.15945,42.34327],[-88.16047,42.36364],[-88.16893,42.36145],[-88.16869,42.3578],[-88.16987,42.35779],[-88.17406,42.34915],[-88.17571,42.33604],[-88.16493,42.31763],[-88.17198,42.31403],[-88.17933,42.31408],[-88.17924,42.32515],[-88.18419,42.32539]]]},"properties":{"GEOID":"1778227","NAME":"Volo","NAMELSAD":"Volo village","ALAND":10678974,"AWATER":209525}},
{"type":"Feature","geometry":{"type":"Polygon","coordinates":[[[-87.90341,39.3351],[-87.89078,39.33667],[-87.8904,39.3242],[-87.87248,39.32716],[-87.87252,39.34271],[-87.8854,39.34419],[-87.90341,39.3351]]]},"properties":{"GEOID":"1747254","NAME":"Martinsville","NAMELSAD":"Martinsville city","ALAND":5233538,"AWATER":71894}},
{"type":"Feature","geometry":{"type":"Polygon","coordinates":[[[-88.91155,37.42418],[-88.9047,37.41531],[-88.90508,37.40199],[-88.88381,37.40179],[-88.88403,37.41355],[-88.86965,37.41223],[-88.86103,37.40503],[-88.85196,37.40597],[-88.85193,37.41183],[-88.86816,37.41492],[-88.87499,37.41951],[-88.88346,37.41949],[-88.8889,37.43202],[-88.89768,37.43205],[-88.89788,37.42406],[-88.91155,37.42418]]]},"properties":{"GEOID":"1777863","NAME":"Vienna","NAMELSAD":"Vienna city","ALAND":7346908,"AWATER":95113}},
{"type":"Feature","geometry":{"type":"Polygon","coordinates":[[[-88.72037,42.09896],[-88.7152,42.093],[-88.71505,42.081],[-88.70035,42.08453],[-88.67589,42.08133],[-88.68095,42.09168],[-88.6811,42.10999],[-88.69147,42.10267],[-88.71037,42.10215],[-88.72037,42.09896]]]},"properties":{"GEOID":"1728898","NAME":"Genoa","NAMELSAD":"Genoa city","ALAND":6722913,"AWATER":140205}},
{"type":"Feature","geometry":{"type":"MultiPolygon","coordinates":[[[[-88.1629,41.59359],[-88.16339,41.6081],[-88.16818,41.60803],[-88.16757,41.5914],[-88.16306,41.59081],[-88.1629,41.59359]]],[[[-88.23368,41.67476],[-88.233,41.65843],[-88.22537,41.64402],[-88.23244,41.64391],[-88.24275,41.65827],[-88.24731,41.65092],[-88.25734,41.65348],[-88.26919,41.65061],[-88.26942,41.65787],[-88.27892,41.65776],[-88.28101,41.65047],[-88.27445,41.63308],[-88.26816,41.62253],[-88.29394,41.62178],[-88.29336,41.60735],[-88.31209,41.607],[-88.31176,41.59976],[-88.29148,41.60014],[-88.28631,41.59298],[-88.28568,41.57847],[-88.2711,41.57786],[-88.2708,41.57152],[-88.26125,41.57167],[-88.25657,41.57874],[-88.23966,41.57917],[-88.23948,41.56922],[-88.23909,41.56924],[-88.22952,41.56933],[-88.223,41.57211],[-88.21472,41.57304],[-88.21043,41.57377],[-88.19581,41.57051],[-88.19188,41.59308],[-88.17404,41.57988],[-88.17257,41.58106],[-88.17462,41.58598],[-88.16505,41.58724],[-88.17849,41.59811],[-88.1685,41.6017],[-88.16873,41.60783],[-88.19252,41.60928],[-88.19947,41.61667],[-88.19407,41.62745],[-88.18379,41.63605],[-88.1644,41.63077],[-88.1646,41.64446],[-88.16858,41.64509],[-88.17829,41.65798],[-88.165,41.65608],[-88.16537,41.66692],[-88.17639,41.66662],[-88.17797,41.65933],[-88.18732,41.65547],[-88.20186,41.65441],[-88.2039,41.6698],[-88.20455,41.67705],[-88.21422,41.6769],[-88.23368,41.67476]],[[-88.28207,41.60758],[-88.27773,41.61852],[-88.24305,41.61827],[-88.24007,41.60011],[-88.24413,41.59027],[-88.25445,41.59006],[-88.26662,41.58611],[-88.26685,41.59339],[-88.27657,41.59318],[-88.28207,41.60758]],[[-88.23395,41.58647],[-88.22711,41.59186],[-88.2281,41.59853],[-88.21586,41.59855],[-88.21103,41.58664],[-88.21901,41.58658],[-88.22298,41.57992],[-88.23395,41.58647]],[[-88.20318,41.65163],[-88.18901,41.6518],[-88.18666,41.6374],[-88.19805,41.64186],[-88.19369,41.64813],[-88.20318,41.65163]]]]},"properties":{"GEOID":"1760287","NAME":"Plainfield","NAMELSAD":"Plainfield village","ALAND":67699833,"AWATER":2676774}},
{"type":"Feature","geometry":{"type":"Polygon","coordinates":[[[-87.84879,41.20673],[-87.8448,41.22758],[-87.83978,41.23889],[-87.81939,41.23984],[-87.81752,41.25066],[-87.80997,41.25805],[-87.8261,41.25777],[-87.83882,41.26518],[-87.84734,41.26139],[-87.8659,41.26483],[-87.86559,41.25026],[-87.87785,41.24998],[-87.8777,41.24464],[-87.85617,41.24313],[-87.85796,41.23399],[-87.85766,41.21317],[-87.85745,41.20844],[-87.85119,41.20682],[-87.84984,41.20672],[-87.84879,41.20673]]]},"properties":{"GEOID":"1746500","NAME":"Manteno","NAMELSAD":"Manteno village","ALAND":13867595,"AWATER":88792}},
{"type":"Feature","geometry":{"type":"Polygon","coordinates":[[[-88.33514,42.09623],[-88.3354,42.08411],[-88.30814,42.08719],[-88.29677,42.08133],[-88.29673,42.09917],[-88.31446,42.10112],[-88.31566,42.09589],[-88.33514,42.09623]]]},"properties":{"GEOID":"1770161","NAME":"Sleepy Hollow","NAMELSAD":"Sleepy Hollow village","ALAND":5117123,"AWATER":56731}},
{"type":"Feature","geometry":{"type":"Polygon","coordinates":[[[-89.41501,38.10748],[-89.40385,38.10411],[-89.39356,38.09534],[-89.39373,38.09033],[-89.4061,38.08417],[-89.40202,38.07316],[-89.39425,38.06968],[-89.37489,38.06869],[-89.37038,38.0799],[-89.35582,38.08293],[-89.34265,38.08123],[-89.31578,38.08276],[-89.32427,38.09303],[-89.3409,38.08842],[-89.34301,38.11658],[-89.35243,38.11658],[-89.3479,38.10789],[-89.34782,38.09238],[-89.35246,38.08669],[-89.37528,38.08594],[-89.38922,38.08843],[-89.39149,38.0981],[-89.40802,38.10913],[-89.41501,38.10748]]]},"properties":{"GEOID":"1759884","NAME":"Pinckneyville","NAMELSAD":"Pinckneyville city","ALAND":10635227,"AWATER":713102}},
{"type":"Feature","geometry":{"type":"Polygon","coordinates":[[[-89.76366,39.59566],[-89.7636,39.58838],[-89.75438,39.5885],[-89.75384,39.54906],[-89.7396,39.54865],[-89.73035,39.55232],[-89.73045,39.56689],[-89.73972,39.56681],[-89.73995,39.58661],[-89.73082,39.59253],[-89.75178,39.60082],[-89.76366,39.59566]]]},"properties":{"GEOID":"1702921","NAME":"Auburn","NAMELSAD":"Auburn city","ALAND":10680574,"AWATER":0}},
{"type":"Feature","geometry":{"type":"Polygon","coordinates":[[[-89.66061,39.565],[-89.64912,39.56057],[-89.64369,39.56678],[-89.65605,39.57132],[-89.66061,39.565]]]},"properties":{"GEOID":"1720045","NAME":"Divernon","NAMELSAD":"Divernon village","ALAND":1977131,"AWATER":3268}},
{"type":"Feature","geometry":{"type":"Polygon","coordinates":[[[-89.6822,39.77148],[-89.67291,39.77743],[-89.67376,39.78248],[-89.69643,39.77504],[-89.68693,39.77144],[-89.6822,39.77148]]]},"properties":{"GEOID":"1742769","NAME":"Leland Grove","NAMELSAD":"Leland Grove city","ALAND":1625296,"AWATER":0}},
{"type":"Feature","geometry":{"type":"Polygon","coordinates":[[[-89.54672,39.85948],[-89.55485,39.85536],[-89.54413,39.83803],[-89.53465,39.8381],[-89.53453,39.83084],[-89.51575,39.83098],[-89.52085,39.84544],[-89.53006,39.8454],[-89.53016,39.85264],[-89.53735,39.86354],[-89.54672,39.85948]]]},"properties":{"GEOID":"1764486","NAME":"Riverton","NAMELSAD":"Riverton village","ALAND":8334868,"AWATER":60683}},
{"type":"Feature","geometry":{"type":"Polygon","coordinates":[[[-88.29106,41.17624],[-88.29091,41.17172],[-88.27158,41.17002],[-88.27178,41.17941],[-88.29106,41.17624]]]},"properties":{"GEOID":"1771370","NAME":"South Wilmington","NAMELSAD":"South Wilmington village","ALAND":1274013,"AWATER":0}},
{"type":"Feature","geometry":{"type":"Polygon","coordinates":[[[-88.12486,41.98884],[-88.11878,41.98245],[-88.11981,41.97213],[-88.10826,41.96681],[-88.10464,41.96546],[-88.09924,41.96443],[-88.09102,41.96024],[-88.08951,41.96449],[-88.0872,41.96556],[-88.08518,41.96541],[-88.07781,41.96898],[-88.07698,41.96901],[-88.0714,41.96713],[-88.05159,41.97142],[-88.06144,41.97687],[-88.06117,41.98433],[-88.05109,41.98641],[-88.04825,41.99189],[-88.05096,41.99192],[-88.05578,41.99345],[-88.06057,42.00062],[-88.09003,41.99711],[-88.08955,41.989],[-88.08956,41.98845],[-88.09276,41.98684],[-88.10545,41.98909],[-88.12486,41.98884]]]},"properties":{"GEOID":"1765806","NAME":"Roselle","NAMELSAD":"Roselle village","ALAND":14370681,"AWATER":195712}},
{"type":"Feature","geometry":{"type":"Polygon","coordinates":[[[-87.76706,40.77265],[-87.74986,40.77543],[-87.74182,40.77268],[-87.73849,40.76181],[-87.72904,40.76553],[-87.7051,40.76611],[-87.70543,40.7755],[-87.71983,40.7843],[-87.74239,40.78453],[-87.75011,40.78246],[-87.76706,40.77265]]]},"properties":{"GEOID":"1779228","NAME":"Watseka","NAMELSAD":"Watseka city","ALAND":7625675,"AWATER":0}},
{"type":"Feature","geometry":{"type":"Polygon","coordinates":[[[-89.74693,42.15646],[-89.7452,42.14646],[-89.73359,42.14748],[-89.73685,42.15836],[-89.74693,42.15646]]]},"properties":{"GEOID":"1768991","NAME":"Shannon","NAMELSAD":"Shannon village","ALAND":1248499,"AWATER":0}},
{"type":"Feature","geometry":{"type":"Polygon","coordinates":[[[-91.07826,40.02681],[-91.06005,40.02655],[-91.07018,40.03593],[-91.05652,40.03984],[-91.05515,40.04823],[-91.06534,40.04958],[-91.07289,40.04375],[-91.07826,40.02681]]]},"properties":{"GEOID":"1710877","NAME":"Camp Point","NAMELSAD":"Camp Point village","ALAND":3305055,"AWATER":0}},
{"type":"Feature","geometry":{"type":"Polygon","coordinates":[[[-91.11319,39.89117],[-91.10756,39.88215],[-91.11099,39.8746],[-91.1044,39.87457],[-91.10459,39.88585],[-91.10716,39.89524],[-91.11319,39.89117]]]},"properties":{"GEOID":"1743133","NAME":"Liberty","NAMELSAD":"Liberty village","ALAND":1012887,"AWATER":0}},
{"type":"Feature","geometry":{"type":"Polygon","coordinates":[[[-89.57496,38.89613],[-89.57481,38.88865],[-89.57015,38.88856],[-89.56902,38.89599],[-89.57496,38.89613]]]},"properties":{"GEOID":"1755717","NAME":"Old Ripley","NAMELSAD":"Old Ripley village","ALAND":399807,"AWATER":0}},
{"type":"Feature","geometry":{"type":"Polygon","coordinates":[[[-88.75558,39.64685],[-88.74693,39.63777],[-88.73204,39.63766],[-88.73225,39.65217],[-88.7462,39.6522],[-88.75558,39.64685]]]},"properties":{"GEOID":"1705612","NAME":"Bethany","NAMELSAD":"Bethany village","ALAND":2529430,"AWATER":6470}},
{"type":"Feature","geometry":{"type":"Polygon","coordinates":[[[-89.69139,39.17943],[-89.67636,39.1651],[-89.67453,39.14665],[-89.6688,39.14664],[-89.66002,39.16185],[-89.64209,39.16293],[-89.63149,39.16771],[-89.62927,39.1772],[-89.60611,39.17448],[-89.59421,39.18232],[-89.59421,39.20139],[-89.60225,39.20388],[-89.60371,39.22354],[-89.59421,39.22208],[-89.59517,39.23251],[-89.58465,39.23778],[-89.58488,39.26148],[-89.59434,39.25627],[-89.59417,39.24342],[-89.61568,39.23492],[-89.61539,39.20202],[-89.61861,39.18185],[-89.64126,39.18221],[-89.64122,39.18846],[-89.65066,39.18866],[-89.66009,39.1928],[-89.66454,39.18557],[-89.69139,39.17943]]]},"properties":{"GEOID":"1743965","NAME":"Litchfield","NAMELSAD":"Litchfield city","ALAND":23195917,"AWATER":5225683}},
{"type":"Feature","geometry":{"type":"Polygon","coordinates":[[[-88.74977,38.23915],[-88.74985,38.22446],[-88.73141,38.22421],[-88.73106,38.23901],[-88.74977,38.23915]]]},"properties":{"GEOID":"1704806","NAME":"Belle Rive","NAMELSAD":"Belle Rive village","ALAND":2657503,"AWATER":0}},
{"type":"Feature","geometry":{"type":"Polygon","coordinates":[[[-88.28654,42.20637],[-88.2865,42.19372],[-88.28471,42.19193],[-88.28164,42.19194],[-88.2742,42.19017],[-88.27313,42.19018],[-88.27189,42.19213],[-88.25595,42.19265],[-88.26205,42.19988],[-88.25852,42.2042],[-88.24761,42.20124],[-88.24039,42.19685],[-88.22498,42.20059],[-88.22474,42.20083],[-88.22178,42.21605],[-88.2339,42.21984],[-88.23306,42.22708],[-88.21873,42.22698],[-88.21852,42.23422],[-88.24022,42.23451],[-88.24285,42.23085],[-88.25724,42.2299],[-88.26208,42.21917],[-88.27496,42.2226],[-88.27683,42.219],[-88.27682,42.21843],[-88.27678,42.21007],[-88.28654,42.20637]]]},"properties":{"GEOID":"1711592","NAME":"Cary","NAMELSAD":"Cary village","ALAND":16901402,"AWATER":192927}},
{"type":"Feature","geometry":{"type":"Polygon","coordinates":[[[-88.62776,42.19132],[-88.62286,42.18233],[-88.60675,42.18252],[-88.60957,42.18974],[-88.61806,42.18918],[-88.61826,42.23689],[-88.59383,42.22941],[-88.59318,42.23982],[-88.58369,42.23755],[-88.58437,42.22935],[-88.57879,42.22578],[-88.57538,42.24763],[-88.58667,42.25083],[-88.58892,42.26453],[-88.60848,42.266],[-88.61821,42.26239],[-88.61824,42.25071],[-88.63243,42.25418],[-88.66382,42.25417],[-88.6482,42.24397],[-88.64623,42.25335],[-88.63448,42.25292],[-88.62775,42.24803],[-88.62807,42.22589],[-88.63276,42.21861],[-88.64249,42.21858],[-88.64263,42.22582],[-88.65691,42.22577],[-88.66159,42.21176],[-88.64726,42.21134],[-88.64326,42.20086],[-88.62296,42.19437],[-88.62776,42.19132]]]},"properties":{"GEOID":"1746786","NAME":"Marengo","NAMELSAD":"Marengo city","ALAND":22989302,"AWATER":0}},
{"type":"Feature","geometry":{"type":"Polygon","coordinates":[[[-89.92024,37.92246],[-89.91833,37.91856],[-89.91231,37.92014],[-89.91419,37.92418],[-89.92024,37.92246]]]},"properties":{"GEOID":"1739129","NAME":"Kaskaskia","NAMELSAD":"Kaskaskia village","ALAND":273282,"AWATER":0}},
{"type":"Feature","geometry":{"type":"Polygon","coordinates":[[[-89.16733,39.96901],[-89.15909,39.96127],[-89.15507,39.96849],[-89.16733,39.96901]]]},"properties":{"GEOID":"1742249","NAME":"Latham","NAMELSAD":"Latham village","ALAND":707417,"AWATER":0}},
{"type":"Feature","geometry":{"type":"Polygon","coordinates":[[[-90.0371,40.49519],[-90.03393,40.48741],[-90.02981,40.48738],[-90.02967,40.49517],[-90.0371,40.49519]]]},"properties":{"GEOID":"1721098","NAME":"Dunfermline","NAMELSAD":"Dunfermline village","ALAND":382012,"AWATER":0}},
{"type":"Feature","geometry":{"type":"Polygon","coordinates":[[[-90.23392,39.62903],[-90.22438,39.62166],[-90.21938,39.63251],[-90.23392,39.62903]]]},"properties":{"GEOID":"1783336","NAME":"Woodson","NAMELSAD":"Woodson village","ALAND":1019202,"AWATER":0}},
{"type":"Feature","geometry":{"type":"Polygon","coordinates":[[[-90.10444,40.46957],[-90.1046,40.46623],[-90.09693,40.46614],[-90.09709,40.45987],[-90.08941,40.46461],[-90.08937,40.47071],[-90.09779,40.46636],[-90.10444,40.46957]]]},"properties":{"GEOID":"1709161","NAME":"Bryant","NAMELSAD":"Bryant village","ALAND":641196,"AWATER":0}},
{"type":"Feature","geometry":{"type":"Polygon","coordinates":[[[-88.91977,37.75926],[-88.9151,37.7593],[-88.91499,37.77419],[-88.91969,37.76852],[-88.91997,37.76375],[-88.92503,37.75924],[-88.91977,37.75926]]]},"properties":{"GEOID":"1771526","NAME":"Spillertown","NAMELSAD":"Spillertown village","ALAND":1374385,"AWATER":20754}},
{"type":"Feature","geometry":{"type":"Polygon","coordinates":[[[-89.22055,40.79422],[-89.22051,40.79115],[-89.19169,40.79256],[-89.19663,40.80506],[-89.22055,40.79422]]]},"properties":{"GEOID":"1764590","NAME":"Roanoke","NAMELSAD":"Roanoke village","ALAND":2432159,"AWATER":94829}},
{"type":"Feature","geometry":{"type":"Polygon","coordinates":[[[-87.87834,42.10222],[-87.87827,42.08026],[-87.8663,42.08297],[-87.86765,42.0659],[-87.85452,42.07153],[-87.83342,42.07303],[-87.84025,42.06406],[-87.84157,42.05686],[-87.83076,42.06053],[-87.82212,42.06239],[-87.81566,42.05509],[-87.79569,42.05523],[-87.79746,42.05892],[-87.79118,42.06256],[-87.77996,42.06243],[-87.7706,42.06394],[-87.75873,42.065],[-87.76467,42.07958],[-87.77775,42.0798],[-87.77309,42.08694],[-87.77603,42.09067],[-87.79808,42.09448],[-87.79899,42.10538],[-87.81979,42.10754],[-87.82693,42.10559],[-87.82732,42.1056],[-87.8344,42.10195],[-87.857,42.10574],[-87.85879,42.10574],[-87.86177,42.10575],[-87.86392,42.10576],[-87.86867,42.11049],[-87.8783,42.10543],[-87.87834,42.10222]]]},"properties":{"GEOID":"1729938","NAME":"Glenview","NAMELSAD":"Glenview village","ALAND":37474592,"AWATER":109657}},
{"type":"Feature","geometry":{"type":"Polygon","coordinates":[[[-88.14603,41.28733],[-88.15145,41.28769],[-88.14774,41.27282],[-88.13607,41.27294],[-88.14126,41.28683],[-88.14603,41.28733]]]},"properties":{"GEOID":"1741716","NAME":"Lakewood Shores","NAMELSAD":"Lakewood Shores CDP","ALAND":901029,"AWATER":209016}},
{"type":"Feature","geometry":{"type":"Polygon","coordinates":[[[-89.32574,40.53712],[-89.32013,40.53708],[-89.32053,40.55366],[-89.3418,40.55335],[-89.34174,40.53953],[-89.33913,40.53706],[-89.33203,40.53713],[-89.32574,40.53712]]]},"properties":{"GEOID":"1734272","NAME":"Heritage Lake","NAMELSAD":"Heritage Lake CDP","ALAND":2934577,"AWATER":297495}},
{"type":"Feature","geometry":{"type":"Polygon","coordinates":[[[-90.74466,41.31407],[-90.72557,41.30675],[-90.72558,41.31565],[-90.74466,41.31407]]]},"properties":{"GEOID":"1732473","NAME":"Hamlet","NAMELSAD":"Hamlet CDP","ALAND":1154477,"AWATER":0}},
{"type":"Feature","geometry":{"type":"Polygon","coordinates":[[[-88.02708,41.62286],[-88.02699,41.61923],[-88.01595,41.61994],[-88.01722,41.62355],[-88.02708,41.62286]]]},"properties":{"GEOID":"1744244","NAME":"Lockport Heights","NAMELSAD":"Lockport Heights CDP","ALAND":446749,"AWATER":0}},
{"type":"Feature","geometry":{"type":"Polygon","coordinates":[[[-90.28968,41.34819],[-90.28016,41.34228],[-90.28138,41.35086],[-90.28491,41.34775],[-90.28968,41.34819]]]},"properties":{"GEOID":"1756796","NAME":"Osco","NAMELSAD":"Osco CDP","ALAND":484895,"AWATER":0}},
{"type":"Feature","geometry":{"type":"Polygon","coordinates":[[[-90.20476,40.86753],[-90.20464,40.85918],[-90.18956,40.85926],[-90.19311,40.86569],[-90.20476,40.86753]]]},"properties":{"GEOID":"1729340","NAME":"Gilson","NAMELSAD":"Gilson CDP","ALAND":856981,"AWATER":0}},
{"type":"Feature","geometry":{"type":"Polygon","coordinates":[[[-88.6067,42.495],[-88.60417,42.48694],[-88.59651,42.48839],[-88.59628,42.49499],[-88.6067,42.495]]]},"properties":{"GEOID":"1705859","NAME":"Big Foot Prairie","NAMELSAD":"Big Foot Prairie CDP","ALAND":579224,"AWATER":0}},
{"type":"Feature","geometry":{"type":"Polygon","coordinates":[[[-88.35727,42.26346],[-88.35521,42.27606],[-88.37172,42.2731],[-88.36867,42.26673],[-88.35727,42.26346]]]},"properties":{"GEOID":"1763875","NAME":"Ridgefield","NAMELSAD":"Ridgefield CDP","ALAND":1354003,"AWATER":0}},
{"type":"Feature","geometry":{"type":"Polygon","coordinates":[[[-88.09462,38.85579],[-88.09461,38.84849],[-88.07588,38.849],[-88.07588,38.85628],[-88.09462,38.85579]]]},"properties":{"GEOID":"1780580","NAME":"West Liberty","NAMELSAD":"West Liberty CDP","ALAND":1322403,"AWATER":0}},
{"type":"Feature","geometry":{"type":"Polygon","coordinates":[[[-88.00411,42.3892],[-88.00414,42.386],[-87.99791,42.38594],[-87.98366,42.38749],[-87.96821,42.38557],[-87.96619,42.39171],[-87.97788,42.39309],[-87.97973,42.39863],[-87.98665,42.39683],[-87.99736,42.39693],[-88.00398,42.40462],[-88.00408,42.39242],[-88.0041,42.39053],[-88.00411,42.3892]]]},"properties":{"GEOID":"1730900","NAME":"Grandwood Park","NAMELSAD":"Grandwood Park CDP","ALAND":3741927,"AWATER":50785}},
{"type":"Feature","geometry":{"type":"Polygon","coordinates":[[[-88.00467,42.35175],[-88.00459,42.34482],[-87.99321,42.33972],[-87.99042,42.33999],[-87.98816,42.34021],[-87.97346,42.34039],[-87.96362,42.34107],[-87.96363,42.34512],[-87.96363,42.34716],[-87.96363,42.34807],[-87.96364,42.34942],[-87.96364,42.35124],[-87.96502,42.36398],[-87.97341,42.36402],[-87.99974,42.36246],[-87.99981,42.35694],[-88.00467,42.35175]]]},"properties":{"GEOID":"1728248","NAME":"Gages Lake","NAMELSAD":"Gages Lake CDP","ALAND":7707177,"AWATER":492082}},
{"type":"Feature","geometry":{"type":"Polygon","coordinates":[[[-90.50585,40.41728],[-90.49136,40.41224],[-90.49121,40.42416],[-90.49935,40.42308],[-90.50585,40.41728]]]},"properties":{"GEOID":"1700178","NAME":"Adair","NAMELSAD":"Adair CDP","ALAND":1112768,"AWATER":0}},
{"type":"Feature","geometry":{"type":"Polygon","coordinates":[[[-88.13847,42.49616],[-88.13748,42.4798],[-88.13011,42.47379],[-88.12611,42.47368],[-88.12108,42.47762],[-88.12119,42.4882],[-88.11144,42.4882],[-88.11147,42.49035],[-88.1115,42.49396],[-88.13847,42.49616]]]},"properties":{"GEOID":"1740988","NAME":"Lake Catherine","NAMELSAD":"Lake Catherine CDP","ALAND":2353950,"AWATER":1409636}},
{"type":"Feature","geometry":{"type":"Polygon","coordinates":[[[-90.52601,40.88873],[-90.52604,40.88244],[-90.50862,40.88225],[-90.50868,40.89519],[-90.52601,40.88873]]]},"properties":{"GEOID":"1710747","NAME":"Cameron","NAMELSAD":"Cameron CDP","ALAND":1638236,"AWATER":0}},
{"type":"Feature","geometry":{"type":"Polygon","coordinates":[[[-89.19183,40.05548],[-89.19179,40.05189],[-89.1824,40.05198],[-89.18244,40.05557],[-89.19183,40.05548]]]},"properties":{"GEOID":"1713230","NAME":"Chestnut","NAMELSAD":"Chestnut CDP","ALAND":319670,"AWATER":0}},
{"type":"Feature","geometry":{"type":"Polygon","coordinates":[[[-87.94889,40.3067],[-87.94891,40.29892],[-87.9366,40.30733],[-87.94889,40.3067]]]},"properties":{"GEOID":"1758577","NAME":"Penfield","NAMELSAD":"Penfield CDP","ALAND":666298,"AWATER":0}},
{"type":"Feature","geometry":{"type":"Polygon","coordinates":[[[-89.06446,40.48771],[-89.09784,40.50248],[-89.11429,40.49104],[-89.12583,40.49081],[-89.12495,40.47272],[-89.09644,40.47149],[-89.09653,40.48007],[-89.07014,40.48053],[-89.06484,40.48761],[-89.06446,40.48771]]]},"properties":{"GEOID":"1776511","NAME":"Twin Grove","NAMELSAD":"Twin Grove CDP","ALAND":10265596,"AWATER":24731}},
{"type":"Feature","geometry":{"type":"Polygon","coordinates":[[[-90.35819,42.40758],[-90.35713,42.39525],[-90.34312,42.38831],[-90.3452,42.37501],[-90.34017,42.37196],[-90.27078,42.37204],[-90.26962,42.37859],[-90.27614,42.39634],[-90.29129,42.39743],[-90.3018,42.40477],[-90.31707,42.42661],[-90.32202,42.4201],[-90.33175,42.41904],[-90.33217,42.4302],[-90.34226,42.4303],[-90.34186,42.41989],[-90.34669,42.41607],[-90.35787,42.41589],[-90.35819,42.40758]]]},"properties":{"GEOID":"1774970","NAME":"The Galena Territory","NAMELSAD":"The Galena Territory CDP","ALAND":28518680,"AWATER":891448}},
{"type":"Feature","geometry":{"type":"Polygon","coordinates":[[[-88.01245,41.7435],[-88.0124,41.73664],[-88.03049,41.73398],[-88.03046,41.73306],[-88.02055,41.72898],[-88.01114,41.72776],[-88.00753,41.72145],[-88.01066,41.71465],[-88.00627,41.71351],[-88.00195,41.71757],[-87.99735,41.72622],[-87.96738,41.73008],[-87.95904,41.74488],[-87.95929,41.75216],[-87.94491,41.75323],[-87.94525,41.76696],[-87.96103,41.76851],[-87.96712,41.76834],[-87.97428,41.76502],[-87.9852,41.76188],[-87.9901,41.76602],[-87.9935,41.76445],[-87.9936,41.76236],[-87.99327,41.75148],[-88.01136,41.75117],[-88.0127,41.74658],[-88.01264,41.74477],[-88.01259,41.74386],[-88.01245,41.7435]],[[-88.01169,41.72937],[-88.00762,41.74394],[-87.98879,41.74313],[-87.99258,41.72961],[-88.01169,41.72937]]]},"properties":{"GEOID":"1718628","NAME":"Darien","NAMELSAD":"Darien city","ALAND":15990326,"AWATER":276096}},
{"type":"Feature","geometry":{"type":"Polygon","coordinates":[[[-89.66112,40.69549],[-89.67506,40.69649],[-89.68664,40.6946],[-89.68982,40.68317],[-89.68038,40.68063],[-89.67555,40.67409],[-89.66591,40.67932],[-89.64216,40.68136],[-89.64215,40.68157],[-89.6515,40.68854],[-89.66118,40.68835],[-89.66112,40.69549]]]},"properties":{"GEOID":"1704871","NAME":"Bellevue","NAMELSAD":"Bellevue village","ALAND":5758878,"AWATER":0}},
{"type":"Feature","geometry":{"type":"Polygon","coordinates":[[[-88.69757,41.51385],[-88.67927,41.51239],[-88.66919,41.53322],[-88.65407,41.53942],[-88.65865,41.54561],[-88.67156,41.54149],[-88.67342,41.53629],[-88.69308,41.53486],[-88.69272,41.52215],[-88.69757,41.51385]]]},"properties":{"GEOID":"1769277","NAME":"Sheridan","NAMELSAD":"Sheridan village","ALAND":5492088,"AWATER":96065}},
{"type":"Feature","geometry":{"type":"Polygon","coordinates":[[[-89.60213,41.98648],[-89.58868,41.98533],[-89.58976,41.97389],[-89.57587,41.97403],[-89.57576,41.98059],[-89.56581,41.98127],[-89.56876,41.99307],[-89.5786,41.99399],[-89.60213,41.98648]]]},"properties":{"GEOID":"1760937","NAME":"Polo","NAMELSAD":"Polo city","ALAND":3759169,"AWATER":0}},
{"type":"Feature","geometry":{"type":"Polygon","coordinates":[[[-88.68359,41.62729],[-88.68749,41.62301],[-88.6952,41.6018],[-88.6726,41.60192],[-88.64959,41.60696],[-88.64536,41.62027],[-88.65072,41.63099],[-88.66313,41.631],[-88.6711,41.62467],[-88.68359,41.62729]]]},"properties":{"GEOID":"1741157","NAME":"Lake Holiday","NAMELSAD":"Lake Holiday CDP","ALAND":9076873,"AWATER":1250252}},
{"type":"Feature","geometry":{"type":"Polygon","coordinates":[[[-89.76616,40.64593],[-89.76607,40.63545],[-89.75651,40.62404],[-89.7369,40.62402],[-89.7325,40.62703],[-89.73724,40.63827],[-89.74737,40.6384],[-89.74737,40.64541],[-89.76616,40.64593]]]},"properties":{"GEOID":"1740962","NAME":"Lake Camelot","NAMELSAD":"Lake Camelot CDP","ALAND":4510232,"AWATER":341914}},
{"type":"Feature","geometry":{"type":"Polygon","coordinates":[[[-88.71837,38.88226],[-88.71764,38.87703],[-88.70808,38.87565],[-88.70829,38.88532],[-88.71837,38.88226]]]},"properties":{"GEOID":"1740520","NAME":"La Clede","NAMELSAD":"La Clede CDP","ALAND":795553,"AWATER":0}},
{"type":"Feature","geometry":{"type":"Polygon","coordinates":[[[-89.33868,40.6329],[-89.33728,40.62304],[-89.32754,40.62256],[-89.32315,40.63357],[-89.33868,40.6329]]]},"properties":{"GEOID":"1718940","NAME":"Deer Creek","NAMELSAD":"Deer Creek village","ALAND":1385082,"AWATER":29294}},
{"type":"Feature","geometry":{"type":"Polygon","coordinates":[[[-89.29868,41.36671],[-89.29854,41.36364],[-89.29394,41.36498],[-89.29868,41.36671]]]},"properties":{"GEOID":"1735671","NAME":"Hollowayville","NAMELSAD":"Hollowayville village","ALAND":133590,"AWATER":0}},
{"type":"Feature","geometry":{"type":"Polygon","coordinates":[[[-89.60615,41.56103],[-89.59901,41.55827],[-89.6012,41.55123],[-89.58445,41.55002],[-89.58455,41.5577],[-89.60615,41.56103]]]},"properties":{"GEOID":"1778526","NAME":"Walnut","NAMELSAD":"Walnut village","ALAND":2072579,"AWATER":0}},
{"type":"Feature","geometry":{"type":"Polygon","coordinates":[[[-87.87321,41.05685],[-87.86967,41.0551],[-87.87032,41.02465],[-87.86677,41.01855],[-87.84931,41.01893],[-87.84736,41.02627],[-87.85022,41.03496],[-87.86698,41.0343],[-87.86339,41.04582],[-87.86718,41.04878],[-87.86842,41.05696],[-87.87321,41.05685]]]},"properties":{"GEOID":"1767372","NAME":"Sammons Point","NAMELSAD":"Sammons Point village","ALAND":4811265,"AWATER":0}},
{"type":"Feature","geometry":{"type":"Polygon","coordinates":[[[-88.38248,40.20777],[-88.39074,40.19561],[-88.39093,40.19528],[-88.38912,40.1944],[-88.37817,40.19784],[-88.36209,40.1967],[-88.35452,40.21028],[-88.3581,40.21494],[-88.3718,40.21503],[-88.37493,40.21909],[-88.37969,40.21961],[-88.38248,40.20777]]]},"properties":{"GEOID":"1741346","NAME":"Lake of the Woods","NAMELSAD":"Lake of the Woods CDP","ALAND":4357456,"AWATER":216726}},
{"type":"Feature","geometry":{"type":"Polygon","coordinates":[[[-89.47361,39.16247],[-89.47356,39.15528],[-89.46942,39.1554],[-89.46605,39.15542],[-89.46501,39.16313],[-89.44734,39.16662],[-89.45026,39.17339],[-89.46452,39.16622],[-89.46765,39.16292],[-89.47361,39.16247]]]},"properties":{"GEOID":"1768120","NAME":"Schram City","NAMELSAD":"Schram City village","ALAND":1467687,"AWATER":0}},
{"type":"Feature","geometry":{"type":"Polygon","coordinates":[[[-87.91824,41.87366],[-87.91258,41.84787],[-87.90019,41.84818],[-87.90137,41.86272],[-87.89476,41.86183],[-87.88243,41.86188],[-87.88282,41.87089],[-87.88328,41.88252],[-87.89176,41.88038],[-87.89739,41.88489],[-87.91065,41.88542],[-87.91301,41.87497],[-87.91824,41.87366]]]},"properties":{"GEOID":"1735086","NAME":"Hillside","NAMELSAD":"Hillside village","ALAND":8204243,"AWATER":0}},
{"type":"Feature","geometry":{"type":"Polygon","coordinates":[[[-88.34028,41.1965],[-88.3397,41.18516],[-88.32743,41.18543],[-88.32325,41.18189],[-88.30101,41.18285],[-88.3014,41.19337],[-88.28336,41.20804],[-88.2909,41.2149],[-88.29733,41.20773],[-88.29706,41.20048],[-88.33714,41.19953],[-88.34028,41.1965]]]},"properties":{"GEOID":"1728638","NAME":"Gardner","NAMELSAD":"Gardner village","ALAND":7542180,"AWATER":74459}},
{"type":"Feature","geometry":{"type":"Polygon","coordinates":[[[-91.01854,39.54551],[-91.01835,39.53868],[-91.01173,39.53183],[-91.0019,39.53534],[-91.01854,39.54551]]]},"properties":{"GEOID":"1765130","NAME":"Rockport","NAMELSAD":"Rockport CDP","ALAND":1112368,"AWATER":0}},
{"type":"Feature","geometry":{"type":"Polygon","coordinates":[[[-90.08739,38.87903],[-90.05875,38.87869],[-90.05884,38.88175],[-90.0639,38.88799],[-90.06525,38.90145],[-90.06913,38.90306],[-90.07951,38.9051],[-90.07805,38.89011],[-90.08739,38.87903]]]},"properties":{"GEOID":"1765884","NAME":"Rosewood Heights","NAMELSAD":"Rosewood Heights CDP","ALAND":4279983,"AWATER":7232}},
{"type":"Feature","geometry":{"type":"Polygon","coordinates":[[[-89.98453,41.81507],[-89.98365,41.80782],[-89.97274,41.79975],[-89.94987,41.79742],[-89.94022,41.80157],[-89.9422,41.8125],[-89.95698,41.8191],[-89.98453,41.81507]]]},"properties":{"GEOID":"1750530","NAME":"Morrison","NAMELSAD":"Morrison city","ALAND":6561470,"AWATER":0}},
{"type":"Feature","geometry":{"type":"Polygon","coordinates":[[[-89.37532,38.44162],[-89.37535,38.43436],[-89.36526,38.43424],[-89.36527,38.43953],[-89.37532,38.44162]]]},"properties":{"GEOID":"1752714","NAME":"New Minden","NAMELSAD":"New Minden village","ALAND":717133,"AWATER":0}},
{"type":"Feature","geometry":{"type":"Polygon","coordinates":[[[-89.9056,40.70511],[-89.90039,40.6903],[-89.87236,40.69015],[-89.87668,40.70425],[-89.9056,40.70511]]]},"properties":{"GEOID":"1776108","NAME":"Trivoli","NAMELSAD":"Trivoli CDP","ALAND":3942267,"AWATER":0}},
{"type":"Feature","geometry":{"type":"Polygon","coordinates":[[[-88.73386,41.96895],[-88.73663,41.95974],[-88.74317,41.95353],[-88.75222,41.95364],[-88.7364,41.97159],[-88.75837,41.97176],[-88.75829,41.96526],[-88.77312,41.96525],[-88.77324,41.9561],[-88.78285,41.95814],[-88.78767,41.94362],[-88.79726,41.94357],[-88.7974,41.93006],[-88.79198,41.92178],[-88.77673,41.92186],[-88.77059,41.91361],[-88.76904,41.90308],[-88.77298,41.89594],[-88.76357,41.88312],[-88.75374,41.88805],[-88.74396,41.88561],[-88.71951,41.88556],[-88.72373,41.9073],[-88.71957,41.91463],[-88.71948,41.92569],[-88.69927,41.92295],[-88.69974,41.934],[-88.69368,41.94908],[-88.69858,41.95428],[-88.70549,41.93759],[-88.71467,41.93672],[-88.72485,41.94101],[-88.71621,41.95097],[-88.72138,41.957],[-88.71988,41.96257],[-88.71751,41.96594],[-88.71947,41.96555],[-88.72473,41.9661],[-88.73386,41.96895]]]},"properties":{"GEOID":"1719161","NAME":"DeKalb","NAMELSAD":"DeKalb city","ALAND":46163238,"AWATER":443680}},
{"type":"Feature","geometry":{"type":"Polygon","coordinates":[[[-89.30396,40.72085],[-89.28995,40.71757],[-89.29224,40.70144],[-89.28389,40.69753],[-89.26756,40.69933],[-89.26039,40.70758],[-89.26312,40.72537],[-89.29194,40.72672],[-89.29306,40.71957],[-89.30396,40.72085]]]},"properties":{"GEOID":"1724543","NAME":"Eureka","NAMELSAD":"Eureka city","ALAND":7085809,"AWATER":124341}},
{"type":"Feature","geometry":{"type":"Polygon","coordinates":[[[-88.08103,41.50715],[-88.10236,41.49782],[-88.099,41.49118],[-88.08767,41.491],[-88.0879,41.48784],[-88.06124,41.49064],[-88.06126,41.49126],[-88.06133,41.49358],[-88.06353,41.4981],[-88.06628,41.49911],[-88.06777,41.49964],[-88.06851,41.49989],[-88.06997,41.5004],[-88.0879,41.49671],[-88.08103,41.50715]]]},"properties":{"GEOID":"1761860","NAME":"Preston Heights","NAMELSAD":"Preston Heights CDP","ALAND":2996275,"AWATER":0}},
{"type":"Feature","geometry":{"type":"Polygon","coordinates":[[[-91.25635,39.82301],[-91.25631,39.8175],[-91.24193,39.80743],[-91.23244,39.80722],[-91.23219,39.8193],[-91.24182,39.81992],[-91.24179,39.8263],[-91.25635,39.82301]]]},"properties":{"GEOID":"1758265","NAME":"Payson","NAMELSAD":"Payson village","ALAND":3030506,"AWATER":0}},
{"type":"Feature","geometry":{"type":"Polygon","coordinates":[[[-88.36578,40.31682],[-88.35602,40.30718],[-88.34123,40.30586],[-88.34215,40.32562],[-88.35627,40.32542],[-88.35625,40.3181],[-88.36578,40.31682]]]},"properties":{"GEOID":"1726194","NAME":"Fisher","NAMELSAD":"Fisher village","ALAND":3444958,"AWATER":0}},
{"type":"Feature","geometry":{"type":"Polygon","coordinates":[[[-87.69347,40.56015],[-87.6851,40.55836],[-87.68235,40.54202],[-87.68348,40.5359],[-87.67399,40.53612],[-87.67419,40.5422],[-87.68199,40.54198],[-87.68485,40.55864],[-87.69347,40.56015]]]},"properties":{"GEOID":"1779735","NAME":"Wellington","NAMELSAD":"Wellington village","ALAND":615291,"AWATER":0}},
{"type":"Feature","geometry":{"type":"Polygon","coordinates":[[[-87.79949,41.76273],[-87.80454,41.7692],[-87.81867,41.76923],[-87.82532,41.76217],[-87.81974,41.7623],[-87.81822,41.73311],[-87.80846,41.72225],[-87.81109,41.7093],[-87.81146,41.70413],[-87.79805,41.70441],[-87.79851,41.71724],[-87.78993,41.72315],[-87.79463,41.73357],[-87.7992,41.73532],[-87.79981,41.75051],[-87.79487,41.75178],[-87.79495,41.75393],[-87.79949,41.76273]]]},"properties":{"GEOID":"1708225","NAME":"Bridgeview","NAMELSAD":"Bridgeview village","ALAND":10674478,"AWATER":0}},
{"type":"Feature","geometry":{"type":"Polygon","coordinates":[[[-90.1908,41.61362],[-90.17674,41.61308],[-90.17381,41.60277],[-90.16578,41.60312],[-90.16673,41.61731],[-90.18603,41.61779],[-90.1908,41.61362]]]},"properties":{"GEOID":"1735073","NAME":"Hillsdale","NAMELSAD":"Hillsdale village","ALAND":1678328,"AWATER":74529}},
{"type":"Feature","geometry":{"type":"Polygon","coordinates":[[[-89.61394,39.8676],[-89.60355,39.86998],[-89.59532,39.88854],[-89.58239,39.88864],[-89.58249,39.89585],[-89.60248,39.89972],[-89.62117,39.89592],[-89.62097,39.88137],[-89.62976,39.88128],[-89.63078,39.87401],[-89.61652,39.87424],[-89.61394,39.8676]]]},"properties":{"GEOID":"1769342","NAME":"Sherman","NAMELSAD":"Sherman village","ALAND":8137104,"AWATER":114496}},
{"type":"Feature","geometry":{"type":"Polygon","coordinates":[[[-89.94763,39.94118],[-89.9353,39.93871],[-89.92912,39.9446],[-89.929,39.95276],[-89.93912,39.95229],[-89.93886,39.94542],[-89.94763,39.94118]]]},"properties":{"GEOID":"1774379","NAME":"Tallula","NAMELSAD":"Tallula village","ALAND":1375908,"AWATER":0}},
{"type":"Feature","geometry":{"type":"Polygon","coordinates":[[[-88.86605,40.88177],[-88.86589,40.86983],[-88.85371,40.87117],[-88.8539,40.8838],[-88.86605,40.88177]]]},"properties":{"GEOID":"1726311","NAME":"Flanagan","NAMELSAD":"Flanagan village","ALAND":1490695,"AWATER":1871}},
{"type":"Feature","geometry":{"type":"Polygon","coordinates":[[[-88.86213,39.02429],[-88.86208,39.0101],[-88.84812,39.01334],[-88.83918,39.00607],[-88.83945,39.02028],[-88.84741,39.03076],[-88.86213,39.02429]]]},"properties":{"GEOID":"1766794","NAME":"St. Elmo","NAMELSAD":"St. Elmo city","ALAND":3844388,"AWATER":63298}},
{"type":"Feature","geometry":{"type":"Polygon","coordinates":[[[-88.2215,42.41224],[-88.21601,42.40617],[-88.22383,42.39991],[-88.22226,42.38561],[-88.2086,42.39412],[-88.19881,42.40121],[-88.19881,42.40844],[-88.20574,42.41557],[-88.2215,42.41224]]]},"properties":{"GEOID":"1760144","NAME":"Pistakee Highlands","NAMELSAD":"Pistakee Highlands CDP","ALAND":3324863,"AWATER":832068}},
{"type":"Feature","geometry":{"type":"Polygon","coordinates":[[[-87.91258,41.84787],[-87.91899,41.84386],[-87.91793,41.83318],[-87.89089,41.83384],[-87.88602,41.83395],[-87.8842,41.83399],[-87.87856,41.83414],[-87.88164,41.84945],[-87.86706,41.84905],[-87.86811,41.87104],[-87.88282,41.87089],[-87.88243,41.86188],[-87.89476,41.86183],[-87.90137,41.86272],[-87.90019,41.84818],[-87.91258,41.84787]]]},"properties":{"GEOID":"1780047","NAME":"Westchester","NAMELSAD":"Westchester village","ALAND":9546167,"AWATER":0}},
{"type":"Feature","geometry":{"type":"Polygon","coordinates":[[[-89.45419,40.42375],[-89.42286,40.42478],[-89.42265,40.41658],[-89.40684,40.41792],[-89.40377,40.42523],[-89.43003,40.42525],[-89.45419,40.42375]]]},"properties":{"GEOID":"1736126","NAME":"Hopedale","NAMELSAD":"Hopedale village","ALAND":2303206,"AWATER":9709}},
{"type":"Feature","geometry":{"type":"Polygon","coordinates":[[[-88.74372,41.33481],[-88.73619,41.33058],[-88.70516,41.32211],[-88.69453,41.32117],[-88.67147,41.31222],[-88.67136,41.30338],[-88.69209,41.30604],[-88.69729,41.29978],[-88.70477,41.29962],[-88.70455,41.28647],[-88.69535,41.28864],[-88.69513,41.27848],[-88.68543,41.27637],[-88.68512,41.26701],[-88.66102,41.26716],[-88.66598,41.27444],[-88.66679,41.30272],[-88.6693,41.31177],[-88.65969,41.31365],[-88.65726,41.30347],[-88.64765,41.30211],[-88.63777,41.2965],[-88.63829,41.3098],[-88.65842,41.31728],[-88.64944,41.32523],[-88.65345,41.33245],[-88.66416,41.3287],[-88.6651,41.3201],[-88.67845,41.32273],[-88.68827,41.32766],[-88.67895,41.33958],[-88.68434,41.34677],[-88.69633,41.34671],[-88.69981,41.36861],[-88.70579,41.366],[-88.70625,41.33954],[-88.71982,41.33957],[-88.71974,41.33457],[-88.73612,41.33742],[-88.74372,41.33481]]]},"properties":{"GEOID":"1747150","NAME":"Marseilles","NAMELSAD":"Marseilles city","ALAND":24445962,"AWATER":1248046}},
{"type":"Feature","geometry":{"type":"Polygon","coordinates":[[[-90.67376,40.7341],[-90.67399,40.72561],[-90.65447,40.72513],[-90.65426,40.73506],[-90.67376,40.7341]]]},"properties":{"GEOID":"1765845","NAME":"Roseville","NAMELSAD":"Roseville village","ALAND":1914208,"AWATER":0}},
{"type":"Feature","geometry":{"type":"Polygon","coordinates":[[[-89.06383,38.60882],[-89.04994,38.60681],[-89.04736,38.61971],[-89.0636,38.61967],[-89.06383,38.60882]]]},"properties":{"GEOID":"1755210","NAME":"Odin","NAMELSAD":"Odin village","ALAND":2598335,"AWATER":0}},
{"type":"Feature","geometry":{"type":"Polygon","coordinates":[[[-91.09721,40.80886],[-91.09264,40.79369],[-91.07614,40.79368],[-91.07528,40.8229],[-91.09123,40.82323],[-91.09721,40.80886]]]},"properties":{"GEOID":"1731991","NAME":"Gulfport","NAMELSAD":"Gulfport village","ALAND":3657970,"AWATER":2286213}},
{"type":"Feature","geometry":{"type":"Polygon","coordinates":[[[-90.05778,39.12768],[-90.05747,39.11297],[-90.03502,39.11319],[-90.03513,39.12778],[-90.05778,39.12768]]]},"properties":{"GEOID":"1769563","NAME":"Shipman","NAMELSAD":"Shipman town","ALAND":3419604,"AWATER":34438}},
{"type":"Feature","geometry":{"type":"MultiPolygon","coordinates":[[[[-88.36473,41.40482],[-88.36442,41.39504],[-88.37261,41.39446],[-88.37227,41.38044],[-88.3496,41.38884],[-88.34297,41.39295],[-88.31556,41.40153],[-88.31566,41.4066],[-88.29891,41.40684],[-88.29712,41.39457],[-88.2691,41.39658],[-88.25665,41.38713],[-88.2396,41.39018],[-88.24206,41.4029],[-88.22893,41.40593],[-88.22904,41.41228],[-88.20614,41.41017],[-88.20637,41.41995],[-88.19501,41.4319],[-88.18528,41.43479],[-88.18583,41.44936],[-88.18611,41.45663],[-88.18614,41.45754],[-88.17792,41.46405],[-88.17691,41.46407],[-88.17244,41.47089],[-88.17676,41.47819],[-88.18748,41.4781],[-88.19994,41.4675],[-88.22231,41.45605],[-88.22733,41.44864],[-88.23965,41.44444],[-88.23665,41.4384],[-88.24186,41.43341],[-88.25095,41.42632],[-88.25092,41.42551],[-88.25536,41.42562],[-88.2703,41.42588],[-88.27528,41.41849],[-88.28198,41.41201],[-88.25524,41.41202],[-88.26944,41.40355],[-88.26981,41.41134],[-88.29804,41.41058],[-88.29998,41.44032],[-88.31074,41.44311],[-88.31122,41.4429],[-88.31836,41.43998],[-88.31917,41.43972],[-88.31998,41.43879],[-88.32038,41.43832],[-88.32417,41.43386],[-88.31977,41.41623],[-88.3185,41.40298],[-88.34682,41.40259],[-88.34826,41.416],[-88.36476,41.40789],[-88.36473,41.40482]],[[-88.2445,41.40469],[-88.24503,41.41902],[-88.2344,41.41941],[-88.23729,41.40485],[-88.2445,41.40469]],[[-88.22599,41.44866],[-88.21583,41.45837],[-88.20033,41.46625],[-88.19634,41.45323],[-88.20026,41.44912],[-88.22599,41.44866]]],[[[-88.3836,41.38729],[-88.38354,41.37686],[-88.3738,41.38007],[-88.3836,41.38729]]]]},"properties":{"GEOID":"1712476","NAME":"Channahon","NAMELSAD":"Channahon village","ALAND":43446039,"AWATER":3320814}},
{"type":"Feature","geometry":{"type":"Polygon","coordinates":[[[-90.46851,39.63321],[-90.46553,39.6209],[-90.45359,39.62174],[-90.44813,39.62548],[-90.44456,39.63874],[-90.46851,39.63321]]]},"properties":{"GEOID":"1782270","NAME":"Winchester","NAMELSAD":"Winchester city","ALAND":2923180,"AWATER":0}},
{"type":"Feature","geometry":{"type":"Polygon","coordinates":[[[-89.75178,40.0827],[-89.74895,40.07742],[-89.73681,40.07791],[-89.73043,40.0916],[-89.74907,40.09147],[-89.75178,40.0827]]]},"properties":{"GEOID":"1731576","NAME":"Greenview","NAMELSAD":"Greenview village","ALAND":2225062,"AWATER":0}},
{"type":"Feature","geometry":{"type":"Polygon","coordinates":[[[-90.32426,38.29704],[-90.31901,38.29262],[-90.2979,38.28997],[-90.29535,38.30135],[-90.27896,38.30427],[-90.26317,38.31169],[-90.26147,38.31889],[-90.27987,38.31911],[-90.29675,38.31668],[-90.30242,38.31183],[-90.32201,38.31014],[-90.32426,38.29704]]]},"properties":{"GEOID":"1777265","NAME":"Valmeyer","NAMELSAD":"Valmeyer village","ALAND":8866881,"AWATER":140711}},
{"type":"Feature","geometry":{"type":"Polygon","coordinates":[[[-91.22326,39.71301],[-91.22339,39.70208],[-91.18571,39.70189],[-91.18574,39.71634],[-91.20913,39.71661],[-91.22326,39.71301]]]},"properties":{"GEOID":"1736516","NAME":"Hull","NAMELSAD":"Hull village","ALAND":4727136,"AWATER":28891}},
{"type":"Feature","geometry":{"type":"Polygon","coordinates":[[[-87.70314,41.46978],[-87.70987,41.46438],[-87.7096,41.45635],[-87.70955,41.4528],[-87.69965,41.45287],[-87.69346,41.45787],[-87.69053,41.46323],[-87.68773,41.46641],[-87.67586,41.46363],[-87.66934,41.47703],[-87.66945,41.49153],[-87.65604,41.49152],[-87.65605,41.49489],[-87.67427,41.49494],[-87.67433,41.50407],[-87.6792,41.50618],[-87.69831,41.50617],[-87.70328,41.49163],[-87.70314,41.46978]]]},"properties":{"GEOID":"1757732","NAME":"Park Forest","NAMELSAD":"Park Forest village","ALAND":12895660,"AWATER":0}},
{"type":"Feature","geometry":{"type":"Polygon","coordinates":[[[-90.02653,38.21225],[-90.01698,38.20892],[-90.0038,38.19802],[-89.99393,38.19341],[-89.98791,38.2044],[-89.97558,38.2061],[-89.97559,38.21538],[-89.98532,38.21888],[-90.01228,38.21852],[-90.02653,38.21225]]]},"properties":{"GEOID":"1763043","NAME":"Red Bud","NAMELSAD":"Red Bud city","ALAND":6841179,"AWATER":58305}},
{"type":"Feature","geometry":{"type":"Polygon","coordinates":[[[-89.02827,37.2501],[-89.01415,37.24734],[-89.0138,37.25443],[-89.00007,37.25512],[-88.99998,37.26247],[-89.0276,37.26121],[-89.02827,37.2501]]]},"properties":{"GEOID":"1752467","NAME":"New Grand Chain","NAMELSAD":"New Grand Chain village","ALAND":2700729,"AWATER":38728}},
{"type":"Feature","geometry":{"type":"MultiPolygon","coordinates":[[[[-89.11437,41.36761],[-89.12053,41.3608],[-89.11565,41.35478],[-89.11085,41.35314],[-89.11057,41.35171],[-89.10603,41.35169],[-89.10574,41.32439],[-89.09471,41.32483],[-89.09313,41.3146],[-89.08183,41.32476],[-89.06737,41.32467],[-89.06735,41.3377],[-89.05684,41.33927],[-89.04548,41.34784],[-89.03889,41.34639],[-89.02803,41.34655],[-89.02918,41.35363],[-89.02425,41.35376],[-89.01933,41.3537],[-89.0193,41.36066],[-89.0104,41.366],[-89.01014,41.37084],[-89.01524,41.37552],[-89.02933,41.37557],[-89.03403,41.38301],[-89.06795,41.38262],[-89.06786,41.37503],[-89.07636,41.37509],[-89.08189,41.36806],[-89.08208,41.3605],[-89.06754,41.359],[-89.06373,41.35107],[-89.07581,41.34653],[-89.07653,41.35354],[-89.09129,41.35708],[-89.09056,41.37245],[-89.0956,41.37367],[-89.10505,41.37034],[-89.10992,41.36699],[-89.11437,41.36761]],[[-89.05807,41.37241],[-89.04843,41.37503],[-89.04832,41.35242],[-89.05305,41.3524],[-89.05312,41.36761],[-89.05807,41.37241]]],[[[-89.11067,41.36766],[-89.11175,41.37285],[-89.09064,41.37542],[-89.09441,41.39014],[-89.10627,41.3898],[-89.11137,41.39412],[-89.12377,41.39653],[-89.12567,41.38197],[-89.11626,41.38212],[-89.1153,41.37091],[-89.11067,41.36766]]]]},"properties":{"GEOID":"1742184","NAME":"LaSalle","NAMELSAD":"LaSalle city","ALAND":34940030,"AWATER":296758}},
{"type":"Feature","geometry":{"type":"Polygon","coordinates":[[[-91.03056,40.11377],[-91.02634,40.10659],[-91.00887,40.10625],[-91.00871,40.11455],[-91.03056,40.11377]]]},"properties":{"GEOID":"1730159","NAME":"Golden","NAMELSAD":"Golden village","ALAND":1663971,"AWATER":0}},
{"type":"Feature","geometry":{"type":"Polygon","coordinates":[[[-89.79711,39.44695],[-89.79241,39.44263],[-89.77096,39.44278],[-89.76895,39.45003],[-89.77446,39.45372],[-89.79248,39.45143],[-89.79711,39.44695]]]},"properties":{"GEOID":"1729392","NAME":"Girard","NAMELSAD":"Girard city","ALAND":2419006,"AWATER":0}},
{"type":"Feature","geometry":{"type":"Polygon","coordinates":[[[-88.35052,38.10069],[-88.34632,38.0935],[-88.33237,38.09354],[-88.32773,38.09686],[-88.32761,38.10791],[-88.34589,38.10793],[-88.35052,38.10069]]]},"properties":{"GEOID":"1724179","NAME":"Enfield","NAMELSAD":"Enfield village","ALAND":2618176,"AWATER":0}},
{"type":"Feature","geometry":{"type":"Polygon","coordinates":[[[-89.05027,38.33243],[-89.02954,38.32517],[-89.02458,38.33309],[-89.05027,38.33243]]]},"properties":{"GEOID":"1783206","NAME":"Woodlawn","NAMELSAD":"Woodlawn village","ALAND":2214942,"AWATER":0}},
{"type":"Feature","geometry":{"type":"Polygon","coordinates":[[[-87.88978,42.20373],[-87.88133,42.19007],[-87.87617,42.18203],[-87.86829,42.18196],[-87.85688,42.18185],[-87.85206,42.18912],[-87.85188,42.19638],[-87.8618,42.20371],[-87.88978,42.20373]]]},"properties":{"GEOID":"1703610","NAME":"Bannockburn","NAMELSAD":"Bannockburn village","ALAND":5281669,"AWATER":60445}},
{"type":"Feature","geometry":{"type":"Polygon","coordinates":[[[-88.23808,42.35039],[-88.22796,42.35538],[-88.21822,42.35552],[-88.22019,42.3446],[-88.23113,42.34321],[-88.22999,42.32975],[-88.21818,42.32872],[-88.21869,42.33593],[-88.20838,42.33513],[-88.20861,42.32133],[-88.18903,42.32134],[-88.18419,42.32539],[-88.17924,42.32515],[-88.17198,42.31403],[-88.16493,42.31763],[-88.17571,42.33604],[-88.17896,42.34333],[-88.18605,42.34338],[-88.19802,42.35059],[-88.20595,42.36497],[-88.21896,42.36513],[-88.22801,42.36493],[-88.22795,42.35768],[-88.238,42.35766],[-88.23803,42.35477],[-88.23808,42.35039]]]},"properties":{"GEOID":"1741326","NAME":"Lakemoor","NAMELSAD":"Lakemoor village","ALAND":13684770,"AWATER":635472}},
{"type":"Feature","geometry":{"type":"Polygon","coordinates":[[[-88.01682,39.29391],[-88.00207,39.29106],[-87.98318,39.29063],[-87.98284,39.30118],[-87.97072,39.30521],[-87.96975,39.31467],[-87.97819,39.31334],[-87.97939,39.32805],[-87.98868,39.32347],[-87.99311,39.30762],[-88.00237,39.30588],[-88.00875,39.29507],[-88.01682,39.29391]]]},"properties":{"GEOID":"1711618","NAME":"Casey","NAMELSAD":"Casey city","ALAND":6789558,"AWATER":37495}},
{"type":"Feature","geometry":{"type":"Polygon","coordinates":[[[-88.51808,42.15376],[-88.50983,42.14322],[-88.51045,42.10645],[-88.52038,42.11002],[-88.52352,42.12105],[-88.535,42.12453],[-88.53507,42.13262],[-88.55569,42.13253],[-88.5557,42.11716],[-88.54468,42.11716],[-88.5417,42.09917],[-88.5446,42.08457],[-88.53496,42.08467],[-88.53491,42.07745],[-88.52515,42.07749],[-88.525,42.08739],[-88.49293,42.08848],[-88.49576,42.09605],[-88.50565,42.09941],[-88.50593,42.11369],[-88.4957,42.11381],[-88.48155,42.11765],[-88.47267,42.11024],[-88.47272,42.10296],[-88.45478,42.09945],[-88.45471,42.10293],[-88.46441,42.10669],[-88.46659,42.13195],[-88.47198,42.13259],[-88.48158,42.13258],[-88.48168,42.13923],[-88.49622,42.14041],[-88.49153,42.15374],[-88.50618,42.15575],[-88.51808,42.15376]],[[-88.50525,42.12765],[-88.50104,42.1352],[-88.49135,42.1353],[-88.49122,42.12441],[-88.50525,42.12765]]]},"properties":{"GEOID":"1732525","NAME":"Hampshire","NAMELSAD":"Hampshire village","ALAND":26125979,"AWATER":0}},
{"type":"Feature","geometry":{"type":"Polygon","coordinates":[[[-88.4224,42.20958],[-88.42257,42.19725],[-88.41277,42.19723],[-88.41271,42.18289],[-88.4031,42.18282],[-88.40293,42.19006],[-88.39823,42.19007],[-88.38851,42.19011],[-88.39337,42.17949],[-88.39337,42.16843],[-88.38849,42.16845],[-88.38365,42.16848],[-88.37876,42.17576],[-88.3837,42.1859],[-88.37691,42.18728],[-88.37193,42.17574],[-88.31097,42.17628],[-88.29802,42.1757],[-88.29398,42.18291],[-88.30066,42.19008],[-88.28649,42.1905],[-88.28652,42.19193],[-88.2865,42.19372],[-88.28654,42.20637],[-88.29628,42.21162],[-88.31047,42.21161],[-88.29864,42.20125],[-88.3051,42.19722],[-88.3194,42.21175],[-88.33519,42.21168],[-88.33029,42.20449],[-88.33504,42.19718],[-88.33553,42.19035],[-88.36913,42.19014],[-88.37403,42.19952],[-88.37596,42.20461],[-88.39832,42.20455],[-88.41274,42.2045],[-88.4224,42.20958]]]},"properties":{"GEOID":"1741183","NAME":"Lake in the Hills","NAMELSAD":"Lake in the Hills village","ALAND":26505310,"AWATER":607007}},
{"type":"Feature","geometry":{"type":"Polygon","coordinates":[[[-87.63231,41.62984],[-87.6244,41.62264],[-87.60984,41.62262],[-87.60822,41.6154],[-87.59771,41.61531],[-87.59767,41.60724],[-87.57799,41.60669],[-87.57343,41.61549],[-87.57839,41.62087],[-87.57848,41.64473],[-87.61723,41.64458],[-87.61722,41.64415],[-87.61721,41.6299],[-87.63231,41.62984]]]},"properties":{"GEOID":"1720292","NAME":"Dolton","NAMELSAD":"Dolton village","ALAND":11837949,"AWATER":304312}},
{"type":"Feature","geometry":{"type":"Polygon","coordinates":[[[-87.74107,41.73452],[-87.73862,41.72742],[-87.72165,41.72779],[-87.72144,41.73486],[-87.74107,41.73452]]]},"properties":{"GEOID":"1735866","NAME":"Hometown","NAMELSAD":"Hometown city","ALAND":1240338,"AWATER":0}},
{"type":"Feature","geometry":{"type":"Polygon","coordinates":[[[-87.69851,41.63084],[-87.69818,41.62226],[-87.69321,41.62056],[-87.68515,41.61915],[-87.67528,41.62267],[-87.6795,41.64087],[-87.68921,41.6407],[-87.6889,41.63296],[-87.69851,41.63084]]]},"properties":{"GEOID":"1761314","NAME":"Posen","NAMELSAD":"Posen village","ALAND":3027767,"AWATER":0}},
{"type":"Feature","geometry":{"type":"Polygon","coordinates":[[[-87.63144,41.56472],[-87.6317,41.56054],[-87.62666,41.56029],[-87.62655,41.55743],[-87.60684,41.55753],[-87.6071,41.5737],[-87.59887,41.5773],[-87.61206,41.57938],[-87.61698,41.5864],[-87.6275,41.58641],[-87.6306,41.57874],[-87.63486,41.57715],[-87.63144,41.56824],[-87.63144,41.56472]]]},"properties":{"GEOID":"1775185","NAME":"Thornton","NAMELSAD":"Thornton village","ALAND":6150155,"AWATER":67750}},
{"type":"Feature","geometry":{"type":"Polygon","coordinates":[[[-88.05646,41.79725],[-88.05676,41.78628],[-88.05225,41.77918],[-88.05039,41.77935],[-88.05079,41.78771],[-88.02638,41.78606],[-88.02347,41.77789],[-88.03026,41.77264],[-88.04245,41.77661],[-88.03752,41.76759],[-88.03152,41.76557],[-88.02727,41.75085],[-88.01136,41.75117],[-87.99327,41.75148],[-87.9936,41.76236],[-87.9935,41.76445],[-87.9901,41.76602],[-87.98886,41.7661],[-87.99383,41.76965],[-87.99428,41.78418],[-87.98479,41.78802],[-87.9851,41.81032],[-87.9852,41.8171],[-88.00124,41.81667],[-87.996,41.82412],[-87.99622,41.83138],[-88.01095,41.83477],[-88.01626,41.83908],[-88.03,41.83783],[-88.03367,41.83271],[-88.0478,41.83166],[-88.05104,41.83142],[-88.04709,41.82499],[-88.0339,41.81811],[-88.03361,41.80974],[-88.04912,41.80929],[-88.05256,41.80116],[-88.05646,41.79725]]]},"properties":{"GEOID":"1720591","NAME":"Downers Grove","NAMELSAD":"Downers Grove village","ALAND":37948036,"AWATER":387115}},
{"type":"Feature","geometry":{"type":"Polygon","coordinates":[[[-89.1567,38.96114],[-89.15349,38.94876],[-89.13996,38.95028],[-89.13195,38.95699],[-89.11705,38.96058],[-89.1171,38.955],[-89.08779,38.95448],[-89.08502,38.96673],[-89.09462,38.97481],[-89.08544,38.97664],[-89.08446,38.9819],[-89.09776,38.98201],[-89.09677,38.99159],[-89.08464,38.99121],[-89.084,39.00511],[-89.08893,39.01714],[-89.09821,39.01768],[-89.09825,39.00614],[-89.10756,39.00611],[-89.10712,38.97983],[-89.13823,38.97739],[-89.13817,38.96989],[-89.15013,38.96983],[-89.1567,38.96114]]]},"properties":{"GEOID":"1777317","NAME":"Vandalia","NAMELSAD":"Vandalia city","ALAND":21107492,"AWATER":40746}},
{"type":"Feature","geometry":{"type":"Polygon","coordinates":[[[-90.41768,39.30224],[-90.41375,39.29501],[-90.41383,39.2839],[-90.39753,39.27905],[-90.4003,39.28876],[-90.39391,39.3054],[-90.40894,39.30852],[-90.41768,39.30224]]]},"properties":{"GEOID":"1711462","NAME":"Carrollton","NAMELSAD":"Carrollton city","ALAND":4926717,"AWATER":4796}},
{"type":"Feature","geometry":{"type":"Polygon","coordinates":[[[-91.22819,40.63842],[-91.22455,40.63152],[-91.22476,40.61872],[-91.19569,40.61858],[-91.19551,40.63637],[-91.22819,40.63842]]]},"properties":{"GEOID":"1761080","NAME":"Pontoosuc","NAMELSAD":"Pontoosuc village","ALAND":3641486,"AWATER":1728729}},
{"type":"Feature","geometry":{"type":"Polygon","coordinates":[[[-90.08065,38.84475],[-90.07168,38.83334],[-90.08551,38.83344],[-90.08635,38.8283],[-90.06751,38.82763],[-90.06934,38.83333],[-90.05256,38.8299],[-90.05781,38.819],[-90.05229,38.80557],[-90.03103,38.80544],[-90.03113,38.81181],[-90.01847,38.81255],[-90.00848,38.82015],[-90.01174,38.83301],[-90.0347,38.8321],[-90.03907,38.84063],[-90.0339,38.84613],[-90.03914,38.84493],[-90.04871,38.85227],[-90.04872,38.854],[-90.0539,38.85296],[-90.06334,38.85599],[-90.07684,38.8563],[-90.08631,38.85248],[-90.08065,38.84475]]]},"properties":{"GEOID":"1766131","NAME":"Roxana","NAMELSAD":"Roxana village","ALAND":18508076,"AWATER":314983}},
{"type":"Feature","geometry":{"type":"Polygon","coordinates":[[[-87.93983,41.98668],[-87.96255,41.98327],[-87.96167,41.96797],[-87.96167,41.96781],[-87.95929,41.95186],[-87.95279,41.94751],[-87.95375,41.93073],[-87.93652,41.93156],[-87.93421,41.93904],[-87.92686,41.93921],[-87.92539,41.93145],[-87.92029,41.9313],[-87.92024,41.94313],[-87.91548,41.95033],[-87.9202,41.95326],[-87.93961,41.95669],[-87.93983,41.98668]]]},"properties":{"GEOID":"1705248","NAME":"Bensenville","NAMELSAD":"Bensenville village","ALAND":14327864,"AWATER":131485}},
{"type":"Feature","geometry":{"type":"Polygon","coordinates":[[[-87.88737,41.77194],[-87.89534,41.76678],[-87.89018,41.75897],[-87.88663,41.75361],[-87.87216,41.75382],[-87.86699,41.75808],[-87.86816,41.77855],[-87.8586,41.78361],[-87.85919,41.7984],[-87.8748,41.79035],[-87.8833,41.79017],[-87.87832,41.78716],[-87.87744,41.77163],[-87.88737,41.77194]]]},"properties":{"GEOID":"1716873","NAME":"Countryside","NAMELSAD":"Countryside city","ALAND":7452766,"AWATER":0}},
{"type":"Feature","geometry":{"type":"Polygon","coordinates":[[[-88.5198,40.222],[-88.5109,40.21928],[-88.51516,40.2073],[-88.50061,40.20753],[-88.50134,40.21695],[-88.5198,40.222]]]},"properties":{"GEOID":"1746487","NAME":"Mansfield","NAMELSAD":"Mansfield village","ALAND":1313854,"AWATER":71423}},
{"type":"Feature","geometry":{"type":"Polygon","coordinates":[[[-88.52171,37.76302],[-88.52852,37.76391],[-88.54023,37.75354],[-88.56795,37.75543],[-88.56925,37.7431],[-88.56306,37.7303],[-88.57232,37.73041],[-88.57085,37.72157],[-88.55926,37.7203],[-88.56073,37.71515],[-88.54556,37.71655],[-88.53562,37.72252],[-88.52178,37.72203],[-88.52051,37.72718],[-88.52049,37.75422],[-88.51252,37.75941],[-88.51392,37.75942],[-88.52097,37.76191],[-88.52171,37.76302]]]},"properties":{"GEOID":"1733136","NAME":"Harrisburg","NAMELSAD":"Harrisburg city","ALAND":17125451,"AWATER":504073}},
{"type":"Feature","geometry":{"type":"Polygon","coordinates":[[[-87.95271,41.14745],[-87.96552,41.14369],[-87.97096,41.1364],[-87.9717,41.12192],[-87.96558,41.11539],[-87.93919,41.11826],[-87.9378,41.12565],[-87.94751,41.12562],[-87.96614,41.11893],[-87.96699,41.13279],[-87.96221,41.14002],[-87.94761,41.14022],[-87.95271,41.14745]]]},"properties":{"GEOID":"1743510","NAME":"Limestone","NAMELSAD":"Limestone village","ALAND":7212266,"AWATER":0}},
{"type":"Feature","geometry":{"type":"Polygon","coordinates":[[[-87.77038,42.11974],[-87.77071,42.10863],[-87.76596,42.10873],[-87.75642,42.10129],[-87.75636,42.09753],[-87.75155,42.09395],[-87.75142,42.09395],[-87.73215,42.09383],[-87.72602,42.09181],[-87.71094,42.09532],[-87.72466,42.10773],[-87.74169,42.12827],[-87.74154,42.11963],[-87.77038,42.11974]]]},"properties":{"GEOID":"1782530","NAME":"Winnetka","NAMELSAD":"Winnetka village","ALAND":9872059,"AWATER":207366}},
{"type":"Feature","geometry":{"type":"Polygon","coordinates":[[[-89.13186,38.54005],[-89.15305,38.53988],[-89.16271,38.53405],[-89.17564,38.53037],[-89.15811,38.52222],[-89.14333,38.52087],[-89.14824,38.51425],[-89.13504,38.51056],[-89.13496,38.50717],[-89.13978,38.50119],[-89.13964,38.4897],[-89.14425,38.48122],[-89.13944,38.47676],[-89.12616,38.48132],[-89.13404,38.50273],[-89.11756,38.51776],[-89.0929,38.51377],[-89.08662,38.52525],[-89.09701,38.52667],[-89.09745,38.5344],[-89.09158,38.5416],[-89.10234,38.54707],[-89.12077,38.54363],[-89.13186,38.54005]]]},"properties":{"GEOID":"1712164","NAME":"Centralia","NAMELSAD":"Centralia city","ALAND":21238745,"AWATER":2673112}},
{"type":"Feature","geometry":{"type":"Polygon","coordinates":[[[-88.26629,41.29258],[-88.26948,41.28241],[-88.26606,41.27724],[-88.25136,41.27406],[-88.24653,41.27424],[-88.24313,41.2743],[-88.24183,41.27412],[-88.2294,41.29542],[-88.24246,41.29338],[-88.2471,41.29196],[-88.24711,41.29234],[-88.25946,41.29265],[-88.26629,41.29258]]]},"properties":{"GEOID":"1719837","NAME":"Diamond","NAMELSAD":"Diamond village","ALAND":4920026,"AWATER":0}},
{"type":"Feature","geometry":{"type":"Polygon","coordinates":[[[-88.13657,40.38911],[-88.12987,40.38191],[-88.11758,40.38214],[-88.12222,40.3894],[-88.13657,40.38911]]]},"properties":{"GEOID":"1745174","NAME":"Ludlow","NAMELSAD":"Ludlow village","ALAND":1029400,"AWATER":0}},
{"type":"Feature","geometry":{"type":"Polygon","coordinates":[[[-88.88054,42.36615],[-88.88051,42.36362],[-88.8612,42.36381],[-88.86125,42.35649],[-88.85146,42.35499],[-88.85147,42.35422],[-88.85145,42.34533],[-88.85833,42.34211],[-88.85488,42.34214],[-88.84166,42.34178],[-88.84168,42.33473],[-88.84816,42.33137],[-88.84668,42.32767],[-88.84643,42.30567],[-88.82202,42.30655],[-88.83064,42.31326],[-88.83184,42.32789],[-88.82196,42.33012],[-88.83193,42.34235],[-88.8368,42.35328],[-88.82215,42.3535],[-88.82008,42.34229],[-88.81308,42.33882],[-88.81304,42.36081],[-88.81795,42.37871],[-88.80953,42.38593],[-88.82698,42.38598],[-88.8319,42.37504],[-88.86615,42.37466],[-88.86614,42.36904],[-88.88054,42.36615]]]},"properties":{"GEOID":"1761145","NAME":"Poplar Grove","NAMELSAD":"Poplar Grove village","ALAND":20401996,"AWATER":22556}},
{"type":"Feature","geometry":{"type":"Polygon","coordinates":[[[-88.36665,38.67677],[-88.35018,38.67561],[-88.35012,38.68291],[-88.33634,38.68219],[-88.33162,38.69286],[-88.36158,38.69426],[-88.36317,38.67794],[-88.36665,38.67677]]]},"properties":{"GEOID":"1714715","NAME":"Clay City","NAMELSAD":"Clay City village","ALAND":4614401,"AWATER":0}},
{"type":"Feature","geometry":{"type":"Polygon","coordinates":[[[-89.1382,40.58214],[-89.1235,40.57578],[-89.12375,40.58251],[-89.1382,40.58214]]]},"properties":{"GEOID":"1711215","NAME":"Carlock","NAMELSAD":"Carlock village","ALAND":952517,"AWATER":0}},
{"type":"Feature","geometry":{"type":"Polygon","coordinates":[[[-88.37518,40.11317],[-88.37102,40.10954],[-88.36845,40.11352],[-88.37518,40.11317]]]},"properties":{"GEOID":"1707211","NAME":"Bondville","NAMELSAD":"Bondville village","ALAND":650890,"AWATER":0}},
{"type":"Feature","geometry":{"type":"Polygon","coordinates":[[[-88.10951,42.37918],[-88.11452,42.36472],[-88.08262,42.3643],[-88.07282,42.36471],[-88.06795,42.36433],[-88.06163,42.36434],[-88.05974,42.3716],[-88.05931,42.37151],[-88.04978,42.38962],[-88.04379,42.3897],[-88.0473,42.38997],[-88.06416,42.39229],[-88.07083,42.39838],[-88.08714,42.39791],[-88.08726,42.38987],[-88.09708,42.38639],[-88.09703,42.37906],[-88.10951,42.37918]]]},"properties":{"GEOID":"1766040","NAME":"Round Lake Beach","NAMELSAD":"Round Lake Beach village","ALAND":13067843,"AWATER":410397}},
{"type":"Feature","geometry":{"type":"Polygon","coordinates":[[[-88.01349,42.09747],[-88.02645,42.09565],[-88.02658,42.08852],[-88.00473,42.08831],[-88.00402,42.06663],[-88.00706,42.05795],[-87.9931,42.05089],[-87.99571,42.04605],[-87.97161,42.03323],[-87.96984,42.03253],[-87.96973,42.05031],[-87.97502,42.06183],[-87.96612,42.06644],[-87.96608,42.07242],[-87.95141,42.07359],[-87.94639,42.08758],[-87.95128,42.09538],[-87.96542,42.096],[-87.96107,42.10268],[-87.95189,42.10261],[-87.94652,42.11653],[-87.95135,42.11894],[-87.96102,42.12444],[-87.96102,42.13239],[-87.96102,42.13392],[-87.9657,42.13631],[-87.98033,42.12975],[-87.98997,42.14183],[-87.98517,42.15363],[-88.00447,42.15102],[-88.00983,42.14661],[-88.00633,42.14213],[-88.00498,42.12432],[-88.00467,42.0953],[-88.00968,42.09587],[-88.01349,42.09747]]]},"properties":{"GEOID":"1702154","NAME":"Arlington Heights","NAMELSAD":"Arlington Heights village","ALAND":43028830,"AWATER":79089}},
{"type":"Feature","geometry":{"type":"Polygon","coordinates":[[[-88.07076,39.88717],[-88.07067,39.87989],[-88.06599,39.87986],[-88.06365,39.88712],[-88.07076,39.88717]]]},"properties":{"GEOID":"1744602","NAME":"Longview","NAMELSAD":"Longview village","ALAND":640362,"AWATER":0}},
{"type":"Feature","geometry":{"type":"Polygon","coordinates":[[[-88.72542,39.7543],[-88.72546,39.75008],[-88.71032,39.75],[-88.71921,39.75846],[-88.72542,39.7543]]]},"properties":{"GEOID":"1741040","NAME":"Lake City","NAMELSAD":"Lake City CDP","ALAND":1002567,"AWATER":0}},
{"type":"Feature","geometry":{"type":"Polygon","coordinates":[[[-88.00294,42.37516],[-88.01833,42.37676],[-88.01199,42.36358],[-88.00445,42.35691],[-88.00248,42.35637],[-87.99981,42.35694],[-87.99974,42.36246],[-87.9979,42.36638],[-88.00219,42.37463],[-88.00294,42.37516]]]},"properties":{"GEOID":"1775081","NAME":"Third Lake","NAMELSAD":"Third Lake village","ALAND":1523492,"AWATER":750383}},
{"type":"Feature","geometry":{"type":"Polygon","coordinates":[[[-88.25492,41.23569],[-88.25823,41.23038],[-88.28365,41.22981],[-88.28339,41.22258],[-88.27322,41.22267],[-88.2732,41.21595],[-88.22525,41.21644],[-88.22575,41.23098],[-88.21967,41.23114],[-88.22167,41.25293],[-88.231,41.24874],[-88.23573,41.245],[-88.2354,41.2308],[-88.25412,41.23043],[-88.25492,41.23569]]]},"properties":{"GEOID":"1707640","NAME":"Braceville","NAMELSAD":"Braceville village","ALAND":8057818,"AWATER":590206}},
{"type":"Feature","geometry":{"type":"Polygon","coordinates":[[[-89.67552,38.97746],[-89.67593,38.96235],[-89.65744,38.96287],[-89.65714,38.97755],[-89.67552,38.97746]]]},"properties":{"GEOID":"1752415","NAME":"New Douglas","NAMELSAD":"New Douglas village","ALAND":2713726,"AWATER":4029}},
{"type":"Feature","geometry":{"type":"Polygon","coordinates":[[[-87.71347,41.54975],[-87.71338,41.54165],[-87.71338,41.53929],[-87.71334,41.53606],[-87.71329,41.52914],[-87.68633,41.52801],[-87.67826,41.52803],[-87.6738,41.52787],[-87.66967,41.52786],[-87.66476,41.52775],[-87.66234,41.52778],[-87.65986,41.52778],[-87.65507,41.53897],[-87.66271,41.53902],[-87.665,41.54612],[-87.67481,41.55173],[-87.69853,41.54983],[-87.71347,41.54975]]]},"properties":{"GEOID":"1726571","NAME":"Flossmoor","NAMELSAD":"Flossmoor village","ALAND":9495821,"AWATER":0}},
{"type":"Feature","geometry":{"type":"Polygon","coordinates":[[[-87.76181,42.00465],[-87.75291,41.9973],[-87.70934,41.99739],[-87.70906,42.01186],[-87.72364,42.01541],[-87.75026,42.01542],[-87.75057,42.00455],[-87.76181,42.00465]]]},"properties":{"GEOID":"1743744","NAME":"Lincolnwood","NAMELSAD":"Lincolnwood village","ALAND":6971337,"AWATER":0}},
{"type":"Feature","geometry":{"type":"Polygon","coordinates":[[[-87.66959,41.64824],[-87.6628,41.64076],[-87.65642,41.64068],[-87.64917,41.62984],[-87.63231,41.62984],[-87.61721,41.6299],[-87.61722,41.64415],[-87.61723,41.64458],[-87.62133,41.65042],[-87.61831,41.6591],[-87.647,41.65698],[-87.65056,41.65577],[-87.65156,41.65543],[-87.65128,41.64862],[-87.66959,41.64824]]]},"properties":{"GEOID":"1764278","NAME":"Riverdale","NAMELSAD":"Riverdale village","ALAND":9259988,"AWATER":452975}},
{"type":"Feature","geometry":{"type":"Polygon","coordinates":[[[-89.8933,42.02176],[-89.89346,42.01287],[-89.88349,42.01586],[-89.8933,42.02176]]]},"properties":{"GEOID":"1712294","NAME":"Chadwick","NAMELSAD":"Chadwick village","ALAND":806575,"AWATER":0}},
{"type":"Feature","geometry":{"type":"Polygon","coordinates":[[[-88.16034,41.90878],[-88.15554,41.9007],[-88.14583,41.89436],[-88.15677,41.89067],[-88.15671,41.87893],[-88.16744,41.87877],[-88.16571,41.86132],[-88.16091,41.85699],[-88.14632,41.85729],[-88.14615,41.86982],[-88.13603,41.87691],[-88.14746,41.88631],[-88.14585,41.89236],[-88.1313,41.89333],[-88.12548,41.89015],[-88.13529,41.9017],[-88.14058,41.90128],[-88.15248,41.90224],[-88.15549,41.90605],[-88.16034,41.90878]]]},"properties":{"GEOID":"1782400","NAME":"Winfield","NAMELSAD":"Winfield village","ALAND":8015357,"AWATER":98930}},
{"type":"Feature","geometry":{"type":"Polygon","coordinates":[[[-88.78091,37.92179],[-88.78063,37.90704],[-88.74365,37.90716],[-88.74375,37.92176],[-88.78091,37.92179]]]},"properties":{"GEOID":"1775159","NAME":"Thompsonville","NAMELSAD":"Thompsonville village","ALAND":5261050,"AWATER":40187}},
{"type":"Feature","geometry":{"type":"Polygon","coordinates":[[[-88.7225,37.61795],[-88.71141,37.60663],[-88.69959,37.61362],[-88.68997,37.61369],[-88.68992,37.62505],[-88.71121,37.62506],[-88.7225,37.61795]]]},"properties":{"GEOID":"1772884","NAME":"Stonefort","NAMELSAD":"Stonefort village","ALAND":3765175,"AWATER":14392}},
{"type":"Feature","geometry":{"type":"Polygon","coordinates":[[[-88.57123,38.09588],[-88.56191,38.09145],[-88.55648,38.08321],[-88.52983,38.08617],[-88.52057,38.09011],[-88.52048,38.0969],[-88.52955,38.10418],[-88.54157,38.10401],[-88.54344,38.09582],[-88.57123,38.09588]]]},"properties":{"GEOID":"1745824","NAME":"McLeansboro","NAMELSAD":"McLeansboro city","ALAND":7001934,"AWATER":338280}},
{"type":"Feature","geometry":{"type":"Polygon","coordinates":[[[-88.50305,39.22669],[-88.49908,39.22207],[-88.48962,39.2214],[-88.48969,39.22954],[-88.50305,39.22669]]]},"properties":{"GEOID":"1769914","NAME":"Sigel","NAMELSAD":"Sigel town","ALAND":728129,"AWATER":19679}},
{"type":"Feature","geometry":{"type":"Polygon","coordinates":[[[-89.83151,38.59589],[-89.82888,38.59187],[-89.80768,38.59437],[-89.79844,38.59024],[-89.79934,38.60739],[-89.80758,38.60745],[-89.80755,38.62119],[-89.81861,38.62099],[-89.81978,38.61236],[-89.82561,38.60879],[-89.83151,38.59589]]]},"properties":{"GEOID":"1742496","NAME":"Lebanon","NAMELSAD":"Lebanon city","ALAND":6979721,"AWATER":23282}},
{"type":"Feature","geometry":{"type":"Polygon","coordinates":[[[-90.1113,38.61875],[-90.11281,38.61707],[-90.09838,38.61322],[-90.09176,38.61575],[-90.07893,38.61913],[-90.07899,38.62276],[-90.07447,38.62993],[-90.07449,38.63203],[-90.07991,38.64205],[-90.08371,38.64395],[-90.10217,38.64149],[-90.10229,38.62331],[-90.1113,38.61875]]]},"properties":{"GEOID":"1779085","NAME":"Washington Park","NAMELSAD":"Washington Park village","ALAND":6609862,"AWATER":0}},
{"type":"Feature","geometry":{"type":"Polygon","coordinates":[[[-87.82163,39.14822],[-87.82146,39.13726],[-87.81402,39.13746],[-87.81219,39.14848],[-87.82163,39.14822]]]},"properties":{"GEOID":"1701556","NAME":"Annapolis","NAMELSAD":"Annapolis CDP","ALAND":908703,"AWATER":0}},
{"type":"Feature","geometry":{"type":"Polygon","coordinates":[[[-90.20368,40.49458],[-90.19989,40.4873],[-90.18652,40.48995],[-90.18514,40.49889],[-90.19958,40.49877],[-90.20368,40.49458]]]},"properties":{"GEOID":"1717991","NAME":"Cuba","NAMELSAD":"Cuba city","ALAND":1406849,"AWATER":0}},
{"type":"Feature","geometry":{"type":"Polygon","coordinates":[[[-89.56865,39.30875],[-89.56329,39.31238],[-89.56352,39.32697],[-89.58608,39.32696],[-89.58779,39.31791],[-89.58205,39.31235],[-89.56865,39.30875]]]},"properties":{"GEOID":"1762965","NAME":"Raymond","NAMELSAD":"Raymond village","ALAND":3256549,"AWATER":0}},
{"type":"Feature","geometry":{"type":"Polygon","coordinates":[[[-89.49865,41.37534],[-89.48777,41.37846],[-89.48862,41.36426],[-89.4785,41.36069],[-89.47942,41.34808],[-89.47021,41.35093],[-89.45035,41.34975],[-89.45047,41.36799],[-89.44564,41.37148],[-89.43145,41.37141],[-89.4317,41.37871],[-89.45058,41.37877],[-89.45502,41.38431],[-89.44762,41.39241],[-89.42235,41.40399],[-89.45103,41.4041],[-89.4663,41.40775],[-89.46612,41.41493],[-89.48057,41.41134],[-89.47969,41.386],[-89.49448,41.39199],[-89.49409,41.38252],[-89.49865,41.37534]]]},"properties":{"GEOID":"1761899","NAME":"Princeton","NAMELSAD":"Princeton city","ALAND":21322711,"AWATER":0}},
{"type":"Feature","geometry":{"type":"Polygon","coordinates":[[[-89.03889,41.34639],[-89.03883,41.34153],[-89.01976,41.3415],[-89.01973,41.33187],[-89.00092,41.33192],[-89.00044,41.34637],[-89.00753,41.35364],[-88.99255,41.36803],[-89.00657,41.36798],[-89.00864,41.37511],[-88.99774,41.37507],[-88.99894,41.38976],[-89.01014,41.38982],[-89.01014,41.37084],[-89.0104,41.366],[-89.01933,41.3537],[-89.02425,41.35376],[-89.02918,41.35363],[-89.02803,41.34655],[-89.03889,41.34639]]]},"properties":{"GEOID":"1754222","NAME":"North Utica","NAMELSAD":"North Utica village","ALAND":8948603,"AWATER":28072}},
{"type":"Feature","geometry":{"type":"Polygon","coordinates":[[[-88.55464,40.74465],[-88.51623,40.74199],[-88.50659,40.73681],[-88.49704,40.73585],[-88.49716,40.74794],[-88.50954,40.75594],[-88.52258,40.75442],[-88.52248,40.74647],[-88.54507,40.74697],[-88.55464,40.74465]]]},"properties":{"GEOID":"1724764","NAME":"Fairbury","NAMELSAD":"Fairbury city","ALAND":4803398,"AWATER":16338}},
{"type":"Feature","geometry":{"type":"Polygon","coordinates":[[[-90.3263,40.94283],[-90.31957,40.94382],[-90.31741,40.93322],[-90.31726,40.9331],[-90.29824,40.93298],[-90.29797,40.94783],[-90.30743,40.94896],[-90.31988,40.95638],[-90.3262,40.9475],[-90.3263,40.94283]]]},"properties":{"GEOID":"1721826","NAME":"East Galesburg","NAMELSAD":"East Galesburg village","ALAND":3536230,"AWATER":129184}},
{"type":"Feature","geometry":{"type":"Polygon","coordinates":[[[-89.69497,41.78411],[-89.70618,41.78098],[-89.71267,41.7722],[-89.70865,41.76081],[-89.69045,41.75847],[-89.68222,41.75442],[-89.66543,41.76582],[-89.67378,41.77073],[-89.67113,41.77791],[-89.67968,41.78317],[-89.67928,41.78874],[-89.69497,41.78411]]]},"properties":{"GEOID":"1764928","NAME":"Rock Falls","NAMELSAD":"Rock Falls city","ALAND":10315510,"AWATER":361540}},
{"type":"Feature","geometry":{"type":"Polygon","coordinates":[[[-89.96477,41.23449],[-89.95499,41.22999],[-89.95498,41.22222],[-89.91148,41.22235],[-89.91119,41.23448],[-89.89802,41.23837],[-89.89602,41.24546],[-89.8881,41.24902],[-89.88701,41.26142],[-89.9003,41.25637],[-89.91991,41.26005],[-89.92475,41.25643],[-89.94657,41.25631],[-89.94675,41.23829],[-89.95086,41.23452],[-89.96477,41.23449]]]},"properties":{"GEOID":"1739727","NAME":"Kewanee","NAMELSAD":"Kewanee city","ALAND":17087813,"AWATER":31720}},
{"type":"Feature","geometry":{"type":"Polygon","coordinates":[[[-90.14218,38.87859],[-90.14905,38.87141],[-90.13885,38.86493],[-90.125,38.85809],[-90.11958,38.86312],[-90.11752,38.86877],[-90.10893,38.87307],[-90.08739,38.87903],[-90.07805,38.89011],[-90.07951,38.9051],[-90.08827,38.90839],[-90.10146,38.90851],[-90.10144,38.89737],[-90.11237,38.89866],[-90.11744,38.89001],[-90.11843,38.88921],[-90.12726,38.87401],[-90.12755,38.87368],[-90.13347,38.87581],[-90.13305,38.87602],[-90.14218,38.87859]]]},"properties":{"GEOID":"1721553","NAME":"East Alton","NAMELSAD":"East Alton village","ALAND":13774632,"AWATER":405722}},
{"type":"Feature","geometry":{"type":"Polygon","coordinates":[[[-89.08391,41.9603],[-89.09371,41.96022],[-89.09348,41.94834],[-89.08352,41.93389],[-89.09315,41.92844],[-89.10862,41.93526],[-89.10858,41.91901],[-89.08351,41.91688],[-89.12324,41.90141],[-89.11512,41.89346],[-89.08744,41.89431],[-89.08261,41.90466],[-89.06858,41.90376],[-89.06814,41.89722],[-89.0427,41.89797],[-89.03828,41.89058],[-89.02378,41.89807],[-89.023,41.91418],[-89.04815,41.91498],[-89.0483,41.91971],[-88.98573,41.92035],[-88.98587,41.92854],[-89.03268,41.92407],[-89.03441,41.93428],[-89.01973,41.93448],[-89.01987,41.94544],[-89.03454,41.94526],[-89.03461,41.93804],[-89.04857,41.9377],[-89.04953,41.94868],[-89.05828,41.94407],[-89.06573,41.94852],[-89.06851,41.94852],[-89.07514,41.9485],[-89.07534,41.95559],[-89.08391,41.9603]]]},"properties":{"GEOID":"1764746","NAME":"Rochelle","NAMELSAD":"Rochelle city","ALAND":35636167,"AWATER":49946}},
{"type":"Feature","geometry":{"type":"Polygon","coordinates":[[[-89.62207,38.60871],[-89.61249,38.6036],[-89.59787,38.60824],[-89.59872,38.6149],[-89.60794,38.61493],[-89.60519,38.63378],[-89.6179,38.63395],[-89.61547,38.61203],[-89.62207,38.60871]]]},"properties":{"GEOID":"1703181","NAME":"Aviston","NAMELSAD":"Aviston village","ALAND":4144817,"AWATER":0}},
{"type":"Feature","geometry":{"type":"Polygon","coordinates":[[[-89.4957,38.39947],[-89.49508,38.38423],[-89.47715,38.38368],[-89.47738,38.39807],[-89.4957,38.39947]]]},"properties":{"GEOID":"1700230","NAME":"Addieville","NAMELSAD":"Addieville village","ALAND":2571032,"AWATER":0}},
{"type":"Feature","geometry":{"type":"Polygon","coordinates":[[[-89.12567,41.38197],[-89.13527,41.38183],[-89.14482,41.37717],[-89.16478,41.37404],[-89.16506,41.3793],[-89.17857,41.37911],[-89.17899,41.36481],[-89.16462,41.36493],[-89.16446,41.35745],[-89.16423,41.3413],[-89.16016,41.33778],[-89.16401,41.33053],[-89.164,41.32805],[-89.15495,41.32722],[-89.15425,41.31458],[-89.12642,41.32232],[-89.12624,41.3098],[-89.11837,41.31361],[-89.11452,41.32208],[-89.10574,41.32439],[-89.10603,41.35169],[-89.11057,41.35171],[-89.11085,41.35314],[-89.11565,41.35478],[-89.12053,41.3608],[-89.11437,41.36761],[-89.11067,41.36766],[-89.1153,41.37091],[-89.12556,41.37478],[-89.12567,41.38197]],[[-89.15893,41.33055],[-89.15906,41.33779],[-89.14924,41.33796],[-89.1503,41.34639],[-89.1383,41.34899],[-89.1396,41.33813],[-89.14665,41.33119],[-89.15893,41.33055]]]},"properties":{"GEOID":"1759234","NAME":"Peru","NAMELSAD":"Peru city","ALAND":27043459,"AWATER":342049}},
{"type":"Feature","geometry":{"type":"Polygon","coordinates":[[[-89.44223,40.77198],[-89.46978,40.77866],[-89.48604,40.78018],[-89.47037,40.76528],[-89.45739,40.76813],[-89.44241,40.76695],[-89.44223,40.77198]]]},"properties":{"GEOID":"1729080","NAME":"Germantown Hills","NAMELSAD":"Germantown Hills village","ALAND":4526984,"AWATER":110976}},
{"type":"Feature","geometry":{"type":"Polygon","coordinates":[[[-88.30609,42.37684],[-88.30621,42.37142],[-88.30375,42.3714],[-88.30069,42.37364],[-88.29889,42.37526],[-88.29404,42.37128],[-88.2926,42.36946],[-88.28751,42.36731],[-88.28494,42.37009],[-88.28232,42.36469],[-88.28133,42.36848],[-88.26234,42.36815],[-88.26024,42.36456],[-88.25253,42.37188],[-88.23785,42.37205],[-88.23789,42.36803],[-88.24638,42.35809],[-88.238,42.35766],[-88.23791,42.36489],[-88.22801,42.36493],[-88.21896,42.36513],[-88.21835,42.37223],[-88.20854,42.37276],[-88.2086,42.39412],[-88.22226,42.38561],[-88.22383,42.39991],[-88.21601,42.40617],[-88.2215,42.41224],[-88.2215,42.41227],[-88.23761,42.41546],[-88.24737,42.41173],[-88.23763,42.39825],[-88.23771,42.388],[-88.24749,42.38733],[-88.24743,42.39601],[-88.26698,42.39515],[-88.26442,42.38614],[-88.28657,42.38223],[-88.30547,42.37755],[-88.30609,42.37684]]]},"properties":{"GEOID":"1738479","NAME":"Johnsburg","NAMELSAD":"Johnsburg village","ALAND":18787458,"AWATER":1543710}},
{"type":"Feature","geometry":{"type":"Polygon","coordinates":[[[-89.23146,37.07013],[-89.23134,37.06217],[-89.22461,37.05736],[-89.2033,37.03557],[-89.20957,37.02648],[-89.19849,37.01172],[-89.19503,37.00005],[-89.1921,36.98],[-89.18549,36.97352],[-89.17001,36.9703],[-89.14988,36.97764],[-89.13268,36.9822],[-89.16645,37.00334],[-89.17359,37.01141],[-89.1863,37.03596],[-89.1917,37.04127],[-89.19429,37.05721],[-89.20294,37.04514],[-89.21218,37.04485],[-89.22019,37.0536],[-89.21558,37.05778],[-89.21342,37.07014],[-89.23146,37.07013]],[[-89.20833,37.02647],[-89.2014,37.03781],[-89.19071,37.02615],[-89.20833,37.02647]]]},"properties":{"GEOID":"1710383","NAME":"Cairo","NAMELSAD":"Cairo city","ALAND":18096165,"AWATER":5491037}},
{"type":"Feature","geometry":{"type":"Polygon","coordinates":[[[-90.42578,39.69505],[-90.42418,39.69292],[-90.42158,39.69502],[-90.42578,39.69505]]]},"properties":{"GEOID":"1764083","NAME":"Riggston","NAMELSAD":"Riggston CDP","ALAND":68490,"AWATER":0}},
{"type":"Feature","geometry":{"type":"Polygon","coordinates":[[[-91.0944,40.68107],[-91.09453,40.67372],[-91.07986,40.67273],[-91.07027,40.67585],[-91.06085,40.67443],[-91.0606,40.68735],[-91.07986,40.68008],[-91.0944,40.68107]]]},"properties":{"GEOID":"1744381","NAME":"Lomax","NAMELSAD":"Lomax village","ALAND":3078875,"AWATER":0}},
{"type":"Feature","geometry":{"type":"Polygon","coordinates":[[[-90.46053,41.51834],[-90.46091,41.48601],[-90.45591,41.47864],[-90.4321,41.4789],[-90.42526,41.48575],[-90.42516,41.4893],[-90.4249,41.49675],[-90.42489,41.49708],[-90.42479,41.49944],[-90.42475,41.50108],[-90.4264,41.51037],[-90.42546,41.52057],[-90.40699,41.52185],[-90.39648,41.51977],[-90.37818,41.51986],[-90.37694,41.50929],[-90.37694,41.50829],[-90.37196,41.51235],[-90.35987,41.51238],[-90.36003,41.51957],[-90.37726,41.51966],[-90.37694,41.52878],[-90.37167,41.53154],[-90.35192,41.53059],[-90.34427,41.53363],[-90.3424,41.51963],[-90.30708,41.51995],[-90.27585,41.5222],[-90.27703,41.54206],[-90.30768,41.53502],[-90.33646,41.53765],[-90.34063,41.54159],[-90.36429,41.53761],[-90.37698,41.53103],[-90.37637,41.54892],[-90.391,41.55028],[-90.38643,41.53525],[-90.41558,41.53666],[-90.41545,41.54393],[-90.42058,41.54417],[-90.42521,41.5379],[-90.43212,41.53234],[-90.44088,41.52999],[-90.46053,41.51834]]]},"properties":{"GEOID":"1722073","NAME":"East Moline","NAMELSAD":"East Moline city","ALAND":37783778,"AWATER":0}},
{"type":"Feature","geometry":{"type":"Polygon","coordinates":[[[-89.78419,41.06174],[-89.77624,41.0549],[-89.76422,41.05465],[-89.76662,41.07217],[-89.7815,41.06895],[-89.78419,41.06174]]]},"properties":{"GEOID":"1783687","NAME":"Wyoming","NAMELSAD":"Wyoming city","ALAND":2212725,"AWATER":0}},
{"type":"Feature","geometry":{"type":"Polygon","coordinates":[[[-87.8936,41.14388],[-87.89412,41.12236],[-87.90871,41.12227],[-87.90735,41.11294],[-87.89751,41.11299],[-87.89741,41.10596],[-87.88747,41.10083],[-87.87206,41.10009],[-87.87656,41.09239],[-87.88718,41.09157],[-87.88695,41.06725],[-87.90156,41.06555],[-87.90149,41.06172],[-87.92089,41.06143],[-87.9159,41.05387],[-87.9062,41.05414],[-87.90605,41.047],[-87.89087,41.04747],[-87.88316,41.06738],[-87.87289,41.07548],[-87.86852,41.06244],[-87.84436,41.06248],[-87.84429,41.05518],[-87.83024,41.06263],[-87.83001,41.06808],[-87.83975,41.06979],[-87.83938,41.0771],[-87.83217,41.08445],[-87.82944,41.0949],[-87.83497,41.09989],[-87.83507,41.1133],[-87.82144,41.11543],[-87.82168,41.12635],[-87.8267,41.13362],[-87.83563,41.13183],[-87.83643,41.14576],[-87.85566,41.13709],[-87.87743,41.13559],[-87.8847,41.14348],[-87.8936,41.14388]],[[-87.87302,41.08631],[-87.86899,41.09171],[-87.84494,41.09147],[-87.84475,41.0799],[-87.85914,41.07734],[-87.87302,41.08631]]]},"properties":{"GEOID":"1738934","NAME":"Kankakee","NAMELSAD":"Kankakee city","ALAND":39209190,"AWATER":1237094}},
{"type":"Feature","geometry":{"type":"Polygon","coordinates":[[[-88.87357,41.33567],[-88.88207,41.33225],[-88.88279,41.32871],[-88.87357,41.33567]]]},"properties":{"GEOID":"1751648","NAME":"Naplate","NAMELSAD":"Naplate village","ALAND":422057,"AWATER":0}},
{"type":"Feature","geometry":{"type":"Polygon","coordinates":[[[-89.7997,39.74158],[-89.7996,39.73499],[-89.76209,39.73449],[-89.76146,39.75136],[-89.7718,39.74898],[-89.79524,39.7489],[-89.7997,39.74158]]]},"properties":{"GEOID":"1718147","NAME":"Curran","NAMELSAD":"Curran village","ALAND":5114134,"AWATER":0}},
{"type":"Feature","geometry":{"type":"Polygon","coordinates":[[[-88.95046,39.91328],[-88.94804,39.92788],[-88.93693,39.92818],[-88.93704,39.93548],[-88.9759,39.93462],[-88.97903,39.92376],[-88.98828,39.91962],[-88.96942,39.91704],[-88.96909,39.9082],[-88.95994,39.90801],[-88.95046,39.91328]]]},"properties":{"GEOID":"1727091","NAME":"Forsyth","NAMELSAD":"Forsyth village","ALAND":8019083,"AWATER":0}},
{"type":"Feature","geometry":{"type":"MultiPolygon","coordinates":[[[[-87.93611,41.49083],[-87.93081,41.4764],[-87.91644,41.47667],[-87.91201,41.49093],[-87.93611,41.49083]]],[[[-87.90773,41.50654],[-87.94192,41.51484],[-87.94683,41.51023],[-87.95181,41.51004],[-87.94605,41.50032],[-87.91709,41.49803],[-87.90749,41.49987],[-87.90773,41.50654]]],[[[-87.9651,41.49222],[-87.9645,41.47586],[-87.95006,41.4761],[-87.9572,41.49047],[-87.9651,41.49222]]],[[[-87.99364,41.48264],[-87.98882,41.48272],[-87.98839,41.47009],[-87.9787,41.46841],[-87.97847,41.46113],[-87.96884,41.46129],[-87.96931,41.47578],[-87.97919,41.48288],[-87.97946,41.49014],[-87.994,41.49174],[-87.99364,41.48264]]],[[[-88.01305,41.48587],[-88.02254,41.48206],[-88.02242,41.47846],[-88.01744,41.47495],[-87.9982,41.4753],[-87.99772,41.46079],[-87.99292,41.46087],[-87.99364,41.48264],[-87.99882,41.49166],[-88.01328,41.49143],[-88.01305,41.48587]]],[[[-88.02395,41.52302],[-88.0236,41.51366],[-88.01597,41.51124],[-88.00897,41.50412],[-88.00441,41.51146],[-87.9823,41.51147],[-87.98498,41.50091],[-87.99372,41.50078],[-87.99403,41.49243],[-87.98436,41.49259],[-87.97492,41.49745],[-87.97277,41.50476],[-87.96244,41.5049],[-87.95488,41.51169],[-87.94687,41.51144],[-87.94662,41.51746],[-87.94238,41.52696],[-87.95061,41.52683],[-87.95723,41.54531],[-87.96685,41.54512],[-87.96739,41.55913],[-87.98198,41.56245],[-87.98681,41.56234],[-88.00624,41.56645],[-88.00584,41.55462],[-88.00572,41.5515],[-88.00561,41.54872],[-88.00558,41.54767],[-88.0037,41.54771],[-88.00219,41.54774],[-88.00099,41.54776],[-88.00075,41.54777],[-87.99591,41.5475],[-87.9921,41.54063],[-88.00532,41.53896],[-88.00524,41.53681],[-87.99049,41.53065],[-87.97495,41.53365],[-87.97329,41.52011],[-87.98925,41.51962],[-88.00731,41.52486],[-88.02395,41.52302]],[[-87.97138,41.53689],[-87.95689,41.53397],[-87.95665,41.52675],[-87.97113,41.52964],[-87.97138,41.53689]]]]},"properties":{"GEOID":"1752584","NAME":"New Lenox","NAMELSAD":"New Lenox village","ALAND":41614397,"AWATER":73256}},
{"type":"Feature","geometry":{"type":"Polygon","coordinates":[[[-87.89572,42.25862],[-87.90111,42.25828],[-87.90145,42.23014],[-87.89906,42.22187],[-87.8956,42.21414],[-87.8915,42.20485],[-87.89095,42.20373],[-87.88978,42.20373],[-87.8618,42.20371],[-87.85187,42.20363],[-87.84218,42.21803],[-87.82168,42.21794],[-87.80723,42.22258],[-87.81151,42.22845],[-87.81959,42.25179],[-87.82805,42.26855],[-87.87227,42.2689],[-87.87854,42.27972],[-87.88564,42.27983],[-87.88572,42.27631],[-87.88606,42.25091],[-87.89572,42.25862]]]},"properties":{"GEOID":"1741105","NAME":"Lake Forest","NAMELSAD":"Lake Forest city","ALAND":44549477,"AWATER":170854}},
{"type":"Feature","geometry":{"type":"Polygon","coordinates":[[[-88.32576,39.04568],[-88.32127,39.03912],[-88.31182,39.03899],[-88.31128,39.0452],[-88.32128,39.0493],[-88.32576,39.04568]]]},"properties":{"GEOID":"1781074","NAME":"Wheeler","NAMELSAD":"Wheeler village","ALAND":1491338,"AWATER":0}},
{"type":"Feature","geometry":{"type":"Polygon","coordinates":[[[-88.30625,42.36686],[-88.30625,42.36409],[-88.29191,42.36414],[-88.28662,42.36422],[-88.28534,42.36656],[-88.28751,42.36731],[-88.2926,42.36946],[-88.29404,42.37128],[-88.29889,42.37526],[-88.30069,42.37364],[-88.30375,42.3714],[-88.30625,42.36686]]]},"properties":{"GEOID":"1745616","NAME":"McCullom Lake","NAMELSAD":"McCullom Lake village","ALAND":899276,"AWATER":45308}},
{"type":"Feature","geometry":{"type":"MultiPolygon","coordinates":[[[[-88.04363,41.54018],[-88.04525,41.53551],[-88.04254,41.5293],[-88.04119,41.52945],[-88.0398,41.53224],[-88.0394,41.53224],[-88.03726,41.53226],[-88.03384,41.53348],[-88.03391,41.53601],[-88.03397,41.53774],[-88.03401,41.53953],[-88.04363,41.54018]]],[[[-88.04525,41.53551],[-88.04367,41.52825],[-88.04327,41.52925],[-88.04525,41.53551]]]]},"properties":{"GEOID":"1764005","NAME":"Ridgewood","NAMELSAD":"Ridgewood CDP","ALAND":1139608,"AWATER":0}},
{"type":"Feature","geometry":{"type":"MultiPolygon","coordinates":[[[[-88.27219,41.899],[-88.2722,41.89244],[-88.26245,41.89217],[-88.26242,41.89753],[-88.26728,41.89909],[-88.27219,41.899]]],[[[-88.37929,41.89702],[-88.37523,41.88469],[-88.36463,41.88295],[-88.37144,41.86547],[-88.3574,41.86489],[-88.35501,41.865],[-88.35243,41.865],[-88.35134,41.86497],[-88.34386,41.8649],[-88.32809,41.86402],[-88.31371,41.86552],[-88.28797,41.86894],[-88.29074,41.88201],[-88.26249,41.88251],[-88.26249,41.88289],[-88.26248,41.88493],[-88.26245,41.892],[-88.27711,41.89251],[-88.27689,41.89891],[-88.34963,41.89764],[-88.35947,41.89738],[-88.37929,41.89702]]]]},"properties":{"GEOID":"1728872","NAME":"Geneva","NAMELSAD":"Geneva city","ALAND":26153347,"AWATER":617546}},
{"type":"Feature","geometry":{"type":"Polygon","coordinates":[[[-90.57458,41.40694],[-90.57792,41.3925],[-90.5491,41.39173],[-90.54887,41.40985],[-90.55826,41.41004],[-90.56299,41.41018],[-90.57458,41.40694]]]},"properties":{"GEOID":"1717077","NAME":"Coyne Center","NAMELSAD":"Coyne Center CDP","ALAND":4453953,"AWATER":0}},
{"type":"Feature","geometry":{"type":"Polygon","coordinates":[[[-88.72668,39.8057],[-88.72678,39.79941],[-88.72022,39.79225],[-88.70044,39.79224],[-88.70796,39.80193],[-88.72035,39.80193],[-88.72668,39.8057]]]},"properties":{"GEOID":"1742067","NAME":"LaPlace","NAMELSAD":"LaPlace CDP","ALAND":1691168,"AWATER":0}},
{"type":"Feature","geometry":{"type":"Polygon","coordinates":[[[-88.36673,38.76798],[-88.36212,38.76008],[-88.35533,38.76759],[-88.36673,38.76798]]]},"properties":{"GEOID":"1766599","NAME":"Sailor Springs","NAMELSAD":"Sailor Springs village","ALAND":673636,"AWATER":0}},
{"type":"Feature","geometry":{"type":"Polygon","coordinates":[[[-87.74492,39.93272],[-87.74486,39.92141],[-87.73557,39.92132],[-87.73559,39.93267],[-87.74492,39.93272]]]},"properties":{"GEOID":"1737348","NAME":"Indianola","NAMELSAD":"Indianola village","ALAND":1005993,"AWATER":0}},
{"type":"Feature","geometry":{"type":"Polygon","coordinates":[[[-88.17639,41.66662],[-88.16537,41.66692],[-88.165,41.65608],[-88.17829,41.65798],[-88.16858,41.64509],[-88.1649,41.65243],[-88.15612,41.65265],[-88.15497,41.6447],[-88.1646,41.64446],[-88.1644,41.63077],[-88.15478,41.63994],[-88.12882,41.65429],[-88.12499,41.65863],[-88.12529,41.66802],[-88.1206,41.67534],[-88.11088,41.67551],[-88.11048,41.66103],[-88.10622,41.66111],[-88.10561,41.66113],[-88.09592,41.66143],[-88.09118,41.66158],[-88.09124,41.66886],[-88.06376,41.66958],[-88.05369,41.67989],[-88.03922,41.69942],[-88.02966,41.7075],[-88.03035,41.72889],[-88.04007,41.73053],[-88.06358,41.72814],[-88.09794,41.72727],[-88.09764,41.72006],[-88.0976,41.71954],[-88.0975,41.71615],[-88.1024,41.71108],[-88.11162,41.71304],[-88.11711,41.70713],[-88.12708,41.70783],[-88.13035,41.70887],[-88.1333,41.70835],[-88.13666,41.70928],[-88.14074,41.70754],[-88.14893,41.70119],[-88.15912,41.69867],[-88.16632,41.69031],[-88.15654,41.68887],[-88.15626,41.68169],[-88.16586,41.68144],[-88.17639,41.66662]]]},"properties":{"GEOID":"1707133","NAME":"Bolingbrook","NAMELSAD":"Bolingbrook village","ALAND":64637959,"AWATER":536741}},
{"type":"Feature","geometry":{"type":"Polygon","coordinates":[[[-87.82732,41.87917],[-87.83369,41.87177],[-87.8334,41.86446],[-87.8273,41.86458],[-87.82061,41.85739],[-87.82305,41.85002],[-87.80808,41.85029],[-87.80829,41.85611],[-87.80835,41.85767],[-87.80394,41.85774],[-87.8042,41.86498],[-87.80499,41.88698],[-87.81472,41.88687],[-87.81445,41.87945],[-87.82732,41.87917]]]},"properties":{"GEOID":"1726935","NAME":"Forest Park","NAMELSAD":"Forest Park village","ALAND":6220335,"AWATER":0}},
{"type":"Feature","geometry":{"type":"Polygon","coordinates":[[[-89.06264,41.05198],[-89.05403,41.04982],[-89.04739,41.06081],[-89.06006,41.05836],[-89.06264,41.05198]]]},"properties":{"GEOID":"1779813","NAME":"Wenona","NAMELSAD":"Wenona city","ALAND":1905703,"AWATER":0}},
{"type":"Feature","geometry":{"type":"Polygon","coordinates":[[[-88.25793,42.108],[-88.26744,42.11392],[-88.27394,42.10471],[-88.28469,42.10345],[-88.27335,42.09261],[-88.26211,42.09403],[-88.25519,42.08769],[-88.24108,42.08633],[-88.24305,42.07147],[-88.23821,42.07153],[-88.23823,42.07408],[-88.23828,42.08512],[-88.23014,42.09276],[-88.23825,42.09287],[-88.23833,42.10662],[-88.23833,42.10886],[-88.24264,42.11409],[-88.24279,42.10568],[-88.25793,42.10849],[-88.25793,42.108]]]},"properties":{"GEOID":"1721696","NAME":"East Dundee","NAMELSAD":"East Dundee village","ALAND":7823331,"AWATER":397422}},
{"type":"Feature","geometry":{"type":"Polygon","coordinates":[[[-88.00912,42.43702],[-88.03312,42.43714],[-88.04532,42.44085],[-88.05276,42.43717],[-88.05283,42.42498],[-88.05791,42.42215],[-88.05793,42.40936],[-88.053,42.40916],[-88.0529,42.41528],[-88.04081,42.41416],[-88.03567,42.40945],[-88.03494,42.40921],[-88.02872,42.39699],[-88.0139,42.40059],[-88.01401,42.39335],[-88.00829,42.38604],[-88.00616,42.38517],[-88.00414,42.386],[-88.00411,42.3892],[-88.0041,42.39053],[-88.00408,42.39242],[-88.00398,42.40462],[-88.00654,42.41852],[-88.01375,42.41241],[-88.02352,42.4153],[-88.02342,42.42107],[-88.00723,42.42245],[-88.00379,42.42279],[-88.00378,42.42369],[-88.0084,42.42415],[-88.00912,42.43702]],[[-88.05287,42.41902],[-88.05032,42.4334],[-88.04133,42.43716],[-88.03349,42.43041],[-88.03323,42.42322],[-88.05287,42.41902]]]},"properties":{"GEOID":"1743770","NAME":"Lindenhurst","NAMELSAD":"Lindenhurst village","ALAND":11729040,"AWATER":872851}},
{"type":"Feature","geometry":{"type":"MultiPolygon","coordinates":[[[[-88.37493,40.21909],[-88.3718,40.21503],[-88.3581,40.21494],[-88.35939,40.21852],[-88.37493,40.21909]]],[[[-88.37969,40.21961],[-88.39379,40.22343],[-88.39843,40.20936],[-88.41259,40.20937],[-88.41993,40.20248],[-88.42201,40.18927],[-88.43287,40.18576],[-88.43625,40.17483],[-88.43145,40.16759],[-88.41245,40.17498],[-88.40769,40.16754],[-88.39822,40.16766],[-88.39357,40.17309],[-88.37475,40.1748],[-88.37466,40.16867],[-88.3605,40.16889],[-88.35095,40.16482],[-88.35097,40.17776],[-88.33872,40.17184],[-88.33664,40.18952],[-88.35928,40.18953],[-88.36209,40.1967],[-88.37817,40.19784],[-88.38912,40.1944],[-88.39093,40.19528],[-88.39074,40.19561],[-88.39623,40.19985],[-88.39409,40.207],[-88.38248,40.20777],[-88.37969,40.21961]]]]},"properties":{"GEOID":"1746136","NAME":"Mahomet","NAMELSAD":"Mahomet village","ALAND":25179211,"AWATER":182528}},
{"type":"Feature","geometry":{"type":"Polygon","coordinates":[[[-88.3571,41.8196],[-88.37906,41.82235],[-88.4008,41.82147],[-88.39116,41.8097],[-88.37611,41.80989],[-88.37771,41.80199],[-88.37543,41.79694],[-88.34996,41.79494],[-88.34493,41.79473],[-88.34248,41.79224],[-88.33076,41.78879],[-88.31489,41.78911],[-88.31465,41.78912],[-88.31755,41.79606],[-88.30695,41.7965],[-88.30675,41.79652],[-88.30104,41.79773],[-88.30132,41.80348],[-88.30132,41.8037],[-88.3016,41.81136],[-88.29861,41.8221],[-88.3101,41.82575],[-88.31387,41.83257],[-88.32325,41.81869],[-88.34041,41.81892],[-88.3571,41.81644],[-88.3571,41.8196]]]},"properties":{"GEOID":"1753442","NAME":"North Aurora","NAMELSAD":"North Aurora village","ALAND":19627387,"AWATER":647643}},
{"type":"Feature","geometry":{"type":"Polygon","coordinates":[[[-87.65891,41.2441],[-87.6541,41.22993],[-87.64384,41.22635],[-87.6407,41.23369],[-87.6253,41.23563],[-87.61562,41.23387],[-87.61588,41.24846],[-87.63522,41.25742],[-87.64561,41.25187],[-87.65368,41.25182],[-87.65891,41.2441]]]},"properties":{"GEOID":"1730991","NAME":"Grant Park","NAMELSAD":"Grant Park village","ALAND":8864652,"AWATER":65845}},
{"type":"Feature","geometry":{"type":"Polygon","coordinates":[[[-89.78703,38.78917],[-89.78686,38.7793],[-89.76814,38.7811],[-89.77308,38.79372],[-89.78703,38.78917]]]},"properties":{"GEOID":"1746864","NAME":"Marine","NAMELSAD":"Marine village","ALAND":1888596,"AWATER":146}},
{"type":"Feature","geometry":{"type":"Polygon","coordinates":[[[-88.99068,41.94581],[-88.99056,41.93491],[-88.98316,41.92902],[-88.96604,41.92695],[-88.95135,41.93528],[-88.98067,41.935],[-88.98084,41.94594],[-88.99068,41.94581]]]},"properties":{"GEOID":"1717471","NAME":"Creston","NAMELSAD":"Creston village","ALAND":2967856,"AWATER":0}},
{"type":"Feature","geometry":{"type":"Polygon","coordinates":[[[-90.90599,41.40536],[-90.90615,41.3937],[-90.89385,41.39385],[-90.89356,41.40413],[-90.90599,41.40536]]]},"properties":{"GEOID":"1737062","NAME":"Illinois City","NAMELSAD":"Illinois City CDP","ALAND":1182666,"AWATER":0}},
{"type":"Feature","geometry":{"type":"Polygon","coordinates":[[[-87.65381,39.9366],[-87.64398,39.9399],[-87.62666,39.94025],[-87.62687,39.95286],[-87.64629,39.95461],[-87.65274,39.9485],[-87.65381,39.9366]]]},"properties":{"GEOID":"1755886","NAME":"Olivet","NAMELSAD":"Olivet CDP","ALAND":3903872,"AWATER":0}},
{"type":"Feature","geometry":{"type":"Polygon","coordinates":[[[-89.95845,40.38871],[-89.94155,40.38511],[-89.94151,40.39257],[-89.92386,40.39258],[-89.92381,40.40003],[-89.93128,40.40743],[-89.95845,40.38871]]]},"properties":{"GEOID":"1730510","NAME":"Goofy Ridge","NAMELSAD":"Goofy Ridge CDP","ALAND":3493183,"AWATER":0}},
{"type":"Feature","geometry":{"type":"Polygon","coordinates":[[[-88.2531,41.09647],[-88.24557,41.09352],[-88.24575,41.10371],[-88.25233,41.10351],[-88.2531,41.09647]]]},"properties":{"GEOID":"1763056","NAME":"Reddick","NAMELSAD":"Reddick village","ALAND":617794,"AWATER":0}},
{"type":"Feature","geometry":{"type":"Polygon","coordinates":[[[-90.31469,42.26609],[-90.29134,42.25547],[-90.27863,42.2524],[-90.27286,42.24538],[-90.2651,42.24634],[-90.26194,42.25731],[-90.27361,42.25708],[-90.28215,42.261],[-90.30338,42.26098],[-90.31469,42.26609]]]},"properties":{"GEOID":"1732707","NAME":"Hanover","NAMELSAD":"Hanover village","ALAND":2906570,"AWATER":0}},
{"type":"Feature","geometry":{"type":"Polygon","coordinates":[[[-87.8042,41.86498],[-87.80394,41.85774],[-87.80348,41.84309],[-87.80268,41.82372],[-87.80261,41.82115],[-87.7778,41.82153],[-87.77905,41.86539],[-87.8042,41.86498]]]},"properties":{"GEOID":"1705573","NAME":"Berwyn","NAMELSAD":"Berwyn city","ALAND":10112500,"AWATER":0}},
{"type":"Feature","geometry":{"type":"Polygon","coordinates":[[[-89.2864,40.63042],[-89.28144,40.62216],[-89.28007,40.61019],[-89.26974,40.60892],[-89.26983,40.6161],[-89.27888,40.6222],[-89.27184,40.6297],[-89.26046,40.62148],[-89.24625,40.63695],[-89.25625,40.64199],[-89.27088,40.63782],[-89.27506,40.63281],[-89.2864,40.63042]]]},"properties":{"GEOID":"1730445","NAME":"Goodfield","NAMELSAD":"Goodfield village","ALAND":4447685,"AWATER":19917}},
{"type":"Feature","geometry":{"type":"Polygon","coordinates":[[[-89.05501,42.39784],[-89.05915,42.38432],[-89.05394,42.38309],[-89.0588,42.36207],[-89.07357,42.34737],[-89.06631,42.33864],[-89.06008,42.33321],[-89.06108,42.32705],[-89.03828,42.32856],[-89.03833,42.33588],[-89.02885,42.34352],[-89.01679,42.34303],[-89.01473,42.35484],[-89.02215,42.35487],[-89.02257,42.36564],[-88.9946,42.36646],[-88.98625,42.36984],[-88.9665,42.37],[-88.96017,42.37004],[-88.95157,42.37011],[-88.95161,42.37742],[-88.9603,42.38004],[-88.96706,42.38952],[-88.97434,42.38884],[-88.97117,42.38082],[-88.99474,42.39149],[-88.99738,42.39146],[-88.99468,42.37502],[-89.00417,42.37503],[-89.00779,42.38402],[-89.01705,42.38388],[-89.0123,42.39901],[-89.02697,42.4007],[-89.02881,42.39222],[-89.04698,42.39045],[-89.05501,42.39784]]]},"properties":{"GEOID":"1745726","NAME":"Machesney Park","NAMELSAD":"Machesney Park village","ALAND":32854483,"AWATER":888301}},
{"type":"Feature","geometry":{"type":"Polygon","coordinates":[[[-91.05011,39.69966],[-91.04889,39.68677],[-91.02958,39.69077],[-91.03289,39.70558],[-91.03992,39.71285],[-91.0489,39.71323],[-91.05011,39.69966]]]},"properties":{"GEOID":"1703948","NAME":"Barry","NAMELSAD":"Barry city","ALAND":3709509,"AWATER":0}},
{"type":"Feature","geometry":{"type":"MultiPolygon","coordinates":[[[[-87.59043,41.05472],[-87.58325,41.05299],[-87.56271,41.05312],[-87.56256,41.05721],[-87.58167,41.05687],[-87.59043,41.05472]]],[[[-87.60891,41.08172],[-87.63943,41.07746],[-87.63943,41.0663],[-87.63223,41.0628],[-87.60083,41.06352],[-87.59622,41.06738],[-87.58188,41.06829],[-87.58202,41.07496],[-87.59624,41.07467],[-87.60891,41.08172]]]]},"properties":{"GEOID":"1736190","NAME":"Hopkins Park","NAMELSAD":"Hopkins Park village","ALAND":10919139,"AWATER":0}},
{"type":"Feature","geometry":{"type":"Polygon","coordinates":[[[-90.73769,39.71242],[-90.73815,39.70102],[-90.71817,39.70104],[-90.71804,39.71572],[-90.73539,39.71548],[-90.73769,39.71242]]]},"properties":{"GEOID":"1731771","NAME":"Griggsville","NAMELSAD":"Griggsville city","ALAND":2863546,"AWATER":0}},
{"type":"Feature","geometry":{"type":"Polygon","coordinates":[[[-89.07427,42.18663],[-89.07672,42.16808],[-89.06822,42.16541],[-89.0548,42.16908],[-89.05408,42.16142],[-89.04241,42.15849],[-89.03271,42.15947],[-89.02441,42.16846],[-89.04747,42.1694],[-89.04991,42.1874],[-89.06223,42.18721],[-89.06715,42.19443],[-89.06854,42.19082],[-89.06958,42.19083],[-89.07462,42.19262],[-89.07779,42.19264],[-89.0784,42.19265],[-89.07782,42.19091],[-89.07693,42.1909],[-89.07645,42.18762],[-89.07513,42.18713],[-89.07505,42.18713],[-89.07427,42.18663]]]},"properties":{"GEOID":"1752701","NAME":"New Milford","NAMELSAD":"New Milford village","ALAND":7298317,"AWATER":78907}},
{"type":"Feature","geometry":{"type":"Polygon","coordinates":[[[-87.8981,42.46779],[-87.88537,42.46747],[-87.87987,42.45748],[-87.86956,42.45732],[-87.87432,42.44643],[-87.85475,42.44274],[-87.85482,42.43549],[-87.8424,42.43252],[-87.84231,42.43178],[-87.83348,42.43491],[-87.8197,42.43107],[-87.81564,42.44209],[-87.80195,42.44206],[-87.80109,42.45271],[-87.8165,42.45278],[-87.81548,42.46427],[-87.79886,42.46414],[-87.7981,42.47148],[-87.81589,42.47154],[-87.81649,42.46685],[-87.81878,42.46295],[-87.84179,42.46436],[-87.84503,42.46801],[-87.84545,42.46801],[-87.85449,42.46802],[-87.85444,42.47344],[-87.86318,42.47804],[-87.86399,42.47894],[-87.8632,42.48172],[-87.8628,42.49092],[-87.88307,42.48996],[-87.89799,42.49388],[-87.89809,42.46863],[-87.8981,42.46779]]]},"properties":{"GEOID":"1784220","NAME":"Zion","NAMELSAD":"Zion city","ALAND":25753888,"AWATER":1830}},
{"type":"Feature","geometry":{"type":"Polygon","coordinates":[[[-90.84506,40.41357],[-90.84479,40.40802],[-90.83551,40.40985],[-90.83708,40.41367],[-90.84506,40.41357]]]},"properties":{"GEOID":"1774665","NAME":"Tennessee","NAMELSAD":"Tennessee village","ALAND":1101364,"AWATER":0}},
{"type":"Feature","geometry":{"type":"Polygon","coordinates":[[[-87.88673,42.2906],[-87.88564,42.27983],[-87.87854,42.27972],[-87.86804,42.27953],[-87.87054,42.28851],[-87.88673,42.2906]]]},"properties":{"GEOID":"1740364","NAME":"Knollwood","NAMELSAD":"Knollwood CDP","ALAND":1566378,"AWATER":0}},
{"type":"Feature","geometry":{"type":"Polygon","coordinates":[[[-87.79026,41.61711],[-87.78983,41.60654],[-87.78534,41.60407],[-87.78417,41.60241],[-87.78281,41.60243],[-87.78042,41.60247],[-87.756,41.6029],[-87.75576,41.59563],[-87.74605,41.5957],[-87.74566,41.58542],[-87.75513,41.57549],[-87.742,41.57513],[-87.74147,41.57587],[-87.73877,41.57802],[-87.73792,41.57886],[-87.73559,41.58031],[-87.72922,41.58645],[-87.71595,41.58619],[-87.71713,41.59216],[-87.71608,41.59649],[-87.71675,41.59644],[-87.73223,41.59593],[-87.73176,41.61256],[-87.72815,41.61533],[-87.73341,41.61885],[-87.73714,41.6211],[-87.73717,41.62197],[-87.74051,41.62334],[-87.74701,41.62506],[-87.74878,41.62504],[-87.75391,41.62783],[-87.75737,41.62514],[-87.77629,41.62442],[-87.77605,41.61722],[-87.79026,41.61711]]]},"properties":{"GEOID":"1754638","NAME":"Oak Forest","NAMELSAD":"Oak Forest city","ALAND":15664679,"AWATER":123156}},
{"type":"Feature","geometry":{"type":"Polygon","coordinates":[[[-88.74786,37.1695],[-88.73802,37.1602],[-88.74245,37.14932],[-88.72022,37.14064],[-88.70255,37.14265],[-88.6763,37.13496],[-88.67227,37.13923],[-88.67697,37.14708],[-88.67824,37.16138],[-88.682,37.16434],[-88.68199,37.18173],[-88.69039,37.18361],[-88.69035,37.16899],[-88.70817,37.15697],[-88.72032,37.16184],[-88.72286,37.17599],[-88.74786,37.1695]]]},"properties":{"GEOID":"1748645","NAME":"Metropolis","NAMELSAD":"Metropolis city","ALAND":15560099,"AWATER":368343}},
{"type":"Feature","geometry":{"type":"Polygon","coordinates":[[[-89.98059,40.78169],[-89.97587,40.7708],[-89.96641,40.77427],[-89.95174,40.77431],[-89.95638,40.78831],[-89.96461,40.79223],[-89.98059,40.78169]]]},"properties":{"GEOID":"1723698","NAME":"Elmwood","NAMELSAD":"Elmwood city","ALAND":3615388,"AWATER":0}},
{"type":"Feature","geometry":{"type":"Polygon","coordinates":[[[-90.77858,39.98845],[-90.77372,39.9802],[-90.75479,39.97605],[-90.75456,39.99043],[-90.76315,39.99071],[-90.76877,39.9962],[-90.77858,39.98845]]]},"properties":{"GEOID":"1751154","NAME":"Mount Sterling","NAMELSAD":"Mount Sterling city","ALAND":3093992,"AWATER":0}},
{"type":"Feature","geometry":{"type":"Polygon","coordinates":[[[-87.63736,41.39152],[-87.6378,41.39336],[-87.64162,41.39332],[-87.6416,41.39147],[-87.63736,41.39152]]]},"properties":{"GEOID":"1730419","NAME":"Goodenow","NAMELSAD":"Goodenow CDP","ALAND":83724,"AWATER":0}},
{"type":"Feature","geometry":{"type":"Polygon","coordinates":[[[-90.39161,41.47106],[-90.36986,41.47425],[-90.36416,41.46715],[-90.35782,41.46972],[-90.33257,41.46926],[-90.33191,41.46202],[-90.33679,41.4548],[-90.34827,41.455],[-90.34823,41.44116],[-90.33423,41.44129],[-90.32411,41.44744],[-90.32234,41.47626],[-90.3436,41.47972],[-90.36501,41.48717],[-90.36764,41.47585],[-90.39161,41.47106]]]},"properties":{"GEOID":"1715664","NAME":"Colona","NAMELSAD":"Colona city","ALAND":9884684,"AWATER":268355}},
{"type":"Feature","geometry":{"type":"Polygon","coordinates":[[[-90.17301,41.8574],[-90.16583,41.85528],[-90.16529,41.83983],[-90.15719,41.84337],[-90.15306,41.85908],[-90.14744,41.86349],[-90.14265,41.87997],[-90.16112,41.88237],[-90.17004,41.87644],[-90.17301,41.8574]]]},"properties":{"GEOID":"1728144","NAME":"Fulton","NAMELSAD":"Fulton city","ALAND":6054395,"AWATER":1192828}},
{"type":"Feature","geometry":{"type":"Polygon","coordinates":[[[-88.96513,38.98774],[-88.94659,38.99095],[-88.94704,39.00209],[-88.96106,39.00176],[-88.96061,38.99076],[-88.96513,38.98774]]]},"properties":{"GEOID":"1708992","NAME":"Brownstown","NAMELSAD":"Brownstown village","ALAND":1976637,"AWATER":0}},
{"type":"Feature","geometry":{"type":"Polygon","coordinates":[[[-87.87987,42.45748],[-87.88399,42.45077],[-87.89381,42.45097],[-87.89404,42.43215],[-87.88424,42.42848],[-87.88429,42.42123],[-87.88437,42.41754],[-87.88468,42.39936],[-87.87964,42.3975],[-87.87952,42.39759],[-87.87273,42.39914],[-87.86983,42.41011],[-87.87964,42.41393],[-87.87602,42.42068],[-87.87382,42.4285],[-87.86347,42.42831],[-87.85363,42.41199],[-87.84525,42.40642],[-87.82509,42.40541],[-87.82845,42.39916],[-87.82187,42.39912],[-87.8197,42.43107],[-87.83348,42.43491],[-87.84231,42.43178],[-87.8424,42.43252],[-87.85482,42.43549],[-87.85475,42.44274],[-87.87432,42.44643],[-87.86956,42.45732],[-87.87987,42.45748]]]},"properties":{"GEOID":"1704303","NAME":"Beach Park","NAMELSAD":"Beach Park village","ALAND":18326205,"AWATER":0}},
{"type":"Feature","geometry":{"type":"Polygon","coordinates":[[[-89.80275,42.48991],[-89.78949,42.48629],[-89.7902,42.49795],[-89.79975,42.50034],[-89.80275,42.48991]]]},"properties":{"GEOID":"1782543","NAME":"Winslow","NAMELSAD":"Winslow village","ALAND":1185899,"AWATER":0}},
{"type":"Feature","geometry":{"type":"Polygon","coordinates":[[[-88.95123,41.79729],[-88.94377,41.79522],[-88.94135,41.79202],[-88.93555,41.79699],[-88.95123,41.79729]]]},"properties":{"GEOID":"1742587","NAME":"Lee","NAMELSAD":"Lee village","ALAND":511743,"AWATER":0}},
{"type":"Feature","geometry":{"type":"Polygon","coordinates":[[[-91.205,40.33088],[-91.20503,40.32452],[-91.19233,40.32467],[-91.19468,40.33081],[-91.205,40.33088]]]},"properties":{"GEOID":"1704052","NAME":"Basco","NAMELSAD":"Basco village","ALAND":575660,"AWATER":0}},
{"type":"Feature","geometry":{"type":"Polygon","coordinates":[[[-88.24146,40.93669],[-88.24092,40.93307],[-88.2313,40.93329],[-88.23145,40.93787],[-88.24146,40.93669]]]},"properties":{"GEOID":"1739441","NAME":"Kempton","NAMELSAD":"Kempton village","ALAND":426664,"AWATER":0}},
{"type":"Feature","geometry":{"type":"Polygon","coordinates":[[[-88.29518,41.29481],[-88.2953,41.29975],[-88.3049,41.2993],[-88.30479,41.29458],[-88.29518,41.29481]]]},"properties":{"GEOID":"1711176","NAME":"Carbon Hill","NAMELSAD":"Carbon Hill village","ALAND":470347,"AWATER":0}},
{"type":"Feature","geometry":{"type":"Polygon","coordinates":[[[-89.47294,39.85288],[-89.47286,39.84645],[-89.45398,39.84637],[-89.45395,39.86087],[-89.47294,39.85288]]]},"properties":{"GEOID":"1718745","NAME":"Dawson","NAMELSAD":"Dawson village","ALAND":2051311,"AWATER":0}},
{"type":"Feature","geometry":{"type":"Polygon","coordinates":[[[-88.55297,42.23633],[-88.5503,42.21859],[-88.54285,42.21866],[-88.54302,42.2313],[-88.53556,42.23159],[-88.53557,42.2407],[-88.55029,42.24068],[-88.55297,42.23633]]]},"properties":{"GEOID":"1776706","NAME":"Union","NAMELSAD":"Union village","ALAND":2166228,"AWATER":0}},
{"type":"Feature","geometry":{"type":"Polygon","coordinates":[[[-89.93492,41.7216],[-89.93489,41.71108],[-89.92732,41.71009],[-89.91911,41.72168],[-89.93492,41.7216]]]},"properties":{"GEOID":"1745278","NAME":"Lyndon","NAMELSAD":"Lyndon village","ALAND":1960003,"AWATER":2721}},
{"type":"Feature","geometry":{"type":"Polygon","coordinates":[[[-88.58227,39.03653],[-88.57765,39.03291],[-88.57782,39.01794],[-88.56288,39.01769],[-88.56167,39.0286],[-88.58227,39.03653]]]},"properties":{"GEOID":"1779241","NAME":"Watson","NAMELSAD":"Watson village","ALAND":2827799,"AWATER":0}},
{"type":"Feature","geometry":{"type":"Polygon","coordinates":[[[-90.36698,38.96309],[-90.3667,38.95276],[-90.34314,38.94258],[-90.34301,38.95298],[-90.35326,38.96307],[-90.36698,38.96309]]]},"properties":{"GEOID":"1723776","NAME":"Elsah","NAMELSAD":"Elsah village","ALAND":2828818,"AWATER":0}},
{"type":"Feature","geometry":{"type":"Polygon","coordinates":[[[-89.01855,37.78426],[-89.03003,37.78497],[-89.03514,37.77593],[-89.02159,37.76368],[-89.02618,37.76008],[-89.02382,37.75921],[-89.02154,37.75676],[-89.0154,37.75895],[-89.02132,37.7709],[-89.01631,37.77393],[-89.01855,37.78426]]]},"properties":{"GEOID":"1724166","NAME":"Energy","NAMELSAD":"Energy village","ALAND":3097966,"AWATER":46146}},
{"type":"Feature","geometry":{"type":"Polygon","coordinates":[[[-88.13847,42.49616],[-88.17687,42.49607],[-88.17676,42.49096],[-88.15978,42.49196],[-88.16087,42.47715],[-88.14837,42.47205],[-88.14844,42.46604],[-88.13557,42.46604],[-88.13011,42.47379],[-88.13748,42.4798],[-88.13847,42.49616]]]},"properties":{"GEOID":"1712489","NAME":"Channel Lake","NAMELSAD":"Channel Lake CDP","ALAND":4673042,"AWATER":1547956}},
{"type":"Feature","geometry":{"type":"Polygon","coordinates":[[[-89.18711,40.53109],[-89.18217,40.52304],[-89.16309,40.52399],[-89.17057,40.53044],[-89.17064,40.53781],[-89.18254,40.53672],[-89.18711,40.53109]]]},"properties":{"GEOID":"1718537","NAME":"Danvers","NAMELSAD":"Danvers village","ALAND":2081000,"AWATER":0}},
{"type":"Feature","geometry":{"type":"Polygon","coordinates":[[[-89.96351,39.59407],[-89.96262,39.58547],[-89.94321,39.58545],[-89.94317,39.59974],[-89.96183,39.59989],[-89.96351,39.59407]]]},"properties":{"GEOID":"1779358","NAME":"Waverly","NAMELSAD":"Waverly city","ALAND":2682552,"AWATER":0}},
{"type":"Feature","geometry":{"type":"Polygon","coordinates":[[[-88.16976,39.87191],[-88.16966,39.86401],[-88.15759,39.85599],[-88.14817,39.859],[-88.14827,39.8653],[-88.1563,39.87241],[-88.15651,39.87994],[-88.16818,39.87984],[-88.16976,39.87191]]]},"properties":{"GEOID":"1777941","NAME":"Villa Grove","NAMELSAD":"Villa Grove city","ALAND":3888974,"AWATER":17039}},
{"type":"Feature","geometry":{"type":"Polygon","coordinates":[[[-91.42842,39.94421],[-91.41666,39.94328],[-91.41428,39.91682],[-91.40008,39.89921],[-91.39507,39.90553],[-91.38526,39.90244],[-91.36802,39.90456],[-91.35866,39.90271],[-91.35854,39.91452],[-91.34875,39.90976],[-91.33028,39.91009],[-91.33018,39.91727],[-91.34431,39.91915],[-91.34439,39.92564],[-91.31581,39.93492],[-91.32597,39.93733],[-91.33913,39.94505],[-91.3486,39.9534],[-91.35812,39.94984],[-91.36296,39.94264],[-91.37424,39.94701],[-91.36717,39.95724],[-91.37739,39.96153],[-91.38327,39.9687],[-91.39539,39.96801],[-91.40762,39.97277],[-91.41433,39.97115],[-91.4182,39.95222],[-91.42842,39.94421]]]},"properties":{"GEOID":"1762367","NAME":"Quincy","NAMELSAD":"Quincy city","ALAND":41229070,"AWATER":104053}},
{"type":"Feature","geometry":{"type":"Polygon","coordinates":[[[-89.06108,42.32705],[-89.06996,42.31879],[-89.06849,42.30467],[-89.0572,42.2965],[-89.05472,42.29871],[-89.04417,42.30351],[-89.04145,42.3104],[-89.03284,42.31818],[-88.96769,42.31908],[-88.96251,42.31913],[-88.9524,42.31926],[-88.94833,42.31931],[-88.94545,42.31207],[-88.9397,42.32238],[-88.93065,42.32677],[-88.91999,42.32687],[-88.92017,42.33593],[-88.94024,42.33371],[-88.94022,42.32666],[-88.95026,42.32525],[-88.95069,42.3483],[-88.95086,42.35406],[-88.95605,42.36041],[-88.94116,42.3611],[-88.94231,42.36292],[-88.95157,42.37011],[-88.96017,42.37004],[-88.9665,42.37],[-88.98625,42.36984],[-88.9946,42.36646],[-89.02257,42.36564],[-89.02215,42.35487],[-89.01473,42.35484],[-89.01679,42.34303],[-89.02885,42.34352],[-89.03833,42.33588],[-89.03828,42.32856],[-89.06108,42.32705]]]},"properties":{"GEOID":"1745031","NAME":"Loves Park","NAMELSAD":"Loves Park city","ALAND":42282253,"AWATER":1371312}},
{"type":"Feature","geometry":{"type":"Polygon","coordinates":[[[-89.9186,38.00824],[-89.91834,38.00418],[-89.90329,38.00482],[-89.90451,38.01619],[-89.91405,38.01399],[-89.9186,38.00824]]]},"properties":{"GEOID":"1723503","NAME":"Ellis Grove","NAMELSAD":"Ellis Grove village","ALAND":1272172,"AWATER":3161}},
{"type":"Feature","geometry":{"type":"Polygon","coordinates":[[[-88.98552,39.77814],[-88.98043,39.76576],[-88.97053,39.77074],[-88.97018,39.77916],[-88.97848,39.78508],[-88.98552,39.77814]]]},"properties":{"GEOID":"1723919","NAME":"Elwin","NAMELSAD":"Elwin CDP","ALAND":2157117,"AWATER":0}},
{"type":"Feature","geometry":{"type":"Polygon","coordinates":[[[-90.63338,40.24111],[-90.63348,40.22673],[-90.61128,40.22695],[-90.61117,40.2414],[-90.63338,40.24111]]]},"properties":{"GEOID":"1744056","NAME":"Littleton","NAMELSAD":"Littleton village","ALAND":3024813,"AWATER":0}},
{"type":"Feature","geometry":{"type":"Polygon","coordinates":[[[-89.71686,40.20221],[-89.7034,40.19943],[-89.70206,40.19323],[-89.69256,40.19335],[-89.68821,40.20791],[-89.70839,40.20797],[-89.71686,40.20221]]]},"properties":{"GEOID":"1747475","NAME":"Mason City","NAMELSAD":"Mason City city","ALAND":2623525,"AWATER":0}},
{"type":"Feature","geometry":{"type":"Polygon","coordinates":[[[-88.93745,37.79225],[-88.93701,37.77763],[-88.92157,37.77785],[-88.92145,37.79287],[-88.93745,37.79225]]]},"properties":{"GEOID":"1781165","NAME":"Whiteash","NAMELSAD":"Whiteash CDP","ALAND":2254999,"AWATER":65870}},
{"type":"Feature","geometry":{"type":"Polygon","coordinates":[[[-89.2731,38.54494],[-89.27087,38.53582],[-89.25691,38.53585],[-89.26048,38.5448],[-89.2731,38.54494]]]},"properties":{"GEOID":"1735398","NAME":"Hoffman","NAMELSAD":"Hoffman village","ALAND":1311771,"AWATER":0}},
{"type":"Feature","geometry":{"type":"Polygon","coordinates":[[[-89.73704,40.56681],[-89.71794,40.56862],[-89.71412,40.57307],[-89.7257,40.58026],[-89.72751,40.56941],[-89.73704,40.56681]]]},"properties":{"GEOID":"1746643","NAME":"Mapleton","NAMELSAD":"Mapleton village","ALAND":2293171,"AWATER":0}},
{"type":"Feature","geometry":{"type":"Polygon","coordinates":[[[-88.03588,41.59755],[-88.05239,41.60436],[-88.05081,41.62241],[-88.05969,41.62225],[-88.06297,41.6123],[-88.06491,41.58761],[-88.07429,41.57345],[-88.06762,41.57126],[-88.04926,41.57158],[-88.05149,41.56081],[-88.0443,41.56098],[-88.02515,41.56145],[-88.01558,41.55619],[-88.0063,41.56917],[-88.00655,41.57645],[-87.99698,41.5785],[-87.99404,41.57127],[-87.98705,41.56963],[-87.98118,41.57701],[-87.97771,41.57896],[-87.97776,41.58077],[-87.97787,41.58442],[-87.97071,41.58733],[-87.97075,41.58816],[-87.96848,41.59187],[-88.00091,41.58489],[-87.99765,41.59846],[-87.99777,41.59846],[-88.00143,41.59837],[-88.00245,41.59835],[-88.00223,41.59113],[-88.01188,41.5909],[-88.01351,41.60543],[-88.00395,41.61837],[-88.00315,41.61839],[-87.99846,41.62038],[-88.00323,41.6275],[-88.00385,41.62748],[-88.00445,41.62747],[-88.01722,41.62355],[-88.01595,41.61994],[-88.02699,41.61923],[-88.02708,41.62286],[-88.03557,41.60222],[-88.03177,41.60265],[-88.02642,41.60066],[-88.03588,41.59755]]]},"properties":{"GEOID":"1744225","NAME":"Lockport","NAMELSAD":"Lockport city","ALAND":30451757,"AWATER":103072}},
{"type":"Feature","geometry":{"type":"Polygon","coordinates":[[[-88.6376,38.838],[-88.63779,38.82696],[-88.61913,38.82714],[-88.61881,38.84192],[-88.63285,38.84175],[-88.6376,38.838]]]},"properties":{"GEOID":"1737621","NAME":"Iola","NAMELSAD":"Iola village","ALAND":2497705,"AWATER":0}},
{"type":"Feature","geometry":{"type":"Polygon","coordinates":[[[-89.4675,37.22184],[-89.46186,37.19952],[-89.45477,37.20642],[-89.44144,37.20636],[-89.44077,37.22681],[-89.46515,37.22658],[-89.4675,37.22184]]]},"properties":{"GEOID":"1774873","NAME":"Thebes","NAMELSAD":"Thebes village","ALAND":4520442,"AWATER":1469823}},
{"type":"Feature","geometry":{"type":"Polygon","coordinates":[[[-87.90194,40.56793],[-87.89843,40.56022],[-87.88156,40.56543],[-87.88182,40.57256],[-87.90059,40.57231],[-87.90194,40.56793]]]},"properties":{"GEOID":"1714468","NAME":"Cissna Park","NAMELSAD":"Cissna Park village","ALAND":1877209,"AWATER":0}},
{"type":"Feature","geometry":{"type":"Polygon","coordinates":[[[-89.70614,40.7108],[-89.70615,40.70456],[-89.69433,40.70471],[-89.69434,40.71099],[-89.70614,40.7108]]]},"properties":{"GEOID":"1754404","NAME":"Norwood","NAMELSAD":"Norwood village","ALAND":794498,"AWATER":0}},
{"type":"Feature","geometry":{"type":"Polygon","coordinates":[[[-87.9691,40.03681],[-87.96269,40.02509],[-87.94854,40.02523],[-87.94849,40.03984],[-87.96869,40.03957],[-87.9691,40.03681]]]},"properties":{"GEOID":"1735814","NAME":"Homer","NAMELSAD":"Homer village","ALAND":2537580,"AWATER":0}},
{"type":"Feature","geometry":{"type":"Polygon","coordinates":[[[-87.80518,40.46931],[-87.8049,40.46208],[-87.79549,40.46204],[-87.80092,40.47072],[-87.80518,40.46931]]]},"properties":{"GEOID":"1722021","NAME":"East Lynn","NAMELSAD":"East Lynn CDP","ALAND":686976,"AWATER":0}},
{"type":"Feature","geometry":{"type":"Polygon","coordinates":[[[-89.30099,42.31857],[-89.30089,42.30404],[-89.28138,42.30412],[-89.28159,42.31857],[-89.30099,42.31857]]]},"properties":{"GEOID":"1780570","NAME":"Westlake Village","NAMELSAD":"Westlake Village CDP","ALAND":2385948,"AWATER":333981}},
{"type":"Feature","geometry":{"type":"Polygon","coordinates":[[[-88.86541,38.86858],[-88.8539,38.86319],[-88.84446,38.86306],[-88.84898,38.87173],[-88.86541,38.86858]]]},"properties":{"GEOID":"1767132","NAME":"St. Peter","NAMELSAD":"St. Peter village","ALAND":1350709,"AWATER":0}},
{"type":"Feature","geometry":{"type":"Polygon","coordinates":[[[-91.0015,39.80121],[-91.00163,39.78659],[-90.97794,39.78646],[-90.97804,39.80123],[-91.0015,39.80121]]]},"properties":{"GEOID":"1705729","NAME":"Beverly","NAMELSAD":"Beverly CDP","ALAND":3563418,"AWATER":0}},
{"type":"Feature","geometry":{"type":"Polygon","coordinates":[[[-88.29101,40.31922],[-88.27813,40.31868],[-88.27816,40.32097],[-88.29101,40.31922]]]},"properties":{"GEOID":"1719746","NAME":"Dewey","NAMELSAD":"Dewey CDP","ALAND":249970,"AWATER":0}},
{"type":"Feature","geometry":{"type":"Polygon","coordinates":[[[-89.80671,41.90575],[-89.807,41.89854],[-89.79277,41.89844],[-89.79255,41.90563],[-89.80671,41.90575]]]},"properties":{"GEOID":"1715469","NAME":"Coleta","NAMELSAD":"Coleta village","ALAND":959145,"AWATER":0}},
{"type":"Feature","geometry":{"type":"Polygon","coordinates":[[[-88.32072,39.68733],[-88.32081,39.68081],[-88.30302,39.67613],[-88.2925,39.67714],[-88.2838,39.67378],[-88.28626,39.68824],[-88.29617,39.68824],[-88.30208,39.69537],[-88.31137,39.69537],[-88.31141,39.68856],[-88.32072,39.68733]]]},"properties":{"GEOID":"1701881","NAME":"Arcola","NAMELSAD":"Arcola city","ALAND":5239215,"AWATER":55438}},
{"type":"Feature","geometry":{"type":"Polygon","coordinates":[[[-90.80309,40.42699],[-90.79556,40.42037],[-90.79564,40.41028],[-90.78671,40.41273],[-90.7838,40.42004],[-90.78624,40.43486],[-90.80066,40.43529],[-90.80309,40.42699]]]},"properties":{"GEOID":"1715378","NAME":"Colchester","NAMELSAD":"Colchester city","ALAND":2979424,"AWATER":0}},
{"type":"Feature","geometry":{"type":"Polygon","coordinates":[[[-90.04276,39.36053],[-90.04173,39.35067],[-90.03232,39.35071],[-90.03236,39.36047],[-90.04276,39.36053]]]},"properties":{"GEOID":"1734423","NAME":"Hettick","NAMELSAD":"Hettick village","ALAND":946103,"AWATER":0}},
{"type":"Feature","geometry":{"type":"Polygon","coordinates":[[[-90.38474,41.19571],[-90.38,41.18935],[-90.37513,41.19509],[-90.38474,41.19571]]]},"properties":{"GEOID":"1700971","NAME":"Alpha","NAMELSAD":"Alpha village","ALAND":807286,"AWATER":0}},
{"type":"Feature","geometry":{"type":"MultiPolygon","coordinates":[[[[-88.23823,42.07408],[-88.23821,42.07153],[-88.23766,42.05685],[-88.23432,42.04679],[-88.23303,42.04669],[-88.21556,42.04496],[-88.20575,42.06079],[-88.1842,42.06091],[-88.19069,42.05334],[-88.19659,42.03883],[-88.18688,42.04293],[-88.18517,42.03903],[-88.13875,42.03955],[-88.13893,42.04673],[-88.12146,42.0474],[-88.11911,42.03684],[-88.09949,42.03749],[-88.09957,42.02656],[-88.09156,42.02684],[-88.07981,42.03842],[-88.06461,42.04172],[-88.06477,42.04972],[-88.0895,42.04898],[-88.08453,42.05612],[-88.08258,42.06701],[-88.08279,42.07347],[-88.09794,42.07423],[-88.09733,42.08146],[-88.08772,42.08343],[-88.09739,42.08873],[-88.09728,42.10256],[-88.10692,42.10338],[-88.10684,42.11786],[-88.12162,42.11786],[-88.12155,42.1106],[-88.12802,42.10691],[-88.1266,42.09683],[-88.13125,42.08867],[-88.11798,42.09036],[-88.11269,42.08916],[-88.12655,42.07938],[-88.14112,42.07926],[-88.14118,42.06896],[-88.15047,42.06733],[-88.16063,42.06697],[-88.17969,42.06676],[-88.17998,42.07187],[-88.18959,42.07457],[-88.18973,42.08493],[-88.19731,42.08493],[-88.19943,42.08153],[-88.2011,42.07781],[-88.22353,42.08134],[-88.22361,42.07383],[-88.23823,42.07408]]],[[[-88.2433,42.0617],[-88.2421,42.04903],[-88.23835,42.05285],[-88.2433,42.0617]]]]},"properties":{"GEOID":"1735411","NAME":"Hoffman Estates","NAMELSAD":"Hoffman Estates village","ALAND":53186740,"AWATER":466419}},
{"type":"Feature","geometry":{"type":"Polygon","coordinates":[[[-88.92173,38.72963],[-88.9217,38.71559],[-88.90174,38.71513],[-88.90248,38.73062],[-88.92173,38.72963]]]},"properties":{"GEOID":"1700919","NAME":"Alma","NAMELSAD":"Alma village","ALAND":2933055,"AWATER":0}},
{"type":"Feature","geometry":{"type":"Polygon","coordinates":[[[-88.63534,38.95891],[-88.63542,38.94452],[-88.61669,38.94452],[-88.61613,38.96285],[-88.63522,38.96277],[-88.63534,38.95891]]]},"properties":{"GEOID":"1747449","NAME":"Mason","NAMELSAD":"Mason town","ALAND":3334447,"AWATER":12819}},
{"type":"Feature","geometry":{"type":"Polygon","coordinates":[[[-89.2406,41.2575],[-89.2177,41.25755],[-89.21642,41.2675],[-89.23117,41.26664],[-89.23121,41.27451],[-89.24205,41.27403],[-89.242,41.27192],[-89.24074,41.27022],[-89.2406,41.2575]]]},"properties":{"GEOID":"1731017","NAME":"Granville","NAMELSAD":"Granville village","ALAND":3384538,"AWATER":0}},
{"type":"Feature","geometry":{"type":"Polygon","coordinates":[[[-90.98257,40.59],[-90.98249,40.57768],[-90.96352,40.57659],[-90.95744,40.57938],[-90.95832,40.59344],[-90.97681,40.5929],[-90.98257,40.59]]]},"properties":{"GEOID":"1740832","NAME":"La Harpe","NAMELSAD":"La Harpe city","ALAND":3532074,"AWATER":0}},
{"type":"Feature","geometry":{"type":"Polygon","coordinates":[[[-89.09958,42.06359],[-89.09518,42.06362],[-89.09681,42.06688],[-89.09958,42.06359]]]},"properties":{"GEOID":"1735463","NAME":"Holcomb","NAMELSAD":"Holcomb CDP","ALAND":229906,"AWATER":0}},
{"type":"Feature","geometry":{"type":"Polygon","coordinates":[[[-89.60355,40.67493],[-89.61566,40.66076],[-89.58893,40.66058],[-89.57924,40.65589],[-89.57435,40.64839],[-89.57903,40.63382],[-89.57447,40.62977],[-89.56965,40.62662],[-89.534,40.62675],[-89.53417,40.63141],[-89.51485,40.63393],[-89.4983,40.63384],[-89.49369,40.64435],[-89.49997,40.6502],[-89.51885,40.65447],[-89.52187,40.66745],[-89.50736,40.66876],[-89.50255,40.67269],[-89.5066,40.67948],[-89.49349,40.68226],[-89.49355,40.6897],[-89.48359,40.68976],[-89.4802,40.69905],[-89.47504,40.71075],[-89.48956,40.7047],[-89.50287,40.70837],[-89.50849,40.71876],[-89.54497,40.71819],[-89.55316,40.7026],[-89.55803,40.68417],[-89.57042,40.68409],[-89.57028,40.68973],[-89.58382,40.68858],[-89.60355,40.67493]],[[-89.5573,40.65575],[-89.54583,40.65981],[-89.52687,40.65967],[-89.51579,40.65104],[-89.51794,40.63766],[-89.52672,40.63773],[-89.53834,40.6431],[-89.54131,40.65218],[-89.55174,40.6483],[-89.5573,40.65575]]]},"properties":{"GEOID":"1722164","NAME":"East Peoria","NAMELSAD":"East Peoria city","ALAND":53577649,"AWATER":4706417}},
{"type":"Feature","geometry":{"type":"Polygon","coordinates":[[[-88.89662,41.0088],[-88.89666,41.00148],[-88.88869,41.00268],[-88.88925,41.00888],[-88.89662,41.0088]]]},"properties":{"GEOID":"1744576","NAME":"Long Point","NAMELSAD":"Long Point village","ALAND":479448,"AWATER":0}},
{"type":"Feature","geometry":{"type":"Polygon","coordinates":[[[-88.62255,40.56955],[-88.62257,40.5626],[-88.61283,40.55876],[-88.61277,40.57321],[-88.62255,40.56955]]]},"properties":{"GEOID":"1715495","NAME":"Colfax","NAMELSAD":"Colfax village","ALAND":1433463,"AWATER":0}},
{"type":"Feature","geometry":{"type":"Polygon","coordinates":[[[-87.92746,39.0063],[-87.9182,39.00174],[-87.91809,38.99563],[-87.89949,38.99456],[-87.89965,39.00885],[-87.91825,39.00883],[-87.92746,39.0063]]]},"properties":{"GEOID":"1755106","NAME":"Oblong","NAMELSAD":"Oblong village","ALAND":2811519,"AWATER":18688}},
{"type":"Feature","geometry":{"type":"Polygon","coordinates":[[[-89.21718,37.22518],[-89.21715,37.20691],[-89.19875,37.20681],[-89.20246,37.22509],[-89.21718,37.22518]]]},"properties":{"GEOID":"1762211","NAME":"Pulaski","NAMELSAD":"Pulaski village","ALAND":3392385,"AWATER":14251}},
{"type":"Feature","geometry":{"type":"Polygon","coordinates":[[[-90.77325,41.38717],[-90.77337,41.37968],[-90.75404,41.37942],[-90.75419,41.39409],[-90.77314,41.3943],[-90.77325,41.38717]]]},"properties":{"GEOID":"1722619","NAME":"Edgington","NAMELSAD":"Edgington CDP","ALAND":2619829,"AWATER":0}},
{"type":"Feature","geometry":{"type":"Polygon","coordinates":[[[-89.84289,42.11004],[-89.83619,42.09566],[-89.82302,42.09672],[-89.82383,42.11022],[-89.84289,42.11004]]]},"properties":{"GEOID":"1741859","NAME":"Lanark","NAMELSAD":"Lanark city","ALAND":2902271,"AWATER":0}},
{"type":"Feature","geometry":{"type":"Polygon","coordinates":[[[-88.51621,42.36564],[-88.51613,42.36017],[-88.5015,42.35995],[-88.50144,42.36589],[-88.51621,42.36564]]]},"properties":{"GEOID":"1733292","NAME":"Hartland","NAMELSAD":"Hartland CDP","ALAND":827146,"AWATER":0}}
]}