geoid,municipality,status,source_url,as_of_date,notes,affordable_share,affordable_units,year_round_units
1700113,Abingdon,Exempt,https://www.ihda.org/wp-content/uploads/2023/12/2023-AHPAA-Statewide-Affordability-List.pdf,2023,,0.849911,1258.72,1481
1700230,Addieville,Exempt,https://www.ihda.org/wp-content/uploads/2023/12/2023-AHPAA-Statewide-Affordability-List.pdf,2023,,0.870163,106.16,122
1700243,Addison,Exempt,https://www.ihda.org/wp-content/uploads/2023/12/2023-AHPAA-Statewide-Affordability-List.pdf,2023,,0.420818,5352.81,12720
1700295,Adeline,Exempt,https://www.ihda.org/wp-content/uploads/2023/12/2023-AHPAA-Statewide-Affordability-List.pdf,2023,,0.896553,34.97,39
1700516,Albany,Exempt,https://www.ihda.org/wp-content/uploads/2023/12/2023-AHPAA-Statewide-Affordability-List.pdf,2023,,0.823673,274.28,333
1700555,Albers,Exempt,https://www.ihda.org/wp-content/uploads/2023/12/2023-AHPAA-Statewide-Affordability-List.pdf,2023,,0.806875,430.06,533
1700568,Albion,Exempt,https://www.ihda.org/wp-content/uploads/2023/12/2023-AHPAA-Statewide-Affordability-List.pdf,2023,,0.851152,734.54,863
1700646,Aledo,Exempt,https://www.ihda.org/wp-content/uploads/2023/12/2023-AHPAA-Statewide-Affordability-List.pdf,2023,,0.864329,1378.60,1595
1700672,Alexis,Exempt,https://www.ihda.org/wp-content/uploads/2023/12/2023-AHPAA-Statewide-Affordability-List.pdf,2023,,0.967121,297.87,308
1700685,Algonquin,Exempt,https://www.ihda.org/wp-content/uploads/2023/12/2023-AHPAA-Statewide-Affordability-List.pdf,2023,,0.281100,3097.16,11018
1700737,Alhambra,Exempt,https://www.ihda.org/wp-content/uploads/2023/12/2023-AHPAA-Statewide-Affordability-List.pdf,2023,,0.901510,228.08,253
1700815,Allendale,Exempt,https://www.ihda.org/wp-content/uploads/2023/12/2023-AHPAA-Statewide-Affordability-List.pdf,2023,,0.928001,192.10,207
1700867,Allenville,Exempt,https://www.ihda.org/wp-content/uploads/2023/12/2023-AHPAA-Statewide-Affordability-List.pdf,2023,,0.925336,45.34,49
1700880,Allerton,Exempt,https://www.ihda.org/wp-content/uploads/2023/12/2023-AHPAA-Statewide-Affordability-List.pdf,2023,,0.799563,71.96,90
1700919,Alma,Exempt,https://www.ihda.org/wp-content/uploads/2023/12/2023-AHPAA-Statewide-Affordability-List.pdf,2023,,0.916951,126.54,138
1700971,Alpha,Exempt,https://www.ihda.org/wp-content/uploads/2023/12/2023-AHPAA-Statewide-Affordability-List.pdf,2023,,0.958793,256.96,268
1700997,Alsey,Exempt,https://www.ihda.org/wp-content/uploads/2023/12/2023-AHPAA-Statewide-Affordability-List.pdf,2023,,0.838094,64.53,77
1701010,Alsip,Exempt,https://www.ihda.org/wp-content/uploads/2023/12/2023-AHPAA-Statewide-Affordability-List.pdf,2023,,0.773873,5903.87,7629
1701049,Altamont,Exempt,https://www.ihda.org/wp-content/uploads/2023/12/2023-AHPAA-Statewide-Affordability-List.pdf,2023,,0.879065,915.11,1041
1701114,Alton,Exempt,https://www.ihda.org/wp-content/uploads/2023/12/2023-AHPAA-Statewide-Affordability-List.pdf,2023,,0.848345,9414.08,11097
1701140,Altona,Exempt,https://www.ihda.org/wp-content/uploads/2023/12/2023-AHPAA-Statewide-Affordability-List.pdf,2023,,0.888140,188.29,212
1701205,Alto Pass,Exempt,https://www.ihda.org/wp-content/uploads/2023/12/2023-AHPAA-Statewide-Affordability-List.pdf,2023,,0.677419,82.65,122
1701242,Alvin,Exempt,https://www.ihda.org/wp-content/uploads/2023/12/2023-AHPAA-Statewide-Affordability-List.pdf,2023,Census name: Alvan (Alvin) village.,0.949526,76.91,81
1701270,Amboy,Exempt,https://www.ihda.org/wp-content/uploads/2023/12/2023-AHPAA-Statewide-Affordability-List.pdf,2023,,0.816341,810.63,993
1701361,Anchor,Exempt,https://www.ihda.org/wp-content/uploads/2023/12/2023-AHPAA-Statewide-Affordability-List.pdf,2023,,0.944386,75.55,80
1701426,Andalusia,Exempt,https://www.ihda.org/wp-content/uploads/2023/12/2023-AHPAA-Statewide-Affordability-List.pdf,2023,,0.848058,457.10,539
1701491,Andover,Exempt,https://www.ihda.org/wp-content/uploads/2023/12/2023-AHPAA-Statewide-Affordability-List.pdf,2023,,0.905528,160.28,177
1701543,Anna,Exempt,https://www.ihda.org/wp-content/uploads/2023/12/2023-AHPAA-Statewide-Affordability-List.pdf,2023,,0.741674,1379.51,1860
1701569,Annawan,Exempt,https://www.ihda.org/wp-content/uploads/2023/12/2023-AHPAA-Statewide-Affordability-List.pdf,2023,,0.901986,348.17,386
1701595,Antioch,Exempt,https://www.ihda.org/wp-content/uploads/2023/12/2023-AHPAA-Statewide-Affordability-List.pdf,2023,,0.468775,2559.04,5459
1701673,Apple River,Exempt,https://www.ihda.org/wp-content/uploads/2023/12/2023-AHPAA-Statewide-Affordability-List.pdf,2023,,0.890978,122.06,137
1701881,Arcola,Exempt,https://www.ihda.org/wp-content/uploads/2023/12/2023-AHPAA-Statewide-Affordability-List.pdf,2023,,0.884381,792.40,896
1701946,Arenzville,Exempt,https://www.ihda.org/wp-content/uploads/2023/12/2023-AHPAA-Statewide-Affordability-List.pdf,2023,,0.886254,128.51,145
1701972,Argenta,Exempt,https://www.ihda.org/wp-content/uploads/2023/12/2023-AHPAA-Statewide-Affordability-List.pdf,2023,,0.853807,295.42,346
1702102,Arlington,Exempt,https://www.ihda.org/wp-content/uploads/2023/12/2023-AHPAA-Statewide-Affordability-List.pdf,2023,,0.884577,59.27,67
1702154,Arlington Heights,Exempt,https://www.ihda.org/wp-content/uploads/2023/12/2023-AHPAA-Statewide-Affordability-List.pdf,2023,,0.198316,6231.29,31421
1702206,Armington,Exempt,https://www.ihda.org/wp-content/uploads/2023/12/2023-AHPAA-Statewide-Affordability-List.pdf,2023,,0.899232,120.50,134
1702258,Aroma Park,Exempt,https://www.ihda.org/wp-content/uploads/2023/12/2023-AHPAA-Statewide-Affordability-List.pdf,2023,,0.732146,196.22,268
1702342,Arrowsmith,Exempt,https://www.ihda.org/wp-content/uploads/2023/12/2023-AHPAA-Statewide-Affordability-List.pdf,2023,,0.964928,125.44,130
1702414,Arthur,Exempt,https://www.ihda.org/wp-content/uploads/2023/12/2023-AHPAA-Statewide-Affordability-List.pdf,2023,,0.805499,757.17,940
1702479,Ashkum,Exempt,https://www.ihda.org/wp-content/uploads/2023/12/2023-AHPAA-Statewide-Affordability-List.pdf,2023,,0.774190,254.71,329
1702505,Ashland,Exempt,https://www.ihda.org/wp-content/uploads/2023/12/2023-AHPAA-Statewide-Affordability-List.pdf,2023,,0.888686,433.68,488
1702531,Ashley,Exempt,https://www.ihda.org/wp-content/uploads/2023/12/2023-AHPAA-Statewide-Affordability-List.pdf,2023,,0.942728,184.77,196
1702557,Ashmore,Exempt,https://www.ihda.org/wp-content/uploads/2023/12/2023-AHPAA-Statewide-Affordability-List.pdf,2023,,0.844508,282.91,335
1702583,Ashton,Exempt,https://www.ihda.org/wp-content/uploads/2023/12/2023-AHPAA-Statewide-Affordability-List.pdf,2023,,0.847141,302.43,357
1702609,Assumption,Exempt,https://www.ihda.org/wp-content/uploads/2023/12/2023-AHPAA-Statewide-Affordability-List.pdf,2023,,0.834842,429.94,515
1702635,Astoria,Exempt,https://www.ihda.org/wp-content/uploads/2023/12/2023-AHPAA-Statewide-Affordability-List.pdf,2023,,0.949688,428.31,451
1702674,Athens,Exempt,https://www.ihda.org/wp-content/uploads/2023/12/2023-AHPAA-Statewide-Affordability-List.pdf,2023,,0.893621,807.83,904
1702726,Atkinson,Exempt,https://www.ihda.org/wp-content/uploads/2023/12/2023-AHPAA-Statewide-Affordability-List.pdf,2023,,0.881056,481.94,547
1702752,Atlanta,Exempt,https://www.ihda.org/wp-content/uploads/2023/12/2023-AHPAA-Statewide-Affordability-List.pdf,2023,,0.886256,761.29,859
1702882,Atwood,Exempt,https://www.ihda.org/wp-content/uploads/2023/12/2023-AHPAA-Statewide-Affordability-List.pdf,2023,,0.911399,413.78,454
1702921,Auburn,Exempt,https://www.ihda.org/wp-content/uploads/2023/12/2023-AHPAA-Statewide-Affordability-List.pdf,2023,,0.880941,1435.93,1630
1702986,Augusta,Exempt,https://www.ihda.org/wp-content/uploads/2023/12/2023-AHPAA-Statewide-Affordability-List.pdf,2023,,0.864883,247.36,286
1703012,Aurora,Exempt,https://www.ihda.org/wp-content/uploads/2023/12/2023-AHPAA-Statewide-Affordability-List.pdf,2023,,0.554228,33809.57,61003
1703103,Ava,Exempt,https://www.ihda.org/wp-content/uploads/2023/12/2023-AHPAA-Statewide-Affordability-List.pdf,2023,,0.837819,176.78,211
1703181,Aviston,Exempt,https://www.ihda.org/wp-content/uploads/2023/12/2023-AHPAA-Statewide-Affordability-List.pdf,2023,,0.718350,612.75,853
1703207,Avon,Exempt,https://www.ihda.org/wp-content/uploads/2023/12/2023-AHPAA-Statewide-Affordability-List.pdf,2023,,0.937688,285.06,304
1703454,Baldwin,Exempt,https://www.ihda.org/wp-content/uploads/2023/12/2023-AHPAA-Statewide-Affordability-List.pdf,2023,,0.874895,97.99,112
1703571,Banner,Exempt,https://www.ihda.org/wp-content/uploads/2023/12/2023-AHPAA-Statewide-Affordability-List.pdf,2023,,0.986667,76.96,78
1703610,Bannockburn,Exempt,https://www.ihda.org/wp-content/uploads/2023/12/2023-AHPAA-Statewide-Affordability-List.pdf,2023,,0.114685,25.00,218
1703675,Bardolph,Exempt,https://www.ihda.org/wp-content/uploads/2023/12/2023-AHPAA-Statewide-Affordability-List.pdf,2023,,0.984733,129.00,131
1703844,Barrington,Exempt,https://www.ihda.org/wp-content/uploads/2023/12/2023-AHPAA-Statewide-Affordability-List.pdf,2023,,0.120200,502.20,4178
1703883,Barrington Hills,Non-Exempt,https://www.ihda.org/wp-content/uploads/2023/12/2023-AHPAA-Statewide-Affordability-List.pdf,2023,,0.034323,48.91,1425
1703948,Barry,Exempt,https://www.ihda.org/wp-content/uploads/2023/12/2023-AHPAA-Statewide-Affordability-List.pdf,2023,,0.809408,433.03,535
1704000,Bartelso,Exempt,https://www.ihda.org/wp-content/uploads/2023/12/2023-AHPAA-Statewide-Affordability-List.pdf,2023,,0.810068,277.04,342
1704013,Bartlett,Exempt,https://www.ihda.org/wp-content/uploads/2023/12/2023-AHPAA-Statewide-Affordability-List.pdf,2023,,0.170735,2386.54,13978
1704039,Bartonville,Exempt,https://www.ihda.org/wp-content/uploads/2023/12/2023-AHPAA-Statewide-Affordability-List.pdf,2023,,0.855083,2098.37,2454
1704052,Basco,Exempt,https://www.ihda.org/wp-content/uploads/2023/12/2023-AHPAA-Statewide-Affordability-List.pdf,2023,,0.977811,39.11,40
1704078,Batavia,Exempt,https://www.ihda.org/wp-content/uploads/2023/12/2023-AHPAA-Statewide-Affordability-List.pdf,2023,,0.234521,2306.74,9836
1704117,Batchtown,Exempt,https://www.ihda.org/wp-content/uploads/2023/12/2023-AHPAA-Statewide-Affordability-List.pdf,2023,,0.749912,52.49,70
1704156,Bath,Exempt,https://www.ihda.org/wp-content/uploads/2023/12/2023-AHPAA-Statewide-Affordability-List.pdf,2023,,0.872207,107.28,123
1704247,Baylis,Exempt,https://www.ihda.org/wp-content/uploads/2023/12/2023-AHPAA-Statewide-Affordability-List.pdf,2023,,0.929067,38.09,41
1704273,Bay View Gardens,Exempt,https://www.ihda.org/wp-content/uploads/2023/12/2023-AHPAA-Statewide-Affordability-List.pdf,2023,,0.887616,142.91,161
1704303,Beach Park,Exempt,https://www.ihda.org/wp-content/uploads/2023/12/2023-AHPAA-Statewide-Affordability-List.pdf,2023,,0.765969,3473.67,4535
1704351,Beardstown,Exempt,https://www.ihda.org/wp-content/uploads/2023/12/2023-AHPAA-Statewide-Affordability-List.pdf,2023,,0.893107,1866.59,2090
1704507,Beaverville,Exempt,https://www.ihda.org/wp-content/uploads/2023/12/2023-AHPAA-Statewide-Affordability-List.pdf,2023,,0.843466,119.77,142
1704533,Beckemeyer,Exempt,https://www.ihda.org/wp-content/uploads/2023/12/2023-AHPAA-Statewide-Affordability-List.pdf,2023,,0.897624,354.56,395
1704572,Bedford Park,Exempt,https://www.ihda.org/wp-content/uploads/2023/12/2023-AHPAA-Statewide-Affordability-List.pdf,2023,,0.547568,119.92,219
1704585,Beecher,Exempt,https://www.ihda.org/wp-content/uploads/2023/12/2023-AHPAA-Statewide-Affordability-List.pdf,2023,,0.752261,1293.14,1719
1704598,Beecher City,Exempt,https://www.ihda.org/wp-content/uploads/2023/12/2023-AHPAA-Statewide-Affordability-List.pdf,2023,,0.967524,160.61,166
1704689,Belgium,Exempt,https://www.ihda.org/wp-content/uploads/2023/12/2023-AHPAA-Statewide-Affordability-List.pdf,2023,,0.820317,120.59,147
1704715,Belknap,Exempt,https://www.ihda.org/wp-content/uploads/2023/12/2023-AHPAA-Statewide-Affordability-List.pdf,2023,,0.753253,42.18,56
1704793,Belle Prairie City,Exempt,https://www.ihda.org/wp-content/uploads/2023/12/2023-AHPAA-Statewide-Affordability-List.pdf,2023,,0.940624,20.69,22
1704806,Belle Rive,Exempt,https://www.ihda.org/wp-content/uploads/2023/12/2023-AHPAA-Statewide-Affordability-List.pdf,2023,,0.921067,164.87,179
1704845,Belleville,Exempt,https://www.ihda.org/wp-content/uploads/2023/12/2023-AHPAA-Statewide-Affordability-List.pdf,2023,,0.855916,15054.71,17589
1704871,Bellevue,Exempt,https://www.ihda.org/wp-content/uploads/2023/12/2023-AHPAA-Statewide-Affordability-List.pdf,2023,,0.782446,732.37,936
1704897,Bellflower,Exempt,https://www.ihda.org/wp-content/uploads/2023/12/2023-AHPAA-Statewide-Affordability-List.pdf,2023,,0.980591,143.17,146
1704936,Bellmont,Exempt,https://www.ihda.org/wp-content/uploads/2023/12/2023-AHPAA-Statewide-Affordability-List.pdf,2023,,0.814635,85.54,105
1704975,Bellwood,Exempt,https://www.ihda.org/wp-content/uploads/2023/12/2023-AHPAA-Statewide-Affordability-List.pdf,2023,,0.808972,4893.47,6049
1705092,Belvidere,Exempt,https://www.ihda.org/wp-content/uploads/2023/12/2023-AHPAA-Statewide-Affordability-List.pdf,2023,,0.808827,7435.54,9193
1705144,Bement,Exempt,https://www.ihda.org/wp-content/uploads/2023/12/2023-AHPAA-Statewide-Affordability-List.pdf,2023,,0.907325,567.99,626
1705209,Benld,Exempt,https://www.ihda.org/wp-content/uploads/2023/12/2023-AHPAA-Statewide-Affordability-List.pdf,2023,,0.954331,606.00,635
1705248,Bensenville,Exempt,https://www.ihda.org/wp-content/uploads/2023/12/2023-AHPAA-Statewide-Affordability-List.pdf,2023,,0.525965,3618.64,6880
1705261,Benson,Exempt,https://www.ihda.org/wp-content/uploads/2023/12/2023-AHPAA-Statewide-Affordability-List.pdf,2023,,0.953991,147.87,155
1705274,Bentley,Exempt,https://www.ihda.org/wp-content/uploads/2023/12/2023-AHPAA-Statewide-Affordability-List.pdf,2023,,0.937656,9.38,10
1705300,Benton,Exempt,https://www.ihda.org/wp-content/uploads/2023/12/2023-AHPAA-Statewide-Affordability-List.pdf,2023,,0.746523,2195.53,2941
1705404,Berkeley,Exempt,https://www.ihda.org/wp-content/uploads/2023/12/2023-AHPAA-Statewide-Affordability-List.pdf,2023,,0.830284,1594.15,1920
1705443,Berlin,Exempt,https://www.ihda.org/wp-content/uploads/2023/12/2023-AHPAA-Statewide-Affordability-List.pdf,2023,,0.971429,68.00,70
1705573,Berwyn,Exempt,https://www.ihda.org/wp-content/uploads/2023/12/2023-AHPAA-Statewide-Affordability-List.pdf,2023,,0.544996,10641.05,19525
1705599,Bethalto,Exempt,https://www.ihda.org/wp-content/uploads/2023/12/2023-AHPAA-Statewide-Affordability-List.pdf,2023,,0.829310,3306.46,3987
1705612,Bethany,Exempt,https://www.ihda.org/wp-content/uploads/2023/12/2023-AHPAA-Statewide-Affordability-List.pdf,2023,,0.923240,511.47,554
1705898,Biggsville,Exempt,https://www.ihda.org/wp-content/uploads/2023/12/2023-AHPAA-Statewide-Affordability-List.pdf,2023,,0.979774,163.62,167
1705976,Big Rock,Exempt,https://www.ihda.org/wp-content/uploads/2023/12/2023-AHPAA-Statewide-Affordability-List.pdf,2023,,0.476377,201.03,422
1706028,Bingham,Exempt,https://www.ihda.org/wp-content/uploads/2023/12/2023-AHPAA-Statewide-Affordability-List.pdf,2023,,1.000000,38.00,38
1706171,Bishop Hill,Exempt,https://www.ihda.org/wp-content/uploads/2023/12/2023-AHPAA-Statewide-Affordability-List.pdf,2023,,0.893997,45.59,51
1706184,Bismarck,Exempt,https://www.ihda.org/wp-content/uploads/2023/12/2023-AHPAA-Statewide-Affordability-List.pdf,2023,,0.840917,164.82,196
1706470,Blandinsville,Exempt,https://www.ihda.org/wp-content/uploads/2023/12/2023-AHPAA-Statewide-Affordability-List.pdf,2023,,0.821041,199.51,243
1706587,Bloomingdale,Exempt,https://www.ihda.org/wp-content/uploads/2023/12/2023-AHPAA-Statewide-Affordability-List.pdf,2023,,0.263562,2356.24,8940
1706613,Bloomington,Exempt,https://www.ihda.org/wp-content/uploads/2023/12/2023-AHPAA-Statewide-Affordability-List.pdf,2023,,0.701339,23207.29,33090
1706704,Blue Island,Exempt,https://www.ihda.org/wp-content/uploads/2023/12/2023-AHPAA-Statewide-Affordability-List.pdf,2023,,0.832659,6994.34,8400
1706756,Blue Mound,Exempt,https://www.ihda.org/wp-content/uploads/2023/12/2023-AHPAA-Statewide-Affordability-List.pdf,2023,,0.861395,385.04,447
1706899,Bluffs,Exempt,https://www.ihda.org/wp-content/uploads/2023/12/2023-AHPAA-Statewide-Affordability-List.pdf,2023,,0.931045,241.14,259
1706964,Bluford,Exempt,https://www.ihda.org/wp-content/uploads/2023/12/2023-AHPAA-Statewide-Affordability-List.pdf,2023,,0.880017,184.80,210
1707133,Bolingbrook,Exempt,https://www.ihda.org/wp-content/uploads/2023/12/2023-AHPAA-Statewide-Affordability-List.pdf,2023,,0.402456,9465.76,23520
1707211,Bondville,Exempt,https://www.ihda.org/wp-content/uploads/2023/12/2023-AHPAA-Statewide-Affordability-List.pdf,2023,,0.819570,160.64,196
1707224,Bone Gap,Exempt,https://www.ihda.org/wp-content/uploads/2023/12/2023-AHPAA-Statewide-Affordability-List.pdf,2023,,0.923461,60.02,65
1707237,Bonfield,Exempt,https://www.ihda.org/wp-content/uploads/2023/12/2023-AHPAA-Statewide-Affordability-List.pdf,2023,,0.718047,153.66,214
1707263,Bonnie,Exempt,https://www.ihda.org/wp-content/uploads/2023/12/2023-AHPAA-Statewide-Affordability-List.pdf,2023,,0.961100,147.05,153
1707471,Bourbonnais,Exempt,https://www.ihda.org/wp-content/uploads/2023/12/2023-AHPAA-Statewide-Affordability-List.pdf,2023,,0.463307,2846.56,6144
1707510,Bowen,Exempt,https://www.ihda.org/wp-content/uploads/2023/12/2023-AHPAA-Statewide-Affordability-List.pdf,2023,,0.947667,181.95,192
1707640,Braceville,Exempt,https://www.ihda.org/wp-content/uploads/2023/12/2023-AHPAA-Statewide-Affordability-List.pdf,2023,,0.863478,240.91,279
1707692,Bradford,Exempt,https://www.ihda.org/wp-content/uploads/2023/12/2023-AHPAA-Statewide-Affordability-List.pdf,2023,,0.889049,263.16,296
1707744,Bradley,Exempt,https://www.ihda.org/wp-content/uploads/2023/12/2023-AHPAA-Statewide-Affordability-List.pdf,2023,,0.624627,3607.22,5775
1707770,Braidwood,Exempt,https://www.ihda.org/wp-content/uploads/2023/12/2023-AHPAA-Statewide-Affordability-List.pdf,2023,,0.817860,2034.02,2487
1707913,Breese,Exempt,https://www.ihda.org/wp-content/uploads/2023/12/2023-AHPAA-Statewide-Affordability-List.pdf,2023,,0.837007,1549.30,1851
1708186,Bridgeport,Exempt,https://www.ihda.org/wp-content/uploads/2023/12/2023-AHPAA-Statewide-Affordability-List.pdf,2023,,0.780608,566.72,726
1708225,Bridgeview,Exempt,https://www.ihda.org/wp-content/uploads/2023/12/2023-AHPAA-Statewide-Affordability-List.pdf,2023,,0.686455,4080.29,5944
1708264,Brighton,Exempt,https://www.ihda.org/wp-content/uploads/2023/12/2023-AHPAA-Statewide-Affordability-List.pdf,2023,,0.885697,736.90,832
1708303,Brimfield,Exempt,https://www.ihda.org/wp-content/uploads/2023/12/2023-AHPAA-Statewide-Affordability-List.pdf,2023,,0.886275,254.36,287
1708420,Broadlands,Exempt,https://www.ihda.org/wp-content/uploads/2023/12/2023-AHPAA-Statewide-Affordability-List.pdf,2023,,0.860859,90.39,105
1708446,Broadview,Exempt,https://www.ihda.org/wp-content/uploads/2023/12/2023-AHPAA-Statewide-Affordability-List.pdf,2023,,0.833264,2567.29,3081
1708472,Broadwell,Exempt,https://www.ihda.org/wp-content/uploads/2023/12/2023-AHPAA-Statewide-Affordability-List.pdf,2023,,0.921240,71.86,78
1708524,Brocton,Exempt,https://www.ihda.org/wp-content/uploads/2023/12/2023-AHPAA-Statewide-Affordability-List.pdf,2023,,0.855734,112.10,131
1708576,Brookfield,Exempt,https://www.ihda.org/wp-content/uploads/2023/12/2023-AHPAA-Statewide-Affordability-List.pdf,2023,,0.349074,2649.47,7590
1708667,Brooklyn,Exempt,https://www.ihda.org/wp-content/uploads/2023/12/2023-AHPAA-Statewide-Affordability-List.pdf,2023,,0.926096,167.62,181
1708706,Brookport,Exempt,https://www.ihda.org/wp-content/uploads/2023/12/2023-AHPAA-Statewide-Affordability-List.pdf,2023,,0.831802,312.76,376
1708875,Broughton,Exempt,https://www.ihda.org/wp-content/uploads/2023/12/2023-AHPAA-Statewide-Affordability-List.pdf,2023,,0.882411,60.00,68
1708953,Browning,Exempt,https://www.ihda.org/wp-content/uploads/2023/12/2023-AHPAA-Statewide-Affordability-List.pdf,2023,,0.879167,34.29,39
1708979,Browns,Exempt,https://www.ihda.org/wp-content/uploads/2023/12/2023-AHPAA-Statewide-Affordability-List.pdf,2023,,0.968206,89.07,92
1708992,Brownstown,Exempt,https://www.ihda.org/wp-content/uploads/2023/12/2023-AHPAA-Statewide-Affordability-List.pdf,2023,,0.791120,237.34,300
1709148,Brussels,Exempt,https://www.ihda.org/wp-content/uploads/2023/12/2023-AHPAA-Statewide-Affordability-List.pdf,2023,,0.969697,32.00,33
1709161,Bryant,Exempt,https://www.ihda.org/wp-content/uploads/2023/12/2023-AHPAA-Statewide-Affordability-List.pdf,2023,,0.879125,70.33,80
1709304,Buckingham,Exempt,https://www.ihda.org/wp-content/uploads/2023/12/2023-AHPAA-Statewide-Affordability-List.pdf,2023,,0.940217,86.50,92
1709317,Buckley,Exempt,https://www.ihda.org/wp-content/uploads/2023/12/2023-AHPAA-Statewide-Affordability-List.pdf,2023,,0.937174,192.12,205
1709330,Buckner,Exempt,https://www.ihda.org/wp-content/uploads/2023/12/2023-AHPAA-Statewide-Affordability-List.pdf,2023,,0.889241,135.16,152
1709356,Buda,Exempt,https://www.ihda.org/wp-content/uploads/2023/12/2023-AHPAA-Statewide-Affordability-List.pdf,2023,,0.914925,206.77,226
1709434,Buffalo,Exempt,https://www.ihda.org/wp-content/uploads/2023/12/2023-AHPAA-Statewide-Affordability-List.pdf,2023,,0.912904,136.94,150
1709447,Buffalo Grove,Exempt,https://www.ihda.org/wp-content/uploads/2023/12/2023-AHPAA-Statewide-Affordability-List.pdf,2023,,0.142429,2276.30,15982
1709531,Bull Valley,Non-Exempt,https://www.ihda.org/wp-content/uploads/2023/12/2023-AHPAA-Statewide-Affordability-List.pdf,2023,,0.026738,12.73,476
1709538,Bulpitt,Exempt,https://www.ihda.org/wp-content/uploads/2023/12/2023-AHPAA-Statewide-Affordability-List.pdf,2023,,0.787200,69.27,88
1709551,Buncombe,Exempt,https://www.ihda.org/wp-content/uploads/2023/12/2023-AHPAA-Statewide-Affordability-List.pdf,2023,,0.812220,69.04,85
1709577,Bunker Hill,Exempt,https://www.ihda.org/wp-content/uploads/2023/12/2023-AHPAA-Statewide-Affordability-List.pdf,2023,,0.969131,550.47,568
1709642,Burbank,Exempt,https://www.ihda.org/wp-content/uploads/2023/12/2023-AHPAA-Statewide-Affordability-List.pdf,2023,,0.645262,6118.38,9482
1709681,Bureau Junction,Exempt,https://www.ihda.org/wp-content/uploads/2023/12/2023-AHPAA-Statewide-Affordability-List.pdf,2023,,0.796524,69.30,87
1709759,Burlington,Exempt,https://www.ihda.org/wp-content/uploads/2023/12/2023-AHPAA-Statewide-Affordability-List.pdf,2023,,0.466431,91.42,196
1709798,Burnham,Exempt,https://www.ihda.org/wp-content/uploads/2023/12/2023-AHPAA-Statewide-Affordability-List.pdf,2023,,0.836187,1332.88,1594
1709889,Burnt Prairie,Exempt,https://www.ihda.org/wp-content/uploads/2023/12/2023-AHPAA-Statewide-Affordability-List.pdf,2023,,1.000000,34.00,34
1709980,Burr Ridge,Non-Exempt,https://www.ihda.org/wp-content/uploads/2023/12/2023-AHPAA-Statewide-Affordability-List.pdf,2023,,0.044662,201.25,4506
1710084,Bush,Exempt,https://www.ihda.org/wp-content/uploads/2023/12/2023-AHPAA-Statewide-Affordability-List.pdf,2023,,0.925586,99.04,107
1710110,Bushnell,Exempt,https://www.ihda.org/wp-content/uploads/2023/12/2023-AHPAA-Statewide-Affordability-List.pdf,2023,,0.800442,903.70,1129
1710149,Butler,Exempt,https://www.ihda.org/wp-content/uploads/2023/12/2023-AHPAA-Statewide-Affordability-List.pdf,2023,,0.776936,79.25,102
1710240,Byron,Exempt,https://www.ihda.org/wp-content/uploads/2023/12/2023-AHPAA-Statewide-Affordability-List.pdf,2023,,0.806467,1199.22,1487
1710292,Cabery,Exempt,https://www.ihda.org/wp-content/uploads/2023/12/2023-AHPAA-Statewide-Affordability-List.pdf,2023,,0.807549,80.75,100
1710383,Cairo,Exempt,https://www.ihda.org/wp-content/uploads/2023/12/2023-AHPAA-Statewide-Affordability-List.pdf,2023,,0.912277,529.12,580
1710422,Caledonia,Exempt,https://www.ihda.org/wp-content/uploads/2023/12/2023-AHPAA-Statewide-Affordability-List.pdf,2023,,0.647730,64.77,100
1710448,Calhoun,Exempt,https://www.ihda.org/wp-content/uploads/2023/12/2023-AHPAA-Statewide-Affordability-List.pdf,2023,,0.925215,69.39,75
1710487,Calumet City,Exempt,https://www.ihda.org/wp-content/uploads/2023/12/2023-AHPAA-Statewide-Affordability-List.pdf,2023,,0.792431,11010.82,13895
1710513,Calumet Park,Exempt,https://www.ihda.org/wp-content/uploads/2023/12/2023-AHPAA-Statewide-Affordability-List.pdf,2023,,0.833296,2277.40,2733
1710591,Camargo,Exempt,https://www.ihda.org/wp-content/uploads/2023/12/2023-AHPAA-Statewide-Affordability-List.pdf,2023,,0.879396,181.16,206
1710630,Cambria,Exempt,https://www.ihda.org/wp-content/uploads/2023/12/2023-AHPAA-Statewide-Affordability-List.pdf,2023,,0.660245,320.88,486
1710643,Cambridge,Exempt,https://www.ihda.org/wp-content/uploads/2023/12/2023-AHPAA-Statewide-Affordability-List.pdf,2023,,0.922318,720.33,781
1710695,Camden,Exempt,https://www.ihda.org/wp-content/uploads/2023/12/2023-AHPAA-Statewide-Affordability-List.pdf,2023,,0.906250,29.00,32
1710773,Campbell Hill,Exempt,https://www.ihda.org/wp-content/uploads/2023/12/2023-AHPAA-Statewide-Affordability-List.pdf,2023,,0.790730,101.21,128
1710877,Camp Point,Exempt,https://www.ihda.org/wp-content/uploads/2023/12/2023-AHPAA-Statewide-Affordability-List.pdf,2023,,0.875790,407.24,465
1710906,Campton Hills,Non-Exempt,https://www.ihda.org/wp-content/uploads/2023/12/2023-AHPAA-Statewide-Affordability-List.pdf,2023,,0.023735,83.03,3498
1710916,Campus,Exempt,https://www.ihda.org/wp-content/uploads/2023/12/2023-AHPAA-Statewide-Affordability-List.pdf,2023,,0.961044,55.74,58
1711007,Canton,Exempt,https://www.ihda.org/wp-content/uploads/2023/12/2023-AHPAA-Statewide-Affordability-List.pdf,2023,,0.874336,4741.52,5423
1711033,Cantrall,Exempt,https://www.ihda.org/wp-content/uploads/2023/12/2023-AHPAA-Statewide-Affordability-List.pdf,2023,,0.820941,39.41,48
1711124,Capron,Exempt,https://www.ihda.org/wp-content/uploads/2023/12/2023-AHPAA-Statewide-Affordability-List.pdf,2023,,0.807753,365.91,453
1711150,Carbon Cliff,Exempt,https://www.ihda.org/wp-content/uploads/2023/12/2023-AHPAA-Statewide-Affordability-List.pdf,2023,,0.816772,676.29,828
1711163,Carbondale,Exempt,https://www.ihda.org/wp-content/uploads/2023/12/2023-AHPAA-Statewide-Affordability-List.pdf,2023,,0.535008,5453.33,10193
1711176,Carbon Hill,Exempt,https://www.ihda.org/wp-content/uploads/2023/12/2023-AHPAA-Statewide-Affordability-List.pdf,2023,,0.912300,129.55,142
1711202,Carlinville,Exempt,https://www.ihda.org/wp-content/uploads/2023/12/2023-AHPAA-Statewide-Affordability-List.pdf,2023,,0.829357,1739.99,2098
1711215,Carlock,Exempt,https://www.ihda.org/wp-content/uploads/2023/12/2023-AHPAA-Statewide-Affordability-List.pdf,2023,,0.890247,231.46,260
1711228,Carlyle,Exempt,https://www.ihda.org/wp-content/uploads/2023/12/2023-AHPAA-Statewide-Affordability-List.pdf,2023,,0.820628,1048.76,1278
1711293,Carmi,Exempt,https://www.ihda.org/wp-content/uploads/2023/12/2023-AHPAA-Statewide-Affordability-List.pdf,2023,,0.758517,1649.02,2174
1711332,Carol Stream,Exempt,https://www.ihda.org/wp-content/uploads/2023/12/2023-AHPAA-Statewide-Affordability-List.pdf,2023,,0.348655,4949.16,14195
1711358,Carpentersville,Exempt,https://www.ihda.org/wp-content/uploads/2023/12/2023-AHPAA-Statewide-Affordability-List.pdf,2023,,0.696217,7957.06,11429
1711397,Carrier Mills,Exempt,https://www.ihda.org/wp-content/uploads/2023/12/2023-AHPAA-Statewide-Affordability-List.pdf,2023,,0.903229,624.13,691
1711462,Carrollton,Exempt,https://www.ihda.org/wp-content/uploads/2023/12/2023-AHPAA-Statewide-Affordability-List.pdf,2023,,0.853346,790.20,926
1711514,Carterville,Exempt,https://www.ihda.org/wp-content/uploads/2023/12/2023-AHPAA-Statewide-Affordability-List.pdf,2023,,0.537003,1324.25,2466
1711527,Carthage,Exempt,https://www.ihda.org/wp-content/uploads/2023/12/2023-AHPAA-Statewide-Affordability-List.pdf,2023,,0.870832,1062.42,1220
1711592,Cary,Exempt,https://www.ihda.org/wp-content/uploads/2023/12/2023-AHPAA-Statewide-Affordability-List.pdf,2023,,0.355863,2243.72,6305
1711618,Casey,Exempt,https://www.ihda.org/wp-content/uploads/2023/12/2023-AHPAA-Statewide-Affordability-List.pdf,2023,,0.960805,1044.40,1087
1711644,Caseyville,Exempt,https://www.ihda.org/wp-content/uploads/2023/12/2023-AHPAA-Statewide-Affordability-List.pdf,2023,,0.828553,1203.06,1452
1711774,Catlin,Exempt,https://www.ihda.org/wp-content/uploads/2023/12/2023-AHPAA-Statewide-Affordability-List.pdf,2023,,0.796007,745.06,936
1711826,Cave-In-Rock,Exempt,https://www.ihda.org/wp-content/uploads/2023/12/2023-AHPAA-Statewide-Affordability-List.pdf,2023,,0.830287,76.39,92
1711982,Cedar Point,Exempt,https://www.ihda.org/wp-content/uploads/2023/12/2023-AHPAA-Statewide-Affordability-List.pdf,2023,,0.913120,98.62,108
1712008,Cedarville,Exempt,https://www.ihda.org/wp-content/uploads/2023/12/2023-AHPAA-Statewide-Affordability-List.pdf,2023,,0.933630,271.69,291
1712151,Central City,Exempt,https://www.ihda.org/wp-content/uploads/2023/12/2023-AHPAA-Statewide-Affordability-List.pdf,2023,,0.823233,390.21,474
1712164,Centralia,Exempt,https://www.ihda.org/wp-content/uploads/2023/12/2023-AHPAA-Statewide-Affordability-List.pdf,2023,,0.799328,4060.59,5080
1712268,Cerro Gordo,Exempt,https://www.ihda.org/wp-content/uploads/2023/12/2023-AHPAA-Statewide-Affordability-List.pdf,2023,,0.797515,440.23,552
1712294,Chadwick,Exempt,https://www.ihda.org/wp-content/uploads/2023/12/2023-AHPAA-Statewide-Affordability-List.pdf,2023,,0.816285,204.89,251
1712385,Champaign,Exempt,https://www.ihda.org/wp-content/uploads/2023/12/2023-AHPAA-Statewide-Affordability-List.pdf,2023,,0.484455,17055.71,35206
1712450,Chandlerville,Exempt,https://www.ihda.org/wp-content/uploads/2023/12/2023-AHPAA-Statewide-Affordability-List.pdf,2023,,0.928321,228.37,246
1712476,Channahon,Exempt,https://www.ihda.org/wp-content/uploads/2023/12/2023-AHPAA-Statewide-Affordability-List.pdf,2023,,0.426337,1851.15,4342
1712528,Chapin,Exempt,https://www.ihda.org/wp-content/uploads/2023/12/2023-AHPAA-Statewide-Affordability-List.pdf,2023,,0.910804,168.50,185
1712567,Charleston,Exempt,https://www.ihda.org/wp-content/uploads/2023/12/2023-AHPAA-Statewide-Affordability-List.pdf,2023,,0.620481,4460.02,7188
1712684,Chatham,Exempt,https://www.ihda.org/wp-content/uploads/2023/12/2023-AHPAA-Statewide-Affordability-List.pdf,2023,,0.545268,2866.47,5257
1712710,Chatsworth,Exempt,https://www.ihda.org/wp-content/uploads/2023/12/2023-AHPAA-Statewide-Affordability-List.pdf,2023,,0.923097,541.86,587
1712801,Chebanse,Exempt,https://www.ihda.org/wp-content/uploads/2023/12/2023-AHPAA-Statewide-Affordability-List.pdf,2023,,0.769656,361.74,470
1712931,Chenoa,Exempt,https://www.ihda.org/wp-content/uploads/2023/12/2023-AHPAA-Statewide-Affordability-List.pdf,2023,,0.942994,679.90,721
1712970,Cherry,Exempt,https://www.ihda.org/wp-content/uploads/2023/12/2023-AHPAA-Statewide-Affordability-List.pdf,2023,,0.901433,196.51,218
1713074,Cherry Valley,Exempt,https://www.ihda.org/wp-content/uploads/2023/12/2023-AHPAA-Statewide-Affordability-List.pdf,2023,,0.500202,601.74,1203
1713139,Chester,Exempt,https://www.ihda.org/wp-content/uploads/2023/12/2023-AHPAA-Statewide-Affordability-List.pdf,2023,,0.856066,1709.56,1997
1713165,Chesterfield,Exempt,https://www.ihda.org/wp-content/uploads/2023/12/2023-AHPAA-Statewide-Affordability-List.pdf,2023,,0.856731,59.11,69
1714000,Chicago,Exempt,https://www.ihda.org/wp-content/uploads/2023/12/2023-AHPAA-Statewide-Affordability-List.pdf,2023,,0.471548,524634.95,1112581
1714026,Chicago Heights,Exempt,https://www.ihda.org/wp-content/uploads/2023/12/2023-AHPAA-Statewide-Affordability-List.pdf,2023,,0.848024,7894.26,9309
1714065,Chicago Ridge,Exempt,https://www.ihda.org/wp-content/uploads/2023/12/2023-AHPAA-Statewide-Affordability-List.pdf,2023,,0.732707,3967.61,5415
1714117,Chillicothe,Exempt,https://www.ihda.org/wp-content/uploads/2023/12/2023-AHPAA-Statewide-Affordability-List.pdf,2023,,0.827942,2343.08,2830
1714273,Chrisman,Exempt,https://www.ihda.org/wp-content/uploads/2023/12/2023-AHPAA-Statewide-Affordability-List.pdf,2023,,0.790663,447.52,566
1714286,Christopher,Exempt,https://www.ihda.org/wp-content/uploads/2023/12/2023-AHPAA-Statewide-Affordability-List.pdf,2023,,0.803832,952.54,1185
1714351,Cicero,Exempt,https://www.ihda.org/wp-content/uploads/2023/12/2023-AHPAA-Statewide-Affordability-List.pdf,2023,,0.726467,17373.45,23915
1714442,Cisco,Exempt,https://www.ihda.org/wp-content/uploads/2023/12/2023-AHPAA-Statewide-Affordability-List.pdf,2023,,0.867713,107.60,124
1714455,Cisne,Exempt,https://www.ihda.org/wp-content/uploads/2023/12/2023-AHPAA-Statewide-Affordability-List.pdf,2023,,0.873647,245.49,281
1714468,Cissna Park,Exempt,https://www.ihda.org/wp-content/uploads/2023/12/2023-AHPAA-Statewide-Affordability-List.pdf,2023,,0.802295,332.95,415
1714533,Claremont,Exempt,https://www.ihda.org/wp-content/uploads/2023/12/2023-AHPAA-Statewide-Affordability-List.pdf,2023,,0.977257,70.36,72
1714572,Clarendon Hills,Exempt,https://www.ihda.org/wp-content/uploads/2023/12/2023-AHPAA-Statewide-Affordability-List.pdf,2023,,0.141663,460.12,3248
1714715,Clay City,Exempt,https://www.ihda.org/wp-content/uploads/2023/12/2023-AHPAA-Statewide-Affordability-List.pdf,2023,,0.815393,235.65,289
1714767,Clayton,Exempt,https://www.ihda.org/wp-content/uploads/2023/12/2023-AHPAA-Statewide-Affordability-List.pdf,2023,,0.946843,277.43,293
1714923,Cleveland,Exempt,https://www.ihda.org/wp-content/uploads/2023/12/2023-AHPAA-Statewide-Affordability-List.pdf,2023,,0.847278,81.34,96
1714936,Clifton,Exempt,https://www.ihda.org/wp-content/uploads/2023/12/2023-AHPAA-Statewide-Affordability-List.pdf,2023,,0.776264,413.75,533
1715001,Clinton,Exempt,https://www.ihda.org/wp-content/uploads/2023/12/2023-AHPAA-Statewide-Affordability-List.pdf,2023,,0.888976,2774.50,3121
1715170,Coal City,Exempt,https://www.ihda.org/wp-content/uploads/2023/12/2023-AHPAA-Statewide-Affordability-List.pdf,2023,,0.797349,1697.56,2129
1715209,Coalton,Exempt,https://www.ihda.org/wp-content/uploads/2023/12/2023-AHPAA-Statewide-Affordability-List.pdf,2023,,0.881029,140.96,160
1715235,Coal Valley,Exempt,https://www.ihda.org/wp-content/uploads/2023/12/2023-AHPAA-Statewide-Affordability-List.pdf,2023,,0.615672,994.31,1615
1715261,Coatsburg,Exempt,https://www.ihda.org/wp-content/uploads/2023/12/2023-AHPAA-Statewide-Affordability-List.pdf,2023,,0.908508,69.05,76
1715300,Cobden,Exempt,https://www.ihda.org/wp-content/uploads/2023/12/2023-AHPAA-Statewide-Affordability-List.pdf,2023,,0.801281,313.30,391
1715352,Coffeen,Exempt,https://www.ihda.org/wp-content/uploads/2023/12/2023-AHPAA-Statewide-Affordability-List.pdf,2023,,0.882165,224.07,254
1715378,Colchester,Exempt,https://www.ihda.org/wp-content/uploads/2023/12/2023-AHPAA-Statewide-Affordability-List.pdf,2023,,0.780764,465.34,596
1715469,Coleta,Exempt,https://www.ihda.org/wp-content/uploads/2023/12/2023-AHPAA-Statewide-Affordability-List.pdf,2023,,0.762213,53.35,70
1715495,Colfax,Exempt,https://www.ihda.org/wp-content/uploads/2023/12/2023-AHPAA-Statewide-Affordability-List.pdf,2023,,0.940026,335.59,357
1715599,Collinsville,Exempt,https://www.ihda.org/wp-content/uploads/2023/12/2023-AHPAA-Statewide-Affordability-List.pdf,2023,,0.852449,9105.86,10682
1715664,Colona,Exempt,https://www.ihda.org/wp-content/uploads/2023/12/2023-AHPAA-Statewide-Affordability-List.pdf,2023,,0.834989,1880.40,2252
1715807,Colp,Exempt,https://www.ihda.org/wp-content/uploads/2023/12/2023-AHPAA-Statewide-Affordability-List.pdf,2023,,0.872143,100.30,115
1715833,Columbia,Exempt,https://www.ihda.org/wp-content/uploads/2023/12/2023-AHPAA-Statewide-Affordability-List.pdf,2023,,0.464849,1970.50,4239
1715846,Columbus,Exempt,https://www.ihda.org/wp-content/uploads/2023/12/2023-AHPAA-Statewide-Affordability-List.pdf,2023,,0.896191,41.22,46
1715989,Compton,Exempt,https://www.ihda.org/wp-content/uploads/2023/12/2023-AHPAA-Statewide-Affordability-List.pdf,2023,,0.790930,79.09,100
1716054,Concord,Exempt,https://www.ihda.org/wp-content/uploads/2023/12/2023-AHPAA-Statewide-Affordability-List.pdf,2023,,0.923110,58.16,63
1716119,Congerville,Exempt,https://www.ihda.org/wp-content/uploads/2023/12/2023-AHPAA-Statewide-Affordability-List.pdf,2023,,0.669271,176.69,264
1716210,Cooksville,Exempt,https://www.ihda.org/wp-content/uploads/2023/12/2023-AHPAA-Statewide-Affordability-List.pdf,2023,,0.952376,73.33,77
1716366,Cordova,Exempt,https://www.ihda.org/wp-content/uploads/2023/12/2023-AHPAA-Statewide-Affordability-List.pdf,2023,,0.777255,243.28,313
1716405,Cornell,Exempt,https://www.ihda.org/wp-content/uploads/2023/12/2023-AHPAA-Statewide-Affordability-List.pdf,2023,,0.915381,134.56,147
1716470,Cortland,Exempt,https://www.ihda.org/wp-content/uploads/2023/12/2023-AHPAA-Statewide-Affordability-List.pdf,2023,,0.708355,1129.83,1595
1716613,Coulterville,Exempt,https://www.ihda.org/wp-content/uploads/2023/12/2023-AHPAA-Statewide-Affordability-List.pdf,2023,,0.867050,278.32,321
1716691,Country Club Hills,Exempt,https://www.ihda.org/wp-content/uploads/2023/12/2023-AHPAA-Statewide-Affordability-List.pdf,2023,,0.776903,4441.56,5717
1716873,Countryside,Exempt,https://www.ihda.org/wp-content/uploads/2023/12/2023-AHPAA-Statewide-Affordability-List.pdf,2023,,0.489542,1328.13,2713
1717055,Cowden,Exempt,https://www.ihda.org/wp-content/uploads/2023/12/2023-AHPAA-Statewide-Affordability-List.pdf,2023,,0.884177,173.30,196
1717185,Crainville,Exempt,https://www.ihda.org/wp-content/uploads/2023/12/2023-AHPAA-Statewide-Affordability-List.pdf,2023,,0.624681,436.65,699
1717289,Creal Springs,Exempt,https://www.ihda.org/wp-content/uploads/2023/12/2023-AHPAA-Statewide-Affordability-List.pdf,2023,,0.893678,183.20,205
1717406,Crescent City,Exempt,https://www.ihda.org/wp-content/uploads/2023/12/2023-AHPAA-Statewide-Affordability-List.pdf,2023,,0.876075,179.60,205
1717458,Crest Hill,Exempt,https://www.ihda.org/wp-content/uploads/2023/12/2023-AHPAA-Statewide-Affordability-List.pdf,2023,,0.737006,5614.51,7618
1717471,Creston,Exempt,https://www.ihda.org/wp-content/uploads/2023/12/2023-AHPAA-Statewide-Affordability-List.pdf,2023,,0.823595,168.01,204
1717497,Crestwood,Exempt,https://www.ihda.org/wp-content/uploads/2023/12/2023-AHPAA-Statewide-Affordability-List.pdf,2023,,0.781856,3669.25,4693
1717523,Crete,Exempt,https://www.ihda.org/wp-content/uploads/2023/12/2023-AHPAA-Statewide-Affordability-List.pdf,2023,,0.734209,2422.89,3300
1717549,Creve Coeur,Exempt,https://www.ihda.org/wp-content/uploads/2023/12/2023-AHPAA-Statewide-Affordability-List.pdf,2023,,0.925809,1972.90,2131
1717783,Crossville,Exempt,https://www.ihda.org/wp-content/uploads/2023/12/2023-AHPAA-Statewide-Affordability-List.pdf,2023,,0.931416,315.75,339
1717887,Crystal Lake,Exempt,https://www.ihda.org/wp-content/uploads/2023/12/2023-AHPAA-Statewide-Affordability-List.pdf,2023,,0.426892,6136.57,14375
1717991,Cuba,Exempt,https://www.ihda.org/wp-content/uploads/2023/12/2023-AHPAA-Statewide-Affordability-List.pdf,2023,,0.941934,400.32,425
1718030,Cullom,Exempt,https://www.ihda.org/wp-content/uploads/2023/12/2023-AHPAA-Statewide-Affordability-List.pdf,2023,,0.897131,217.11,242
1718147,Curran,Exempt,https://www.ihda.org/wp-content/uploads/2023/12/2023-AHPAA-Statewide-Affordability-List.pdf,2023,,0.901668,72.13,80
1718225,Cutler,Exempt,https://www.ihda.org/wp-content/uploads/2023/12/2023-AHPAA-Statewide-Affordability-List.pdf,2023,,0.883978,121.10,137
1718251,Cypress,Exempt,https://www.ihda.org/wp-content/uploads/2023/12/2023-AHPAA-Statewide-Affordability-List.pdf,2023,,0.949566,87.36,92
1718303,Dahlgren,Exempt,https://www.ihda.org/wp-content/uploads/2023/12/2023-AHPAA-Statewide-Affordability-List.pdf,2023,,0.915838,212.47,232
1718342,Dakota,Exempt,https://www.ihda.org/wp-content/uploads/2023/12/2023-AHPAA-Statewide-Affordability-List.pdf,2023,,0.762232,162.36,213
1718420,Dallas City,Exempt,https://www.ihda.org/wp-content/uploads/2023/12/2023-AHPAA-Statewide-Affordability-List.pdf,2023,,0.876102,348.69,398
1718446,Dalton City,Exempt,https://www.ihda.org/wp-content/uploads/2023/12/2023-AHPAA-Statewide-Affordability-List.pdf,2023,,0.957031,245.00,256
1718459,Dalzell,Exempt,https://www.ihda.org/wp-content/uploads/2023/12/2023-AHPAA-Statewide-Affordability-List.pdf,2023,,0.846180,214.08,253
1718472,Damiansville,Exempt,https://www.ihda.org/wp-content/uploads/2023/12/2023-AHPAA-Statewide-Affordability-List.pdf,2023,,0.683123,131.16,192
1718485,Dana,Exempt,https://www.ihda.org/wp-content/uploads/2023/12/2023-AHPAA-Statewide-Affordability-List.pdf,2023,,0.869101,45.19,52
1718498,Danforth,Exempt,https://www.ihda.org/wp-content/uploads/2023/12/2023-AHPAA-Statewide-Affordability-List.pdf,2023,,0.839773,168.79,201
1718537,Danvers,Exempt,https://www.ihda.org/wp-content/uploads/2023/12/2023-AHPAA-Statewide-Affordability-List.pdf,2023,,0.923990,398.24,431
1718563,Danville,Exempt,https://www.ihda.org/wp-content/uploads/2023/12/2023-AHPAA-Statewide-Affordability-List.pdf,2023,,0.747164,8511.69,11392
1718628,Darien,Exempt,https://www.ihda.org/wp-content/uploads/2023/12/2023-AHPAA-Statewide-Affordability-List.pdf,2023,,0.209279,1835.38,8770
1718706,Davis,Exempt,https://www.ihda.org/wp-content/uploads/2023/12/2023-AHPAA-Statewide-Affordability-List.pdf,2023,,0.878573,163.41,186
1718719,Davis Junction,Exempt,https://www.ihda.org/wp-content/uploads/2023/12/2023-AHPAA-Statewide-Affordability-List.pdf,2023,,0.879529,699.23,795
1718745,Dawson,Exempt,https://www.ihda.org/wp-content/uploads/2023/12/2023-AHPAA-Statewide-Affordability-List.pdf,2023,,0.875851,220.71,252
1718823,Decatur,Exempt,https://www.ihda.org/wp-content/uploads/2023/12/2023-AHPAA-Statewide-Affordability-List.pdf,2023,,0.783245,24059.72,30718
1718940,Deer Creek,Exempt,https://www.ihda.org/wp-content/uploads/2023/12/2023-AHPAA-Statewide-Affordability-List.pdf,2023,,0.795178,194.82,245
1718992,Deerfield,Non-Exempt,https://www.ihda.org/wp-content/uploads/2023/12/2023-AHPAA-Statewide-Affordability-List.pdf,2023,,0.047829,357.52,7475
1719031,Deer Grove,Exempt,https://www.ihda.org/wp-content/uploads/2023/12/2023-AHPAA-Statewide-Affordability-List.pdf,2023,,0.894970,18.79,21
1719083,Deer Park,Non-Exempt,https://www.ihda.org/wp-content/uploads/2023/12/2023-AHPAA-Statewide-Affordability-List.pdf,2023,,0.018987,24.09,1269
1719161,DeKalb,Exempt,https://www.ihda.org/wp-content/uploads/2023/12/2023-AHPAA-Statewide-Affordability-List.pdf,2023,,0.734431,11653.21,15867
1719200,De Land,Exempt,https://www.ihda.org/wp-content/uploads/2023/12/2023-AHPAA-Statewide-Affordability-List.pdf,2023,,0.891087,154.16,173
1719226,Delavan,Exempt,https://www.ihda.org/wp-content/uploads/2023/12/2023-AHPAA-Statewide-Affordability-List.pdf,2023,,0.906346,619.94,684
1719499,De Pue,Exempt,https://www.ihda.org/wp-content/uploads/2023/12/2023-AHPAA-Statewide-Affordability-List.pdf,2023,,0.920328,519.07,564
1719616,De Soto,Exempt,https://www.ihda.org/wp-content/uploads/2023/12/2023-AHPAA-Statewide-Affordability-List.pdf,2023,,0.675505,460.69,682
1719642,Des Plaines,Exempt,https://www.ihda.org/wp-content/uploads/2023/12/2023-AHPAA-Statewide-Affordability-List.pdf,2023,,0.409070,9204.89,22502
1719681,Detroit,Exempt,https://www.ihda.org/wp-content/uploads/2023/12/2023-AHPAA-Statewide-Affordability-List.pdf,2023,,1.000000,13.00,13
1719798,De Witt,Exempt,https://www.ihda.org/wp-content/uploads/2023/12/2023-AHPAA-Statewide-Affordability-List.pdf,2023,,0.848197,68.70,81
1719837,Diamond,Exempt,https://www.ihda.org/wp-content/uploads/2023/12/2023-AHPAA-Statewide-Affordability-List.pdf,2023,,0.784973,926.27,1180
1719915,Dieterich,Exempt,https://www.ihda.org/wp-content/uploads/2023/12/2023-AHPAA-Statewide-Affordability-List.pdf,2023,,0.857952,308.00,359
1720045,Divernon,Exempt,https://www.ihda.org/wp-content/uploads/2023/12/2023-AHPAA-Statewide-Affordability-List.pdf,2023,,0.877365,454.48,518
1720123,Dix,Exempt,https://www.ihda.org/wp-content/uploads/2023/12/2023-AHPAA-Statewide-Affordability-List.pdf,2023,,0.865943,213.89,247
1720149,Dixmoor,Exempt,https://www.ihda.org/wp-content/uploads/2023/12/2023-AHPAA-Statewide-Affordability-List.pdf,2023,,0.748159,707.01,945
1720162,Dixon,Exempt,https://www.ihda.org/wp-content/uploads/2023/12/2023-AHPAA-Statewide-Affordability-List.pdf,2023,,0.849840,5000.46,5884
1720292,Dolton,Exempt,https://www.ihda.org/wp-content/uploads/2023/12/2023-AHPAA-Statewide-Affordability-List.pdf,2023,,0.802108,6247.62,7789
1720305,Dongola,Exempt,https://www.ihda.org/wp-content/uploads/2023/12/2023-AHPAA-Statewide-Affordability-List.pdf,2023,,0.897616,202.86,226
1720318,Donnellson,Exempt,https://www.ihda.org/wp-content/uploads/2023/12/2023-AHPAA-Statewide-Affordability-List.pdf,2023,,0.874406,66.45,76
1720331,Donovan,Exempt,https://www.ihda.org/wp-content/uploads/2023/12/2023-AHPAA-Statewide-Affordability-List.pdf,2023,,0.894522,89.45,100
1720370,Dorchester,Exempt,https://www.ihda.org/wp-content/uploads/2023/12/2023-AHPAA-Statewide-Affordability-List.pdf,2023,,0.919129,45.04,49
1720526,Dover,Exempt,https://www.ihda.org/wp-content/uploads/2023/12/2023-AHPAA-Statewide-Affordability-List.pdf,2023,,0.890531,53.43,60
1720565,Dowell,Exempt,https://www.ihda.org/wp-content/uploads/2023/12/2023-AHPAA-Statewide-Affordability-List.pdf,2023,,0.881335,126.91,144
1720591,Downers Grove,Exempt,https://www.ihda.org/wp-content/uploads/2023/12/2023-AHPAA-Statewide-Affordability-List.pdf,2023,,0.237086,4832.28,20382
1720643,Downs,Exempt,https://www.ihda.org/wp-content/uploads/2023/12/2023-AHPAA-Statewide-Affordability-List.pdf,2023,,0.547602,291.87,533
1720890,Du Bois,Exempt,https://www.ihda.org/wp-content/uploads/2023/12/2023-AHPAA-Statewide-Affordability-List.pdf,2023,,0.924641,78.59,85
1721098,Dunfermline,Exempt,https://www.ihda.org/wp-content/uploads/2023/12/2023-AHPAA-Statewide-Affordability-List.pdf,2023,,0.929948,146.00,157
1721176,Dunlap,Exempt,https://www.ihda.org/wp-content/uploads/2023/12/2023-AHPAA-Statewide-Affordability-List.pdf,2023,,0.458781,254.62,555
1721254,Dupo,Exempt,https://www.ihda.org/wp-content/uploads/2023/12/2023-AHPAA-Statewide-Affordability-List.pdf,2023,,0.923511,1588.44,1720
1721267,Du Quoin,Exempt,https://www.ihda.org/wp-content/uploads/2023/12/2023-AHPAA-Statewide-Affordability-List.pdf,2023,,0.772474,2020.79,2616
1721280,Durand,Exempt,https://www.ihda.org/wp-content/uploads/2023/12/2023-AHPAA-Statewide-Affordability-List.pdf,2023,,0.839481,460.04,548
1721358,Dwight,Exempt,https://www.ihda.org/wp-content/uploads/2023/12/2023-AHPAA-Statewide-Affordability-List.pdf,2023,,0.813451,1230.75,1513
1721410,Eagarville,Exempt,https://www.ihda.org/wp-content/uploads/2023/12/2023-AHPAA-Statewide-Affordability-List.pdf,2023,,0.962483,49.09,51
1721540,Earlville,Exempt,https://www.ihda.org/wp-content/uploads/2023/12/2023-AHPAA-Statewide-Affordability-List.pdf,2023,,0.889761,735.83,827
1721553,East Alton,Exempt,https://www.ihda.org/wp-content/uploads/2023/12/2023-AHPAA-Statewide-Affordability-List.pdf,2023,,0.921420,2498.89,2712
1721579,East Brooklyn,Exempt,https://www.ihda.org/wp-content/uploads/2023/12/2023-AHPAA-Statewide-Affordability-List.pdf,2023,,0.940347,30.09,32
1721605,East Cape Girardeau,Exempt,https://www.ihda.org/wp-content/uploads/2023/12/2023-AHPAA-Statewide-Affordability-List.pdf,2023,,0.811495,77.90,96
1721618,East Carondelet,Exempt,https://www.ihda.org/wp-content/uploads/2023/12/2023-AHPAA-Statewide-Affordability-List.pdf,2023,,0.957447,90.00,94
1721683,East Dubuque,Exempt,https://www.ihda.org/wp-content/uploads/2023/12/2023-AHPAA-Statewide-Affordability-List.pdf,2023,,0.787215,521.92,663
1721696,East Dundee,Exempt,https://www.ihda.org/wp-content/uploads/2023/12/2023-AHPAA-Statewide-Affordability-List.pdf,2023,,0.591482,867.11,1466
1721826,East Galesburg,Exempt,https://www.ihda.org/wp-content/uploads/2023/12/2023-AHPAA-Statewide-Affordability-List.pdf,2023,,0.620781,180.65,291
1721852,East Gillespie,Exempt,https://www.ihda.org/wp-content/uploads/2023/12/2023-AHPAA-Statewide-Affordability-List.pdf,2023,,0.924948,110.99,120
1721904,East Hazel Crest,Exempt,https://www.ihda.org/wp-content/uploads/2023/12/2023-AHPAA-Statewide-Affordability-List.pdf,2023,,0.704476,373.37,530
1722073,East Moline,Exempt,https://www.ihda.org/wp-content/uploads/2023/12/2023-AHPAA-Statewide-Affordability-List.pdf,2023,,0.810980,6620.03,8163
1722151,Easton,Exempt,https://www.ihda.org/wp-content/uploads/2023/12/2023-AHPAA-Statewide-Affordability-List.pdf,2023,,0.941470,98.85,105
1722164,East Peoria,Exempt,https://www.ihda.org/wp-content/uploads/2023/12/2023-AHPAA-Statewide-Affordability-List.pdf,2023,,0.753144,7273.87,9658
1722255,East St. Louis,Exempt,https://www.ihda.org/wp-content/uploads/2023/12/2023-AHPAA-Statewide-Affordability-List.pdf,2023,,0.858706,6563.95,7644
1722398,Eddyville,Exempt,https://www.ihda.org/wp-content/uploads/2023/12/2023-AHPAA-Statewide-Affordability-List.pdf,2023,,0.699864,19.60,28
1722567,Edgewood,Exempt,https://www.ihda.org/wp-content/uploads/2023/12/2023-AHPAA-Statewide-Affordability-List.pdf,2023,,0.903953,170.85,189
1722645,Edinburg,Exempt,https://www.ihda.org/wp-content/uploads/2023/12/2023-AHPAA-Statewide-Affordability-List.pdf,2023,,0.840910,385.14,458
1722697,Edwardsville,Exempt,https://www.ihda.org/wp-content/uploads/2023/12/2023-AHPAA-Statewide-Affordability-List.pdf,2023,,0.457492,3912.47,8552
1722736,Effingham,Exempt,https://www.ihda.org/wp-content/uploads/2023/12/2023-AHPAA-Statewide-Affordability-List.pdf,2023,,0.852247,4452.99,5225
1722931,Elburn,Exempt,https://www.ihda.org/wp-content/uploads/2023/12/2023-AHPAA-Statewide-Affordability-List.pdf,2023,,0.362782,715.77,1973
1722957,El Dara,Exempt,https://www.ihda.org/wp-content/uploads/2023/12/2023-AHPAA-Statewide-Affordability-List.pdf,2023,,0.872069,23.55,27
1723009,Eldorado,Exempt,https://www.ihda.org/wp-content/uploads/2023/12/2023-AHPAA-Statewide-Affordability-List.pdf,2023,,0.775173,1330.20,1716
1723022,Eldred,Exempt,https://www.ihda.org/wp-content/uploads/2023/12/2023-AHPAA-Statewide-Affordability-List.pdf,2023,,0.891124,80.20,90
1723074,Elgin,Exempt,https://www.ihda.org/wp-content/uploads/2023/12/2023-AHPAA-Statewide-Affordability-List.pdf,2023,,0.618662,23613.08,38168
1723165,Elizabeth,Exempt,https://www.ihda.org/wp-content/uploads/2023/12/2023-AHPAA-Statewide-Affordability-List.pdf,2023,,0.888788,415.06,467
1723191,Elizabethtown,Exempt,https://www.ihda.org/wp-content/uploads/2023/12/2023-AHPAA-Statewide-Affordability-List.pdf,2023,,0.901432,183.89,204
1723256,Elk Grove Village,Exempt,https://www.ihda.org/wp-content/uploads/2023/12/2023-AHPAA-Statewide-Affordability-List.pdf,2023,,0.307538,3883.28,12627
1723269,Elkhart,Exempt,https://www.ihda.org/wp-content/uploads/2023/12/2023-AHPAA-Statewide-Affordability-List.pdf,2023,,0.861298,192.93,224
1723373,Elkville,Exempt,https://www.ihda.org/wp-content/uploads/2023/12/2023-AHPAA-Statewide-Affordability-List.pdf,2023,,0.780067,264.44,339
1723425,Elliott,Exempt,https://www.ihda.org/wp-content/uploads/2023/12/2023-AHPAA-Statewide-Affordability-List.pdf,2023,,0.814422,105.06,129
1723503,Ellis Grove,Exempt,https://www.ihda.org/wp-content/uploads/2023/12/2023-AHPAA-Statewide-Affordability-List.pdf,2023,,0.882553,108.55,123
1723529,Ellisville,Exempt,https://www.ihda.org/wp-content/uploads/2023/12/2023-AHPAA-Statewide-Affordability-List.pdf,2023,,0.949972,41.80,44
1723555,Ellsworth,Exempt,https://www.ihda.org/wp-content/uploads/2023/12/2023-AHPAA-Statewide-Affordability-List.pdf,2023,,0.988235,84.00,85
1723620,Elmhurst,Non-Exempt,https://www.ihda.org/wp-content/uploads/2023/12/2023-AHPAA-Statewide-Affordability-List.pdf,2023,,0.094047,1549.51,16476
1723698,Elmwood,Exempt,https://www.ihda.org/wp-content/uploads/2023/12/2023-AHPAA-Statewide-Affordability-List.pdf,2023,,0.819635,718.82,877
1723724,Elmwood Park,Exempt,https://www.ihda.org/wp-content/uploads/2023/12/2023-AHPAA-Statewide-Affordability-List.pdf,2023,,0.408735,3773.44,9232
1723737,El Paso,Exempt,https://www.ihda.org/wp-content/uploads/2023/12/2023-AHPAA-Statewide-Affordability-List.pdf,2023,,0.861539,864.12,1003
1723776,Elsah,Exempt,https://www.ihda.org/wp-content/uploads/2023/12/2023-AHPAA-Statewide-Affordability-List.pdf,2023,,0.527586,25.85,49
1723841,Elvaston,Exempt,https://www.ihda.org/wp-content/uploads/2023/12/2023-AHPAA-Statewide-Affordability-List.pdf,2023,,0.847163,67.77,80
1723945,Elwood,Exempt,https://www.ihda.org/wp-content/uploads/2023/12/2023-AHPAA-Statewide-Affordability-List.pdf,2023,,0.885405,842.02,951
1723971,Emden,Exempt,https://www.ihda.org/wp-content/uploads/2023/12/2023-AHPAA-Statewide-Affordability-List.pdf,2023,,0.905151,180.12,199
1724062,Emington,Exempt,https://www.ihda.org/wp-content/uploads/2023/12/2023-AHPAA-Statewide-Affordability-List.pdf,2023,,0.947437,32.21,34
1724166,Energy,Exempt,https://www.ihda.org/wp-content/uploads/2023/12/2023-AHPAA-Statewide-Affordability-List.pdf,2023,,0.732423,372.80,509
1724179,Enfield,Exempt,https://www.ihda.org/wp-content/uploads/2023/12/2023-AHPAA-Statewide-Affordability-List.pdf,2023,,0.908945,221.78,244
1724348,Equality,Exempt,https://www.ihda.org/wp-content/uploads/2023/12/2023-AHPAA-Statewide-Affordability-List.pdf,2023,,0.911450,174.09,191
1724374,Erie,Exempt,https://www.ihda.org/wp-content/uploads/2023/12/2023-AHPAA-Statewide-Affordability-List.pdf,2023,,0.790601,626.16,792
1724452,Essex,Exempt,https://www.ihda.org/wp-content/uploads/2023/12/2023-AHPAA-Statewide-Affordability-List.pdf,2023,,0.537403,183.79,342
1724543,Eureka,Exempt,https://www.ihda.org/wp-content/uploads/2023/12/2023-AHPAA-Statewide-Affordability-List.pdf,2023,,0.736948,1629.39,2211
1724582,Evanston,Exempt,https://www.ihda.org/wp-content/uploads/2023/12/2023-AHPAA-Statewide-Affordability-List.pdf,2023,,0.197443,5973.83,30256
1724608,Evansville,Exempt,https://www.ihda.org/wp-content/uploads/2023/12/2023-AHPAA-Statewide-Affordability-List.pdf,2023,,0.915949,272.04,297
1724634,Evergreen Park,Exempt,https://www.ihda.org/wp-content/uploads/2023/12/2023-AHPAA-Statewide-Affordability-List.pdf,2023,,0.616477,4620.50,7495
1724673,Ewing,Exempt,https://www.ihda.org/wp-content/uploads/2023/12/2023-AHPAA-Statewide-Affordability-List.pdf,2023,,0.748606,119.78,160
1724699,Exeter,Exempt,https://www.ihda.org/wp-content/uploads/2023/12/2023-AHPAA-Statewide-Affordability-List.pdf,2023,,0.817775,24.53,30
1724764,Fairbury,Exempt,https://www.ihda.org/wp-content/uploads/2023/12/2023-AHPAA-Statewide-Affordability-List.pdf,2023,,0.838492,1342.42,1601
1724816,Fairfield,Exempt,https://www.ihda.org/wp-content/uploads/2023/12/2023-AHPAA-Statewide-Affordability-List.pdf,2023,,0.829240,1934.62,2333
1724933,Fairmont City,Exempt,https://www.ihda.org/wp-content/uploads/2023/12/2023-AHPAA-Statewide-Affordability-List.pdf,2023,,0.952812,741.29,778
1724985,Fairmount,Exempt,https://www.ihda.org/wp-content/uploads/2023/12/2023-AHPAA-Statewide-Affordability-List.pdf,2023,,0.904965,219.91,243
1725063,Fairview,Exempt,https://www.ihda.org/wp-content/uploads/2023/12/2023-AHPAA-Statewide-Affordability-List.pdf,2023,,0.964711,181.37,188
1725141,Fairview Heights,Exempt,https://www.ihda.org/wp-content/uploads/2023/12/2023-AHPAA-Statewide-Affordability-List.pdf,2023,,0.760225,5368.71,7062
1725375,Farina,Exempt,https://www.ihda.org/wp-content/uploads/2023/12/2023-AHPAA-Statewide-Affordability-List.pdf,2023,,0.833116,196.62,236
1725414,Farmer City,Exempt,https://www.ihda.org/wp-content/uploads/2023/12/2023-AHPAA-Statewide-Affordability-List.pdf,2023,,0.870069,686.48,789
1725440,Farmersville,Exempt,https://www.ihda.org/wp-content/uploads/2023/12/2023-AHPAA-Statewide-Affordability-List.pdf,2023,,0.819793,244.30,298
1725531,Farmington,Exempt,https://www.ihda.org/wp-content/uploads/2023/12/2023-AHPAA-Statewide-Affordability-List.pdf,2023,,0.847211,757.41,894
1725713,Fayetteville,Exempt,https://www.ihda.org/wp-content/uploads/2023/12/2023-AHPAA-Statewide-Affordability-List.pdf,2023,,0.919225,135.13,147
1725895,Ferris,Exempt,https://www.ihda.org/wp-content/uploads/2023/12/2023-AHPAA-Statewide-Affordability-List.pdf,2023,,0.964005,46.27,48
1725960,Fidelity,Exempt,https://www.ihda.org/wp-content/uploads/2023/12/2023-AHPAA-Statewide-Affordability-List.pdf,2023,,0.834373,27.53,33
1726012,Fieldon,Exempt,https://www.ihda.org/wp-content/uploads/2023/12/2023-AHPAA-Statewide-Affordability-List.pdf,2023,,0.963542,87.68,91
1726077,Fillmore,Exempt,https://www.ihda.org/wp-content/uploads/2023/12/2023-AHPAA-Statewide-Affordability-List.pdf,2023,,0.927756,117.82,127
1726116,Findlay,Exempt,https://www.ihda.org/wp-content/uploads/2023/12/2023-AHPAA-Statewide-Affordability-List.pdf,2023,,0.926532,282.59,305
1726194,Fisher,Exempt,https://www.ihda.org/wp-content/uploads/2023/12/2023-AHPAA-Statewide-Affordability-List.pdf,2023,,0.788375,525.85,667
1726233,Fithian,Exempt,https://www.ihda.org/wp-content/uploads/2023/12/2023-AHPAA-Statewide-Affordability-List.pdf,2023,,0.835865,193.08,231
1726311,Flanagan,Exempt,https://www.ihda.org/wp-content/uploads/2023/12/2023-AHPAA-Statewide-Affordability-List.pdf,2023,,0.931210,349.20,375
1726350,Flat Rock,Exempt,https://www.ihda.org/wp-content/uploads/2023/12/2023-AHPAA-Statewide-Affordability-List.pdf,2023,,0.919066,156.24,170
1726454,Flora,Exempt,https://www.ihda.org/wp-content/uploads/2023/12/2023-AHPAA-Statewide-Affordability-List.pdf,2023,,0.823752,1765.30,2143
1726480,Florence,Exempt,https://www.ihda.org/wp-content/uploads/2023/12/2023-AHPAA-Statewide-Affordability-List.pdf,2023,,0.846154,11.00,13
1726571,Flossmoor,Exempt,https://www.ihda.org/wp-content/uploads/2023/12/2023-AHPAA-Statewide-Affordability-List.pdf,2023,,0.212752,748.68,3519
1726662,Foosland,Exempt,https://www.ihda.org/wp-content/uploads/2023/12/2023-AHPAA-Statewide-Affordability-List.pdf,2023,,0.837028,15.90,19
1726710,Ford Heights,Exempt,https://www.ihda.org/wp-content/uploads/2023/12/2023-AHPAA-Statewide-Affordability-List.pdf,2023,,0.849063,497.55,586
1726753,Forest City,Exempt,https://www.ihda.org/wp-content/uploads/2023/12/2023-AHPAA-Statewide-Affordability-List.pdf,2023,,0.862800,88.01,102
1726935,Forest Park,Exempt,https://www.ihda.org/wp-content/uploads/2023/12/2023-AHPAA-Statewide-Affordability-List.pdf,2023,,0.439281,3057.84,6961
1726987,Forest View,Exempt,https://www.ihda.org/wp-content/uploads/2023/12/2023-AHPAA-Statewide-Affordability-List.pdf,2023,,0.644548,229.46,356
1727026,Forrest,Exempt,https://www.ihda.org/wp-content/uploads/2023/12/2023-AHPAA-Statewide-Affordability-List.pdf,2023,,0.940500,428.87,456
1727065,Forreston,Exempt,https://www.ihda.org/wp-content/uploads/2023/12/2023-AHPAA-Statewide-Affordability-List.pdf,2023,,0.958752,511.97,534
1727091,Forsyth,Exempt,https://www.ihda.org/wp-content/uploads/2023/12/2023-AHPAA-Statewide-Affordability-List.pdf,2023,,0.235411,319.22,1356
1727442,Fox Lake,Exempt,https://www.ihda.org/wp-content/uploads/2023/12/2023-AHPAA-Statewide-Affordability-List.pdf,2023,,0.724051,3568.85,4929
1727533,Fox River Grove,Exempt,https://www.ihda.org/wp-content/uploads/2023/12/2023-AHPAA-Statewide-Affordability-List.pdf,2023,,0.352296,611.23,1735
1727624,Frankfort,Non-Exempt,https://www.ihda.org/wp-content/uploads/2023/12/2023-AHPAA-Statewide-Affordability-List.pdf,2023,,0.063424,406.23,6405
1727663,Franklin,Exempt,https://www.ihda.org/wp-content/uploads/2023/12/2023-AHPAA-Statewide-Affordability-List.pdf,2023,,0.825658,195.68,237
1727689,Franklin Grove,Exempt,https://www.ihda.org/wp-content/uploads/2023/12/2023-AHPAA-Statewide-Affordability-List.pdf,2023,,0.836181,335.31,401
1727702,Franklin Park,Exempt,https://www.ihda.org/wp-content/uploads/2023/12/2023-AHPAA-Statewide-Affordability-List.pdf,2023,,0.585500,3463.23,5915
1727806,Freeburg,Exempt,https://www.ihda.org/wp-content/uploads/2023/12/2023-AHPAA-Statewide-Affordability-List.pdf,2023,,0.599337,979.92,1635
1727858,Freeman Spur,Exempt,https://www.ihda.org/wp-content/uploads/2023/12/2023-AHPAA-Statewide-Affordability-List.pdf,2023,,0.922901,73.83,80
1727884,Freeport,Exempt,https://www.ihda.org/wp-content/uploads/2023/12/2023-AHPAA-Statewide-Affordability-List.pdf,2023,,0.800205,8664.62,10828
1728144,Fulton,Exempt,https://www.ihda.org/wp-content/uploads/2023/12/2023-AHPAA-Statewide-Affordability-List.pdf,2023,,0.821770,1336.20,1626
1728170,Fults,Exempt,https://www.ihda.org/wp-content/uploads/2023/12/2023-AHPAA-Statewide-Affordability-List.pdf,2023,,0.875000,7.00,8
1728261,Galatia,Exempt,https://www.ihda.org/wp-content/uploads/2023/12/2023-AHPAA-Statewide-Affordability-List.pdf,2023,,0.815829,317.36,389
1728300,Galena,Exempt,https://www.ihda.org/wp-content/uploads/2023/12/2023-AHPAA-Statewide-Affordability-List.pdf,2023,,0.696464,1177.02,1690
1728326,Galesburg,Exempt,https://www.ihda.org/wp-content/uploads/2023/12/2023-AHPAA-Statewide-Affordability-List.pdf,2023,,0.755506,9487.65,12558
1728430,Galva,Exempt,https://www.ihda.org/wp-content/uploads/2023/12/2023-AHPAA-Statewide-Affordability-List.pdf,2023,,0.935166,1009.04,1079
1728638,Gardner,Exempt,https://www.ihda.org/wp-content/uploads/2023/12/2023-AHPAA-Statewide-Affordability-List.pdf,2023,,0.928434,481.86,519
1728742,Garrett,Exempt,https://www.ihda.org/wp-content/uploads/2023/12/2023-AHPAA-Statewide-Affordability-List.pdf,2023,,0.974128,53.58,55
1728807,Gays,Exempt,https://www.ihda.org/wp-content/uploads/2023/12/2023-AHPAA-Statewide-Affordability-List.pdf,2023,,0.941749,75.34,80
1728846,Geneseo,Exempt,https://www.ihda.org/wp-content/uploads/2023/12/2023-AHPAA-Statewide-Affordability-List.pdf,2023,,0.713979,2161.93,3028
1728872,Geneva,Non-Exempt,https://www.ihda.org/wp-content/uploads/2023/12/2023-AHPAA-Statewide-Affordability-List.pdf,2023,,0.073277,583.58,7964
1728898,Genoa,Exempt,https://www.ihda.org/wp-content/uploads/2023/12/2023-AHPAA-Statewide-Affordability-List.pdf,2023,,0.835102,1655.17,1982
1728963,Georgetown,Exempt,https://www.ihda.org/wp-content/uploads/2023/12/2023-AHPAA-Statewide-Affordability-List.pdf,2023,,0.877795,1277.19,1455
1729041,Germantown,Exempt,https://www.ihda.org/wp-content/uploads/2023/12/2023-AHPAA-Statewide-Affordability-List.pdf,2023,,0.878139,481.22,548
1729080,Germantown Hills,Exempt,https://www.ihda.org/wp-content/uploads/2023/12/2023-AHPAA-Statewide-Affordability-List.pdf,2023,,0.202868,242.83,1197
1729093,German Valley,Exempt,https://www.ihda.org/wp-content/uploads/2023/12/2023-AHPAA-Statewide-Affordability-List.pdf,2023,,0.838211,165.13,197
1729125,Gibson City,Exempt,https://www.ihda.org/wp-content/uploads/2023/12/2023-AHPAA-Statewide-Affordability-List.pdf,2023,,0.807530,1291.24,1599
1729145,Gifford,Exempt,https://www.ihda.org/wp-content/uploads/2023/12/2023-AHPAA-Statewide-Affordability-List.pdf,2023,,0.790234,272.63,345
1729171,Gilberts,Exempt,https://www.ihda.org/wp-content/uploads/2023/12/2023-AHPAA-Statewide-Affordability-List.pdf,2023,,0.394118,1057.81,2684
1729236,Gillespie,Exempt,https://www.ihda.org/wp-content/uploads/2023/12/2023-AHPAA-Statewide-Affordability-List.pdf,2023,,0.954760,1215.41,1273
1729275,Gilman,Exempt,https://www.ihda.org/wp-content/uploads/2023/12/2023-AHPAA-Statewide-Affordability-List.pdf,2023,,0.870859,568.67,653
1729392,Girard,Exempt,https://www.ihda.org/wp-content/uploads/2023/12/2023-AHPAA-Statewide-Affordability-List.pdf,2023,,0.909145,578.22,636
1729431,Gladstone,Exempt,https://www.ihda.org/wp-content/uploads/2023/12/2023-AHPAA-Statewide-Affordability-List.pdf,2023,,0.985818,83.79,85
1729483,Glasford,Exempt,https://www.ihda.org/wp-content/uploads/2023/12/2023-AHPAA-Statewide-Affordability-List.pdf,2023,,0.910194,304.92,335
1729496,Glasgow,Exempt,https://www.ihda.org/wp-content/uploads/2023/12/2023-AHPAA-Statewide-Affordability-List.pdf,2023,,0.762875,38.91,51
1729639,Glen Carbon,Exempt,https://www.ihda.org/wp-content/uploads/2023/12/2023-AHPAA-Statewide-Affordability-List.pdf,2023,,0.437730,2424.59,5539
1729652,Glencoe,Non-Exempt,https://www.ihda.org/wp-content/uploads/2023/12/2023-AHPAA-Statewide-Affordability-List.pdf,2023,,0.027157,86.77,3195
1729730,Glendale Heights,Exempt,https://www.ihda.org/wp-content/uploads/2023/12/2023-AHPAA-Statewide-Affordability-List.pdf,2023,,0.531101,6051.89,11395
1729756,Glen Ellyn,Exempt,https://www.ihda.org/wp-content/uploads/2023/12/2023-AHPAA-Statewide-Affordability-List.pdf,2023,,0.165825,1821.75,10986
1729938,Glenview,Non-Exempt,https://www.ihda.org/wp-content/uploads/2023/12/2023-AHPAA-Statewide-Affordability-List.pdf,2023,,0.088292,1625.09,18406
1730029,Glenwood,Exempt,https://www.ihda.org/wp-content/uploads/2023/12/2023-AHPAA-Statewide-Affordability-List.pdf,2023,,0.838524,2528.15,3015
1730094,Godfrey,Exempt,https://www.ihda.org/wp-content/uploads/2023/12/2023-AHPAA-Statewide-Affordability-List.pdf,2023,,0.759059,5824.26,7673
1730120,Godley,Exempt,https://www.ihda.org/wp-content/uploads/2023/12/2023-AHPAA-Statewide-Affordability-List.pdf,2023,,0.887577,228.99,258
1730133,Golconda,Exempt,https://www.ihda.org/wp-content/uploads/2023/12/2023-AHPAA-Statewide-Affordability-List.pdf,2023,,0.935545,272.24,291
1730159,Golden,Exempt,https://www.ihda.org/wp-content/uploads/2023/12/2023-AHPAA-Statewide-Affordability-List.pdf,2023,,0.928799,289.79,312
1730250,Golden Gate,Exempt,https://www.ihda.org/wp-content/uploads/2023/12/2023-AHPAA-Statewide-Affordability-List.pdf,2023,,0.400000,26.00,65
1730328,Golf,Exempt,https://www.ihda.org/wp-content/uploads/2023/12/2023-AHPAA-Statewide-Affordability-List.pdf,2023,,0.006130,1.09,178
1730445,Goodfield,Exempt,https://www.ihda.org/wp-content/uploads/2023/12/2023-AHPAA-Statewide-Affordability-List.pdf,2023,,0.454788,161.45,355
1730458,Good Hope,Exempt,https://www.ihda.org/wp-content/uploads/2023/12/2023-AHPAA-Statewide-Affordability-List.pdf,2023,,0.861308,144.70,168
1730575,Goreville,Exempt,https://www.ihda.org/wp-content/uploads/2023/12/2023-AHPAA-Statewide-Affordability-List.pdf,2023,,0.772308,355.26,460
1730588,Gorham,Exempt,https://www.ihda.org/wp-content/uploads/2023/12/2023-AHPAA-Statewide-Affordability-List.pdf,2023,,0.832000,87.36,105
1730653,Grafton,Exempt,https://www.ihda.org/wp-content/uploads/2023/12/2023-AHPAA-Statewide-Affordability-List.pdf,2023,,0.536720,144.91,270
1730757,Grand Ridge,Exempt,https://www.ihda.org/wp-content/uploads/2023/12/2023-AHPAA-Statewide-Affordability-List.pdf,2023,,0.904993,214.48,237
1730770,Grand Tower,Exempt,https://www.ihda.org/wp-content/uploads/2023/12/2023-AHPAA-Statewide-Affordability-List.pdf,2023,,0.773068,180.90,234
1730835,Grandview,Exempt,https://www.ihda.org/wp-content/uploads/2023/12/2023-AHPAA-Statewide-Affordability-List.pdf,2023,,0.847817,540.91,638
1730926,Granite City,Exempt,https://www.ihda.org/wp-content/uploads/2023/12/2023-AHPAA-Statewide-Affordability-List.pdf,2023,,0.920319,10391.32,11291
1730978,Grantfork,Exempt,https://www.ihda.org/wp-content/uploads/2023/12/2023-AHPAA-Statewide-Affordability-List.pdf,2023,,0.762236,137.96,181
1730991,Grant Park,Exempt,https://www.ihda.org/wp-content/uploads/2023/12/2023-AHPAA-Statewide-Affordability-List.pdf,2023,,0.657678,327.52,498
1731017,Granville,Exempt,https://www.ihda.org/wp-content/uploads/2023/12/2023-AHPAA-Statewide-Affordability-List.pdf,2023,,0.938251,583.59,622
1731121,Grayslake,Exempt,https://www.ihda.org/wp-content/uploads/2023/12/2023-AHPAA-Statewide-Affordability-List.pdf,2023,,0.262769,2054.07,7817
1731165,Grayville,Exempt,https://www.ihda.org/wp-content/uploads/2023/12/2023-AHPAA-Statewide-Affordability-List.pdf,2023,,0.863254,572.34,663
1731368,Greenfield,Exempt,https://www.ihda.org/wp-content/uploads/2023/12/2023-AHPAA-Statewide-Affordability-List.pdf,2023,,0.846404,347.87,411
1731446,Green Oaks,Exempt,https://www.ihda.org/wp-content/uploads/2023/12/2023-AHPAA-Statewide-Affordability-List.pdf,2023,,0.185787,285.37,1536
1731524,Greenup,Exempt,https://www.ihda.org/wp-content/uploads/2023/12/2023-AHPAA-Statewide-Affordability-List.pdf,2023,,0.922258,724.89,786
1731563,Green Valley,Exempt,https://www.ihda.org/wp-content/uploads/2023/12/2023-AHPAA-Statewide-Affordability-List.pdf,2023,,0.923620,268.77,291
1731576,Greenview,Exempt,https://www.ihda.org/wp-content/uploads/2023/12/2023-AHPAA-Statewide-Affordability-List.pdf,2023,,0.925894,336.10,363
1731589,Greenville,Exempt,https://www.ihda.org/wp-content/uploads/2023/12/2023-AHPAA-Statewide-Affordability-List.pdf,2023,,0.930462,2033.06,2185
1731667,Greenwood,Exempt,https://www.ihda.org/wp-content/uploads/2023/12/2023-AHPAA-Statewide-Affordability-List.pdf,2023,,0.192290,31.54,164
1731732,Gridley,Exempt,https://www.ihda.org/wp-content/uploads/2023/12/2023-AHPAA-Statewide-Affordability-List.pdf,2023,,0.928845,498.79,537
1731771,Griggsville,Exempt,https://www.ihda.org/wp-content/uploads/2023/12/2023-AHPAA-Statewide-Affordability-List.pdf,2023,,0.867904,438.29,505
1731991,Gulfport,Exempt,https://www.ihda.org/wp-content/uploads/2023/12/2023-AHPAA-Statewide-Affordability-List.pdf,2023,,0.508428,13.73,27
1732018,Gurnee,Exempt,https://www.ihda.org/wp-content/uploads/2023/12/2023-AHPAA-Statewide-Affordability-List.pdf,2023,,0.322303,3748.38,11630
1732200,Hainesville,Exempt,https://www.ihda.org/wp-content/uploads/2023/12/2023-AHPAA-Statewide-Affordability-List.pdf,2023,,0.724539,967.26,1335
1732395,Hamburg,Exempt,https://www.ihda.org/wp-content/uploads/2023/12/2023-AHPAA-Statewide-Affordability-List.pdf,2023,,0.725000,29.00,40
1732408,Hamel,Exempt,https://www.ihda.org/wp-content/uploads/2023/12/2023-AHPAA-Statewide-Affordability-List.pdf,2023,,0.745725,268.46,360
1732434,Hamilton,Exempt,https://www.ihda.org/wp-content/uploads/2023/12/2023-AHPAA-Statewide-Affordability-List.pdf,2023,,0.839403,918.31,1094
1732499,Hammond,Exempt,https://www.ihda.org/wp-content/uploads/2023/12/2023-AHPAA-Statewide-Affordability-List.pdf,2023,,0.855482,200.18,234
1732525,Hampshire,Exempt,https://www.ihda.org/wp-content/uploads/2023/12/2023-AHPAA-Statewide-Affordability-List.pdf,2023,,0.275442,663.81,2410
1732564,Hampton,Exempt,https://www.ihda.org/wp-content/uploads/2023/12/2023-AHPAA-Statewide-Affordability-List.pdf,2023,,0.704247,587.34,834
1732616,Hanaford,Exempt,https://www.ihda.org/wp-content/uploads/2023/12/2023-AHPAA-Statewide-Affordability-List.pdf,2023,,0.883686,123.72,140
1732668,Hanna City,Exempt,https://www.ihda.org/wp-content/uploads/2023/12/2023-AHPAA-Statewide-Affordability-List.pdf,2023,,0.886715,622.47,702
1732707,Hanover,Exempt,https://www.ihda.org/wp-content/uploads/2023/12/2023-AHPAA-Statewide-Affordability-List.pdf,2023,,0.923451,341.68,370
1732746,Hanover Park,Exempt,https://www.ihda.org/wp-content/uploads/2023/12/2023-AHPAA-Statewide-Affordability-List.pdf,2023,,0.564676,6335.67,11220
1732850,Hardin,Exempt,https://www.ihda.org/wp-content/uploads/2023/12/2023-AHPAA-Statewide-Affordability-List.pdf,2023,,0.867798,190.05,219
1732967,Harmon,Exempt,https://www.ihda.org/wp-content/uploads/2023/12/2023-AHPAA-Statewide-Affordability-List.pdf,2023,,0.958736,33.56,35
1733136,Harrisburg,Exempt,https://www.ihda.org/wp-content/uploads/2023/12/2023-AHPAA-Statewide-Affordability-List.pdf,2023,,0.772352,2750.35,3561
1733227,Harristown,Exempt,https://www.ihda.org/wp-content/uploads/2023/12/2023-AHPAA-Statewide-Affordability-List.pdf,2023,,0.918356,472.03,514
1733279,Hartford,Exempt,https://www.ihda.org/wp-content/uploads/2023/12/2023-AHPAA-Statewide-Affordability-List.pdf,2023,,0.892223,691.47,775
1733318,Hartsburg,Exempt,https://www.ihda.org/wp-content/uploads/2023/12/2023-AHPAA-Statewide-Affordability-List.pdf,2023,,0.934206,172.83,185
1733331,Harvard,Exempt,https://www.ihda.org/wp-content/uploads/2023/12/2023-AHPAA-Statewide-Affordability-List.pdf,2023,,0.818392,2410.98,2946
1733357,Harvel,Exempt,https://www.ihda.org/wp-content/uploads/2023/12/2023-AHPAA-Statewide-Affordability-List.pdf,2023,,0.892004,70.47,79
1733383,Harvey,Exempt,https://www.ihda.org/wp-content/uploads/2023/12/2023-AHPAA-Statewide-Affordability-List.pdf,2023,,0.816309,6021.09,7376
1733435,Harwood Heights,Exempt,https://www.ihda.org/wp-content/uploads/2023/12/2023-AHPAA-Statewide-Affordability-List.pdf,2023,,0.397002,1400.62,3528
1733513,Havana,Exempt,https://www.ihda.org/wp-content/uploads/2023/12/2023-AHPAA-Statewide-Affordability-List.pdf,2023,,0.851678,1246.01,1463
1733630,Hawthorn Woods,Non-Exempt,https://www.ihda.org/wp-content/uploads/2023/12/2023-AHPAA-Statewide-Affordability-List.pdf,2023,,0.028259,81.02,2867
1733695,Hazel Crest,Exempt,https://www.ihda.org/wp-content/uploads/2023/12/2023-AHPAA-Statewide-Affordability-List.pdf,2023,,0.724571,3419.25,4719
1733851,Hebron,Exempt,https://www.ihda.org/wp-content/uploads/2023/12/2023-AHPAA-Statewide-Affordability-List.pdf,2023,,0.801260,430.28,537
1733877,Hecker,Exempt,https://www.ihda.org/wp-content/uploads/2023/12/2023-AHPAA-Statewide-Affordability-List.pdf,2023,,0.974288,222.14,228
1734007,Henderson,Exempt,https://www.ihda.org/wp-content/uploads/2023/12/2023-AHPAA-Statewide-Affordability-List.pdf,2023,,0.725453,71.09,98
1734098,Hennepin,Exempt,https://www.ihda.org/wp-content/uploads/2023/12/2023-AHPAA-Statewide-Affordability-List.pdf,2023,,0.896841,283.40,316
1734137,Henning,Exempt,https://www.ihda.org/wp-content/uploads/2023/12/2023-AHPAA-Statewide-Affordability-List.pdf,2023,,0.853196,78.49,92
1734163,Henry,Exempt,https://www.ihda.org/wp-content/uploads/2023/12/2023-AHPAA-Statewide-Affordability-List.pdf,2023,,0.906179,947.86,1046
1734332,Herrick,Exempt,https://www.ihda.org/wp-content/uploads/2023/12/2023-AHPAA-Statewide-Affordability-List.pdf,2023,,0.914333,150.87,165
1734358,Herrin,Exempt,https://www.ihda.org/wp-content/uploads/2023/12/2023-AHPAA-Statewide-Affordability-List.pdf,2023,,0.728479,3889.35,5339
1734384,Herscher,Exempt,https://www.ihda.org/wp-content/uploads/2023/12/2023-AHPAA-Statewide-Affordability-List.pdf,2023,,0.795042,409.45,515
1734423,Hettick,Exempt,https://www.ihda.org/wp-content/uploads/2023/12/2023-AHPAA-Statewide-Affordability-List.pdf,2023,,0.985075,66.00,67
1734449,Heyworth,Exempt,https://www.ihda.org/wp-content/uploads/2023/12/2023-AHPAA-Statewide-Affordability-List.pdf,2023,,0.748107,754.09,1008
1734514,Hickory Hills,Exempt,https://www.ihda.org/wp-content/uploads/2023/12/2023-AHPAA-Statewide-Affordability-List.pdf,2023,,0.509999,2601.51,5101
1734553,Hidalgo,Exempt,https://www.ihda.org/wp-content/uploads/2023/12/2023-AHPAA-Statewide-Affordability-List.pdf,2023,,0.868421,33.00,38
1734670,Highland,Exempt,https://www.ihda.org/wp-content/uploads/2023/12/2023-AHPAA-Statewide-Affordability-List.pdf,2023,,0.800156,3643.11,4553
1734722,Highland Park,Non-Exempt,https://www.ihda.org/wp-content/uploads/2023/12/2023-AHPAA-Statewide-Affordability-List.pdf,2023,,0.063423,766.09,12079
1734865,Highwood,Exempt,https://www.ihda.org/wp-content/uploads/2023/12/2023-AHPAA-Statewide-Affordability-List.pdf,2023,,0.191675,378.37,1974
1734982,Hillcrest,Exempt,https://www.ihda.org/wp-content/uploads/2023/12/2023-AHPAA-Statewide-Affordability-List.pdf,2023,,0.837605,438.91,524
1735047,Hillsboro,Exempt,https://www.ihda.org/wp-content/uploads/2023/12/2023-AHPAA-Statewide-Affordability-List.pdf,2023,,0.825324,1478.16,1791
1735073,Hillsdale,Exempt,https://www.ihda.org/wp-content/uploads/2023/12/2023-AHPAA-Statewide-Affordability-List.pdf,2023,,0.944973,160.65,170
1735086,Hillside,Exempt,https://www.ihda.org/wp-content/uploads/2023/12/2023-AHPAA-Statewide-Affordability-List.pdf,2023,,0.617369,1844.08,2987
1735203,Hillview,Exempt,https://www.ihda.org/wp-content/uploads/2023/12/2023-AHPAA-Statewide-Affordability-List.pdf,2023,,0.947544,39.80,42
1735268,Hinckley,Exempt,https://www.ihda.org/wp-content/uploads/2023/12/2023-AHPAA-Statewide-Affordability-List.pdf,2023,,0.571606,513.30,898
1735281,Hindsboro,Exempt,https://www.ihda.org/wp-content/uploads/2023/12/2023-AHPAA-Statewide-Affordability-List.pdf,2023,,0.946998,151.52,160
1735307,Hinsdale,Non-Exempt,https://www.ihda.org/wp-content/uploads/2023/12/2023-AHPAA-Statewide-Affordability-List.pdf,2023,,0.036527,208.20,5700
1735385,Hodgkins,Exempt,https://www.ihda.org/wp-content/uploads/2023/12/2023-AHPAA-Statewide-Affordability-List.pdf,2023,,0.814131,571.52,702
1735398,Hoffman,Exempt,https://www.ihda.org/wp-content/uploads/2023/12/2023-AHPAA-Statewide-Affordability-List.pdf,2023,,0.998129,239.55,240
1735411,Hoffman Estates,Exempt,https://www.ihda.org/wp-content/uploads/2023/12/2023-AHPAA-Statewide-Affordability-List.pdf,2023,,0.265262,4894.08,18450
1735515,Holiday Hills,Exempt,https://www.ihda.org/wp-content/uploads/2023/12/2023-AHPAA-Statewide-Affordability-List.pdf,2023,,0.782207,208.07,266
1735671,Hollowayville,Exempt,https://www.ihda.org/wp-content/uploads/2023/12/2023-AHPAA-Statewide-Affordability-List.pdf,2023,,0.980201,21.56,22
1735814,Homer,Exempt,https://www.ihda.org/wp-content/uploads/2023/12/2023-AHPAA-Statewide-Affordability-List.pdf,2023,,0.855791,411.64,481
1735835,Homer Glen,Non-Exempt,https://www.ihda.org/wp-content/uploads/2023/12/2023-AHPAA-Statewide-Affordability-List.pdf,2023,,0.073869,594.94,8054
1735866,Hometown,Exempt,https://www.ihda.org/wp-content/uploads/2023/12/2023-AHPAA-Statewide-Affordability-List.pdf,2023,,0.885688,1678.38,1895
1735879,Homewood,Exempt,https://www.ihda.org/wp-content/uploads/2023/12/2023-AHPAA-Statewide-Affordability-List.pdf,2023,,0.706252,5135.86,7272
1736061,Hoopeston,Exempt,https://www.ihda.org/wp-content/uploads/2023/12/2023-AHPAA-Statewide-Affordability-List.pdf,2023,,0.781595,1620.25,2073
1736074,Hooppole,Exempt,https://www.ihda.org/wp-content/uploads/2023/12/2023-AHPAA-Statewide-Affordability-List.pdf,2023,,0.993573,78.49,79
1736126,Hopedale,Exempt,https://www.ihda.org/wp-content/uploads/2023/12/2023-AHPAA-Statewide-Affordability-List.pdf,2023,,0.790785,268.87,340
1736150,Hopewell,Exempt,https://www.ihda.org/wp-content/uploads/2023/12/2023-AHPAA-Statewide-Affordability-List.pdf,2023,,0.804465,156.07,194
1736190,Hopkins Park,Exempt,https://www.ihda.org/wp-content/uploads/2023/12/2023-AHPAA-Statewide-Affordability-List.pdf,2023,,0.855596,222.46,260
1736347,Hoyleton,Exempt,https://www.ihda.org/wp-content/uploads/2023/12/2023-AHPAA-Statewide-Affordability-List.pdf,2023,,0.929963,139.49,150
1736438,Hudson,Exempt,https://www.ihda.org/wp-content/uploads/2023/12/2023-AHPAA-Statewide-Affordability-List.pdf,2023,,0.739088,492.97,667
1736477,Huey,Exempt,https://www.ihda.org/wp-content/uploads/2023/12/2023-AHPAA-Statewide-Affordability-List.pdf,2023,,0.982482,51.09,52
1736516,Hull,Exempt,https://www.ihda.org/wp-content/uploads/2023/12/2023-AHPAA-Statewide-Affordability-List.pdf,2023,,0.923098,186.47,202
1736542,Humboldt,Exempt,https://www.ihda.org/wp-content/uploads/2023/12/2023-AHPAA-Statewide-Affordability-List.pdf,2023,,0.845985,164.12,194
1736568,Hume,Exempt,https://www.ihda.org/wp-content/uploads/2023/12/2023-AHPAA-Statewide-Affordability-List.pdf,2023,,0.806271,152.39,189
1736750,Huntley,Exempt,https://www.ihda.org/wp-content/uploads/2023/12/2023-AHPAA-Statewide-Affordability-List.pdf,2023,,0.328135,3836.22,11691
1736815,Hurst,Exempt,https://www.ihda.org/wp-content/uploads/2023/12/2023-AHPAA-Statewide-Affordability-List.pdf,2023,,0.769710,284.79,370
1736841,Hutsonville,Exempt,https://www.ihda.org/wp-content/uploads/2023/12/2023-AHPAA-Statewide-Affordability-List.pdf,2023,,0.805092,205.30,255
1737127,Illiopolis,Exempt,https://www.ihda.org/wp-content/uploads/2023/12/2023-AHPAA-Statewide-Affordability-List.pdf,2023,,0.890448,318.78,358
1737179,Ina,Exempt,https://www.ihda.org/wp-content/uploads/2023/12/2023-AHPAA-Statewide-Affordability-List.pdf,2023,,0.909896,171.06,188
1737218,Indian Creek,Exempt,https://www.ihda.org/wp-content/uploads/2023/12/2023-AHPAA-Statewide-Affordability-List.pdf,2023,,0.034024,7.86,231
1737257,Indian Head Park,Exempt,https://www.ihda.org/wp-content/uploads/2023/12/2023-AHPAA-Statewide-Affordability-List.pdf,2023,,0.479636,842.72,1757
1737348,Indianola,Exempt,https://www.ihda.org/wp-content/uploads/2023/12/2023-AHPAA-Statewide-Affordability-List.pdf,2023,,0.956965,75.60,79
1737439,Industry,Exempt,https://www.ihda.org/wp-content/uploads/2023/12/2023-AHPAA-Statewide-Affordability-List.pdf,2023,,0.824626,166.57,202
1737608,Inverness,Non-Exempt,https://www.ihda.org/wp-content/uploads/2023/12/2023-AHPAA-Statewide-Affordability-List.pdf,2023,,0.014356,39.74,2768
1737621,Iola,Exempt,https://www.ihda.org/wp-content/uploads/2023/12/2023-AHPAA-Statewide-Affordability-List.pdf,2023,,0.801567,21.64,27
1737647,Ipava,Exempt,https://www.ihda.org/wp-content/uploads/2023/12/2023-AHPAA-Statewide-Affordability-List.pdf,2023,,0.913641,193.69,212
1737712,Iroquois,Exempt,https://www.ihda.org/wp-content/uploads/2023/12/2023-AHPAA-Statewide-Affordability-List.pdf,2023,,0.908732,86.33,95
1737738,Irving,Exempt,https://www.ihda.org/wp-content/uploads/2023/12/2023-AHPAA-Statewide-Affordability-List.pdf,2023,,0.912883,119.59,131
1737777,Irvington,Exempt,https://www.ihda.org/wp-content/uploads/2023/12/2023-AHPAA-Statewide-Affordability-List.pdf,2023,,0.957443,276.70,289
1737803,Irwin,Exempt,https://www.ihda.org/wp-content/uploads/2023/12/2023-AHPAA-Statewide-Affordability-List.pdf,2023,,0.948088,15.17,16
1737894,Island Lake,Exempt,https://www.ihda.org/wp-content/uploads/2023/12/2023-AHPAA-Statewide-Affordability-List.pdf,2023,,0.580453,1743.68,3004
1737907,Itasca,Exempt,https://www.ihda.org/wp-content/uploads/2023/12/2023-AHPAA-Statewide-Affordability-List.pdf,2023,,0.168070,654.80,3896
1737933,Iuka,Exempt,https://www.ihda.org/wp-content/uploads/2023/12/2023-AHPAA-Statewide-Affordability-List.pdf,2023,,0.954051,161.23,169
1737998,Ivesdale,Exempt,https://www.ihda.org/wp-content/uploads/2023/12/2023-AHPAA-Statewide-Affordability-List.pdf,2023,,0.982014,98.20,100
1738115,Jacksonville,Exempt,https://www.ihda.org/wp-content/uploads/2023/12/2023-AHPAA-Statewide-Affordability-List.pdf,2023,,0.811767,5629.60,6935
1738323,Jeffersonville,Exempt,https://www.ihda.org/wp-content/uploads/2023/12/2023-AHPAA-Statewide-Affordability-List.pdf,2023,,0.803096,101.99,127
1738349,Jeisyville,Exempt,https://www.ihda.org/wp-content/uploads/2023/12/2023-AHPAA-Statewide-Affordability-List.pdf,2023,,1.000000,39.00,39
1738375,Jerome,Exempt,https://www.ihda.org/wp-content/uploads/2023/12/2023-AHPAA-Statewide-Affordability-List.pdf,2023,,0.893761,899.12,1006
1738414,Jerseyville,Exempt,https://www.ihda.org/wp-content/uploads/2023/12/2023-AHPAA-Statewide-Affordability-List.pdf,2023,,0.913132,2701.04,2958
1738427,Jewett,Exempt,https://www.ihda.org/wp-content/uploads/2023/12/2023-AHPAA-Statewide-Affordability-List.pdf,2023,,0.978291,98.81,101
1738479,Johnsburg,Exempt,https://www.ihda.org/wp-content/uploads/2023/12/2023-AHPAA-Statewide-Affordability-List.pdf,2023,,0.308287,662.82,2150
1738531,Johnsonville,Exempt,https://www.ihda.org/wp-content/uploads/2023/12/2023-AHPAA-Statewide-Affordability-List.pdf,2023,,0.780548,14.83,19
1738544,Johnston City,Exempt,https://www.ihda.org/wp-content/uploads/2023/12/2023-AHPAA-Statewide-Affordability-List.pdf,2023,,0.891526,1177.71,1321
1738570,Joliet,Exempt,https://www.ihda.org/wp-content/uploads/2023/12/2023-AHPAA-Statewide-Affordability-List.pdf,2023,,0.686319,34016.05,49563
1738635,Jonesboro,Exempt,https://www.ihda.org/wp-content/uploads/2023/12/2023-AHPAA-Statewide-Affordability-List.pdf,2023,,0.857509,596.83,696
1738674,Joppa,Exempt,https://www.ihda.org/wp-content/uploads/2023/12/2023-AHPAA-Statewide-Affordability-List.pdf,2023,,0.851201,75.76,89
1738739,Joy,Exempt,https://www.ihda.org/wp-content/uploads/2023/12/2023-AHPAA-Statewide-Affordability-List.pdf,2023,,0.917235,126.58,138
1738778,Junction,Exempt,https://www.ihda.org/wp-content/uploads/2023/12/2023-AHPAA-Statewide-Affordability-List.pdf,2023,,0.640618,18.58,29
1738791,Junction City,Exempt,https://www.ihda.org/wp-content/uploads/2023/12/2023-AHPAA-Statewide-Affordability-List.pdf,2023,,0.854914,194.92,228
1738830,Justice,Exempt,https://www.ihda.org/wp-content/uploads/2023/12/2023-AHPAA-Statewide-Affordability-List.pdf,2023,,0.658011,3043.96,4626
1738856,Kampsville,Exempt,https://www.ihda.org/wp-content/uploads/2023/12/2023-AHPAA-Statewide-Affordability-List.pdf,2023,,0.973477,85.67,88
1738869,Kane,Exempt,https://www.ihda.org/wp-content/uploads/2023/12/2023-AHPAA-Statewide-Affordability-List.pdf,2023,,0.935850,84.23,90
1738895,Kaneville,Exempt,https://www.ihda.org/wp-content/uploads/2023/12/2023-AHPAA-Statewide-Affordability-List.pdf,2023,,0.514089,122.35,238
1738921,Kangley,Exempt,https://www.ihda.org/wp-content/uploads/2023/12/2023-AHPAA-Statewide-Affordability-List.pdf,2023,,0.936174,103.92,111
1738934,Kankakee,Exempt,https://www.ihda.org/wp-content/uploads/2023/12/2023-AHPAA-Statewide-Affordability-List.pdf,2023,,0.716291,6738.86,9408
1738986,Kansas,Exempt,https://www.ihda.org/wp-content/uploads/2023/12/2023-AHPAA-Statewide-Affordability-List.pdf,2023,,0.914081,318.10,348
1739038,Kappa,Exempt,https://www.ihda.org/wp-content/uploads/2023/12/2023-AHPAA-Statewide-Affordability-List.pdf,2023,,0.633275,55.73,88
1739077,Karnak,Exempt,https://www.ihda.org/wp-content/uploads/2023/12/2023-AHPAA-Statewide-Affordability-List.pdf,2023,,0.843083,114.66,136
1739129,Kaskaskia,Exempt,https://www.ihda.org/wp-content/uploads/2023/12/2023-AHPAA-Statewide-Affordability-List.pdf,2023,,1.000000,6.00,6
1739233,Keenes,Exempt,https://www.ihda.org/wp-content/uploads/2023/12/2023-AHPAA-Statewide-Affordability-List.pdf,2023,,1.000000,33.00,33
1739259,Keensburg,Exempt,https://www.ihda.org/wp-content/uploads/2023/12/2023-AHPAA-Statewide-Affordability-List.pdf,2023,,0.886920,59.42,67
1739298,Keithsburg,Exempt,https://www.ihda.org/wp-content/uploads/2023/12/2023-AHPAA-Statewide-Affordability-List.pdf,2023,,0.973607,266.77,274
1739324,Kell,Exempt,https://www.ihda.org/wp-content/uploads/2023/12/2023-AHPAA-Statewide-Affordability-List.pdf,2023,,0.900277,51.32,57
1739441,Kempton,Exempt,https://www.ihda.org/wp-content/uploads/2023/12/2023-AHPAA-Statewide-Affordability-List.pdf,2023,,0.892639,108.90,122
1739519,Kenilworth,Non-Exempt,https://www.ihda.org/wp-content/uploads/2023/12/2023-AHPAA-Statewide-Affordability-List.pdf,2023,,0.015654,11.82,755
1739532,Kenney,Exempt,https://www.ihda.org/wp-content/uploads/2023/12/2023-AHPAA-Statewide-Affordability-List.pdf,2023,,0.942077,228.92,243
1739727,Kewanee,Exempt,https://www.ihda.org/wp-content/uploads/2023/12/2023-AHPAA-Statewide-Affordability-List.pdf,2023,,0.907869,4548.42,5010
1739753,Keyesport,Exempt,https://www.ihda.org/wp-content/uploads/2023/12/2023-AHPAA-Statewide-Affordability-List.pdf,2023,,0.953207,198.27,208
1739857,Kilbourne,Exempt,https://www.ihda.org/wp-content/uploads/2023/12/2023-AHPAA-Statewide-Affordability-List.pdf,2023,,0.828522,120.14,145
1739883,Kildeer,Non-Exempt,https://www.ihda.org/wp-content/uploads/2023/12/2023-AHPAA-Statewide-Affordability-List.pdf,2023,,0.003797,5.00,1317
1739909,Kincaid,Exempt,https://www.ihda.org/wp-content/uploads/2023/12/2023-AHPAA-Statewide-Affordability-List.pdf,2023,,0.808986,452.22,559
1739922,Kinderhook,Exempt,https://www.ihda.org/wp-content/uploads/2023/12/2023-AHPAA-Statewide-Affordability-List.pdf,2023,,0.817681,83.40,102
1740065,Kingston,Exempt,https://www.ihda.org/wp-content/uploads/2023/12/2023-AHPAA-Statewide-Affordability-List.pdf,2023,,0.773874,388.48,502
1740091,Kingston Mines,Exempt,https://www.ihda.org/wp-content/uploads/2023/12/2023-AHPAA-Statewide-Affordability-List.pdf,2023,,0.922517,91.33,99
1740117,Kinmundy,Exempt,https://www.ihda.org/wp-content/uploads/2023/12/2023-AHPAA-Statewide-Affordability-List.pdf,2023,,0.915936,361.79,395
1740143,Kinsman,Exempt,https://www.ihda.org/wp-content/uploads/2023/12/2023-AHPAA-Statewide-Affordability-List.pdf,2023,,1.000000,28.00,28
1740156,Kirkland,Exempt,https://www.ihda.org/wp-content/uploads/2023/12/2023-AHPAA-Statewide-Affordability-List.pdf,2023,,0.806899,460.74,571
1740182,Kirkwood,Exempt,https://www.ihda.org/wp-content/uploads/2023/12/2023-AHPAA-Statewide-Affordability-List.pdf,2023,,0.900138,252.94,281
1740416,Knoxville,Exempt,https://www.ihda.org/wp-content/uploads/2023/12/2023-AHPAA-Statewide-Affordability-List.pdf,2023,,0.700665,837.30,1195
1740559,Lacon,Exempt,https://www.ihda.org/wp-content/uploads/2023/12/2023-AHPAA-Statewide-Affordability-List.pdf,2023,,0.868712,597.67,688
1740598,Ladd,Exempt,https://www.ihda.org/wp-content/uploads/2023/12/2023-AHPAA-Statewide-Affordability-List.pdf,2023,,0.844651,433.31,513
1740676,La Fayette,Exempt,https://www.ihda.org/wp-content/uploads/2023/12/2023-AHPAA-Statewide-Affordability-List.pdf,2023,,0.998407,74.88,75
1740767,La Grange,Exempt,https://www.ihda.org/wp-content/uploads/2023/12/2023-AHPAA-Statewide-Affordability-List.pdf,2023,,0.132200,754.20,5705
1740793,La Grange Park,Exempt,https://www.ihda.org/wp-content/uploads/2023/12/2023-AHPAA-Statewide-Affordability-List.pdf,2023,,0.135964,701.71,5161
1740832,La Harpe,Exempt,https://www.ihda.org/wp-content/uploads/2023/12/2023-AHPAA-Statewide-Affordability-List.pdf,2023,,0.975903,562.12,576
1740884,Lake Barrington,Exempt,https://www.ihda.org/wp-content/uploads/2023/12/2023-AHPAA-Statewide-Affordability-List.pdf,2023,,0.147711,363.22,2459
1740910,Lake Bluff,Non-Exempt,https://www.ihda.org/wp-content/uploads/2023/12/2023-AHPAA-Statewide-Affordability-List.pdf,2023,,0.029353,63.11,2150
1741105,Lake Forest,Non-Exempt,https://www.ihda.org/wp-content/uploads/2023/12/2023-AHPAA-Statewide-Affordability-List.pdf,2023,,0.058068,407.29,7014
1741183,Lake in the Hills,Exempt,https://www.ihda.org/wp-content/uploads/2023/12/2023-AHPAA-Statewide-Affordability-List.pdf,2023,,0.441318,4374.35,9912
1741214,Lake Ka-Ho,Exempt,https://www.ihda.org/wp-content/uploads/2023/12/2023-AHPAA-Statewide-Affordability-List.pdf,2023,,0.952756,121.00,127
1741326,Lakemoor,Exempt,https://www.ihda.org/wp-content/uploads/2023/12/2023-AHPAA-Statewide-Affordability-List.pdf,2023,,0.424163,950.97,2242
1741586,Lake Villa,Exempt,https://www.ihda.org/wp-content/uploads/2023/12/2023-AHPAA-Statewide-Affordability-List.pdf,2023,,0.157041,475.21,3026
1741651,Lakewood,Non-Exempt,https://www.ihda.org/wp-content/uploads/2023/12/2023-AHPAA-Statewide-Affordability-List.pdf,2023,,0.042914,63.77,1486
1741742,Lake Zurich,Exempt,https://www.ihda.org/wp-content/uploads/2023/12/2023-AHPAA-Statewide-Affordability-List.pdf,2023,,0.109703,779.44,7105
1741794,La Moille,Exempt,https://www.ihda.org/wp-content/uploads/2023/12/2023-AHPAA-Statewide-Affordability-List.pdf,2023,,0.877487,235.17,268
1741859,Lanark,Exempt,https://www.ihda.org/wp-content/uploads/2023/12/2023-AHPAA-Statewide-Affordability-List.pdf,2023,,0.903798,557.64,617
1742028,Lansing,Exempt,https://www.ihda.org/wp-content/uploads/2023/12/2023-AHPAA-Statewide-Affordability-List.pdf,2023,,0.816092,9079.84,11126
1742080,La Prairie,Exempt,https://www.ihda.org/wp-content/uploads/2023/12/2023-AHPAA-Statewide-Affordability-List.pdf,2023,,0.900000,27.00,30
1742171,La Rose,Exempt,https://www.ihda.org/wp-content/uploads/2023/12/2023-AHPAA-Statewide-Affordability-List.pdf,2023,,0.947142,53.99,57
1742184,LaSalle,Exempt,https://www.ihda.org/wp-content/uploads/2023/12/2023-AHPAA-Statewide-Affordability-List.pdf,2023,,0.790634,3230.53,4086
1742249,Latham,Exempt,https://www.ihda.org/wp-content/uploads/2023/12/2023-AHPAA-Statewide-Affordability-List.pdf,2023,,0.935529,176.82,189
1742405,Lawrenceville,Exempt,https://www.ihda.org/wp-content/uploads/2023/12/2023-AHPAA-Statewide-Affordability-List.pdf,2023,,0.796891,1362.68,1710
1742457,Leaf River,Exempt,https://www.ihda.org/wp-content/uploads/2023/12/2023-AHPAA-Statewide-Affordability-List.pdf,2023,,0.972571,208.13,214
1742496,Lebanon,Exempt,https://www.ihda.org/wp-content/uploads/2023/12/2023-AHPAA-Statewide-Affordability-List.pdf,2023,,0.781932,1298.01,1660
1742587,Lee,Exempt,https://www.ihda.org/wp-content/uploads/2023/12/2023-AHPAA-Statewide-Affordability-List.pdf,2023,,0.891419,96.27,108
1742756,Leland,Exempt,https://www.ihda.org/wp-content/uploads/2023/12/2023-AHPAA-Statewide-Affordability-List.pdf,2023,,0.755341,310.45,411
1742769,Leland Grove,Exempt,https://www.ihda.org/wp-content/uploads/2023/12/2023-AHPAA-Statewide-Affordability-List.pdf,2023,,0.357489,223.07,624
1742795,Lemont,Exempt,https://www.ihda.org/wp-content/uploads/2023/12/2023-AHPAA-Statewide-Affordability-List.pdf,2023,,0.112086,685.86,6119
1742834,Lena,Exempt,https://www.ihda.org/wp-content/uploads/2023/12/2023-AHPAA-Statewide-Affordability-List.pdf,2023,,0.769409,882.51,1147
1742860,Lenzburg,Exempt,https://www.ihda.org/wp-content/uploads/2023/12/2023-AHPAA-Statewide-Affordability-List.pdf,2023,,0.985345,165.54,168
1742912,Leonore,Exempt,https://www.ihda.org/wp-content/uploads/2023/12/2023-AHPAA-Statewide-Affordability-List.pdf,2023,,0.945922,60.54,64
1742938,Lerna,Exempt,https://www.ihda.org/wp-content/uploads/2023/12/2023-AHPAA-Statewide-Affordability-List.pdf,2023,,0.894049,97.45,109
1742971,Le Roy,Exempt,https://www.ihda.org/wp-content/uploads/2023/12/2023-AHPAA-Statewide-Affordability-List.pdf,2023,,0.925655,1226.49,1325
1743055,Lewistown,Exempt,https://www.ihda.org/wp-content/uploads/2023/12/2023-AHPAA-Statewide-Affordability-List.pdf,2023,,0.925260,719.85,778
1743094,Lexington,Exempt,https://www.ihda.org/wp-content/uploads/2023/12/2023-AHPAA-Statewide-Affordability-List.pdf,2023,,0.831658,674.47,811
1743133,Liberty,Exempt,https://www.ihda.org/wp-content/uploads/2023/12/2023-AHPAA-Statewide-Affordability-List.pdf,2023,,0.911848,143.16,157
1743250,Libertyville,Non-Exempt,https://www.ihda.org/wp-content/uploads/2023/12/2023-AHPAA-Statewide-Affordability-List.pdf,2023,,0.092603,690.63,7458
1743406,Lily Lake,Non-Exempt,https://www.ihda.org/wp-content/uploads/2023/12/2023-AHPAA-Statewide-Affordability-List.pdf,2023,,0.025337,10.29,406
1743445,Lima,Exempt,https://www.ihda.org/wp-content/uploads/2023/12/2023-AHPAA-Statewide-Affordability-List.pdf,2023,,0.939866,61.09,65
1743510,Limestone,Exempt,https://www.ihda.org/wp-content/uploads/2023/12/2023-AHPAA-Statewide-Affordability-List.pdf,2023,,0.614728,376.83,613
1743536,Lincoln,Exempt,https://www.ihda.org/wp-content/uploads/2023/12/2023-AHPAA-Statewide-Affordability-List.pdf,2023,,0.848246,4896.92,5773
1743666,Lincolnshire,Non-Exempt,https://www.ihda.org/wp-content/uploads/2023/12/2023-AHPAA-Statewide-Affordability-List.pdf,2023,,0.022101,71.81,3249
1743744,Lincolnwood,Non-Exempt,https://www.ihda.org/wp-content/uploads/2023/12/2023-AHPAA-Statewide-Affordability-List.pdf,2023,,0.066663,317.71,4766
1743770,Lindenhurst,Exempt,https://www.ihda.org/wp-content/uploads/2023/12/2023-AHPAA-Statewide-Affordability-List.pdf,2023,,0.304655,1492.20,4898
1743900,Lisbon,Exempt,https://www.ihda.org/wp-content/uploads/2023/12/2023-AHPAA-Statewide-Affordability-List.pdf,2023,,0.883255,89.21,101
1743939,Lisle,Exempt,https://www.ihda.org/wp-content/uploads/2023/12/2023-AHPAA-Statewide-Affordability-List.pdf,2023,,0.190742,1922.10,10077
1743965,Litchfield,Exempt,https://www.ihda.org/wp-content/uploads/2023/12/2023-AHPAA-Statewide-Affordability-List.pdf,2023,,0.849287,2635.34,3103
1744056,Littleton,Exempt,https://www.ihda.org/wp-content/uploads/2023/12/2023-AHPAA-Statewide-Affordability-List.pdf,2023,,0.989791,59.39,60
1744082,Little York,Exempt,https://www.ihda.org/wp-content/uploads/2023/12/2023-AHPAA-Statewide-Affordability-List.pdf,2023,,0.926502,141.75,153
1744121,Liverpool,Exempt,https://www.ihda.org/wp-content/uploads/2023/12/2023-AHPAA-Statewide-Affordability-List.pdf,2023,,0.721578,37.52,52
1744160,Livingston,Exempt,https://www.ihda.org/wp-content/uploads/2023/12/2023-AHPAA-Statewide-Affordability-List.pdf,2023,,0.947058,332.42,351
1744173,Loami,Exempt,https://www.ihda.org/wp-content/uploads/2023/12/2023-AHPAA-Statewide-Affordability-List.pdf,2023,,0.903970,273.90,303
1744225,Lockport,Exempt,https://www.ihda.org/wp-content/uploads/2023/12/2023-AHPAA-Statewide-Affordability-List.pdf,2023,,0.343182,3136.34,9139
1744264,Loda,Exempt,https://www.ihda.org/wp-content/uploads/2023/12/2023-AHPAA-Statewide-Affordability-List.pdf,2023,,0.881656,111.09,126
1744381,Lomax,Exempt,https://www.ihda.org/wp-content/uploads/2023/12/2023-AHPAA-Statewide-Affordability-List.pdf,2023,,0.898142,136.52,152
1744407,Lombard,Exempt,https://www.ihda.org/wp-content/uploads/2023/12/2023-AHPAA-Statewide-Affordability-List.pdf,2023,,0.335017,5765.98,17211
1744446,London Mills,Exempt,https://www.ihda.org/wp-content/uploads/2023/12/2023-AHPAA-Statewide-Affordability-List.pdf,2023,,0.930135,136.73,147
1744498,Long Creek,Exempt,https://www.ihda.org/wp-content/uploads/2023/12/2023-AHPAA-Statewide-Affordability-List.pdf,2023,,0.741876,374.65,505
1744524,Long Grove,Non-Exempt,https://www.ihda.org/wp-content/uploads/2023/12/2023-AHPAA-Statewide-Affordability-List.pdf,2023,,0.043412,106.32,2449
1744576,Long Point,Exempt,https://www.ihda.org/wp-content/uploads/2023/12/2023-AHPAA-Statewide-Affordability-List.pdf,2023,,0.985161,76.84,78
1744602,Longview,Exempt,https://www.ihda.org/wp-content/uploads/2023/12/2023-AHPAA-Statewide-Affordability-List.pdf,2023,,0.926216,44.46,48
1744719,Loraine,Exempt,https://www.ihda.org/wp-content/uploads/2023/12/2023-AHPAA-Statewide-Affordability-List.pdf,2023,,0.911093,149.42,164
1744823,Lostant,Exempt,https://www.ihda.org/wp-content/uploads/2023/12/2023-AHPAA-Statewide-Affordability-List.pdf,2023,,0.882170,162.32,184
1744927,Louisville,Exempt,https://www.ihda.org/wp-content/uploads/2023/12/2023-AHPAA-Statewide-Affordability-List.pdf,2023,,0.798317,396.76,497
1745031,Loves Park,Exempt,https://www.ihda.org/wp-content/uploads/2023/12/2023-AHPAA-Statewide-Affordability-List.pdf,2023,,0.726237,7142.55,9835
1745044,Lovington,Exempt,https://www.ihda.org/wp-content/uploads/2023/12/2023-AHPAA-Statewide-Affordability-List.pdf,2023,,0.960780,523.62,545
1745174,Ludlow,Exempt,https://www.ihda.org/wp-content/uploads/2023/12/2023-AHPAA-Statewide-Affordability-List.pdf,2023,,0.897022,116.61,130
1745278,Lyndon,Exempt,https://www.ihda.org/wp-content/uploads/2023/12/2023-AHPAA-Statewide-Affordability-List.pdf,2023,,0.817470,228.89,280
1745369,Lynnville,Exempt,https://www.ihda.org/wp-content/uploads/2023/12/2023-AHPAA-Statewide-Affordability-List.pdf,2023,,0.893538,39.32,44
1745421,Lynwood,Exempt,https://www.ihda.org/wp-content/uploads/2023/12/2023-AHPAA-Statewide-Affordability-List.pdf,2023,,0.748314,2246.44,3002
1745434,Lyons,Exempt,https://www.ihda.org/wp-content/uploads/2023/12/2023-AHPAA-Statewide-Affordability-List.pdf,2023,,0.690601,2705.78,3918
1745525,McClure,Exempt,https://www.ihda.org/wp-content/uploads/2023/12/2023-AHPAA-Statewide-Affordability-List.pdf,2023,,0.816214,71.83,88
1745564,McCook,Exempt,https://www.ihda.org/wp-content/uploads/2023/12/2023-AHPAA-Statewide-Affordability-List.pdf,2023,,0.263873,27.71,105
1745616,McCullom Lake,Exempt,https://www.ihda.org/wp-content/uploads/2023/12/2023-AHPAA-Statewide-Affordability-List.pdf,2023,,0.742393,302.15,407
1745642,Macedonia,Exempt,https://www.ihda.org/wp-content/uploads/2023/12/2023-AHPAA-Statewide-Affordability-List.pdf,2023,,0.600000,6.00,10
1745694,McHenry,Exempt,https://www.ihda.org/wp-content/uploads/2023/12/2023-AHPAA-Statewide-Affordability-List.pdf,2023,,0.582683,6420.00,11018
1745726,Machesney Park,Exempt,https://www.ihda.org/wp-content/uploads/2023/12/2023-AHPAA-Statewide-Affordability-List.pdf,2023,,0.767990,6649.25,8658
1745785,Mackinaw,Exempt,https://www.ihda.org/wp-content/uploads/2023/12/2023-AHPAA-Statewide-Affordability-List.pdf,2023,,0.829857,679.65,819
1745811,McLean,Exempt,https://www.ihda.org/wp-content/uploads/2023/12/2023-AHPAA-Statewide-Affordability-List.pdf,2023,,0.880640,239.53,272
1745824,McLeansboro,Exempt,https://www.ihda.org/wp-content/uploads/2023/12/2023-AHPAA-Statewide-Affordability-List.pdf,2023,,0.872159,1002.11,1149
1745850,McNabb,Exempt,https://www.ihda.org/wp-content/uploads/2023/12/2023-AHPAA-Statewide-Affordability-List.pdf,2023,,0.933835,84.05,90
1745889,Macomb,Exempt,https://www.ihda.org/wp-content/uploads/2023/12/2023-AHPAA-Statewide-Affordability-List.pdf,2023,,0.610900,3675.78,6017
1745941,Macon,Exempt,https://www.ihda.org/wp-content/uploads/2023/12/2023-AHPAA-Statewide-Affordability-List.pdf,2023,,0.830503,368.74,444
1745993,Madison,Exempt,https://www.ihda.org/wp-content/uploads/2023/12/2023-AHPAA-Statewide-Affordability-List.pdf,2023,,0.887251,1278.53,1441
1746058,Maeystown,Exempt,https://www.ihda.org/wp-content/uploads/2023/12/2023-AHPAA-Statewide-Affordability-List.pdf,2023,,0.775349,25.59,33
1746110,Magnolia,Exempt,https://www.ihda.org/wp-content/uploads/2023/12/2023-AHPAA-Statewide-Affordability-List.pdf,2023,,0.916516,100.82,110
1746136,Mahomet,Exempt,https://www.ihda.org/wp-content/uploads/2023/12/2023-AHPAA-Statewide-Affordability-List.pdf,2023,,0.190808,598.95,3139
1746214,Makanda,Exempt,https://www.ihda.org/wp-content/uploads/2023/12/2023-AHPAA-Statewide-Affordability-List.pdf,2023,,0.285846,58.31,204
1746240,Malden,Exempt,https://www.ihda.org/wp-content/uploads/2023/12/2023-AHPAA-Statewide-Affordability-List.pdf,2023,,0.902617,136.30,151
1746279,Malta,Exempt,https://www.ihda.org/wp-content/uploads/2023/12/2023-AHPAA-Statewide-Affordability-List.pdf,2023,,0.877628,439.69,501
1746331,Manchester,Exempt,https://www.ihda.org/wp-content/uploads/2023/12/2023-AHPAA-Statewide-Affordability-List.pdf,2023,,0.957765,84.28,88
1746357,Manhattan,Exempt,https://www.ihda.org/wp-content/uploads/2023/12/2023-AHPAA-Statewide-Affordability-List.pdf,2023,,0.377300,1160.57,3076
1746383,Manito,Exempt,https://www.ihda.org/wp-content/uploads/2023/12/2023-AHPAA-Statewide-Affordability-List.pdf,2023,,0.838591,600.43,716
1746422,Manlius,Exempt,https://www.ihda.org/wp-content/uploads/2023/12/2023-AHPAA-Statewide-Affordability-List.pdf,2023,,0.942741,104.64,111
1746487,Mansfield,Exempt,https://www.ihda.org/wp-content/uploads/2023/12/2023-AHPAA-Statewide-Affordability-List.pdf,2023,,0.891907,370.14,415
1746500,Manteno,Exempt,https://www.ihda.org/wp-content/uploads/2023/12/2023-AHPAA-Statewide-Affordability-List.pdf,2023,,0.432251,1588.95,3676
1746604,Maple Park,Exempt,https://www.ihda.org/wp-content/uploads/2023/12/2023-AHPAA-Statewide-Affordability-List.pdf,2023,,0.592619,337.20,569
1746643,Mapleton,Exempt,https://www.ihda.org/wp-content/uploads/2023/12/2023-AHPAA-Statewide-Affordability-List.pdf,2023,,0.901414,104.56,116
1746695,Maquon,Exempt,https://www.ihda.org/wp-content/uploads/2023/12/2023-AHPAA-Statewide-Affordability-List.pdf,2023,,0.915104,75.04,82
1746786,Marengo,Exempt,https://www.ihda.org/wp-content/uploads/2023/12/2023-AHPAA-Statewide-Affordability-List.pdf,2023,,0.860684,2491.68,2895
1746825,Marietta,Exempt,https://www.ihda.org/wp-content/uploads/2023/12/2023-AHPAA-Statewide-Affordability-List.pdf,2023,,0.944444,34.00,36
1746864,Marine,Exempt,https://www.ihda.org/wp-content/uploads/2023/12/2023-AHPAA-Statewide-Affordability-List.pdf,2023,,0.908670,407.08,448
1746916,Marion,Exempt,https://www.ihda.org/wp-content/uploads/2023/12/2023-AHPAA-Statewide-Affordability-List.pdf,2023,,0.614655,4913.56,7994
1746955,Marissa,Exempt,https://www.ihda.org/wp-content/uploads/2023/12/2023-AHPAA-Statewide-Affordability-List.pdf,2023,,0.931604,538.47,578
1746981,Mark,Exempt,https://www.ihda.org/wp-content/uploads/2023/12/2023-AHPAA-Statewide-Affordability-List.pdf,2023,,0.817123,178.13,218
1747007,Markham,Exempt,https://www.ihda.org/wp-content/uploads/2023/12/2023-AHPAA-Statewide-Affordability-List.pdf,2023,,0.760194,2742.02,3607
1747072,Maroa,Exempt,https://www.ihda.org/wp-content/uploads/2023/12/2023-AHPAA-Statewide-Affordability-List.pdf,2023,,0.792342,525.32,663
1747111,Marquette Heights,Exempt,https://www.ihda.org/wp-content/uploads/2023/12/2023-AHPAA-Statewide-Affordability-List.pdf,2023,,0.896483,1014.82,1132
1747150,Marseilles,Exempt,https://www.ihda.org/wp-content/uploads/2023/12/2023-AHPAA-Statewide-Affordability-List.pdf,2023,,0.764360,1377.38,1802
1747163,Marshall,Exempt,https://www.ihda.org/wp-content/uploads/2023/12/2023-AHPAA-Statewide-Affordability-List.pdf,2023,,0.890704,1465.21,1645
1747254,Martinsville,Exempt,https://www.ihda.org/wp-content/uploads/2023/12/2023-AHPAA-Statewide-Affordability-List.pdf,2023,,0.966752,490.14,507
1747280,Martinton,Exempt,https://www.ihda.org/wp-content/uploads/2023/12/2023-AHPAA-Statewide-Affordability-List.pdf,2023,,0.874684,112.83,129
1747397,Maryville,Exempt,https://www.ihda.org/wp-content/uploads/2023/12/2023-AHPAA-Statewide-Affordability-List.pdf,2023,,0.581900,1970.31,3386
1747423,Mascoutah,Exempt,https://www.ihda.org/wp-content/uploads/2023/12/2023-AHPAA-Statewide-Affordability-List.pdf,2023,,0.685414,2001.41,2920
1747449,Mason,Exempt,https://www.ihda.org/wp-content/uploads/2023/12/2023-AHPAA-Statewide-Affordability-List.pdf,2023,,0.949236,118.65,125
1747475,Mason City,Exempt,https://www.ihda.org/wp-content/uploads/2023/12/2023-AHPAA-Statewide-Affordability-List.pdf,2023,,0.850211,835.76,983
1747527,Matherville,Exempt,https://www.ihda.org/wp-content/uploads/2023/12/2023-AHPAA-Statewide-Affordability-List.pdf,2023,,0.786636,234.42,298
1747540,Matteson,Exempt,https://www.ihda.org/wp-content/uploads/2023/12/2023-AHPAA-Statewide-Affordability-List.pdf,2023,,0.564798,4168.78,7381
1747553,Mattoon,Exempt,https://www.ihda.org/wp-content/uploads/2023/12/2023-AHPAA-Statewide-Affordability-List.pdf,2023,,0.760343,6091.87,8012
1747592,Maunie,Exempt,https://www.ihda.org/wp-content/uploads/2023/12/2023-AHPAA-Statewide-Affordability-List.pdf,2023,,0.875727,49.04,56
1747774,Maywood,Exempt,https://www.ihda.org/wp-content/uploads/2023/12/2023-AHPAA-Statewide-Affordability-List.pdf,2023,,0.756250,5955.47,7875
1747787,Mazon,Exempt,https://www.ihda.org/wp-content/uploads/2023/12/2023-AHPAA-Statewide-Affordability-List.pdf,2023,,0.779967,372.82,478
1748021,Mechanicsburg,Exempt,https://www.ihda.org/wp-content/uploads/2023/12/2023-AHPAA-Statewide-Affordability-List.pdf,2023,,0.746556,238.90,320
1748073,Media,Exempt,https://www.ihda.org/wp-content/uploads/2023/12/2023-AHPAA-Statewide-Affordability-List.pdf,2023,,0.941106,38.59,41
1748138,Medora,Exempt,https://www.ihda.org/wp-content/uploads/2023/12/2023-AHPAA-Statewide-Affordability-List.pdf,2023,,0.936706,109.59,117
1748242,Melrose Park,Exempt,https://www.ihda.org/wp-content/uploads/2023/12/2023-AHPAA-Statewide-Affordability-List.pdf,2023,,0.581087,4619.06,7949
1748268,Melvin,Exempt,https://www.ihda.org/wp-content/uploads/2023/12/2023-AHPAA-Statewide-Affordability-List.pdf,2023,,0.925707,142.56,154
1748307,Mendon,Exempt,https://www.ihda.org/wp-content/uploads/2023/12/2023-AHPAA-Statewide-Affordability-List.pdf,2023,,0.886941,350.34,395
1748333,Mendota,Exempt,https://www.ihda.org/wp-content/uploads/2023/12/2023-AHPAA-Statewide-Affordability-List.pdf,2023,,0.866385,2330.58,2690
1748359,Menominee,Exempt,https://www.ihda.org/wp-content/uploads/2023/12/2023-AHPAA-Statewide-Affordability-List.pdf,2023,,0.526422,50.01,95
1748424,Meredosia,Exempt,https://www.ihda.org/wp-content/uploads/2023/12/2023-AHPAA-Statewide-Affordability-List.pdf,2023,,0.954377,314.94,330
1748554,Merrionette Park,Exempt,https://www.ihda.org/wp-content/uploads/2023/12/2023-AHPAA-Statewide-Affordability-List.pdf,2023,,0.909240,814.68,896
1748606,Metamora,Exempt,https://www.ihda.org/wp-content/uploads/2023/12/2023-AHPAA-Statewide-Affordability-List.pdf,2023,,0.642348,1061.16,1652
1748632,Metcalf,Exempt,https://www.ihda.org/wp-content/uploads/2023/12/2023-AHPAA-Statewide-Affordability-List.pdf,2023,,0.859261,91.08,106
1748645,Metropolis,Exempt,https://www.ihda.org/wp-content/uploads/2023/12/2023-AHPAA-Statewide-Affordability-List.pdf,2023,,0.861831,2164.92,2512
1748671,Mettawa,Exempt,https://www.ihda.org/wp-content/uploads/2023/12/2023-AHPAA-Statewide-Affordability-List.pdf,2023,,0.000000,0.00,227
1748853,Middletown,Exempt,https://www.ihda.org/wp-content/uploads/2023/12/2023-AHPAA-Statewide-Affordability-List.pdf,2023,,0.897637,87.07,97
1748892,Midlothian,Exempt,https://www.ihda.org/wp-content/uploads/2023/12/2023-AHPAA-Statewide-Affordability-List.pdf,2023,,0.786352,4424.02,5626
1749009,Milan,Exempt,https://www.ihda.org/wp-content/uploads/2023/12/2023-AHPAA-Statewide-Affordability-List.pdf,2023,,0.767743,1943.92,2532
1749048,Milford,Exempt,https://www.ihda.org/wp-content/uploads/2023/12/2023-AHPAA-Statewide-Affordability-List.pdf,2023,,0.920651,510.04,554
1749100,Millbrook,Exempt,https://www.ihda.org/wp-content/uploads/2023/12/2023-AHPAA-Statewide-Affordability-List.pdf,2023,,0.347447,50.38,145
1749178,Mill Creek,Exempt,https://www.ihda.org/wp-content/uploads/2023/12/2023-AHPAA-Statewide-Affordability-List.pdf,2023,,0.938709,10.33,11
1749191,Milledgeville,Exempt,https://www.ihda.org/wp-content/uploads/2023/12/2023-AHPAA-Statewide-Affordability-List.pdf,2023,,0.932259,439.09,471
1749308,Millington,Exempt,https://www.ihda.org/wp-content/uploads/2023/12/2023-AHPAA-Statewide-Affordability-List.pdf,2023,,0.703247,172.30,245
1749347,Mill Shoals,Exempt,https://www.ihda.org/wp-content/uploads/2023/12/2023-AHPAA-Statewide-Affordability-List.pdf,2023,,0.989071,69.23,70
1749386,Millstadt,Exempt,https://www.ihda.org/wp-content/uploads/2023/12/2023-AHPAA-Statewide-Affordability-List.pdf,2023,,0.709680,1107.10,1560
1749477,Milton,Exempt,https://www.ihda.org/wp-content/uploads/2023/12/2023-AHPAA-Statewide-Affordability-List.pdf,2023,,0.821488,68.18,83
1749516,Mineral,Exempt,https://www.ihda.org/wp-content/uploads/2023/12/2023-AHPAA-Statewide-Affordability-List.pdf,2023,,0.938221,93.82,100
1749555,Minier,Exempt,https://www.ihda.org/wp-content/uploads/2023/12/2023-AHPAA-Statewide-Affordability-List.pdf,2023,,0.915708,404.74,442
1749568,Minonk,Exempt,https://www.ihda.org/wp-content/uploads/2023/12/2023-AHPAA-Statewide-Affordability-List.pdf,2023,,0.840961,692.95,824
1749607,Minooka,Exempt,https://www.ihda.org/wp-content/uploads/2023/12/2023-AHPAA-Statewide-Affordability-List.pdf,2023,,0.549155,2184.54,3978
1749802,Modesto,Exempt,https://www.ihda.org/wp-content/uploads/2023/12/2023-AHPAA-Statewide-Affordability-List.pdf,2023,,0.804124,78.00,97
1749854,Mokena,Exempt,https://www.ihda.org/wp-content/uploads/2023/12/2023-AHPAA-Statewide-Affordability-List.pdf,2023,,0.156522,1116.47,7133
1749867,Moline,Exempt,https://www.ihda.org/wp-content/uploads/2023/12/2023-AHPAA-Statewide-Affordability-List.pdf,2023,,0.764833,13845.00,18102
1749893,Momence,Exempt,https://www.ihda.org/wp-content/uploads/2023/12/2023-AHPAA-Statewide-Affordability-List.pdf,2023,,0.815872,882.77,1082
1749945,Monee,Exempt,https://www.ihda.org/wp-content/uploads/2023/12/2023-AHPAA-Statewide-Affordability-List.pdf,2023,,0.715295,1632.30,2282
1750010,Monmouth,Exempt,https://www.ihda.org/wp-content/uploads/2023/12/2023-AHPAA-Statewide-Affordability-List.pdf,2023,,0.912462,3052.19,3345
1750062,Monroe Center,Exempt,https://www.ihda.org/wp-content/uploads/2023/12/2023-AHPAA-Statewide-Affordability-List.pdf,2023,,0.926724,151.98,164
1750218,Montgomery,Exempt,https://www.ihda.org/wp-content/uploads/2023/12/2023-AHPAA-Statewide-Affordability-List.pdf,2023,,0.474552,3032.39,6390
1750244,Monticello,Exempt,https://www.ihda.org/wp-content/uploads/2023/12/2023-AHPAA-Statewide-Affordability-List.pdf,2023,,0.604603,1544.16,2554
1750283,Montrose,Exempt,https://www.ihda.org/wp-content/uploads/2023/12/2023-AHPAA-Statewide-Affordability-List.pdf,2023,,0.890795,84.63,95
1750491,Morris,Exempt,https://www.ihda.org/wp-content/uploads/2023/12/2023-AHPAA-Statewide-Affordability-List.pdf,2023,,0.707345,4319.05,6106
1750530,Morrison,Exempt,https://www.ihda.org/wp-content/uploads/2023/12/2023-AHPAA-Statewide-Affordability-List.pdf,2023,,0.845937,1274.83,1507
1750543,Morrisonville,Exempt,https://www.ihda.org/wp-content/uploads/2023/12/2023-AHPAA-Statewide-Affordability-List.pdf,2023,,0.875049,353.52,404
1750621,Morton,Exempt,https://www.ihda.org/wp-content/uploads/2023/12/2023-AHPAA-Statewide-Affordability-List.pdf,2023,,0.500568,3516.99,7026
1750647,Morton Grove,Exempt,https://www.ihda.org/wp-content/uploads/2023/12/2023-AHPAA-Statewide-Affordability-List.pdf,2023,,0.167308,1582.07,9456
1750751,Mound City,Exempt,https://www.ihda.org/wp-content/uploads/2023/12/2023-AHPAA-Statewide-Affordability-List.pdf,2023,,0.691067,149.96,217
1750777,Mounds,Exempt,https://www.ihda.org/wp-content/uploads/2023/12/2023-AHPAA-Statewide-Affordability-List.pdf,2023,,0.802418,284.86,355
1750790,Mound Station,Exempt,https://www.ihda.org/wp-content/uploads/2023/12/2023-AHPAA-Statewide-Affordability-List.pdf,2023,,0.916268,45.81,50
1750829,Mount Auburn,Exempt,https://www.ihda.org/wp-content/uploads/2023/12/2023-AHPAA-Statewide-Affordability-List.pdf,2023,,0.971499,220.53,227
1750868,Mount Carmel,Exempt,https://www.ihda.org/wp-content/uploads/2023/12/2023-AHPAA-Statewide-Affordability-List.pdf,2023,,0.812974,2445.43,3008
1750881,Mount Carroll,Exempt,https://www.ihda.org/wp-content/uploads/2023/12/2023-AHPAA-Statewide-Affordability-List.pdf,2023,,0.896780,583.80,651
1750920,Mount Clare,Exempt,https://www.ihda.org/wp-content/uploads/2023/12/2023-AHPAA-Statewide-Affordability-List.pdf,2023,,0.965032,110.01,114
1750933,Mount Erie,Exempt,https://www.ihda.org/wp-content/uploads/2023/12/2023-AHPAA-Statewide-Affordability-List.pdf,2023,,0.894881,51.01,57
1750998,Mount Morris,Exempt,https://www.ihda.org/wp-content/uploads/2023/12/2023-AHPAA-Statewide-Affordability-List.pdf,2023,,0.935573,1388.39,1484
1751024,Mount Olive,Exempt,https://www.ihda.org/wp-content/uploads/2023/12/2023-AHPAA-Statewide-Affordability-List.pdf,2023,,0.902024,807.31,895
1751089,Mount Prospect,Exempt,https://www.ihda.org/wp-content/uploads/2023/12/2023-AHPAA-Statewide-Affordability-List.pdf,2023,,0.244483,5296.98,21666
1751128,Mount Pulaski,Exempt,https://www.ihda.org/wp-content/uploads/2023/12/2023-AHPAA-Statewide-Affordability-List.pdf,2023,,0.911637,672.79,738
1751154,Mount Sterling,Exempt,https://www.ihda.org/wp-content/uploads/2023/12/2023-AHPAA-Statewide-Affordability-List.pdf,2023,,0.876352,822.89,939
1751180,Mount Vernon,Exempt,https://www.ihda.org/wp-content/uploads/2023/12/2023-AHPAA-Statewide-Affordability-List.pdf,2023,,0.753162,4644.75,6167
1751206,Mount Zion,Exempt,https://www.ihda.org/wp-content/uploads/2023/12/2023-AHPAA-Statewide-Affordability-List.pdf,2023,,0.583399,1229.22,2107
1751232,Moweaqua,Exempt,https://www.ihda.org/wp-content/uploads/2023/12/2023-AHPAA-Statewide-Affordability-List.pdf,2023,,0.884061,673.65,762
1751271,Muddy,Exempt,https://www.ihda.org/wp-content/uploads/2023/12/2023-AHPAA-Statewide-Affordability-List.pdf,2023,,0.570492,5.70,10
1751284,Mulberry Grove,Exempt,https://www.ihda.org/wp-content/uploads/2023/12/2023-AHPAA-Statewide-Affordability-List.pdf,2023,,0.947321,283.25,299
1751336,Muncie,Exempt,https://www.ihda.org/wp-content/uploads/2023/12/2023-AHPAA-Statewide-Affordability-List.pdf,2023,,0.863028,47.47,55
1751349,Mundelein,Exempt,https://www.ihda.org/wp-content/uploads/2023/12/2023-AHPAA-Statewide-Affordability-List.pdf,2023,,0.352560,3940.91,11178
1751453,Murphysboro,Exempt,https://www.ihda.org/wp-content/uploads/2023/12/2023-AHPAA-Statewide-Affordability-List.pdf,2023,,0.702652,2374.97,3380
1751479,Murrayville,Exempt,https://www.ihda.org/wp-content/uploads/2023/12/2023-AHPAA-Statewide-Affordability-List.pdf,2023,,0.905684,212.84,235
1751622,Naperville,Exempt,https://www.ihda.org/wp-content/uploads/2023/12/2023-AHPAA-Statewide-Affordability-List.pdf,2023,,0.102583,5460.91,53234
1751648,Naplate,Exempt,https://www.ihda.org/wp-content/uploads/2023/12/2023-AHPAA-Statewide-Affordability-List.pdf,2023,,0.851333,190.70,224
1751661,Naples,Exempt,https://www.ihda.org/wp-content/uploads/2023/12/2023-AHPAA-Statewide-Affordability-List.pdf,2023,,0.964286,54.00,56
1751700,Nashville,Exempt,https://www.ihda.org/wp-content/uploads/2023/12/2023-AHPAA-Statewide-Affordability-List.pdf,2023,,0.868685,1146.66,1320
1751726,Nason,Exempt,https://www.ihda.org/wp-content/uploads/2023/12/2023-AHPAA-Statewide-Affordability-List.pdf,2023,,0.892337,88.34,99
1751791,Nauvoo,Exempt,https://www.ihda.org/wp-content/uploads/2023/12/2023-AHPAA-Statewide-Affordability-List.pdf,2023,,0.790758,238.81,302
1751882,Nebo,Exempt,https://www.ihda.org/wp-content/uploads/2023/12/2023-AHPAA-Statewide-Affordability-List.pdf,2023,,0.943313,102.82,109
1751947,Nelson,Exempt,https://www.ihda.org/wp-content/uploads/2023/12/2023-AHPAA-Statewide-Affordability-List.pdf,2023,,0.859221,49.83,58
1751986,Neoga,Exempt,https://www.ihda.org/wp-content/uploads/2023/12/2023-AHPAA-Statewide-Affordability-List.pdf,2023,,0.953832,455.93,478
1751999,Neponset,Exempt,https://www.ihda.org/wp-content/uploads/2023/12/2023-AHPAA-Statewide-Affordability-List.pdf,2023,,0.936207,136.69,146
1752103,Newark,Exempt,https://www.ihda.org/wp-content/uploads/2023/12/2023-AHPAA-Statewide-Affordability-List.pdf,2023,,0.787371,335.42,426
1752116,New Athens,Exempt,https://www.ihda.org/wp-content/uploads/2023/12/2023-AHPAA-Statewide-Affordability-List.pdf,2023,,0.914015,690.08,755
1752142,New Baden,Exempt,https://www.ihda.org/wp-content/uploads/2023/12/2023-AHPAA-Statewide-Affordability-List.pdf,2023,,0.679914,964.12,1418
1752155,New Bedford,Exempt,https://www.ihda.org/wp-content/uploads/2023/12/2023-AHPAA-Statewide-Affordability-List.pdf,2023,,0.964183,32.78,34
1752168,New Berlin,Exempt,https://www.ihda.org/wp-content/uploads/2023/12/2023-AHPAA-Statewide-Affordability-List.pdf,2023,,0.899343,460.46,512
1752220,New Boston,Exempt,https://www.ihda.org/wp-content/uploads/2023/12/2023-AHPAA-Statewide-Affordability-List.pdf,2023,,0.914373,244.14,267
1752285,New Burnside,Exempt,https://www.ihda.org/wp-content/uploads/2023/12/2023-AHPAA-Statewide-Affordability-List.pdf,2023,,0.953081,58.14,61
1752311,New Canton,Exempt,https://www.ihda.org/wp-content/uploads/2023/12/2023-AHPAA-Statewide-Affordability-List.pdf,2023,,0.892101,93.67,105
1752415,New Douglas,Exempt,https://www.ihda.org/wp-content/uploads/2023/12/2023-AHPAA-Statewide-Affordability-List.pdf,2023,,0.932405,137.06,147
1752467,New Grand Chain,Exempt,https://www.ihda.org/wp-content/uploads/2023/12/2023-AHPAA-Statewide-Affordability-List.pdf,2023,,0.867855,61.62,71
1752506,New Haven,Exempt,https://www.ihda.org/wp-content/uploads/2023/12/2023-AHPAA-Statewide-Affordability-List.pdf,2023,,0.911333,136.70,150
1752545,New Holland,Exempt,https://www.ihda.org/wp-content/uploads/2023/12/2023-AHPAA-Statewide-Affordability-List.pdf,2023,,0.961860,96.19,100
1752584,New Lenox,Exempt,https://www.ihda.org/wp-content/uploads/2023/12/2023-AHPAA-Statewide-Affordability-List.pdf,2023,,0.167822,1511.57,9007
1752623,Newman,Exempt,https://www.ihda.org/wp-content/uploads/2023/12/2023-AHPAA-Statewide-Affordability-List.pdf,2023,,0.959817,332.10,346
1752701,New Milford,Exempt,https://www.ihda.org/wp-content/uploads/2023/12/2023-AHPAA-Statewide-Affordability-List.pdf,2023,,0.866749,393.50,454
1752714,New Minden,Exempt,https://www.ihda.org/wp-content/uploads/2023/12/2023-AHPAA-Statewide-Affordability-List.pdf,2023,,0.945307,76.57,81
1752805,New Salem,Exempt,https://www.ihda.org/wp-content/uploads/2023/12/2023-AHPAA-Statewide-Affordability-List.pdf,2023,,0.851135,57.03,67
1752844,Newton,Exempt,https://www.ihda.org/wp-content/uploads/2023/12/2023-AHPAA-Statewide-Affordability-List.pdf,2023,,0.921589,1219.26,1323
1752961,Niantic,Exempt,https://www.ihda.org/wp-content/uploads/2023/12/2023-AHPAA-Statewide-Affordability-List.pdf,2023,,0.938008,213.87,228
1753000,Niles,Exempt,https://www.ihda.org/wp-content/uploads/2023/12/2023-AHPAA-Statewide-Affordability-List.pdf,2023,,0.356726,4162.64,11669
1753039,Nilwood,Exempt,https://www.ihda.org/wp-content/uploads/2023/12/2023-AHPAA-Statewide-Affordability-List.pdf,2023,,0.986164,71.99,73
1753143,Noble,Exempt,https://www.ihda.org/wp-content/uploads/2023/12/2023-AHPAA-Statewide-Affordability-List.pdf,2023,,0.929816,257.56,277
1753169,Nokomis,Exempt,https://www.ihda.org/wp-content/uploads/2023/12/2023-AHPAA-Statewide-Affordability-List.pdf,2023,,0.928740,849.80,915
1753195,Nora,Exempt,https://www.ihda.org/wp-content/uploads/2023/12/2023-AHPAA-Statewide-Affordability-List.pdf,2023,,0.687653,55.01,80
1753234,Normal,Exempt,https://www.ihda.org/wp-content/uploads/2023/12/2023-AHPAA-Statewide-Affordability-List.pdf,2023,,0.723442,14353.82,19841
1753377,Norridge,Exempt,https://www.ihda.org/wp-content/uploads/2023/12/2023-AHPAA-Statewide-Affordability-List.pdf,2023,,0.291077,1711.53,5880
1753390,Norris,Exempt,https://www.ihda.org/wp-content/uploads/2023/12/2023-AHPAA-Statewide-Affordability-List.pdf,2023,,0.945438,80.36,85
1753403,Norris City,Exempt,https://www.ihda.org/wp-content/uploads/2023/12/2023-AHPAA-Statewide-Affordability-List.pdf,2023,,0.892913,448.24,502
1753442,North Aurora,Exempt,https://www.ihda.org/wp-content/uploads/2023/12/2023-AHPAA-Statewide-Affordability-List.pdf,2023,,0.340761,2359.77,6925
1753455,North Barrington,Non-Exempt,https://www.ihda.org/wp-content/uploads/2023/12/2023-AHPAA-Statewide-Affordability-List.pdf,2023,,0.026102,25.89,992
1753481,Northbrook,Non-Exempt,https://www.ihda.org/wp-content/uploads/2023/12/2023-AHPAA-Statewide-Affordability-List.pdf,2023,,0.050280,673.50,13395
1753559,North Chicago,Exempt,https://www.ihda.org/wp-content/uploads/2023/12/2023-AHPAA-Statewide-Affordability-List.pdf,2023,,0.608996,4710.58,7735
1753585,North City,Exempt,https://www.ihda.org/wp-content/uploads/2023/12/2023-AHPAA-Statewide-Affordability-List.pdf,2023,,0.763217,242.70,318
1753663,Northfield,Non-Exempt,https://www.ihda.org/wp-content/uploads/2023/12/2023-AHPAA-Statewide-Affordability-List.pdf,2023,,0.062904,149.90,2383
1753793,North Henderson,Exempt,https://www.ihda.org/wp-content/uploads/2023/12/2023-AHPAA-Statewide-Affordability-List.pdf,2023,,0.965171,69.49,72
1753871,Northlake,Exempt,https://www.ihda.org/wp-content/uploads/2023/12/2023-AHPAA-Statewide-Affordability-List.pdf,2023,,0.688299,3084.27,4481
1754092,North Pekin,Exempt,https://www.ihda.org/wp-content/uploads/2023/12/2023-AHPAA-Statewide-Affordability-List.pdf,2023,,0.921153,604.28,656
1754144,North Riverside,Exempt,https://www.ihda.org/wp-content/uploads/2023/12/2023-AHPAA-Statewide-Affordability-List.pdf,2023,,0.492307,1516.80,3081
1754222,North Utica,Exempt,https://www.ihda.org/wp-content/uploads/2023/12/2023-AHPAA-Statewide-Affordability-List.pdf,2023,,0.549411,236.25,430
1754404,Norwood,Exempt,https://www.ihda.org/wp-content/uploads/2023/12/2023-AHPAA-Statewide-Affordability-List.pdf,2023,,0.872787,170.19,195
1754534,Oak Brook,Non-Exempt,https://www.ihda.org/wp-content/uploads/2023/12/2023-AHPAA-Statewide-Affordability-List.pdf,2023,,0.065804,202.08,3071
1754560,Oakbrook Terrace,Exempt,https://www.ihda.org/wp-content/uploads/2023/12/2023-AHPAA-Statewide-Affordability-List.pdf,2023,,0.126794,158.24,1248
1754586,Oakdale,Exempt,https://www.ihda.org/wp-content/uploads/2023/12/2023-AHPAA-Statewide-Affordability-List.pdf,2023,,0.869390,92.16,106
1754625,Oakford,Exempt,https://www.ihda.org/wp-content/uploads/2023/12/2023-AHPAA-Statewide-Affordability-List.pdf,2023,,0.946237,88.00,93
1754638,Oak Forest,Exempt,https://www.ihda.org/wp-content/uploads/2023/12/2023-AHPAA-Statewide-Affordability-List.pdf,2023,,0.603838,6195.98,10261
1754703,Oak Grove,Exempt,https://www.ihda.org/wp-content/uploads/2023/12/2023-AHPAA-Statewide-Affordability-List.pdf,2023,,0.918296,191.92,209
1754781,Oakland,Exempt,https://www.ihda.org/wp-content/uploads/2023/12/2023-AHPAA-Statewide-Affordability-List.pdf,2023,,0.937013,444.14,474
1754820,Oak Lawn,Exempt,https://www.ihda.org/wp-content/uploads/2023/12/2023-AHPAA-Statewide-Affordability-List.pdf,2023,,0.579967,12796.39,22064
1754885,Oak Park,Exempt,https://www.ihda.org/wp-content/uploads/2023/12/2023-AHPAA-Statewide-Affordability-List.pdf,2023,,0.234321,5340.88,22793
1755002,Oakwood,Exempt,https://www.ihda.org/wp-content/uploads/2023/12/2023-AHPAA-Statewide-Affordability-List.pdf,2023,,0.855050,486.52,569
1755041,Oakwood Hills,Exempt,https://www.ihda.org/wp-content/uploads/2023/12/2023-AHPAA-Statewide-Affordability-List.pdf,2023,,0.483893,456.31,943
1755106,Oblong,Exempt,https://www.ihda.org/wp-content/uploads/2023/12/2023-AHPAA-Statewide-Affordability-List.pdf,2023,,0.895824,623.49,696
1755132,Oconee,Exempt,https://www.ihda.org/wp-content/uploads/2023/12/2023-AHPAA-Statewide-Affordability-List.pdf,2023,,0.947424,67.27,71
1755171,Odell,Exempt,https://www.ihda.org/wp-content/uploads/2023/12/2023-AHPAA-Statewide-Affordability-List.pdf,2023,,0.904958,345.69,382
1755210,Odin,Exempt,https://www.ihda.org/wp-content/uploads/2023/12/2023-AHPAA-Statewide-Affordability-List.pdf,2023,,0.895998,335.10,374
1755249,O'Fallon,Exempt,https://www.ihda.org/wp-content/uploads/2023/12/2023-AHPAA-Statewide-Affordability-List.pdf,2023,,0.460389,5418.32,11769
1755275,Ogden,Exempt,https://www.ihda.org/wp-content/uploads/2023/12/2023-AHPAA-Statewide-Affordability-List.pdf,2023,,0.787039,269.95,343
1755353,Oglesby,Exempt,https://www.ihda.org/wp-content/uploads/2023/12/2023-AHPAA-Statewide-Affordability-List.pdf,2023,,0.882932,1346.47,1525
1755379,Ohio,Exempt,https://www.ihda.org/wp-content/uploads/2023/12/2023-AHPAA-Statewide-Affordability-List.pdf,2023,,0.928985,219.24,236
1755418,Ohlman,Exempt,https://www.ihda.org/wp-content/uploads/2023/12/2023-AHPAA-Statewide-Affordability-List.pdf,2023,,0.810341,38.90,48
1755470,Okawville,Exempt,https://www.ihda.org/wp-content/uploads/2023/12/2023-AHPAA-Statewide-Affordability-List.pdf,2023,,0.840073,463.72,552
1755639,Old Mill Creek,Exempt,https://www.ihda.org/wp-content/uploads/2023/12/2023-AHPAA-Statewide-Affordability-List.pdf,2023,,0.240217,19.46,81
1755717,Old Ripley,Exempt,https://www.ihda.org/wp-content/uploads/2023/12/2023-AHPAA-Statewide-Affordability-List.pdf,2023,,0.929917,26.97,29
1755756,Old Shawneetown,Exempt,https://www.ihda.org/wp-content/uploads/2023/12/2023-AHPAA-Statewide-Affordability-List.pdf,2023,,0.622642,33.00,53
1755899,Olmsted,Exempt,https://www.ihda.org/wp-content/uploads/2023/12/2023-AHPAA-Statewide-Affordability-List.pdf,2023,,0.702864,66.07,94
1755912,Olney,Exempt,https://www.ihda.org/wp-content/uploads/2023/12/2023-AHPAA-Statewide-Affordability-List.pdf,2023,,0.866102,3063.40,3537
1755938,Olympia Fields,Exempt,https://www.ihda.org/wp-content/uploads/2023/12/2023-AHPAA-Statewide-Affordability-List.pdf,2023,,0.229758,434.93,1893
1756003,Omaha,Exempt,https://www.ihda.org/wp-content/uploads/2023/12/2023-AHPAA-Statewide-Affordability-List.pdf,2023,,0.908358,82.66,91
1756081,Onarga,Exempt,https://www.ihda.org/wp-content/uploads/2023/12/2023-AHPAA-Statewide-Affordability-List.pdf,2023,,0.912863,356.02,390
1756159,Oneida,Exempt,https://www.ihda.org/wp-content/uploads/2023/12/2023-AHPAA-Statewide-Affordability-List.pdf,2023,,0.831566,250.30,301
1756237,Oquawka,Exempt,https://www.ihda.org/wp-content/uploads/2023/12/2023-AHPAA-Statewide-Affordability-List.pdf,2023,,0.962392,540.86,562
1756341,Orangeville,Exempt,https://www.ihda.org/wp-content/uploads/2023/12/2023-AHPAA-Statewide-Affordability-List.pdf,2023,,0.878380,307.43,350
1756471,Oreana,Exempt,https://www.ihda.org/wp-content/uploads/2023/12/2023-AHPAA-Statewide-Affordability-List.pdf,2023,,0.890165,352.51,396
1756484,Oregon,Exempt,https://www.ihda.org/wp-content/uploads/2023/12/2023-AHPAA-Statewide-Affordability-List.pdf,2023,,0.910804,1490.99,1637
1756536,Orient,Exempt,https://www.ihda.org/wp-content/uploads/2023/12/2023-AHPAA-Statewide-Affordability-List.pdf,2023,,0.870490,156.69,180
1756601,Orion,Exempt,https://www.ihda.org/wp-content/uploads/2023/12/2023-AHPAA-Statewide-Affordability-List.pdf,2023,,0.839600,565.89,674
1756627,Orland Hills,Exempt,https://www.ihda.org/wp-content/uploads/2023/12/2023-AHPAA-Statewide-Affordability-List.pdf,2023,,0.581608,1348.75,2319
1756640,Orland Park,Exempt,https://www.ihda.org/wp-content/uploads/2023/12/2023-AHPAA-Statewide-Affordability-List.pdf,2023,,0.323078,7423.37,22977
1756887,Oswego,Exempt,https://www.ihda.org/wp-content/uploads/2023/12/2023-AHPAA-Statewide-Affordability-List.pdf,2023,,0.294002,3451.00,11738
1756926,Ottawa,Exempt,https://www.ihda.org/wp-content/uploads/2023/12/2023-AHPAA-Statewide-Affordability-List.pdf,2023,,0.763284,5855.91,7672
1756978,Otterville,Exempt,https://www.ihda.org/wp-content/uploads/2023/12/2023-AHPAA-Statewide-Affordability-List.pdf,2023,,1.000000,78.00,78
1757043,Owaneco,Exempt,https://www.ihda.org/wp-content/uploads/2023/12/2023-AHPAA-Statewide-Affordability-List.pdf,2023,,0.894588,76.93,86
1757225,Palatine,Exempt,https://www.ihda.org/wp-content/uploads/2023/12/2023-AHPAA-Statewide-Affordability-List.pdf,2023,,0.311536,8289.65,26609
1757277,Palestine,Exempt,https://www.ihda.org/wp-content/uploads/2023/12/2023-AHPAA-Statewide-Affordability-List.pdf,2023,,0.895269,539.85,603
1757303,Palmer,Exempt,https://www.ihda.org/wp-content/uploads/2023/12/2023-AHPAA-Statewide-Affordability-List.pdf,2023,,0.960730,104.72,109
1757329,Palmyra,Exempt,https://www.ihda.org/wp-content/uploads/2023/12/2023-AHPAA-Statewide-Affordability-List.pdf,2023,,0.963229,255.26,265
1757381,Palos Heights,Exempt,https://www.ihda.org/wp-content/uploads/2023/12/2023-AHPAA-Statewide-Affordability-List.pdf,2023,,0.233274,1042.04,4467
1757394,Palos Hills,Exempt,https://www.ihda.org/wp-content/uploads/2023/12/2023-AHPAA-Statewide-Affordability-List.pdf,2023,,0.621650,4803.49,7727
1757407,Palos Park,Exempt,https://www.ihda.org/wp-content/uploads/2023/12/2023-AHPAA-Statewide-Affordability-List.pdf,2023,,0.172088,329.55,1915
1757472,Pana,Exempt,https://www.ihda.org/wp-content/uploads/2023/12/2023-AHPAA-Statewide-Affordability-List.pdf,2023,,0.846656,1894.82,2238
1757498,Panama,Exempt,https://www.ihda.org/wp-content/uploads/2023/12/2023-AHPAA-Statewide-Affordability-List.pdf,2023,,0.959203,108.39,113
1757524,Panola,Exempt,https://www.ihda.org/wp-content/uploads/2023/12/2023-AHPAA-Statewide-Affordability-List.pdf,2023,,1.000000,14.00,14
1757576,Papineau,Exempt,https://www.ihda.org/wp-content/uploads/2023/12/2023-AHPAA-Statewide-Affordability-List.pdf,2023,,0.819606,40.98,50
1757628,Paris,Exempt,https://www.ihda.org/wp-content/uploads/2023/12/2023-AHPAA-Statewide-Affordability-List.pdf,2023,,0.820261,3215.42,3920
1757654,Park City,Exempt,https://www.ihda.org/wp-content/uploads/2023/12/2023-AHPAA-Statewide-Affordability-List.pdf,2023,,0.850014,2080.84,2448
1757693,Parkersburg,Exempt,https://www.ihda.org/wp-content/uploads/2023/12/2023-AHPAA-Statewide-Affordability-List.pdf,2023,,0.982490,103.16,105
1757732,Park Forest,Exempt,https://www.ihda.org/wp-content/uploads/2023/12/2023-AHPAA-Statewide-Affordability-List.pdf,2023,,0.746072,5996.93,8038
1757875,Park Ridge,Non-Exempt,https://www.ihda.org/wp-content/uploads/2023/12/2023-AHPAA-Statewide-Affordability-List.pdf,2023,,0.081394,1237.11,15199
1758057,Patoka,Exempt,https://www.ihda.org/wp-content/uploads/2023/12/2023-AHPAA-Statewide-Affordability-List.pdf,2023,,0.910565,234.93,258
1758174,Pawnee,Exempt,https://www.ihda.org/wp-content/uploads/2023/12/2023-AHPAA-Statewide-Affordability-List.pdf,2023,,0.865446,967.57,1118
1758226,Paw Paw,Exempt,https://www.ihda.org/wp-content/uploads/2023/12/2023-AHPAA-Statewide-Affordability-List.pdf,2023,,0.897470,332.96,371
1758239,Paxton,Exempt,https://www.ihda.org/wp-content/uploads/2023/12/2023-AHPAA-Statewide-Affordability-List.pdf,2023,,0.836033,1419.58,1698
1758265,Payson,Exempt,https://www.ihda.org/wp-content/uploads/2023/12/2023-AHPAA-Statewide-Affordability-List.pdf,2023,,0.857484,350.71,409
1758343,Pearl,Exempt,https://www.ihda.org/wp-content/uploads/2023/12/2023-AHPAA-Statewide-Affordability-List.pdf,2023,,1.000000,32.00,32
1758369,Pearl City,Exempt,https://www.ihda.org/wp-content/uploads/2023/12/2023-AHPAA-Statewide-Affordability-List.pdf,2023,,0.797517,220.91,277
1758408,Pecatonica,Exempt,https://www.ihda.org/wp-content/uploads/2023/12/2023-AHPAA-Statewide-Affordability-List.pdf,2023,,0.872362,756.34,867
1758447,Pekin,Exempt,https://www.ihda.org/wp-content/uploads/2023/12/2023-AHPAA-Statewide-Affordability-List.pdf,2023,,0.845486,11588.23,13706
1759000,Peoria,Exempt,https://www.ihda.org/wp-content/uploads/2023/12/2023-AHPAA-Statewide-Affordability-List.pdf,2023,,0.678676,32395.93,47734
1759026,Peoria Heights,Exempt,https://www.ihda.org/wp-content/uploads/2023/12/2023-AHPAA-Statewide-Affordability-List.pdf,2023,,0.827013,2376.01,2873
1759052,Peotone,Exempt,https://www.ihda.org/wp-content/uploads/2023/12/2023-AHPAA-Statewide-Affordability-List.pdf,2023,,0.757875,1151.21,1519
1759104,Percy,Exempt,https://www.ihda.org/wp-content/uploads/2023/12/2023-AHPAA-Statewide-Affordability-List.pdf,2023,,0.863974,342.13,396
1759156,Perry,Exempt,https://www.ihda.org/wp-content/uploads/2023/12/2023-AHPAA-Statewide-Affordability-List.pdf,2023,,0.879259,123.10,140
1759234,Peru,Exempt,https://www.ihda.org/wp-content/uploads/2023/12/2023-AHPAA-Statewide-Affordability-List.pdf,2023,,0.724256,3158.48,4361
1759273,Pesotum,Exempt,https://www.ihda.org/wp-content/uploads/2023/12/2023-AHPAA-Statewide-Affordability-List.pdf,2023,,0.859177,179.57,209
1759312,Petersburg,Exempt,https://www.ihda.org/wp-content/uploads/2023/12/2023-AHPAA-Statewide-Affordability-List.pdf,2023,,0.860462,943.93,1097
1759520,Phillipstown,Exempt,https://www.ihda.org/wp-content/uploads/2023/12/2023-AHPAA-Statewide-Affordability-List.pdf,2023,,0.754053,15.08,20
1759533,Philo,Exempt,https://www.ihda.org/wp-content/uploads/2023/12/2023-AHPAA-Statewide-Affordability-List.pdf,2023,,0.706202,348.16,493
1759572,Phoenix,Exempt,https://www.ihda.org/wp-content/uploads/2023/12/2023-AHPAA-Statewide-Affordability-List.pdf,2023,,0.854493,517.82,606
1759709,Pierron,Exempt,https://www.ihda.org/wp-content/uploads/2023/12/2023-AHPAA-Statewide-Affordability-List.pdf,2023,,0.930456,192.60,207
1759884,Pinckneyville,Exempt,https://www.ihda.org/wp-content/uploads/2023/12/2023-AHPAA-Statewide-Affordability-List.pdf,2023,,0.877979,1257.27,1432
1759988,Pingree Grove,Exempt,https://www.ihda.org/wp-content/uploads/2023/12/2023-AHPAA-Statewide-Affordability-List.pdf,2023,,0.336175,1098.29,3267
1760079,Piper City,Exempt,https://www.ihda.org/wp-content/uploads/2023/12/2023-AHPAA-Statewide-Affordability-List.pdf,2023,,0.820934,287.33,350
1760209,Pittsburg,Exempt,https://www.ihda.org/wp-content/uploads/2023/12/2023-AHPAA-Statewide-Affordability-List.pdf,2023,,0.724513,173.88,240
1760222,Pittsfield,Exempt,https://www.ihda.org/wp-content/uploads/2023/12/2023-AHPAA-Statewide-Affordability-List.pdf,2023,,0.822639,1451.96,1765
1760287,Plainfield,Exempt,https://www.ihda.org/wp-content/uploads/2023/12/2023-AHPAA-Statewide-Affordability-List.pdf,2023,,0.118441,1600.13,13510
1760339,Plainville,Exempt,https://www.ihda.org/wp-content/uploads/2023/12/2023-AHPAA-Statewide-Affordability-List.pdf,2023,,0.946221,105.98,112
1760352,Plano,Exempt,https://www.ihda.org/wp-content/uploads/2023/12/2023-AHPAA-Statewide-Affordability-List.pdf,2023,,0.711643,2665.10,3745
1760391,Plattville,Exempt,https://www.ihda.org/wp-content/uploads/2023/12/2023-AHPAA-Statewide-Affordability-List.pdf,2023,,0.490325,31.87,65
1760534,Pleasant Hill,Exempt,https://www.ihda.org/wp-content/uploads/2023/12/2023-AHPAA-Statewide-Affordability-List.pdf,2023,,0.867701,246.43,284
1760599,Pleasant Plains,Exempt,https://www.ihda.org/wp-content/uploads/2023/12/2023-AHPAA-Statewide-Affordability-List.pdf,2023,,0.848996,271.68,320
1760833,Plymouth,Exempt,https://www.ihda.org/wp-content/uploads/2023/12/2023-AHPAA-Statewide-Affordability-List.pdf,2023,,0.913902,184.61,202
1760872,Pocahontas,Exempt,https://www.ihda.org/wp-content/uploads/2023/12/2023-AHPAA-Statewide-Affordability-List.pdf,2023,,0.849173,264.09,311
1760937,Polo,Exempt,https://www.ihda.org/wp-content/uploads/2023/12/2023-AHPAA-Statewide-Affordability-List.pdf,2023,,0.911920,900.98,988
1761015,Pontiac,Exempt,https://www.ihda.org/wp-content/uploads/2023/12/2023-AHPAA-Statewide-Affordability-List.pdf,2023,,0.850239,3844.78,4522
1761067,Pontoon Beach,Exempt,https://www.ihda.org/wp-content/uploads/2023/12/2023-AHPAA-Statewide-Affordability-List.pdf,2023,,0.802553,1794.51,2236
1761080,Pontoosuc,Exempt,https://www.ihda.org/wp-content/uploads/2023/12/2023-AHPAA-Statewide-Affordability-List.pdf,2023,,0.961267,45.18,47
1761145,Poplar Grove,Exempt,https://www.ihda.org/wp-content/uploads/2023/12/2023-AHPAA-Statewide-Affordability-List.pdf,2023,,0.393060,569.94,1450
1761216,Port Barrington,Non-Exempt,https://www.ihda.org/wp-content/uploads/2023/12/2023-AHPAA-Statewide-Affordability-List.pdf,2023,,0.082696,47.30,572
1761223,Port Byron,Exempt,https://www.ihda.org/wp-content/uploads/2023/12/2023-AHPAA-Statewide-Affordability-List.pdf,2023,,0.497718,392.20,788
1761314,Posen,Exempt,https://www.ihda.org/wp-content/uploads/2023/12/2023-AHPAA-Statewide-Affordability-List.pdf,2023,,0.842372,1390.76,1651
1761366,Potomac,Exempt,https://www.ihda.org/wp-content/uploads/2023/12/2023-AHPAA-Statewide-Affordability-List.pdf,2023,,0.829991,237.38,286
1761548,Prairie City,Exempt,https://www.ihda.org/wp-content/uploads/2023/12/2023-AHPAA-Statewide-Affordability-List.pdf,2023,,0.881645,104.92,119
1761639,Prairie du Rocher,Exempt,https://www.ihda.org/wp-content/uploads/2023/12/2023-AHPAA-Statewide-Affordability-List.pdf,2023,,0.933714,171.80,184
1761678,Prairie Grove,Non-Exempt,https://www.ihda.org/wp-content/uploads/2023/12/2023-AHPAA-Statewide-Affordability-List.pdf,2023,,0.081296,56.58,696
1761899,Princeton,Exempt,https://www.ihda.org/wp-content/uploads/2023/12/2023-AHPAA-Statewide-Affordability-List.pdf,2023,,0.789214,2799.34,3547
1761925,Princeville,Exempt,https://www.ihda.org/wp-content/uploads/2023/12/2023-AHPAA-Statewide-Affordability-List.pdf,2023,,0.770054,525.95,683
1761977,Prophetstown,Exempt,https://www.ihda.org/wp-content/uploads/2023/12/2023-AHPAA-Statewide-Affordability-List.pdf,2023,,0.881646,645.36,732
1762016,Prospect Heights,Exempt,https://www.ihda.org/wp-content/uploads/2023/12/2023-AHPAA-Statewide-Affordability-List.pdf,2023,,0.390437,2471.07,6329
1762211,Pulaski,Exempt,https://www.ihda.org/wp-content/uploads/2023/12/2023-AHPAA-Statewide-Affordability-List.pdf,2023,,0.821642,82.99,101
1762367,Quincy,Exempt,https://www.ihda.org/wp-content/uploads/2023/12/2023-AHPAA-Statewide-Affordability-List.pdf,2023,,0.761862,12963.85,17016
1762523,Radom,Exempt,https://www.ihda.org/wp-content/uploads/2023/12/2023-AHPAA-Statewide-Affordability-List.pdf,2023,,0.965207,60.81,63
1762588,Raleigh,Exempt,https://www.ihda.org/wp-content/uploads/2023/12/2023-AHPAA-Statewide-Affordability-List.pdf,2023,,0.840097,106.69,127
1762627,Ramsey,Exempt,https://www.ihda.org/wp-content/uploads/2023/12/2023-AHPAA-Statewide-Affordability-List.pdf,2023,,0.868439,265.74,306
1762744,Rankin,Exempt,https://www.ihda.org/wp-content/uploads/2023/12/2023-AHPAA-Statewide-Affordability-List.pdf,2023,,0.846761,156.65,185
1762757,Ransom,Exempt,https://www.ihda.org/wp-content/uploads/2023/12/2023-AHPAA-Statewide-Affordability-List.pdf,2023,,0.943332,117.92,125
1762783,Rantoul,Exempt,https://www.ihda.org/wp-content/uploads/2023/12/2023-AHPAA-Statewide-Affordability-List.pdf,2023,,0.752087,3852.94,5123
1762822,Rapids City,Exempt,https://www.ihda.org/wp-content/uploads/2023/12/2023-AHPAA-Statewide-Affordability-List.pdf,2023,,0.583002,223.29,383
1762848,Raritan,Exempt,https://www.ihda.org/wp-content/uploads/2023/12/2023-AHPAA-Statewide-Affordability-List.pdf,2023,,0.965858,42.50,44
1762965,Raymond,Exempt,https://www.ihda.org/wp-content/uploads/2023/12/2023-AHPAA-Statewide-Affordability-List.pdf,2023,,0.873431,324.92,372
1763043,Red Bud,Exempt,https://www.ihda.org/wp-content/uploads/2023/12/2023-AHPAA-Statewide-Affordability-List.pdf,2023,,0.760328,1158.74,1524
1763056,Reddick,Exempt,https://www.ihda.org/wp-content/uploads/2023/12/2023-AHPAA-Statewide-Affordability-List.pdf,2023,,0.851615,57.91,68
1763069,Redmon,Exempt,https://www.ihda.org/wp-content/uploads/2023/12/2023-AHPAA-Statewide-Affordability-List.pdf,2023,,0.870132,69.61,80
1763420,Reynolds,Exempt,https://www.ihda.org/wp-content/uploads/2023/12/2023-AHPAA-Statewide-Affordability-List.pdf,2023,,0.884094,210.41,238
1763641,Richmond,Exempt,https://www.ihda.org/wp-content/uploads/2023/12/2023-AHPAA-Statewide-Affordability-List.pdf,2023,,0.617106,679.43,1101
1763706,Richton Park,Exempt,https://www.ihda.org/wp-content/uploads/2023/12/2023-AHPAA-Statewide-Affordability-List.pdf,2023,,0.707770,3532.48,4991
1763719,Richview,Exempt,https://www.ihda.org/wp-content/uploads/2023/12/2023-AHPAA-Statewide-Affordability-List.pdf,2023,,0.967714,104.51,108
1763862,Ridge Farm,Exempt,https://www.ihda.org/wp-content/uploads/2023/12/2023-AHPAA-Statewide-Affordability-List.pdf,2023,,0.827924,305.50,369
1764018,Ridgway,Exempt,https://www.ihda.org/wp-content/uploads/2023/12/2023-AHPAA-Statewide-Affordability-List.pdf,2023,,0.931408,362.32,389
1764044,Ridott,Exempt,https://www.ihda.org/wp-content/uploads/2023/12/2023-AHPAA-Statewide-Affordability-List.pdf,2023,,0.869310,59.98,69
1764135,Ringwood,Exempt,https://www.ihda.org/wp-content/uploads/2023/12/2023-AHPAA-Statewide-Affordability-List.pdf,2023,,0.157264,41.20,262
1764148,Rio,Exempt,https://www.ihda.org/wp-content/uploads/2023/12/2023-AHPAA-Statewide-Affordability-List.pdf,2023,,0.823786,73.32,89
1764174,Ripley,Exempt,https://www.ihda.org/wp-content/uploads/2023/12/2023-AHPAA-Statewide-Affordability-List.pdf,2023,,0.932911,26.12,28
1764278,Riverdale,Exempt,https://www.ihda.org/wp-content/uploads/2023/12/2023-AHPAA-Statewide-Affordability-List.pdf,2023,,0.694741,2744.92,3951
1764304,River Forest,Non-Exempt,https://www.ihda.org/wp-content/uploads/2023/12/2023-AHPAA-Statewide-Affordability-List.pdf,2023,,0.097181,430.32,4428
1764343,River Grove,Exempt,https://www.ihda.org/wp-content/uploads/2023/12/2023-AHPAA-Statewide-Affordability-List.pdf,2023,,0.545433,2051.92,3762
1764421,Riverside,Exempt,https://www.ihda.org/wp-content/uploads/2023/12/2023-AHPAA-Statewide-Affordability-List.pdf,2023,,0.122291,423.74,3465
1764486,Riverton,Exempt,https://www.ihda.org/wp-content/uploads/2023/12/2023-AHPAA-Statewide-Affordability-List.pdf,2023,,0.735137,1165.93,1586
1764538,Riverwoods,Non-Exempt,https://www.ihda.org/wp-content/uploads/2023/12/2023-AHPAA-Statewide-Affordability-List.pdf,2023,,0.015408,20.00,1298
1764590,Roanoke,Exempt,https://www.ihda.org/wp-content/uploads/2023/12/2023-AHPAA-Statewide-Affordability-List.pdf,2023,,0.776692,546.79,704
1764616,Robbins,Exempt,https://www.ihda.org/wp-content/uploads/2023/12/2023-AHPAA-Statewide-Affordability-List.pdf,2023,,0.827817,1217.72,1471
1764655,Roberts,Exempt,https://www.ihda.org/wp-content/uploads/2023/12/2023-AHPAA-Statewide-Affordability-List.pdf,2023,,0.774865,132.50,171
1764707,Robinson,Exempt,https://www.ihda.org/wp-content/uploads/2023/12/2023-AHPAA-Statewide-Affordability-List.pdf,2023,,0.824066,2072.53,2515
1764746,Rochelle,Exempt,https://www.ihda.org/wp-content/uploads/2023/12/2023-AHPAA-Statewide-Affordability-List.pdf,2023,,0.785741,3245.11,4130
1764759,Rochester,Exempt,https://www.ihda.org/wp-content/uploads/2023/12/2023-AHPAA-Statewide-Affordability-List.pdf,2023,,0.519471,757.91,1459
1764811,Rockbridge,Exempt,https://www.ihda.org/wp-content/uploads/2023/12/2023-AHPAA-Statewide-Affordability-List.pdf,2023,,0.911057,35.53,39
1764837,Rock City,Exempt,https://www.ihda.org/wp-content/uploads/2023/12/2023-AHPAA-Statewide-Affordability-List.pdf,2023,,0.881864,104.94,119
1764902,Rockdale,Exempt,https://www.ihda.org/wp-content/uploads/2023/12/2023-AHPAA-Statewide-Affordability-List.pdf,2023,,0.762004,661.42,868
1764928,Rock Falls,Exempt,https://www.ihda.org/wp-content/uploads/2023/12/2023-AHPAA-Statewide-Affordability-List.pdf,2023,,0.856906,3317.08,3871
1765000,Rockford,Exempt,https://www.ihda.org/wp-content/uploads/2023/12/2023-AHPAA-Statewide-Affordability-List.pdf,2023,,0.732057,44878.03,61304
1765078,Rock Island,Exempt,https://www.ihda.org/wp-content/uploads/2023/12/2023-AHPAA-Statewide-Affordability-List.pdf,2023,,0.822619,12573.73,15285
1765156,Rockton,Exempt,https://www.ihda.org/wp-content/uploads/2023/12/2023-AHPAA-Statewide-Affordability-List.pdf,2023,,0.467854,1406.84,3007
1765221,Rockwood,Exempt,https://www.ihda.org/wp-content/uploads/2023/12/2023-AHPAA-Statewide-Affordability-List.pdf,2023,,0.700000,7.00,10
1765338,Rolling Meadows,Exempt,https://www.ihda.org/wp-content/uploads/2023/12/2023-AHPAA-Statewide-Affordability-List.pdf,2023,,0.380830,3465.93,9101
1765442,Romeoville,Exempt,https://www.ihda.org/wp-content/uploads/2023/12/2023-AHPAA-Statewide-Affordability-List.pdf,2023,,0.655519,7897.04,12047
1765481,Roodhouse,Exempt,https://www.ihda.org/wp-content/uploads/2023/12/2023-AHPAA-Statewide-Affordability-List.pdf,2023,,0.900547,568.25,631
1765611,Roscoe,Exempt,https://www.ihda.org/wp-content/uploads/2023/12/2023-AHPAA-Statewide-Affordability-List.pdf,2023,,0.324279,1259.50,3884
1765754,Rose Hill,Exempt,https://www.ihda.org/wp-content/uploads/2023/12/2023-AHPAA-Statewide-Affordability-List.pdf,2023,,0.917732,26.61,29
1765806,Roselle,Exempt,https://www.ihda.org/wp-content/uploads/2023/12/2023-AHPAA-Statewide-Affordability-List.pdf,2023,,0.350062,3076.69,8789
1765819,Rosemont,Exempt,https://www.ihda.org/wp-content/uploads/2023/12/2023-AHPAA-Statewide-Affordability-List.pdf,2023,,0.587302,920.30,1567
1765845,Roseville,Exempt,https://www.ihda.org/wp-content/uploads/2023/12/2023-AHPAA-Statewide-Affordability-List.pdf,2023,,0.860956,303.92,353
1765897,Rosiclare,Exempt,https://www.ihda.org/wp-content/uploads/2023/12/2023-AHPAA-Statewide-Affordability-List.pdf,2023,,0.877308,300.92,343
1765962,Rossville,Exempt,https://www.ihda.org/wp-content/uploads/2023/12/2023-AHPAA-Statewide-Affordability-List.pdf,2023,,0.810304,322.50,398
1766027,Round Lake,Exempt,https://www.ihda.org/wp-content/uploads/2023/12/2023-AHPAA-Statewide-Affordability-List.pdf,2023,,0.385781,2359.82,6117
1766040,Round Lake Beach,Exempt,https://www.ihda.org/wp-content/uploads/2023/12/2023-AHPAA-Statewide-Affordability-List.pdf,2023,,0.775268,6480.47,8359
1766053,Round Lake Heights,Exempt,https://www.ihda.org/wp-content/uploads/2023/12/2023-AHPAA-Statewide-Affordability-List.pdf,2023,,0.744368,611.13,821
1766066,Round Lake Park,Exempt,https://www.ihda.org/wp-content/uploads/2023/12/2023-AHPAA-Statewide-Affordability-List.pdf,2023,,0.897728,2615.08,2913
1766131,Roxana,Exempt,https://www.ihda.org/wp-content/uploads/2023/12/2023-AHPAA-Statewide-Affordability-List.pdf,2023,,0.951953,643.52,676
1766157,Royal,Exempt,https://www.ihda.org/wp-content/uploads/2023/12/2023-AHPAA-Statewide-Affordability-List.pdf,2023,,0.747814,120.40,161
1766196,Royal Lakes,Exempt,https://www.ihda.org/wp-content/uploads/2023/12/2023-AHPAA-Statewide-Affordability-List.pdf,2023,,0.909062,118.18,130
1766209,Royalton,Exempt,https://www.ihda.org/wp-content/uploads/2023/12/2023-AHPAA-Statewide-Affordability-List.pdf,2023,,0.829431,457.02,551
1766287,Ruma,Exempt,https://www.ihda.org/wp-content/uploads/2023/12/2023-AHPAA-Statewide-Affordability-List.pdf,2023,,0.806214,122.54,152
1766339,Rushville,Exempt,https://www.ihda.org/wp-content/uploads/2023/12/2023-AHPAA-Statewide-Affordability-List.pdf,2023,,0.894829,1072.90,1199
1766404,Russellville,Exempt,https://www.ihda.org/wp-content/uploads/2023/12/2023-AHPAA-Statewide-Affordability-List.pdf,2023,,0.792453,42.00,53
1766443,Rutland,Exempt,https://www.ihda.org/wp-content/uploads/2023/12/2023-AHPAA-Statewide-Affordability-List.pdf,2023,,0.920517,96.65,105
1766534,Sadorus,Exempt,https://www.ihda.org/wp-content/uploads/2023/12/2023-AHPAA-Statewide-Affordability-List.pdf,2023,,0.867030,130.92,151
1766599,Sailor Springs,Exempt,https://www.ihda.org/wp-content/uploads/2023/12/2023-AHPAA-Statewide-Affordability-List.pdf,2023,,0.868421,33.00,38
1766638,St. Anne,Exempt,https://www.ihda.org/wp-content/uploads/2023/12/2023-AHPAA-Statewide-Affordability-List.pdf,2023,,0.820125,394.48,481
1766677,St. Augustine,Exempt,https://www.ihda.org/wp-content/uploads/2023/12/2023-AHPAA-Statewide-Affordability-List.pdf,2023,,0.841270,53.00,63
1766703,St. Charles,Exempt,https://www.ihda.org/wp-content/uploads/2023/12/2023-AHPAA-Statewide-Affordability-List.pdf,2023,,0.171767,2238.30,13031
1766768,St. David,Exempt,https://www.ihda.org/wp-content/uploads/2023/12/2023-AHPAA-Statewide-Affordability-List.pdf,2023,,0.958776,216.68,226
1766794,St. Elmo,Exempt,https://www.ihda.org/wp-content/uploads/2023/12/2023-AHPAA-Statewide-Affordability-List.pdf,2023,,0.910810,481.82,529
1766800,Ste. Marie,Exempt,https://www.ihda.org/wp-content/uploads/2023/12/2023-AHPAA-Statewide-Affordability-List.pdf,2023,,0.946472,103.17,109
1766833,St. Francisville,Exempt,https://www.ihda.org/wp-content/uploads/2023/12/2023-AHPAA-Statewide-Affordability-List.pdf,2023,,0.860408,197.89,230
1766859,St. Jacob,Exempt,https://www.ihda.org/wp-content/uploads/2023/12/2023-AHPAA-Statewide-Affordability-List.pdf,2023,,0.748031,381.50,510
1766924,St. Johns,Exempt,https://www.ihda.org/wp-content/uploads/2023/12/2023-AHPAA-Statewide-Affordability-List.pdf,2023,,0.820915,64.03,78
1766950,St. Joseph,Exempt,https://www.ihda.org/wp-content/uploads/2023/12/2023-AHPAA-Statewide-Affordability-List.pdf,2023,,0.461667,660.65,1431
1766989,St. Libory,Exempt,https://www.ihda.org/wp-content/uploads/2023/12/2023-AHPAA-Statewide-Affordability-List.pdf,2023,,0.902569,253.62,281
1767132,St. Peter,Exempt,https://www.ihda.org/wp-content/uploads/2023/12/2023-AHPAA-Statewide-Affordability-List.pdf,2023,,0.912550,116.81,128
1767158,St. Rose,Exempt,https://www.ihda.org/wp-content/uploads/2023/12/2023-AHPAA-Statewide-Affordability-List.pdf,2023,,0.841212,174.97,208
1767236,Salem,Exempt,https://www.ihda.org/wp-content/uploads/2023/12/2023-AHPAA-Statewide-Affordability-List.pdf,2023,,0.796671,2374.08,2980
1767372,Sammons Point,Exempt,https://www.ihda.org/wp-content/uploads/2023/12/2023-AHPAA-Statewide-Affordability-List.pdf,2023,,0.580797,40.66,70
1767444,Sandoval,Exempt,https://www.ihda.org/wp-content/uploads/2023/12/2023-AHPAA-Statewide-Affordability-List.pdf,2023,"IHDA footnote: median real estate taxes were not available for Sandoval in the ACS 2017-2021 estimates, so they could not be factored into its calculation.",0.784971,344.60,439
1767548,Sandwich,Exempt,https://www.ihda.org/wp-content/uploads/2023/12/2023-AHPAA-Statewide-Affordability-List.pdf,2023,,0.743200,1936.78,2606
1767613,San Jose,Exempt,https://www.ihda.org/wp-content/uploads/2023/12/2023-AHPAA-Statewide-Affordability-List.pdf,2023,,0.958809,222.44,232
1767756,Sauget,Exempt,https://www.ihda.org/wp-content/uploads/2023/12/2023-AHPAA-Statewide-Affordability-List.pdf,2023,,0.838384,83.00,99
1767769,Sauk Village,Exempt,https://www.ihda.org/wp-content/uploads/2023/12/2023-AHPAA-Statewide-Affordability-List.pdf,2023,,0.711180,2248.04,3161
1767795,Saunemin,Exempt,https://www.ihda.org/wp-content/uploads/2023/12/2023-AHPAA-Statewide-Affordability-List.pdf,2023,,0.955529,135.69,142
1767821,Savanna,Exempt,https://www.ihda.org/wp-content/uploads/2023/12/2023-AHPAA-Statewide-Affordability-List.pdf,2023,,0.781802,1073.41,1373
1767860,Savoy,Exempt,https://www.ihda.org/wp-content/uploads/2023/12/2023-AHPAA-Statewide-Affordability-List.pdf,2023,,0.309909,1072.60,3461
1767873,Sawyerville,Exempt,https://www.ihda.org/wp-content/uploads/2023/12/2023-AHPAA-Statewide-Affordability-List.pdf,2023,,0.926829,76.00,82
1767912,Saybrook,Exempt,https://www.ihda.org/wp-content/uploads/2023/12/2023-AHPAA-Statewide-Affordability-List.pdf,2023,,0.942439,269.54,286
1767925,Scales Mound,Exempt,https://www.ihda.org/wp-content/uploads/2023/12/2023-AHPAA-Statewide-Affordability-List.pdf,2023,,0.899979,163.80,182
1768003,Schaumburg,Exempt,https://www.ihda.org/wp-content/uploads/2023/12/2023-AHPAA-Statewide-Affordability-List.pdf,2023,,0.346273,11225.15,32417
1768081,Schiller Park,Exempt,https://www.ihda.org/wp-content/uploads/2023/12/2023-AHPAA-Statewide-Affordability-List.pdf,2023,,0.535767,2303.26,4299
1768120,Schram City,Exempt,https://www.ihda.org/wp-content/uploads/2023/12/2023-AHPAA-Statewide-Affordability-List.pdf,2023,,0.858995,220.76,257
1768198,Sciota,Exempt,https://www.ihda.org/wp-content/uploads/2023/12/2023-AHPAA-Statewide-Affordability-List.pdf,2023,,0.916667,33.00,36
1768406,Scottville,Exempt,https://www.ihda.org/wp-content/uploads/2023/12/2023-AHPAA-Statewide-Affordability-List.pdf,2023,,0.831673,29.11,35
1768458,Seaton,Exempt,https://www.ihda.org/wp-content/uploads/2023/12/2023-AHPAA-Statewide-Affordability-List.pdf,2023,,0.942493,82.00,87
1768471,Seatonville,Exempt,https://www.ihda.org/wp-content/uploads/2023/12/2023-AHPAA-Statewide-Affordability-List.pdf,2023,,0.912967,169.81,186
1768510,Secor,Exempt,https://www.ihda.org/wp-content/uploads/2023/12/2023-AHPAA-Statewide-Affordability-List.pdf,2023,,0.945583,102.12,108
1768640,Seneca,Exempt,https://www.ihda.org/wp-content/uploads/2023/12/2023-AHPAA-Statewide-Affordability-List.pdf,2023,,0.690401,666.93,966
1768705,Sesser,Exempt,https://www.ihda.org/wp-content/uploads/2023/12/2023-AHPAA-Statewide-Affordability-List.pdf,2023,,0.848284,604.83,713
1768822,Shabbona,Exempt,https://www.ihda.org/wp-content/uploads/2023/12/2023-AHPAA-Statewide-Affordability-List.pdf,2023,,0.902168,332.00,368
1768991,Shannon,Exempt,https://www.ihda.org/wp-content/uploads/2023/12/2023-AHPAA-Statewide-Affordability-List.pdf,2023,,0.872429,295.75,339
1769082,Shawneetown,Exempt,https://www.ihda.org/wp-content/uploads/2023/12/2023-AHPAA-Statewide-Affordability-List.pdf,2023,,0.897244,439.65,490
1769147,Sheffield,Exempt,https://www.ihda.org/wp-content/uploads/2023/12/2023-AHPAA-Statewide-Affordability-List.pdf,2023,,0.898618,300.14,334
1769186,Shelbyville,Exempt,https://www.ihda.org/wp-content/uploads/2023/12/2023-AHPAA-Statewide-Affordability-List.pdf,2023,,0.905877,1732.04,1912
1769212,Sheldon,Exempt,https://www.ihda.org/wp-content/uploads/2023/12/2023-AHPAA-Statewide-Affordability-List.pdf,2023,,0.904195,514.49,569
1769277,Sheridan,Exempt,https://www.ihda.org/wp-content/uploads/2023/12/2023-AHPAA-Statewide-Affordability-List.pdf,2023,,0.882966,356.72,404
1769342,Sherman,Exempt,https://www.ihda.org/wp-content/uploads/2023/12/2023-AHPAA-Statewide-Affordability-List.pdf,2023,,0.311133,489.10,1572
1769368,Sherrard,Exempt,https://www.ihda.org/wp-content/uploads/2023/12/2023-AHPAA-Statewide-Affordability-List.pdf,2023,,0.886753,227.90,257
1769524,Shiloh,Exempt,https://www.ihda.org/wp-content/uploads/2023/12/2023-AHPAA-Statewide-Affordability-List.pdf,2023,,0.558651,2978.73,5332
1769563,Shipman,Exempt,https://www.ihda.org/wp-content/uploads/2023/12/2023-AHPAA-Statewide-Affordability-List.pdf,2023,,0.878037,188.78,215
1769758,Shorewood,Exempt,https://www.ihda.org/wp-content/uploads/2023/12/2023-AHPAA-Statewide-Affordability-List.pdf,2023,,0.351398,2236.65,6365
1769797,Shumway,Exempt,https://www.ihda.org/wp-content/uploads/2023/12/2023-AHPAA-Statewide-Affordability-List.pdf,2023,,0.951106,60.87,64
1769810,Sibley,Exempt,https://www.ihda.org/wp-content/uploads/2023/12/2023-AHPAA-Statewide-Affordability-List.pdf,2023,,0.875523,82.30,94
1769836,Sidell,Exempt,https://www.ihda.org/wp-content/uploads/2023/12/2023-AHPAA-Statewide-Affordability-List.pdf,2023,,0.956734,177.00,185
1769875,Sidney,Exempt,https://www.ihda.org/wp-content/uploads/2023/12/2023-AHPAA-Statewide-Affordability-List.pdf,2023,,0.808350,334.66,414
1769914,Sigel,Exempt,https://www.ihda.org/wp-content/uploads/2023/12/2023-AHPAA-Statewide-Affordability-List.pdf,2023,,0.808404,111.56,138
1769979,Silvis,Exempt,https://www.ihda.org/wp-content/uploads/2023/12/2023-AHPAA-Statewide-Affordability-List.pdf,2023,,0.762159,2941.17,3859
1770005,Simpson,Exempt,https://www.ihda.org/wp-content/uploads/2023/12/2023-AHPAA-Statewide-Affordability-List.pdf,2023,,0.766681,12.27,16
1770031,Sims,Exempt,https://www.ihda.org/wp-content/uploads/2023/12/2023-AHPAA-Statewide-Affordability-List.pdf,2023,,0.917094,68.78,75
1770122,Skokie,Exempt,https://www.ihda.org/wp-content/uploads/2023/12/2023-AHPAA-Statewide-Affordability-List.pdf,2023,,0.217954,5245.50,24067
1770161,Sleepy Hollow,Exempt,https://www.ihda.org/wp-content/uploads/2023/12/2023-AHPAA-Statewide-Affordability-List.pdf,2023,,0.110375,125.94,1141
1770213,Smithboro,Exempt,https://www.ihda.org/wp-content/uploads/2023/12/2023-AHPAA-Statewide-Affordability-List.pdf,2023,,0.935830,72.06,77
1770226,Smithfield,Exempt,https://www.ihda.org/wp-content/uploads/2023/12/2023-AHPAA-Statewide-Affordability-List.pdf,2023,,0.930092,81.85,88
1770252,Smithton,Exempt,https://www.ihda.org/wp-content/uploads/2023/12/2023-AHPAA-Statewide-Affordability-List.pdf,2023,,0.603247,940.46,1559
1770460,Somonauk,Exempt,https://www.ihda.org/wp-content/uploads/2023/12/2023-AHPAA-Statewide-Affordability-List.pdf,2023,,0.737991,488.55,662
1770525,Sorento,Exempt,https://www.ihda.org/wp-content/uploads/2023/12/2023-AHPAA-Statewide-Affordability-List.pdf,2023,,0.979381,190.00,194
1770564,South Barrington,Non-Exempt,https://www.ihda.org/wp-content/uploads/2023/12/2023-AHPAA-Statewide-Affordability-List.pdf,2023,,0.021082,35.02,1661
1770590,South Beloit,Exempt,https://www.ihda.org/wp-content/uploads/2023/12/2023-AHPAA-Statewide-Affordability-List.pdf,2023,,0.821456,2626.19,3197
1770629,South Chicago Heights,Exempt,https://www.ihda.org/wp-content/uploads/2023/12/2023-AHPAA-Statewide-Affordability-List.pdf,2023,,0.870093,1353.87,1556
1770720,South Elgin,Exempt,https://www.ihda.org/wp-content/uploads/2023/12/2023-AHPAA-Statewide-Affordability-List.pdf,2023,,0.393636,3155.78,8017
1770759,Southern View,Exempt,https://www.ihda.org/wp-content/uploads/2023/12/2023-AHPAA-Statewide-Affordability-List.pdf,2023,,0.855542,626.26,732
1770850,South Holland,Exempt,https://www.ihda.org/wp-content/uploads/2023/12/2023-AHPAA-Statewide-Affordability-List.pdf,2023,,0.748045,5522.82,7383
1770889,South Jacksonville,Exempt,https://www.ihda.org/wp-content/uploads/2023/12/2023-AHPAA-Statewide-Affordability-List.pdf,2023,,0.807566,1271.11,1574
1771175,South Pekin,Exempt,https://www.ihda.org/wp-content/uploads/2023/12/2023-AHPAA-Statewide-Affordability-List.pdf,2023,,0.925702,323.07,349
1771240,South Roxana,Exempt,https://www.ihda.org/wp-content/uploads/2023/12/2023-AHPAA-Statewide-Affordability-List.pdf,2023,,0.887796,698.70,787
1771370,South Wilmington,Exempt,https://www.ihda.org/wp-content/uploads/2023/12/2023-AHPAA-Statewide-Affordability-List.pdf,2023,,0.910578,251.32,276
1771422,Sparland,Exempt,https://www.ihda.org/wp-content/uploads/2023/12/2023-AHPAA-Statewide-Affordability-List.pdf,2023,,0.908193,165.29,182
1771448,Sparta,Exempt,https://www.ihda.org/wp-content/uploads/2023/12/2023-AHPAA-Statewide-Affordability-List.pdf,2023,,0.826111,1487.00,1800
1771474,Spaulding,Exempt,https://www.ihda.org/wp-content/uploads/2023/12/2023-AHPAA-Statewide-Affordability-List.pdf,2023,,0.720401,277.35,385
1771526,Spillertown,Exempt,https://www.ihda.org/wp-content/uploads/2023/12/2023-AHPAA-Statewide-Affordability-List.pdf,2023,,0.848766,110.34,130
1771604,Spring Bay,Exempt,https://www.ihda.org/wp-content/uploads/2023/12/2023-AHPAA-Statewide-Affordability-List.pdf,2023,,0.781673,146.17,187
1771643,Springerton,Exempt,https://www.ihda.org/wp-content/uploads/2023/12/2023-AHPAA-Statewide-Affordability-List.pdf,2023,,0.878377,31.62,36
1772000,Springfield,Exempt,https://www.ihda.org/wp-content/uploads/2023/12/2023-AHPAA-Statewide-Affordability-List.pdf,2023,,0.762968,38881.62,50961
1772052,Spring Grove,Non-Exempt,https://www.ihda.org/wp-content/uploads/2023/12/2023-AHPAA-Statewide-Affordability-List.pdf,2023,,0.063132,111.87,1772
1772156,Spring Valley,Exempt,https://www.ihda.org/wp-content/uploads/2023/12/2023-AHPAA-Statewide-Affordability-List.pdf,2023,,0.800408,1892.97,2365
1772221,Standard,Exempt,https://www.ihda.org/wp-content/uploads/2023/12/2023-AHPAA-Statewide-Affordability-List.pdf,2023,,0.979573,132.24,135
1772234,Standard City,Exempt,https://www.ihda.org/wp-content/uploads/2023/12/2023-AHPAA-Statewide-Affordability-List.pdf,2023,,0.986798,68.09,69
1772260,Stanford,Exempt,https://www.ihda.org/wp-content/uploads/2023/12/2023-AHPAA-Statewide-Affordability-List.pdf,2023,,0.951932,220.85,232
1772403,Staunton,Exempt,https://www.ihda.org/wp-content/uploads/2023/12/2023-AHPAA-Statewide-Affordability-List.pdf,2023,,0.908062,1814.31,1998
1772468,Steeleville,Exempt,https://www.ihda.org/wp-content/uploads/2023/12/2023-AHPAA-Statewide-Affordability-List.pdf,2023,,0.799537,632.43,791
1772520,Steger,Exempt,https://www.ihda.org/wp-content/uploads/2023/12/2023-AHPAA-Statewide-Affordability-List.pdf,2023,,0.872607,3519.22,4033
1772546,Sterling,Exempt,https://www.ihda.org/wp-content/uploads/2023/12/2023-AHPAA-Statewide-Affordability-List.pdf,2023,,0.811520,5248.10,6467
1772624,Steward,Exempt,https://www.ihda.org/wp-content/uploads/2023/12/2023-AHPAA-Statewide-Affordability-List.pdf,2023,,0.901819,99.20,110
1772650,Stewardson,Exempt,https://www.ihda.org/wp-content/uploads/2023/12/2023-AHPAA-Statewide-Affordability-List.pdf,2023,,0.904344,274.92,304
1772676,Stickney,Exempt,https://www.ihda.org/wp-content/uploads/2023/12/2023-AHPAA-Statewide-Affordability-List.pdf,2023,,0.713708,1710.76,2397
1772702,Stillman Valley,Exempt,https://www.ihda.org/wp-content/uploads/2023/12/2023-AHPAA-Statewide-Affordability-List.pdf,2023,,0.849596,353.43,416
1772780,Stockton,Exempt,https://www.ihda.org/wp-content/uploads/2023/12/2023-AHPAA-Statewide-Affordability-List.pdf,2023,,0.873998,707.06,809
1772884,Stonefort,Exempt,https://www.ihda.org/wp-content/uploads/2023/12/2023-AHPAA-Statewide-Affordability-List.pdf,2023,,0.739927,103.59,140
1772923,Stone Park,Exempt,https://www.ihda.org/wp-content/uploads/2023/12/2023-AHPAA-Statewide-Affordability-List.pdf,2023,,0.635151,830.14,1307
1772949,Stonington,Exempt,https://www.ihda.org/wp-content/uploads/2023/12/2023-AHPAA-Statewide-Affordability-List.pdf,2023,,0.845538,273.95,324
1773027,Stoy,Exempt,https://www.ihda.org/wp-content/uploads/2023/12/2023-AHPAA-Statewide-Affordability-List.pdf,2023,,0.899574,44.08,49
1773040,Strasburg,Exempt,https://www.ihda.org/wp-content/uploads/2023/12/2023-AHPAA-Statewide-Affordability-List.pdf,2023,,0.941219,200.48,213
1773131,Strawn,Exempt,https://www.ihda.org/wp-content/uploads/2023/12/2023-AHPAA-Statewide-Affordability-List.pdf,2023,,0.937272,29.06,31
1773157,Streamwood,Exempt,https://www.ihda.org/wp-content/uploads/2023/12/2023-AHPAA-Statewide-Affordability-List.pdf,2023,,0.578974,7452.56,12872
1773170,Streator,Exempt,https://www.ihda.org/wp-content/uploads/2023/12/2023-AHPAA-Statewide-Affordability-List.pdf,2023,,0.901404,5167.75,5733
1773261,Stronghurst,Exempt,https://www.ihda.org/wp-content/uploads/2023/12/2023-AHPAA-Statewide-Affordability-List.pdf,2023,,0.851180,291.10,342
1773287,Sublette,Exempt,https://www.ihda.org/wp-content/uploads/2023/12/2023-AHPAA-Statewide-Affordability-List.pdf,2023,,0.890787,138.07,155
1773391,Sugar Grove,Exempt,https://www.ihda.org/wp-content/uploads/2023/12/2023-AHPAA-Statewide-Affordability-List.pdf,2023,,0.186035,618.01,3322
1773495,Sullivan,Exempt,https://www.ihda.org/wp-content/uploads/2023/12/2023-AHPAA-Statewide-Affordability-List.pdf,2023,,0.935193,1645.94,1760
1773547,Summerfield,Exempt,https://www.ihda.org/wp-content/uploads/2023/12/2023-AHPAA-Statewide-Affordability-List.pdf,2023,,0.928784,149.53,161
1773638,Summit,Exempt,https://www.ihda.org/wp-content/uploads/2023/12/2023-AHPAA-Statewide-Affordability-List.pdf,2023,,0.742878,2537.67,3416
1773703,Sumner,Exempt,https://www.ihda.org/wp-content/uploads/2023/12/2023-AHPAA-Statewide-Affordability-List.pdf,2023,,0.838196,227.15,271
1773943,Sun River Terrace,Exempt,https://www.ihda.org/wp-content/uploads/2023/12/2023-AHPAA-Statewide-Affordability-List.pdf,2023,,0.657647,106.54,162
1774119,Swansea,Exempt,https://www.ihda.org/wp-content/uploads/2023/12/2023-AHPAA-Statewide-Affordability-List.pdf,2023,,0.615352,3492.12,5675
1774223,Sycamore,Exempt,https://www.ihda.org/wp-content/uploads/2023/12/2023-AHPAA-Statewide-Affordability-List.pdf,2023,,0.662477,4854.63,7328
1774275,Symerton,Exempt,https://www.ihda.org/wp-content/uploads/2023/12/2023-AHPAA-Statewide-Affordability-List.pdf,2023,,0.903772,26.21,29
1774301,Table Grove,Exempt,https://www.ihda.org/wp-content/uploads/2023/12/2023-AHPAA-Statewide-Affordability-List.pdf,2023,,0.945266,130.45,138
1774379,Tallula,Exempt,https://www.ihda.org/wp-content/uploads/2023/12/2023-AHPAA-Statewide-Affordability-List.pdf,2023,,0.906126,218.38,241
1774444,Tamaroa,Exempt,https://www.ihda.org/wp-content/uploads/2023/12/2023-AHPAA-Statewide-Affordability-List.pdf,2023,,0.858406,212.88,248
1774457,Tamms,Exempt,https://www.ihda.org/wp-content/uploads/2023/12/2023-AHPAA-Statewide-Affordability-List.pdf,2023,,0.946132,171.25,181
1774470,Tampico,Exempt,https://www.ihda.org/wp-content/uploads/2023/12/2023-AHPAA-Statewide-Affordability-List.pdf,2023,,0.919402,232.61,253
1774561,Taylor Springs,Exempt,https://www.ihda.org/wp-content/uploads/2023/12/2023-AHPAA-Statewide-Affordability-List.pdf,2023,,0.926032,288.92,312
1774574,Taylorville,Exempt,https://www.ihda.org/wp-content/uploads/2023/12/2023-AHPAA-Statewide-Affordability-List.pdf,2023,,0.803759,3940.03,4902
1774665,Tennessee,Exempt,https://www.ihda.org/wp-content/uploads/2023/12/2023-AHPAA-Statewide-Affordability-List.pdf,2023,,0.980392,50.00,51
1774743,Teutopolis,Exempt,https://www.ihda.org/wp-content/uploads/2023/12/2023-AHPAA-Statewide-Affordability-List.pdf,2023,,0.759427,571.09,752
1774847,Thawville,Exempt,https://www.ihda.org/wp-content/uploads/2023/12/2023-AHPAA-Statewide-Affordability-List.pdf,2023,,0.949986,89.30,94
1774860,Thayer,Exempt,https://www.ihda.org/wp-content/uploads/2023/12/2023-AHPAA-Statewide-Affordability-List.pdf,2023,,0.909598,278.34,306
1774873,Thebes,Exempt,https://www.ihda.org/wp-content/uploads/2023/12/2023-AHPAA-Statewide-Affordability-List.pdf,2023,,0.844470,74.31,88
1775081,Third Lake,Non-Exempt,https://www.ihda.org/wp-content/uploads/2023/12/2023-AHPAA-Statewide-Affordability-List.pdf,2023,,0.061543,26.34,428
1775107,Thomasboro,Exempt,https://www.ihda.org/wp-content/uploads/2023/12/2023-AHPAA-Statewide-Affordability-List.pdf,2023,,0.921885,401.02,435
1775159,Thompsonville,Exempt,https://www.ihda.org/wp-content/uploads/2023/12/2023-AHPAA-Statewide-Affordability-List.pdf,2023,,0.625290,155.70,249
1775172,Thomson,Exempt,https://www.ihda.org/wp-content/uploads/2023/12/2023-AHPAA-Statewide-Affordability-List.pdf,2023,,0.776491,153.75,198
1775185,Thornton,Exempt,https://www.ihda.org/wp-content/uploads/2023/12/2023-AHPAA-Statewide-Affordability-List.pdf,2023,,0.867176,852.43,983
1775263,Tilden,Exempt,https://www.ihda.org/wp-content/uploads/2023/12/2023-AHPAA-Statewide-Affordability-List.pdf,2023,,0.823056,293.83,357
1775276,Tilton,Exempt,https://www.ihda.org/wp-content/uploads/2023/12/2023-AHPAA-Statewide-Affordability-List.pdf,2023,,0.851986,1024.09,1202
1775360,Timberlane,Non-Exempt,https://www.ihda.org/wp-content/uploads/2023/12/2023-AHPAA-Statewide-Affordability-List.pdf,2023,"IHDA's population is the ACS 2017-2021 estimate, 1,323. The 2020 Census counts 906, under the 1,000 residents below which IHDA treats a municipality as exempt.",0.012987,5.00,385
1775484,Tinley Park,Exempt,https://www.ihda.org/wp-content/uploads/2023/12/2023-AHPAA-Statewide-Affordability-List.pdf,2023,,0.408692,9023.91,22080
1775549,Tiskilwa,Exempt,https://www.ihda.org/wp-content/uploads/2023/12/2023-AHPAA-Statewide-Affordability-List.pdf,2023,,0.847793,253.49,299
1775601,Toledo,Exempt,https://www.ihda.org/wp-content/uploads/2023/12/2023-AHPAA-Statewide-Affordability-List.pdf,2023,,0.950620,450.59,474
1775614,Tolono,Exempt,https://www.ihda.org/wp-content/uploads/2023/12/2023-AHPAA-Statewide-Affordability-List.pdf,2023,,0.745591,972.25,1304
1775653,Toluca,Exempt,https://www.ihda.org/wp-content/uploads/2023/12/2023-AHPAA-Statewide-Affordability-List.pdf,2023,,0.927460,479.50,517
1775718,Tonica,Exempt,https://www.ihda.org/wp-content/uploads/2023/12/2023-AHPAA-Statewide-Affordability-List.pdf,2023,,0.853635,263.77,309
1775757,Topeka,Exempt,https://www.ihda.org/wp-content/uploads/2023/12/2023-AHPAA-Statewide-Affordability-List.pdf,2023,,0.934366,26.16,28
1775783,Toulon,Exempt,https://www.ihda.org/wp-content/uploads/2023/12/2023-AHPAA-Statewide-Affordability-List.pdf,2023,,0.889617,511.53,575
1775809,Tovey,Exempt,https://www.ihda.org/wp-content/uploads/2023/12/2023-AHPAA-Statewide-Affordability-List.pdf,2023,,0.893394,219.77,246
1775822,Towanda,Exempt,https://www.ihda.org/wp-content/uploads/2023/12/2023-AHPAA-Statewide-Affordability-List.pdf,2023,,0.938636,162.38,173
1775848,Tower Hill,Exempt,https://www.ihda.org/wp-content/uploads/2023/12/2023-AHPAA-Statewide-Affordability-List.pdf,2023,,0.875048,159.26,182
1775874,Tower Lakes,Non-Exempt,https://www.ihda.org/wp-content/uploads/2023/12/2023-AHPAA-Statewide-Affordability-List.pdf,2023,,0.017505,8.00,457
1775965,Tremont,Exempt,https://www.ihda.org/wp-content/uploads/2023/12/2023-AHPAA-Statewide-Affordability-List.pdf,2023,,0.711205,697.69,981
1775991,Trenton,Exempt,https://www.ihda.org/wp-content/uploads/2023/12/2023-AHPAA-Statewide-Affordability-List.pdf,2023,,0.887849,1009.48,1137
1776160,Trout Valley,Exempt,https://www.ihda.org/wp-content/uploads/2023/12/2023-AHPAA-Statewide-Affordability-List.pdf,2023,,0.029528,6.29,213
1776199,Troy,Exempt,https://www.ihda.org/wp-content/uploads/2023/12/2023-AHPAA-Statewide-Affordability-List.pdf,2023,,0.604702,2541.56,4203
1776225,Troy Grove,Exempt,https://www.ihda.org/wp-content/uploads/2023/12/2023-AHPAA-Statewide-Affordability-List.pdf,2023,,0.830305,63.93,77
1776407,Tuscola,Exempt,https://www.ihda.org/wp-content/uploads/2023/12/2023-AHPAA-Statewide-Affordability-List.pdf,2023,,0.752217,1557.09,2070
1776615,Ullin,Exempt,https://www.ihda.org/wp-content/uploads/2023/12/2023-AHPAA-Statewide-Affordability-List.pdf,2023,,0.866901,144.77,167
1776706,Union,Exempt,https://www.ihda.org/wp-content/uploads/2023/12/2023-AHPAA-Statewide-Affordability-List.pdf,2023,,0.780061,186.43,239
1776771,Union Hill,Exempt,https://www.ihda.org/wp-content/uploads/2023/12/2023-AHPAA-Statewide-Affordability-List.pdf,2023,,0.867071,20.81,24
1776935,University Park,Exempt,https://www.ihda.org/wp-content/uploads/2023/12/2023-AHPAA-Statewide-Affordability-List.pdf,2023,,0.819664,2120.47,2587
1777005,Urbana,Exempt,https://www.ihda.org/wp-content/uploads/2023/12/2023-AHPAA-Statewide-Affordability-List.pdf,2023,,0.571170,9151.28,16022
1777044,Ursa,Exempt,https://www.ihda.org/wp-content/uploads/2023/12/2023-AHPAA-Statewide-Affordability-List.pdf,2023,,0.859923,197.78,230
1777148,Valier,Exempt,https://www.ihda.org/wp-content/uploads/2023/12/2023-AHPAA-Statewide-Affordability-List.pdf,2023,,0.908219,275.19,303
1777187,Valley City,Exempt,https://www.ihda.org/wp-content/uploads/2023/12/2023-AHPAA-Statewide-Affordability-List.pdf,2023,,0.727273,8.00,11
1777265,Valmeyer,Exempt,https://www.ihda.org/wp-content/uploads/2023/12/2023-AHPAA-Statewide-Affordability-List.pdf,2023,,0.772705,319.13,413
1777317,Vandalia,Exempt,https://www.ihda.org/wp-content/uploads/2023/12/2023-AHPAA-Statewide-Affordability-List.pdf,2023,,0.784738,1640.10,2090
1777395,Varna,Exempt,https://www.ihda.org/wp-content/uploads/2023/12/2023-AHPAA-Statewide-Affordability-List.pdf,2023,,0.986018,165.65,168
1777408,Venedy,Exempt,https://www.ihda.org/wp-content/uploads/2023/12/2023-AHPAA-Statewide-Affordability-List.pdf,2023,,0.800000,40.00,50
1777473,Venice,Exempt,https://www.ihda.org/wp-content/uploads/2023/12/2023-AHPAA-Statewide-Affordability-List.pdf,2023,,0.888241,683.95,770
1777525,Vergennes,Exempt,https://www.ihda.org/wp-content/uploads/2023/12/2023-AHPAA-Statewide-Affordability-List.pdf,2023,,0.851059,84.25,99
1777551,Vermilion,Exempt,https://www.ihda.org/wp-content/uploads/2023/12/2023-AHPAA-Statewide-Affordability-List.pdf,2023,,0.832411,59.10,71
1777642,Vermont,Exempt,https://www.ihda.org/wp-content/uploads/2023/12/2023-AHPAA-Statewide-Affordability-List.pdf,2023,,0.967004,270.76,280
1777681,Vernon,Exempt,https://www.ihda.org/wp-content/uploads/2023/12/2023-AHPAA-Statewide-Affordability-List.pdf,2023,,0.878623,42.17,48
1777694,Vernon Hills,Exempt,https://www.ihda.org/wp-content/uploads/2023/12/2023-AHPAA-Statewide-Affordability-List.pdf,2023,,0.174254,1777.21,10199
1777707,Verona,Exempt,https://www.ihda.org/wp-content/uploads/2023/12/2023-AHPAA-Statewide-Affordability-List.pdf,2023,,0.950275,111.18,117
1777720,Versailles,Exempt,https://www.ihda.org/wp-content/uploads/2023/12/2023-AHPAA-Statewide-Affordability-List.pdf,2023,,0.924172,142.32,154
1777811,Victoria,Exempt,https://www.ihda.org/wp-content/uploads/2023/12/2023-AHPAA-Statewide-Affordability-List.pdf,2023,,0.875837,105.98,121
1777863,Vienna,Exempt,https://www.ihda.org/wp-content/uploads/2023/12/2023-AHPAA-Statewide-Affordability-List.pdf,2023,,0.745925,439.35,589
1777941,Villa Grove,Exempt,https://www.ihda.org/wp-content/uploads/2023/12/2023-AHPAA-Statewide-Affordability-List.pdf,2023,,0.939904,972.80,1035
1777993,Villa Park,Exempt,https://www.ihda.org/wp-content/uploads/2023/12/2023-AHPAA-Statewide-Affordability-List.pdf,2023,,0.417818,3480.01,8329
1778123,Viola,Exempt,https://www.ihda.org/wp-content/uploads/2023/12/2023-AHPAA-Statewide-Affordability-List.pdf,2023,,0.898547,364.81,406
1778149,Virden,Exempt,https://www.ihda.org/wp-content/uploads/2023/12/2023-AHPAA-Statewide-Affordability-List.pdf,2023,,0.894553,1230.01,1375
1778175,Virgil,Exempt,https://www.ihda.org/wp-content/uploads/2023/12/2023-AHPAA-Statewide-Affordability-List.pdf,2023,,0.516748,67.69,131
1778201,Virginia,Exempt,https://www.ihda.org/wp-content/uploads/2023/12/2023-AHPAA-Statewide-Affordability-List.pdf,2023,,0.897705,506.31,564
1778227,Volo,Exempt,https://www.ihda.org/wp-content/uploads/2023/12/2023-AHPAA-Statewide-Affordability-List.pdf,2023,,0.409188,832.29,2034
1778370,Wadsworth,Exempt,https://www.ihda.org/wp-content/uploads/2023/12/2023-AHPAA-Statewide-Affordability-List.pdf,2023,,0.177980,244.90,1376
1778383,Waggoner,Exempt,https://www.ihda.org/wp-content/uploads/2023/12/2023-AHPAA-Statewide-Affordability-List.pdf,2023,,0.636179,43.90,69
1778526,Walnut,Exempt,https://www.ihda.org/wp-content/uploads/2023/12/2023-AHPAA-Statewide-Affordability-List.pdf,2023,,0.893286,474.34,531
1778604,Walnut Hill,Exempt,https://www.ihda.org/wp-content/uploads/2023/12/2023-AHPAA-Statewide-Affordability-List.pdf,2023,,0.866252,38.98,45
1778656,Walshville,Exempt,https://www.ihda.org/wp-content/uploads/2023/12/2023-AHPAA-Statewide-Affordability-List.pdf,2023,,0.989807,50.48,51
1778708,Waltonville,Exempt,https://www.ihda.org/wp-content/uploads/2023/12/2023-AHPAA-Statewide-Affordability-List.pdf,2023,,0.825487,130.43,158
1778721,Wamac,Exempt,https://www.ihda.org/wp-content/uploads/2023/12/2023-AHPAA-Statewide-Affordability-List.pdf,2023,,0.895067,349.08,390
1778773,Wapella,Exempt,https://www.ihda.org/wp-content/uploads/2023/12/2023-AHPAA-Statewide-Affordability-List.pdf,2023,,0.948486,209.62,221
1778851,Warren,Exempt,https://www.ihda.org/wp-content/uploads/2023/12/2023-AHPAA-Statewide-Affordability-List.pdf,2023,,0.943772,524.74,556
1778916,Warrensburg,Exempt,https://www.ihda.org/wp-content/uploads/2023/12/2023-AHPAA-Statewide-Affordability-List.pdf,2023,,0.929677,380.24,409
1778929,Warrenville,Exempt,https://www.ihda.org/wp-content/uploads/2023/12/2023-AHPAA-Statewide-Affordability-List.pdf,2023,,0.490786,2558.96,5214
1778942,Warsaw,Exempt,https://www.ihda.org/wp-content/uploads/2023/12/2023-AHPAA-Statewide-Affordability-List.pdf,2023,,0.918772,618.33,673
1779007,Washburn,Exempt,https://www.ihda.org/wp-content/uploads/2023/12/2023-AHPAA-Statewide-Affordability-List.pdf,2023,,0.929355,438.66,472
1779033,Washington,Exempt,https://www.ihda.org/wp-content/uploads/2023/12/2023-AHPAA-Statewide-Affordability-List.pdf,2023,,0.552389,3321.51,6013
1779085,Washington Park,Exempt,https://www.ihda.org/wp-content/uploads/2023/12/2023-AHPAA-Statewide-Affordability-List.pdf,2023,,0.805613,799.97,993
1779124,Wataga,Exempt,https://www.ihda.org/wp-content/uploads/2023/12/2023-AHPAA-Statewide-Affordability-List.pdf,2023,,0.877851,299.35,341
1779150,Waterloo,Exempt,https://www.ihda.org/wp-content/uploads/2023/12/2023-AHPAA-Statewide-Affordability-List.pdf,2023,,0.642527,2805.27,4366
1779163,Waterman,Exempt,https://www.ihda.org/wp-content/uploads/2023/12/2023-AHPAA-Statewide-Affordability-List.pdf,2023,,0.910961,481.90,529
1779228,Watseka,Exempt,https://www.ihda.org/wp-content/uploads/2023/12/2023-AHPAA-Statewide-Affordability-List.pdf,2023,,0.852268,1826.41,2143
1779241,Watson,Exempt,https://www.ihda.org/wp-content/uploads/2023/12/2023-AHPAA-Statewide-Affordability-List.pdf,2023,,0.921974,247.09,268
1779267,Wauconda,Exempt,https://www.ihda.org/wp-content/uploads/2023/12/2023-AHPAA-Statewide-Affordability-List.pdf,2023,,0.481180,2444.40,5080
1779293,Waukegan,Exempt,https://www.ihda.org/wp-content/uploads/2023/12/2023-AHPAA-Statewide-Affordability-List.pdf,2023,,0.751175,22834.96,30399
1779358,Waverly,Exempt,https://www.ihda.org/wp-content/uploads/2023/12/2023-AHPAA-Statewide-Affordability-List.pdf,2023,,0.865091,473.20,547
1779397,Wayne,Non-Exempt,https://www.ihda.org/wp-content/uploads/2023/12/2023-AHPAA-Statewide-Affordability-List.pdf,2023,,0.054122,50.01,924
1779436,Wayne City,Exempt,https://www.ihda.org/wp-content/uploads/2023/12/2023-AHPAA-Statewide-Affordability-List.pdf,2023,,0.899613,374.24,416
1779449,Waynesville,Exempt,https://www.ihda.org/wp-content/uploads/2023/12/2023-AHPAA-Statewide-Affordability-List.pdf,2023,,0.971426,176.80,182
1779683,Weldon,Exempt,https://www.ihda.org/wp-content/uploads/2023/12/2023-AHPAA-Statewide-Affordability-List.pdf,2023,,0.928560,141.14,152
1779735,Wellington,Exempt,https://www.ihda.org/wp-content/uploads/2023/12/2023-AHPAA-Statewide-Affordability-List.pdf,2023,,0.932981,89.57,96
1779813,Wenona,Exempt,https://www.ihda.org/wp-content/uploads/2023/12/2023-AHPAA-Statewide-Affordability-List.pdf,2023,,0.911689,457.67,502
1779826,Wenonah,Exempt,https://www.ihda.org/wp-content/uploads/2023/12/2023-AHPAA-Statewide-Affordability-List.pdf,2023,,0.944818,7.56,8
1780008,West Brooklyn,Exempt,https://www.ihda.org/wp-content/uploads/2023/12/2023-AHPAA-Statewide-Affordability-List.pdf,2023,,0.800053,37.60,47
1780047,Westchester,Exempt,https://www.ihda.org/wp-content/uploads/2023/12/2023-AHPAA-Statewide-Affordability-List.pdf,2023,,0.486854,3324.73,6829
1780060,West Chicago,Exempt,https://www.ihda.org/wp-content/uploads/2023/12/2023-AHPAA-Statewide-Affordability-List.pdf,2023,,0.355437,2680.00,7540
1780073,West City,Exempt,https://www.ihda.org/wp-content/uploads/2023/12/2023-AHPAA-Statewide-Affordability-List.pdf,2023,,0.773424,191.04,247
1780125,West Dundee,Exempt,https://www.ihda.org/wp-content/uploads/2023/12/2023-AHPAA-Statewide-Affordability-List.pdf,2023,,0.267194,828.84,3102
1780242,Western Springs,Non-Exempt,https://www.ihda.org/wp-content/uploads/2023/12/2023-AHPAA-Statewide-Affordability-List.pdf,2023,,0.020979,94.62,4510
1780281,Westfield,Exempt,https://www.ihda.org/wp-content/uploads/2023/12/2023-AHPAA-Statewide-Affordability-List.pdf,2023,,0.934917,211.29,226
1780333,West Frankfort,Exempt,https://www.ihda.org/wp-content/uploads/2023/12/2023-AHPAA-Statewide-Affordability-List.pdf,2023,,0.811181,2521.15,3108
1780645,Westmont,Exempt,https://www.ihda.org/wp-content/uploads/2023/12/2023-AHPAA-Statewide-Affordability-List.pdf,2023,,0.371873,3867.85,10401
1780736,West Peoria,Exempt,https://www.ihda.org/wp-content/uploads/2023/12/2023-AHPAA-Statewide-Affordability-List.pdf,2023,,0.872013,1555.67,1784
1780762,West Point,Exempt,https://www.ihda.org/wp-content/uploads/2023/12/2023-AHPAA-Statewide-Affordability-List.pdf,2023,,0.944444,68.00,72
1780853,West Salem,Exempt,https://www.ihda.org/wp-content/uploads/2023/12/2023-AHPAA-Statewide-Affordability-List.pdf,2023,,0.916245,308.77,337
1780931,Westville,Exempt,https://www.ihda.org/wp-content/uploads/2023/12/2023-AHPAA-Statewide-Affordability-List.pdf,2023,,0.854467,1158.66,1356
1781048,Wheaton,Exempt,https://www.ihda.org/wp-content/uploads/2023/12/2023-AHPAA-Statewide-Affordability-List.pdf,2023,,0.154651,3053.43,19744
1781074,Wheeler,Exempt,https://www.ihda.org/wp-content/uploads/2023/12/2023-AHPAA-Statewide-Affordability-List.pdf,2023,,0.925550,41.65,45
1781087,Wheeling,Exempt,https://www.ihda.org/wp-content/uploads/2023/12/2023-AHPAA-Statewide-Affordability-List.pdf,2023,,0.497868,7627.83,15321
1781191,White City,Exempt,https://www.ihda.org/wp-content/uploads/2023/12/2023-AHPAA-Statewide-Affordability-List.pdf,2023,,1.000000,85.00,85
1781256,White Hall,Exempt,https://www.ihda.org/wp-content/uploads/2023/12/2023-AHPAA-Statewide-Affordability-List.pdf,2023,,0.889916,794.69,893
1781802,Williamsfield,Exempt,https://www.ihda.org/wp-content/uploads/2023/12/2023-AHPAA-Statewide-Affordability-List.pdf,2023,,0.874385,170.51,195
1781815,Williamson,Exempt,https://www.ihda.org/wp-content/uploads/2023/12/2023-AHPAA-Statewide-Affordability-List.pdf,2023,,0.893502,73.27,82
1781854,Williamsville,Exempt,https://www.ihda.org/wp-content/uploads/2023/12/2023-AHPAA-Statewide-Affordability-List.pdf,2023,,0.795294,458.09,576
1781867,Willisville,Exempt,https://www.ihda.org/wp-content/uploads/2023/12/2023-AHPAA-Statewide-Affordability-List.pdf,2023,,0.907988,182.51,201
1781919,Willowbrook,Exempt,https://www.ihda.org/wp-content/uploads/2023/12/2023-AHPAA-Statewide-Affordability-List.pdf,2023,,0.419602,1721.63,4103
1782010,Willow Hill,Exempt,https://www.ihda.org/wp-content/uploads/2023/12/2023-AHPAA-Statewide-Affordability-List.pdf,2023,,0.929865,71.60,77
1782049,Willow Springs,Exempt,https://www.ihda.org/wp-content/uploads/2023/12/2023-AHPAA-Statewide-Affordability-List.pdf,2023,,0.209759,489.37,2333
1782075,Wilmette,Non-Exempt,https://www.ihda.org/wp-content/uploads/2023/12/2023-AHPAA-Statewide-Affordability-List.pdf,2023,,0.048485,500.89,10331
1782088,Wilmington Village,Exempt,https://www.ihda.org/wp-content/uploads/2023/12/2023-AHPAA-Statewide-Affordability-List.pdf,2023,,0.699488,20.98,30
1782101,Wilmington City,Exempt,https://www.ihda.org/wp-content/uploads/2023/12/2023-AHPAA-Statewide-Affordability-List.pdf,2023,,0.814014,1912.93,2350
1782218,Wilsonville,Exempt,https://www.ihda.org/wp-content/uploads/2023/12/2023-AHPAA-Statewide-Affordability-List.pdf,2023,,0.970272,208.61,215
1782270,Winchester,Exempt,https://www.ihda.org/wp-content/uploads/2023/12/2023-AHPAA-Statewide-Affordability-List.pdf,2023,,0.901997,561.04,622
1782309,Windsor Village,Exempt,https://www.ihda.org/wp-content/uploads/2023/12/2023-AHPAA-Statewide-Affordability-List.pdf,2023,,0.927340,331.99,358
1782322,Windsor City,Exempt,https://www.ihda.org/wp-content/uploads/2023/12/2023-AHPAA-Statewide-Affordability-List.pdf,2023,,0.913259,425.58,466
1782400,Winfield,Exempt,https://www.ihda.org/wp-content/uploads/2023/12/2023-AHPAA-Statewide-Affordability-List.pdf,2023,,0.236031,915.57,3879
1782491,Winnebago,Exempt,https://www.ihda.org/wp-content/uploads/2023/12/2023-AHPAA-Statewide-Affordability-List.pdf,2023,,0.736098,943.68,1282
1782530,Winnetka,Non-Exempt,https://www.ihda.org/wp-content/uploads/2023/12/2023-AHPAA-Statewide-Affordability-List.pdf,2023,,0.036487,158.83,4353
1782543,Winslow,Exempt,https://www.ihda.org/wp-content/uploads/2023/12/2023-AHPAA-Statewide-Affordability-List.pdf,2023,,0.773170,105.15,136
1782686,Winthrop Harbor,Exempt,https://www.ihda.org/wp-content/uploads/2023/12/2023-AHPAA-Statewide-Affordability-List.pdf,2023,,0.579163,1589.22,2744
1782725,Witt,Exempt,https://www.ihda.org/wp-content/uploads/2023/12/2023-AHPAA-Statewide-Affordability-List.pdf,2023,,0.924470,264.40,286
1782855,Wonder Lake,Exempt,https://www.ihda.org/wp-content/uploads/2023/12/2023-AHPAA-Statewide-Affordability-List.pdf,2023,,0.626581,960.55,1533
1782985,Wood Dale,Exempt,https://www.ihda.org/wp-content/uploads/2023/12/2023-AHPAA-Statewide-Affordability-List.pdf,2023,,0.467611,2397.44,5127
1783063,Woodhull,Exempt,https://www.ihda.org/wp-content/uploads/2023/12/2023-AHPAA-Statewide-Affordability-List.pdf,2023,,0.842314,264.49,314
1783102,Woodland,Exempt,https://www.ihda.org/wp-content/uploads/2023/12/2023-AHPAA-Statewide-Affordability-List.pdf,2023,,0.745952,79.07,106
1783206,Woodlawn,Exempt,https://www.ihda.org/wp-content/uploads/2023/12/2023-AHPAA-Statewide-Affordability-List.pdf,2023,,0.823337,189.37,230
1783245,Woodridge,Exempt,https://www.ihda.org/wp-content/uploads/2023/12/2023-AHPAA-Statewide-Affordability-List.pdf,2023,,0.254269,3326.09,13081
1783271,Wood River,Exempt,https://www.ihda.org/wp-content/uploads/2023/12/2023-AHPAA-Statewide-Affordability-List.pdf,2023,,0.913830,3966.02,4340
1783336,Woodson,Exempt,https://www.ihda.org/wp-content/uploads/2023/12/2023-AHPAA-Statewide-Affordability-List.pdf,2023,,0.867399,197.77,228
1783349,Woodstock,Exempt,https://www.ihda.org/wp-content/uploads/2023/12/2023-AHPAA-Statewide-Affordability-List.pdf,2023,,0.668484,6611.97,9891
1783505,Worden,Exempt,https://www.ihda.org/wp-content/uploads/2023/12/2023-AHPAA-Statewide-Affordability-List.pdf,2023,,0.872447,313.21,359
1783518,Worth,Exempt,https://www.ihda.org/wp-content/uploads/2023/12/2023-AHPAA-Statewide-Affordability-List.pdf,2023,,0.695127,3025.19,4352
1783622,Wyanet,Exempt,https://www.ihda.org/wp-content/uploads/2023/12/2023-AHPAA-Statewide-Affordability-List.pdf,2023,,0.914989,363.25,397
1783687,Wyoming,Exempt,https://www.ihda.org/wp-content/uploads/2023/12/2023-AHPAA-Statewide-Affordability-List.pdf,2023,,0.906854,598.52,660
1783739,Xenia,Exempt,https://www.ihda.org/wp-content/uploads/2023/12/2023-AHPAA-Statewide-Affordability-List.pdf,2023,,0.897718,119.40,133
1783765,Yale,Exempt,https://www.ihda.org/wp-content/uploads/2023/12/2023-AHPAA-Statewide-Affordability-List.pdf,2023,,1.000000,43.00,43
1783817,Yates City,Exempt,https://www.ihda.org/wp-content/uploads/2023/12/2023-AHPAA-Statewide-Affordability-List.pdf,2023,,0.804201,239.65,298
1784038,Yorkville,Exempt,https://www.ihda.org/wp-content/uploads/2023/12/2023-AHPAA-Statewide-Affordability-List.pdf,2023,,0.226989,1596.87,7035
1784155,Zeigler,Exempt,https://www.ihda.org/wp-content/uploads/2023/12/2023-AHPAA-Statewide-Affordability-List.pdf,2023,,0.794595,486.29,612
1784220,Zion,Exempt,https://www.ihda.org/wp-content/uploads/2023/12/2023-AHPAA-Statewide-Affordability-List.pdf,2023,,0.770629,6552.66,8503
