chamber,district,rank,geoid,town,land_share,pop2020,tier,score,is_office_town,on_sheet
senate,1,1,1714351,Cicero,0.7041,85268,1,60037,False,best
senate,1,2,1708576,Brookfield,0.6676,19476,1,13002,False,
senate,1,3,1745434,Lyons,1.0,10817,1,10817,False,
senate,1,4,1772676,Stickney,1.0,7110,1,7110,False,
senate,1,5,1714000,Chicago,0.0394,2746388,2,108208,False,
senate,1,6,1705573,Berwyn,0.3998,57250,2,22889,True,office
senate,1,7,1764421,Riverside,0.3701,9298,2,3441,False,
senate,1,8,1726987,Forest View,1.0,792,2,792,False,
senate,1,9,1745564,McCook,0.254,249,2,63,False,
senate,2,1,1714000,Chicago,0.0482,2746388,2,132376,True,office
senate,3,1,1714000,Chicago,0.0687,2746388,2,188677,True,office
senate,4,1,1747774,Maywood,1.0,23512,1,23512,False,best
senate,4,2,1704975,Bellwood,1.0,18789,1,18789,False,
senate,4,3,1780047,Westchester,1.0,16892,1,16892,False,
senate,4,4,1726935,Forest Park,0.9439,14339,1,13535,False,
senate,4,5,1740767,La Grange,0.7989,16321,1,13039,False,
senate,4,6,1740793,La Grange Park,0.6675,13475,1,8995,False,
senate,4,7,1735086,Hillside,1.0,8320,1,8320,True,office
senate,4,8,1708446,Broadview,1.0,7998,1,7998,False,
senate,4,9,1705404,Berkeley,1.0,5338,1,5338,False,
senate,4,10,1754534,Oak Brook,0.5178,8163,1,4227,False,
senate,4,11,1716873,Countryside,0.5535,6420,1,3553,False,
senate,4,12,1714000,Chicago,0.018,2746388,2,49435,False,
senate,4,13,1748242,Melrose Park,0.2432,24796,2,6030,False,
senate,4,14,1780242,Western Springs,0.3738,13629,2,5095,False,
senate,4,15,1723620,Elmhurst,0.1065,45786,2,4876,False,
senate,4,16,1754885,Oak Park,0.0838,54583,2,4574,False,
senate,4,17,1754144,North Riverside,0.3873,7426,2,2876,False,
senate,4,18,1705573,Berwyn,0.0419,57250,2,2399,False,
senate,4,19,1753871,Northlake,0.1206,12840,2,1549,False,
senate,4,20,1764304,River Forest,0.0565,11717,2,662,False,
senate,4,21,1735307,Hinsdale,0.0349,17395,2,607,False,
senate,4,22,1735385,Hodgkins,0.2749,1500,2,412,False,
senate,5,1,1714000,Chicago,0.0772,2746388,2,212021,True,office
senate,6,1,1714000,Chicago,0.0308,2746388,2,84589,True,office
senate,7,1,1714000,Chicago,0.0351,2746388,2,96398,True,office
senate,8,1,1770122,Skokie,0.5014,67824,1,34007,False,best
senate,8,2,1753000,Niles,0.8325,30912,1,25734,False,
senate,8,3,1750647,Morton Grove,0.8012,25297,1,20268,False,
senate,8,4,1743744,Lincolnwood,1.0,13463,1,13463,False,
senate,8,5,1714000,Chicago,0.0473,2746388,2,129904,True,office
senate,8,6,1757875,Park Ridge,0.023,39656,2,912,False,
senate,9,1,1724582,Evanston,1.0,78110,1,78110,False,best
senate,9,2,1729938,Glenview,0.8065,48705,1,39281,True,office
senate,9,3,1782075,Wilmette,0.8899,28170,1,25068,False,
senate,9,4,1782530,Winnetka,1.0,12744,1,12744,False,
senate,9,5,1770122,Skokie,0.4986,67824,2,33817,False,
senate,9,6,1753481,Northbrook,0.164,35222,2,5776,False,
senate,9,7,1750647,Morton Grove,0.1105,25297,2,2795,False,
senate,9,8,1739519,Kenilworth,1.0,2514,2,2514,False,
senate,9,9,1730328,Golf,1.0,514,2,514,False,
senate,10,1,1753377,Norridge,1.0,15251,1,15251,False,best
senate,10,2,1768081,Schiller Park,1.0,11709,1,11709,False,
senate,10,3,1733435,Harwood Heights,1.0,9065,1,9065,False,
senate,10,4,1714000,Chicago,0.0753,2746388,2,206803,True,office
senate,10,5,1723724,Elmwood Park,0.1559,24521,2,3823,False,
senate,10,6,1765819,Rosemont,0.8208,3952,2,3244,False,
senate,10,7,1727702,Franklin Park,0.1611,18467,2,2975,False,
senate,10,8,1764343,River Grove,0.2423,10612,2,2571,False,
senate,11,1,1705573,Berwyn,0.5583,57250,1,31963,False,best
senate,11,2,1709642,Burbank,0.5817,29439,1,17125,True,office
senate,11,3,1773638,Summit,0.9958,11161,1,11114,False,
senate,11,4,1708225,Bridgeview,0.5475,17027,1,9322,False,
senate,11,5,1764421,Riverside,0.6299,9298,1,5857,False,
senate,11,6,1754144,North Riverside,0.6127,7426,1,4550,False,
senate,11,7,1714000,Chicago,0.04,2746388,2,109856,False,
senate,11,8,1714351,Cicero,0.1558,85268,2,13285,False,
senate,11,9,1708576,Brookfield,0.3324,19476,2,6474,False,
senate,11,10,1740793,La Grange Park,0.3325,13475,2,4480,False,
senate,11,11,1740767,La Grange,0.2011,16321,2,3282,False,
senate,11,12,1738830,Justice,0.1155,12600,2,1455,False,
senate,11,13,1716873,Countryside,0.1846,6420,2,1185,False,
senate,11,14,1704572,Bedford Park,0.9914,602,2,597,False,
senate,11,15,1735385,Hodgkins,0.3447,1500,2,517,False,
senate,11,16,1745564,McCook,0.746,249,2,186,False,
senate,12,1,1714000,Chicago,0.0604,2746388,2,165882,True,office
senate,12,2,1714351,Cicero,0.1346,85268,2,11477,False,best
senate,13,1,1714000,Chicago,0.0718,2746388,2,197191,True,office
senate,14,1,1756640,Orland Park,0.5028,58703,1,29516,False,best
senate,14,2,1706704,Blue Island,1.0,22558,1,22558,False,
senate,14,3,1717497,Crestwood,0.9997,10826,1,10823,False,
senate,14,4,1764278,Riverdale,0.9882,10663,1,10537,False,
senate,14,5,1710513,Calumet Park,1.0,7025,1,7025,False,
senate,14,6,1761314,Posen,0.6376,5632,1,3591,False,
senate,14,7,1714000,Chicago,0.0458,2746388,2,125785,True,office
senate,14,8,1775484,Tinley Park,0.3395,55971,2,19002,False,
senate,14,9,1754638,Oak Forest,0.4204,27478,2,11552,False,
senate,14,10,1701010,Alsip,0.245,19063,2,4670,False,
senate,14,11,1764616,Robbins,0.9978,4629,2,4619,False,
senate,14,12,1748892,Midlothian,0.2221,14325,2,3182,False,
senate,14,13,1735835,Homer Glen,0.0455,24543,2,1117,False,
senate,14,14,1756627,Orland Hills,0.0567,6893,2,391,False,
senate,15,1,1720292,Dolton,1.0,21426,1,21426,False,best
senate,15,2,1770850,South Holland,0.9719,21465,1,20862,False,
senate,15,3,1733383,Harvey,1.0,20324,1,20324,False,
senate,15,4,1735879,Homewood,0.9824,19463,1,19120,True,office
senate,15,5,1747007,Markham,0.9826,11661,1,11458,False,
senate,15,6,1748892,Midlothian,0.7779,14325,1,11143,False,
senate,15,7,1726571,Flossmoor,0.9516,9704,1,9234,False,
senate,15,8,1730029,Glenwood,0.9809,8662,1,8497,False,
senate,15,9,1746500,Manteno,0.7549,9210,1,6953,False,
senate,15,10,1717523,Crete,0.6429,8465,1,5442,False,
senate,15,11,1714000,Chicago,0.0128,2746388,2,35154,False,
senate,15,12,1754638,Oak Forest,0.4175,27478,2,11472,False,
senate,15,13,1710487,Calumet City,0.3106,36033,2,11192,False,
senate,15,14,1714026,Chicago Heights,0.2445,27480,2,6719,False,
senate,15,15,1704585,Beecher,1.0,4713,2,4713,False,
senate,15,16,1772520,Steger,0.4913,9584,2,4709,False,
senate,15,17,1707744,Bradley,0.2883,15419,2,4445,False,
senate,15,18,1759052,Peotone,0.9464,4150,2,3928,False,
senate,15,19,1733695,Hazel Crest,0.2426,13382,2,3246,False,
senate,15,20,1767769,Sauk Village,0.3157,9921,2,3132,False,
senate,15,21,1720149,Dixmoor,0.9985,2973,2,2969,False,
senate,15,22,1775185,Thornton,1.0,2386,2,2386,False,
senate,15,23,1761314,Posen,0.3624,5632,2,2041,False,
senate,15,24,1755938,Olympia Fields,0.424,4718,2,2000,False,
senate,15,25,1759572,Phoenix,1.0,1708,2,1708,False,
senate,15,26,1775484,Tinley Park,0.0243,55971,2,1360,False,
senate,15,27,1721904,East Hazel Crest,1.0,1297,2,1297,False,
senate,15,28,1726710,Ford Heights,0.5929,1813,2,1075,False,
senate,15,29,1709798,Burnham,0.1253,4046,2,507,False,
senate,15,30,1707471,Bourbonnais,0.0259,18164,2,470,False,
senate,15,31,1745421,Lynwood,0.0317,9116,2,289,False,
senate,15,32,1770629,South Chicago Heights,0.064,4026,2,258,False,
senate,15,33,1749893,Momence,0.0709,3117,2,221,False,
senate,15,34,1764278,Riverdale,0.0118,10663,2,126,False,
senate,16,1,1734514,Hickory Hills,0.7689,14505,1,11153,False,best
senate,16,2,1738830,Justice,0.6853,12600,1,8635,False,
senate,16,3,1714000,Chicago,0.0625,2746388,2,171649,True,office
senate,16,4,1754820,Oak Lawn,0.3023,58362,2,17643,False,
senate,16,5,1709642,Burbank,0.4183,29439,2,12314,False,
senate,16,6,1708225,Bridgeview,0.4525,17027,2,7705,False,
senate,16,7,1735866,Hometown,1.0,4343,2,4343,False,
senate,16,8,1714065,Chicago Ridge,0.2998,14433,2,4327,False,
senate,16,9,1757394,Palos Hills,0.2081,18530,2,3856,False,
senate,17,1,1742028,Lansing,0.9992,29076,1,29053,False,best
senate,17,2,1710487,Calumet City,0.6894,36033,1,24841,False,
senate,17,3,1745421,Lynwood,0.9683,9116,1,8827,False,
senate,17,4,1767769,Sauk Village,0.6843,9921,1,6789,False,
senate,17,5,1714000,Chicago,0.1247,2746388,2,342475,True,office
senate,17,6,1709798,Burnham,0.8747,4046,2,3539,False,
senate,17,7,1749893,Momence,0.9291,3117,2,2896,False,
senate,17,8,1738934,Kankakee,0.087,24052,2,2093,False,
senate,17,9,1730991,Grant Park,1.0,1294,2,1294,False,
senate,17,10,1766638,St. Anne,1.0,1161,2,1161,False,
senate,17,11,1726710,Ford Heights,0.4071,1813,2,738,False,
senate,17,12,1702258,Aroma Park,1.0,664,2,664,False,
senate,17,13,1770850,South Holland,0.0281,21465,2,603,False,
senate,17,14,1736190,Hopkins Park,1.0,597,2,597,False,
senate,17,15,1773943,Sun River Terrace,1.0,455,2,455,False,
senate,17,16,1717523,Crete,0.024,8465,2,203,False,
senate,18,1,1754820,Oak Lawn,0.6977,58362,1,40719,False,best
senate,18,2,1724634,Evergreen Park,1.0,19943,1,19943,False,
senate,18,3,1757394,Palos Hills,0.7919,18530,1,14674,False,
senate,18,4,1701010,Alsip,0.755,19063,1,14393,False,
senate,18,5,1757381,Palos Heights,1.0,12068,1,12068,False,
senate,18,6,1783518,Worth,1.0,10970,1,10970,False,
senate,18,7,1714065,Chicago Ridge,0.7002,14433,1,10106,False,
senate,18,8,1714000,Chicago,0.0349,2746388,2,95849,True,office
senate,18,9,1756640,Orland Park,0.2392,58703,2,14042,False,
senate,18,10,1757407,Palos Park,0.5252,4899,2,2573,False,
senate,18,11,1748554,Merrionette Park,1.0,1969,2,1969,False,
senate,18,12,1782049,Willow Springs,0.1644,5857,2,963,False,
senate,19,1,1775484,Tinley Park,0.6362,55971,1,35609,False,best
senate,19,2,1735835,Homer Glen,0.8842,24543,1,21701,False,
senate,19,3,1749854,Mokena,0.9557,19887,1,19006,False,
senate,19,4,1747540,Matteson,0.9689,19073,1,18480,True,office
senate,19,5,1716691,Country Club Hills,0.9998,16775,1,16772,False,
senate,19,6,1727624,Frankfort,0.7696,20296,1,15620,False,
senate,19,7,1752584,New Lenox,0.5236,27214,1,14249,False,
senate,19,8,1733695,Hazel Crest,0.7574,13382,1,10136,False,
senate,19,9,1763706,Richton Park,0.7897,12775,1,10088,False,
senate,19,10,1756627,Orland Hills,0.9433,6893,1,6502,False,
senate,19,11,1756640,Orland Park,0.2411,58703,2,14153,False,
senate,19,12,1744225,Lockport,0.4904,26094,2,12796,False,
senate,19,13,1738570,Joliet,0.035,150362,2,5263,False,
senate,19,14,1754638,Oak Forest,0.1621,27478,2,4454,False,
senate,19,15,1755938,Olympia Fields,0.5612,4718,2,2648,False,
senate,19,16,1735879,Homewood,0.0176,19463,2,343,False,
senate,19,17,1747007,Markham,0.0174,11661,2,203,False,
senate,20,1,1714000,Chicago,0.0466,2746388,2,127982,True,office
senate,21,1,1751622,Naperville,0.5683,149540,1,84984,True,office
senate,21,2,1744407,Lombard,0.7974,44476,1,35465,False,best
senate,21,3,1729756,Glen Ellyn,0.9281,28846,1,26772,False,
senate,21,4,1743939,Lisle,0.5633,24223,1,13645,False,
senate,21,5,1720591,Downers Grove,0.1901,50247,2,9552,False,
senate,21,6,1781048,Wheaton,0.1571,53970,2,8479,False,
senate,21,7,1707133,Bolingbrook,0.0584,73922,2,4317,False,
senate,21,8,1778929,Warrenville,0.2707,13553,2,3669,False,
senate,22,1,1773157,Streamwood,0.9221,39577,1,36494,False,best
senate,22,2,1735411,Hoffman Estates,0.5961,52530,1,31313,False,
senate,22,3,1723074,Elgin,0.326,114797,2,37424,True,office
senate,22,4,1768003,Schaumburg,0.2226,78723,2,17524,False,
senate,22,5,1732746,Hanover Park,0.396,37470,2,14838,False,
senate,22,6,1711358,Carpentersville,0.3079,37983,2,11695,False,
senate,22,7,1721696,East Dundee,0.5866,3152,2,1849,False,
senate,22,8,1703883,Barrington Hills,0.0168,4114,2,69,False,
senate,23,1,1723620,Elmhurst,0.8848,45786,1,40511,False,best
senate,23,2,1729730,Glendale Heights,1.0,33176,1,33176,False,
senate,23,3,1700243,Addison,0.6767,35702,1,24160,False,
senate,23,4,1777993,Villa Park,0.9981,22263,1,22221,False,
senate,23,5,1780645,Westmont,0.8923,24429,1,21798,True,office
senate,23,6,1735307,Hinsdale,0.5764,17395,1,10026,False,
senate,23,7,1714572,Clarendon Hills,1.0,8702,1,8702,False,
senate,23,8,1711332,Carol Stream,0.2366,39854,2,9429,False,
senate,23,9,1744407,Lombard,0.2026,44476,2,9011,False,
senate,23,10,1720591,Downers Grove,0.1219,50247,2,6125,False,
senate,23,11,1706587,Bloomingdale,0.2437,22382,2,5454,False,
senate,23,12,1754534,Oak Brook,0.4818,8163,2,3933,False,
senate,23,13,1754560,Oakbrook Terrace,0.9992,2751,2,2749,False,
senate,23,14,1781919,Willowbrook,0.2326,9236,2,2148,False,
senate,23,15,1780242,Western Springs,0.1308,13629,2,1783,False,
senate,23,16,1718628,Darien,0.0173,22011,2,381,False,
senate,24,1,1781048,Wheaton,0.8429,53970,1,45491,False,best
senate,24,2,1711332,Carol Stream,0.7634,39854,1,30425,True,office
senate,24,3,1765806,Roselle,0.9382,22897,1,21482,False,
senate,24,4,1706587,Bloomingdale,0.7563,22382,1,16928,False,
senate,24,5,1782985,Wood Dale,0.9991,14012,1,13999,False,
senate,24,6,1782400,Winfield,1.0,9835,1,9835,False,
senate,24,7,1737907,Itasca,1.0,9543,1,9543,False,
senate,24,8,1751622,Naperville,0.1087,149540,2,16255,False,
senate,24,9,1723256,Elk Grove Village,0.4344,32812,2,14254,False,
senate,24,10,1778929,Warrenville,0.4631,13553,2,6276,False,
senate,24,11,1700243,Addison,0.1196,35702,2,4270,False,
senate,24,12,1743939,Lisle,0.1485,24223,2,3597,False,
senate,24,13,1732746,Hanover Park,0.0941,37470,2,3526,False,
senate,24,14,1780060,West Chicago,0.0929,25614,2,2380,False,
senate,24,15,1729756,Glen Ellyn,0.0656,28846,2,1892,False,
senate,24,16,1705248,Bensenville,0.0624,18813,2,1174,False,
senate,24,17,1768003,Schaumburg,0.0121,78723,2,953,False,
senate,24,18,1704013,Bartlett,0.0228,41105,2,937,False,
senate,25,1,1704013,Bartlett,0.9553,41105,1,39268,False,best
senate,25,2,1780060,West Chicago,0.8373,25614,1,21447,True,office
senate,25,3,1704078,Batavia,0.5951,26098,1,15531,False,
senate,25,4,1753442,North Aurora,0.5909,18261,1,10790,False,
senate,25,5,1703012,Aurora,0.4669,180542,2,84295,False,
senate,25,6,1723074,Elgin,0.1076,114797,2,12352,False,
senate,25,7,1751622,Naperville,0.0419,149540,2,6266,False,
senate,25,8,1732746,Hanover Park,0.1316,37470,2,4931,False,
senate,25,9,1778929,Warrenville,0.2662,13553,2,3608,False,
senate,25,10,1770720,South Elgin,0.1504,23865,2,3589,False,
senate,25,11,1773157,Streamwood,0.0779,39577,2,3083,False,
senate,25,12,1728872,Geneva,0.0802,21393,2,1716,False,
senate,25,13,1766703,St. Charles,0.0156,33081,2,516,False,
senate,25,14,1779397,Wayne,0.2069,2286,2,473,False,
senate,26,1,1757225,Palatine,0.6694,67908,1,45458,False,best
senate,26,2,1741742,Lake Zurich,1.0,19759,1,19759,True,office
senate,26,3,1751349,Mundelein,0.6256,31560,1,19744,False,
senate,26,4,1779267,Wauconda,1.0,14084,1,14084,False,
senate,26,5,1703844,Barrington,1.0,10722,1,10722,False,
senate,26,6,1733630,Hawthorn Woods,1.0,9062,1,9062,False,
senate,26,7,1744524,Long Grove,1.0,8366,1,8366,False,
senate,26,8,1737608,Inverness,1.0,7616,1,7616,False,
senate,26,9,1740884,Lake Barrington,1.0,5100,1,5100,False,
senate,26,10,1770564,South Barrington,0.9961,5077,1,5057,False,
senate,26,11,1778227,Volo,0.5283,6122,1,3234,False,
senate,26,12,1735411,Hoffman Estates,0.3681,52530,2,19336,False,
senate,26,13,1700685,Algonquin,0.4114,29700,2,12219,False,
senate,26,14,1743250,Libertyville,0.3329,20579,2,6851,False,
senate,26,15,1727533,Fox River Grove,1.0,4702,2,4702,False,
senate,26,16,1739883,Kildeer,1.0,4091,2,4091,False,
senate,26,17,1703883,Barrington Hills,0.9832,4114,2,4045,False,
senate,26,18,1765338,Rolling Meadows,0.1527,24200,2,3695,False,
senate,26,19,1719083,Deer Park,1.0,3681,2,3681,False,
senate,26,20,1737894,Island Lake,0.4483,8051,2,3609,False,
senate,26,21,1753455,North Barrington,1.0,3171,2,3171,False,
senate,26,22,1768003,Schaumburg,0.03,78723,2,2362,False,
senate,26,23,1741183,Lake in the Hills,0.0431,28982,2,1249,False,
senate,26,24,1775874,Tower Lakes,1.0,1226,2,1226,False,
senate,26,25,1761216,Port Barrington,0.5491,1584,2,870,False,
senate,26,26,1741326,Lakemoor,0.1395,6182,2,862,False,
senate,26,27,1777694,Vernon Hills,0.0316,26850,2,848,False,
senate,26,28,1709447,Buffalo Grove,0.0139,43212,2,601,False,
senate,26,29,1721696,East Dundee,0.0469,3152,2,148,False,
senate,27,1,1702154,Arlington Heights,0.9993,77676,1,77622,True,office
senate,27,2,1751089,Mount Prospect,0.7961,56852,1,45260,False,best
senate,27,3,1765338,Rolling Meadows,0.7781,24200,1,18830,False,
senate,27,4,1762016,Prospect Heights,0.5814,16058,1,9336,False,
senate,27,5,1757225,Palatine,0.3306,67908,2,22450,False,
senate,27,6,1719642,Des Plaines,0.1264,60675,2,7669,False,
senate,27,7,1709447,Buffalo Grove,0.1633,43212,2,7057,False,
senate,27,8,1768003,Schaumburg,0.0529,78723,2,4164,False,
senate,28,1,1768003,Schaumburg,0.6824,78723,1,53721,False,best
senate,28,2,1719642,Des Plaines,0.8128,60675,1,49317,True,office
senate,28,3,1757875,Park Ridge,0.9719,39656,1,38542,False,
senate,28,4,1723256,Elk Grove Village,0.5251,32812,1,17230,False,
senate,28,5,1732746,Hanover Park,0.3782,37470,2,14171,False,
senate,28,6,1753000,Niles,0.1675,30912,2,5178,False,
senate,28,7,1751089,Mount Prospect,0.0906,56852,2,5151,False,
senate,28,8,1750647,Morton Grove,0.0882,25297,2,2231,False,
senate,28,9,1735411,Hoffman Estates,0.0358,52530,2,1881,False,
senate,28,10,1765338,Rolling Meadows,0.0693,24200,2,1677,False,
senate,28,11,1765806,Roselle,0.0618,22897,2,1415,False,
senate,28,12,1729938,Glenview,0.0185,48705,2,901,False,
senate,28,13,1765819,Rosemont,0.0383,3952,2,151,False,
senate,29,1,1781087,Wheeling,0.772,39137,1,30214,False,best
senate,29,2,1734722,Highland Park,1.0,30176,1,30176,False,
senate,29,3,1753481,Northbrook,0.836,35222,1,29446,False,
senate,29,4,1741105,Lake Forest,1.0,19367,1,19367,False,
senate,29,5,1718992,Deerfield,1.0,19196,1,19196,True,office
senate,29,6,1729652,Glencoe,0.9998,8849,1,8847,False,
senate,29,7,1753663,Northfield,0.9984,5751,1,5742,False,
senate,29,8,1740910,Lake Bluff,0.9999,5616,1,5615,False,
senate,29,9,1734865,Highwood,1.0,5074,1,5074,False,
senate,29,10,1753559,North Chicago,0.3882,30759,2,11941,False,
senate,29,11,1729938,Glenview,0.175,48705,2,8523,False,
senate,29,12,1762016,Prospect Heights,0.4186,16058,2,6722,False,
senate,29,13,1751089,Mount Prospect,0.1132,56852,2,6436,False,
senate,29,14,1764538,Riverwoods,0.9995,3790,2,3788,False,
senate,29,15,1743666,Lincolnshire,0.4349,7940,2,3453,False,
senate,29,16,1782075,Wilmette,0.1101,28170,2,3102,False,
senate,29,17,1709447,Buffalo Grove,0.07,43212,2,3025,False,
senate,29,18,1719642,Des Plaines,0.0375,60675,2,2275,False,
senate,29,19,1703610,Bannockburn,1.0,1013,2,1013,False,
senate,29,20,1731446,Green Oaks,0.0909,4128,2,375,False,
senate,29,21,1748671,Mettawa,0.5529,533,2,295,False,
senate,30,1,1779293,Waukegan,0.6854,89321,1,61221,True,office
senate,30,2,1709447,Buffalo Grove,0.7528,43212,1,32530,False,best
senate,30,3,1777694,Vernon Hills,0.9684,26850,1,26002,False,
senate,30,4,1753559,North Chicago,0.6118,30759,1,18818,False,
senate,30,5,1757654,Park City,1.0,7885,1,7885,False,
senate,30,6,1743666,Lincolnshire,0.5651,7940,1,4487,False,
senate,30,7,1732018,Gurnee,0.4685,30706,2,14386,False,
senate,30,8,1751349,Mundelein,0.3669,31560,2,11579,False,
senate,30,9,1781087,Wheeling,0.2191,39137,2,8575,False,
senate,30,10,1743250,Libertyville,0.1419,20579,2,2920,False,
senate,30,11,1731446,Green Oaks,0.6696,4128,2,2764,False,
senate,30,12,1778370,Wadsworth,0.2827,3517,2,994,False,
senate,30,13,1737218,Indian Creek,1.0,536,2,536,False,
senate,30,14,1748671,Mettawa,0.4471,533,2,238,False,
senate,31,1,1766040,Round Lake Beach,0.9917,27252,1,27026,False,best
senate,31,2,1784220,Zion,1.0,24655,1,24655,False,
senate,31,3,1731121,Grayslake,1.0,21248,1,21248,True,office
senate,31,4,1766027,Round Lake,0.9993,18721,1,18708,False,
senate,31,5,1732018,Gurnee,0.5315,30706,1,16320,False,
senate,31,6,1704303,Beach Park,0.9987,14249,1,14230,False,
senate,31,7,1743770,Lindenhurst,0.9374,14406,1,13504,False,
senate,31,8,1743250,Libertyville,0.5252,20579,1,10808,False,
senate,31,9,1766066,Round Lake Park,1.0,7680,1,7680,False,
senate,31,10,1782686,Winthrop Harbor,1.0,6705,1,6705,False,
senate,31,11,1779293,Waukegan,0.3146,89321,2,28100,False,
senate,31,12,1732200,Hainesville,1.0,3546,2,3546,False,
senate,31,13,1766053,Round Lake Heights,1.0,2622,2,2622,False,
senate,31,14,1778370,Wadsworth,0.7173,3517,2,2523,False,
senate,31,15,1775081,Third Lake,1.0,1111,2,1111,False,
senate,31,16,1731446,Green Oaks,0.2395,4128,2,989,False,
senate,31,17,1701595,Antioch,0.0601,14622,2,879,False,
senate,31,18,1778227,Volo,0.045,6122,2,275,False,
senate,31,19,1741586,Lake Villa,0.0314,8741,2,274,False,
senate,31,20,1755639,Old Mill Creek,1.0,162,2,162,False,
senate,32,1,1745694,McHenry,1.0,27135,1,27135,False,best
senate,32,2,1783349,Woodstock,0.8484,25630,1,21744,True,office
senate,32,3,1711592,Cary,1.0,17826,1,17826,False,
senate,32,4,1701595,Antioch,0.9399,14622,1,13743,False,
senate,32,5,1727442,Fox Lake,1.0,10978,1,10978,False,
senate,32,6,1741586,Lake Villa,0.9686,8741,1,8467,False,
senate,32,7,1738479,Johnsburg,1.0,6355,1,6355,False,
senate,32,8,1772052,Spring Grove,1.0,5487,1,5487,False,
senate,32,9,1741326,Lakemoor,0.8605,6182,1,5320,False,
senate,32,10,1737894,Island Lake,0.5517,8051,1,4442,False,
senate,32,11,1717887,Crystal Lake,0.4831,40269,2,19454,False,
senate,32,12,1741183,Lake in the Hills,0.1712,28982,2,4962,False,
senate,32,13,1778227,Volo,0.4267,6122,2,2612,False,
senate,32,14,1782855,Wonder Lake,0.651,3973,2,2586,False,
senate,32,15,1755041,Oakwood Hills,1.0,2076,2,2076,False,
senate,32,16,1761678,Prairie Grove,1.0,1963,2,1963,False,
senate,32,17,1709531,Bull Valley,0.9065,1128,2,1023,False,
senate,32,18,1745616,McCullom Lake,1.0,988,2,988,False,
senate,32,19,1743770,Lindenhurst,0.0626,14406,2,902,False,
senate,32,20,1764135,Ringwood,1.0,844,2,844,False,
senate,32,21,1741651,Lakewood,0.1731,4283,2,741,False,
senate,32,22,1761216,Port Barrington,0.4509,1584,2,714,False,
senate,32,23,1763641,Richmond,0.3354,2089,2,701,False,
senate,32,24,1735515,Holiday Hills,1.0,618,2,618,False,
senate,32,25,1700685,Algonquin,0.0205,29700,2,609,False,
senate,32,26,1776160,Trout Valley,1.0,515,2,515,False,
senate,33,1,1723074,Elgin,0.5147,114797,1,59086,False,best
senate,33,2,1711358,Carpentersville,0.6841,37983,1,25984,False,
senate,33,3,1766703,St. Charles,0.7768,33081,1,25697,False,
senate,33,4,1770720,South Elgin,0.8496,23865,1,20276,False,
senate,33,5,1710906,Campton Hills,1.0,10885,1,10885,False,
senate,33,6,1780125,West Dundee,1.0,7686,1,7686,True,office
senate,33,7,1722931,Elburn,0.6411,6175,1,3959,False,
senate,33,8,1717887,Crystal Lake,0.4666,40269,2,18790,False,
senate,33,9,1700685,Algonquin,0.4214,29700,2,12516,False,
senate,33,10,1741183,Lake in the Hills,0.3632,28982,2,10526,False,
senate,33,11,1728872,Geneva,0.4625,21393,2,9894,False,
senate,33,12,1770161,Sleepy Hollow,1.0,3214,2,3214,False,
senate,33,13,1779397,Wayne,0.7874,2286,2,1800,False,
senate,33,14,1780060,West Chicago,0.0698,25614,2,1788,False,
senate,33,15,1721696,East Dundee,0.3665,3152,2,1155,False,
senate,33,16,1743406,Lily Lake,1.0,1032,2,1032,False,
senate,33,17,1704013,Bartlett,0.0192,41105,2,789,False,
senate,33,18,1741651,Lakewood,0.1125,4283,2,482,False,
senate,33,19,1729171,Gilberts,0.0511,8366,2,428,False,
senate,33,20,1759988,Pingree Grove,0.0224,10365,2,232,False,
senate,34,1,1765000,Rockford,0.8514,148655,1,126565,True,office
senate,34,2,1705092,Belvidere,0.9658,25339,1,24472,False,best
senate,34,3,1745031,Loves Park,0.4872,23397,2,11399,False,
senate,34,4,1713074,Cherry Valley,0.9099,2905,2,2643,False,
senate,34,5,1745726,Machesney Park,0.0429,22950,2,985,False,
senate,34,6,1752701,New Milford,0.5702,794,2,453,False,
senate,35,1,1736750,Huntley,1.0,27740,1,27740,False,best
senate,35,2,1774223,Sycamore,0.9378,18577,1,17422,False,
senate,35,3,1759988,Pingree Grove,0.9776,10365,1,10133,False,
senate,35,4,1733331,Harvard,1.0,9469,1,9469,False,
senate,35,5,1773391,Sugar Grove,0.8661,9278,1,8036,False,
senate,35,6,1729171,Gilberts,0.9489,8366,1,7938,False,
senate,35,7,1732525,Hampshire,1.0,7667,1,7667,False,
senate,35,8,1746786,Marengo,1.0,7568,1,7568,False,
senate,35,9,1761145,Poplar Grove,0.8979,5049,1,4533,False,
senate,35,10,1741183,Lake in the Hills,0.4224,28982,2,12242,False,
senate,35,11,1765000,Rockford,0.0622,148655,2,9246,False,
senate,35,12,1723074,Elgin,0.0516,114797,2,5924,False,
senate,35,13,1716470,Cortland,1.0,4398,2,4398,False,
senate,35,14,1700685,Algonquin,0.1467,29700,2,4357,False,
senate,35,15,1783349,Woodstock,0.1516,25630,2,3886,False,
senate,35,16,1719161,DeKalb,0.0803,40290,2,3235,False,
senate,35,17,1741651,Lakewood,0.7143,4283,2,3059,False,
senate,35,18,1722931,Elburn,0.3589,6175,2,2216,False,
senate,35,19,1717887,Crystal Lake,0.0504,40269,2,2030,False,
senate,35,20,1735268,Hinckley,1.0,2006,2,2006,False,
senate,35,21,1746604,Maple Park,1.0,1433,2,1433,False,
senate,35,22,1711124,Capron,1.0,1395,2,1395,False,
senate,35,23,1763641,Richmond,0.6646,2089,2,1388,False,
senate,35,24,1782855,Wonder Lake,0.349,3973,2,1387,False,
senate,35,25,1733851,Hebron,1.0,1368,2,1368,False,
senate,35,26,1705976,Big Rock,1.0,1104,2,1104,False,
senate,35,27,1770460,Somonauk,0.5542,1786,2,990,False,
senate,35,28,1775360,Timberlane,1.0,906,2,906,False,
senate,35,29,1745031,Loves Park,0.0359,23397,2,840,False,
senate,35,30,1776706,Union,1.0,551,2,551,False,
senate,35,31,1709759,Burlington,1.0,535,2,535,False,
senate,35,32,1738895,Kaneville,1.0,452,2,452,False,
senate,35,33,1731667,Greenwood,1.0,324,2,324,False,
senate,35,34,1705092,Belvidere,0.0123,25339,2,312,False,
senate,35,35,1778175,Virgil,1.0,289,2,289,False,
senate,35,36,1713074,Cherry Valley,0.0841,2905,2,244,True,office
senate,35,37,1767548,Sandwich,0.03,7221,2,217,False,
senate,35,38,1710422,Caledonia,0.7773,183,2,142,False,
senate,35,39,1709531,Bull Valley,0.0935,1128,2,105,False,
senate,36,1,1749867,Moline,1.0,42985,1,42985,False,best
senate,36,2,1765078,Rock Island,1.0,37108,1,37108,True,office
senate,36,3,1728326,Galesburg,1.0,30052,1,30052,False,
senate,36,4,1722073,East Moline,0.826,21374,1,17655,False,
senate,36,5,1745889,Macomb,0.8464,15051,1,12739,False,
senate,36,6,1750010,Monmouth,1.0,8902,1,8902,False,
senate,36,7,1769979,Silvis,1.0,8003,1,8003,False,
senate,36,8,1749009,Milan,1.0,5097,1,5097,False,
senate,36,9,1715664,Colona,1.0,5045,1,5045,False,
senate,36,10,1715235,Coal Valley,1.0,3873,2,3873,False,
senate,36,11,1740416,Knoxville,1.0,2901,2,2901,False,
senate,36,12,1710110,Bushnell,1.0,2718,2,2718,False,
senate,36,13,1711150,Carbon Cliff,1.0,1846,2,1846,False,
senate,36,14,1732564,Hampton,1.0,1779,2,1779,False,
senate,36,15,1756601,Orion,1.0,1754,2,1754,False,
senate,36,16,1765845,Roseville,1.0,892,2,892,False,
senate,36,17,1700672,Alexis,1.0,793,2,793,False,
senate,36,18,1721826,East Galesburg,1.0,763,2,763,False,
senate,36,19,1769368,Sherrard,1.0,692,2,692,False,
senate,36,20,1700971,Alpha,1.0,675,2,675,False,
senate,36,21,1782309,Windsor,1.0,668,2,668,False,
senate,36,22,1754703,Oak Grove,1.0,476,2,476,False,
senate,36,23,1761548,Prairie City,1.0,407,2,407,False,
senate,36,24,1783063,Woodhull,0.4744,754,2,358,False,
senate,36,25,1734007,Henderson,1.0,266,2,266,False,
senate,36,26,1703675,Bardolph,1.0,210,2,210,False,
senate,36,27,1764148,Rio,1.0,209,2,209,False,
senate,36,28,1753793,North Henderson,1.0,162,2,162,False,
senate,36,29,1730458,Good Hope,0.4428,363,2,161,False,
senate,36,30,1714923,Cleveland,0.2102,163,2,34,False,
senate,36,31,1703207,Avon,0.0316,704,2,22,False,
senate,37,1,1720162,Dixon,1.0,15274,1,15274,True,office
senate,37,2,1772546,Sterling,1.0,14764,1,14764,False,best
senate,37,3,1764746,Rochelle,1.0,9446,1,9446,False,
senate,37,4,1764928,Rock Falls,1.0,8789,1,8789,False,
senate,37,5,1761899,Princeton,1.0,7832,1,7832,False,
senate,37,6,1748333,Mendota,1.0,7061,1,7061,False,
senate,37,7,1728846,Geneseo,1.0,6539,1,6539,False,
senate,37,8,1714117,Chillicothe,0.6425,6128,1,3937,False,
senate,37,9,1759000,Peoria,0.2624,113150,2,29691,False,
senate,37,10,1750530,Morrison,1.0,4085,2,4085,False,
senate,37,11,1722073,East Moline,0.174,21374,2,3719,False,
senate,37,12,1728144,Fulton,1.0,3647,2,3647,False,
senate,37,13,1729080,Germantown Hills,0.979,3412,2,3340,False,
senate,37,14,1742184,LaSalle,0.3437,9582,2,3293,False,
senate,37,15,1719161,DeKalb,0.0615,40290,2,2478,False,
senate,37,16,1701270,Amboy,1.0,2278,2,2278,False,
senate,37,17,1761977,Prophetstown,1.0,1946,2,1946,False,
senate,37,18,1761223,Port Byron,1.0,1668,2,1668,False,
senate,37,19,1761925,Princeville,1.0,1636,2,1636,False,
senate,37,20,1759234,Peru,0.1648,9896,2,1631,False,
senate,37,21,1721540,Earlville,1.0,1613,2,1613,False,
senate,37,22,1760937,Polo,0.6769,2291,2,1551,False,
senate,37,23,1724374,Erie,1.0,1518,2,1518,False,
senate,37,24,1721176,Dunlap,0.8787,1603,2,1409,False,
senate,37,25,1778526,Walnut,1.0,1311,2,1311,False,
senate,37,26,1746279,Malta,1.0,1143,2,1143,False,
senate,37,27,1702583,Ashton,1.0,967,2,967,False,
senate,37,28,1762822,Rapids City,1.0,964,2,964,False,
senate,37,29,1742756,Leland,1.0,951,2,951,False,
senate,37,30,1734982,Hillcrest,0.7494,1224,2,917,False,
senate,37,31,1727689,Franklin Grove,1.0,896,2,896,False,
senate,37,32,1783622,Wyanet,1.0,886,2,886,False,
senate,37,33,1700516,Albany,1.0,864,2,864,False,
senate,37,34,1768822,Shabbona,1.0,863,2,863,False,
senate,37,35,1758226,Paw Paw,1.0,830,2,830,False,
senate,37,36,1769147,Sheffield,1.0,821,2,821,False,
senate,37,37,1702726,Atkinson,0.8297,965,2,801,False,
senate,37,38,1775549,Tiskilwa,1.0,740,2,740,False,
senate,37,39,1774470,Tampico,1.0,689,2,689,False,
senate,37,40,1741794,La Moille,1.0,679,2,679,False,
senate,37,41,1707692,Bradford,1.0,676,2,676,False,
senate,37,42,1716366,Cordova,1.0,671,2,671,False,
senate,37,43,1717471,Creston,1.0,627,2,627,False,
senate,37,44,1745278,Lyndon,1.0,537,2,537,False,
senate,37,45,1709356,Buda,1.0,482,2,482,False,
senate,37,46,1771604,Spring Bay,1.0,474,2,474,False,
senate,37,47,1755379,Ohio,1.0,465,2,465,False,
senate,37,48,1712970,Cherry,1.0,435,2,435,False,
senate,37,49,1779163,Waterman,0.3026,1433,2,434,False,
senate,37,50,1751999,Neponset,1.0,427,2,427,False,
senate,37,51,1735073,Hillsdale,1.0,417,2,417,False,
senate,37,52,1773287,Sublette,1.0,380,2,380,False,
senate,37,53,1704273,Bay View Gardens,1.0,354,2,354,False,
senate,37,54,1746240,Malden,1.0,318,2,318,False,
senate,37,55,1756926,Ottawa,0.0169,18840,2,318,False,
senate,37,56,1742587,Lee,1.0,313,2,313,False,
senate,37,57,1746422,Manlius,1.0,298,2,298,False,
senate,37,58,1715989,Compton,1.0,274,2,274,False,
senate,37,59,1754222,North Utica,0.2012,1323,2,266,False,
senate,37,60,1772624,Steward,1.0,229,2,229,False,
senate,37,61,1776225,Troy Grove,1.0,225,2,225,False,
senate,37,62,1749516,Mineral,1.0,206,2,206,False,
senate,37,63,1736074,Hooppole,1.0,180,2,180,False,
senate,37,64,1702102,Arlington,1.0,169,2,169,False,
senate,37,65,1715469,Coleta,1.0,167,2,167,False,
senate,37,66,1720526,Dover,1.0,135,2,135,False,
senate,37,67,1780008,West Brooklyn,1.0,131,2,131,False,
senate,37,68,1751947,Nelson,1.0,127,2,127,False,
senate,37,69,1732967,Harmon,1.0,111,2,111,False,
senate,37,70,1701569,Annawan,0.1021,884,2,90,False,
senate,37,71,1719499,De Pue,0.0479,1633,2,78,False,
senate,37,72,1752155,New Bedford,1.0,76,2,76,False,
senate,37,73,1719031,Deer Grove,1.0,38,2,38,False,
senate,38,1,1719161,DeKalb,0.8582,40290,1,34577,False,best
senate,38,2,1756926,Ottawa,0.9831,18840,1,18522,False,
senate,38,3,1756887,Oswego,0.5297,34585,1,18320,False,
senate,38,4,1784038,Yorkville,0.8172,21533,1,17597,False,
senate,38,5,1760352,Plano,1.0,11847,1,11847,False,
senate,38,6,1749607,Minooka,0.8239,12758,1,10511,False,
senate,38,7,1750491,Morris,0.7249,14163,1,10267,False,
senate,38,8,1759234,Peru,0.8352,9896,1,8265,True,office
senate,38,9,1767548,Sandwich,0.97,7221,1,7004,False,
senate,38,10,1742184,LaSalle,0.6563,9582,1,6289,False,
senate,38,11,1772156,Spring Valley,1.0,5582,1,5582,False,
senate,38,12,1738570,Joliet,0.0476,150362,2,7157,False,
senate,38,13,1760287,Plainfield,0.1522,44762,2,6813,False,
senate,38,14,1755353,Oglesby,1.0,3712,2,3712,False,
senate,38,15,1769277,Sheridan,1.0,2431,2,2431,False,
senate,38,16,1747150,Marseilles,0.3551,4845,2,1720,False,
senate,38,17,1768640,Seneca,0.6514,2353,2,1533,False,
senate,38,18,1740598,Ladd,1.0,1263,2,1263,False,
senate,38,19,1719499,De Pue,0.7324,1633,2,1196,False,
senate,38,20,1712476,Channahon,0.0858,13383,2,1148,False,
senate,38,21,1754222,North Utica,0.7988,1323,2,1057,False,
senate,38,22,1774223,Sycamore,0.0549,18577,2,1020,False,
senate,38,23,1779163,Waterman,0.6974,1433,2,999,False,
senate,38,24,1752103,Newark,1.0,973,2,973,False,
senate,38,25,1770460,Somonauk,0.4458,1786,2,796,False,
senate,38,26,1718459,Dalzell,1.0,663,2,663,False,
senate,38,27,1749308,Millington,1.0,617,2,617,False,
senate,38,28,1730757,Grand Ridge,1.0,515,2,515,False,
senate,38,29,1751648,Naplate,1.0,412,2,412,False,
senate,38,30,1768471,Seatonville,1.0,321,2,321,False,
senate,38,31,1749100,Millbrook,1.0,277,2,277,False,
senate,38,32,1743900,Lisbon,1.0,271,2,271,False,
senate,38,33,1711982,Cedar Point,1.0,266,2,266,False,
senate,38,34,1760391,Plattville,1.0,220,2,220,False,
senate,38,35,1735671,Hollowayville,1.0,36,2,36,False,
senate,39,1,1754885,Oak Park,0.9162,54583,1,50009,True,office
senate,39,2,1723724,Elmwood Park,0.8441,24521,1,20698,False,best
senate,39,3,1748242,Melrose Park,0.7568,24796,1,18766,False,
senate,39,4,1705248,Bensenville,0.9376,18813,1,17639,False,
senate,39,5,1727702,Franklin Park,0.8389,18467,1,15492,False,
senate,39,6,1753871,Northlake,0.8794,12840,1,11291,False,
senate,39,7,1764304,River Forest,0.9435,11717,1,11055,False,
senate,39,8,1764343,River Grove,0.7577,10612,1,8041,False,
senate,39,9,1714000,Chicago,0.0558,2746388,2,153248,False,
senate,39,10,1700243,Addison,0.2038,35702,2,7276,False,
senate,39,11,1772923,Stone Park,1.0,4576,2,4576,False,
senate,39,12,1719642,Des Plaines,0.0234,60675,2,1420,False,
senate,39,13,1723256,Elk Grove Village,0.0406,32812,2,1332,False,
senate,39,14,1726935,Forest Park,0.0561,14339,2,804,False,
senate,39,15,1765819,Rosemont,0.1408,3952,2,556,False,
senate,40,1,1738934,Kankakee,0.9119,24052,1,21933,False,best
senate,40,2,1757732,Park Forest,1.0,21687,1,21687,False,
senate,40,3,1714026,Chicago Heights,0.7555,27480,1,20761,True,office
senate,40,4,1707471,Bourbonnais,0.9741,18164,1,17694,False,
senate,40,5,1707744,Bradley,0.7117,15419,1,10974,False,
senate,40,6,1746357,Manhattan,1.0,9385,1,9385,False,
senate,40,7,1776935,University Park,0.99,7145,1,7074,False,
senate,40,8,1749945,Monee,1.0,5128,1,5128,False,
senate,40,9,1772520,Steger,0.5087,9584,1,4875,False,
senate,40,10,1782101,Wilmington,0.6788,5664,1,3845,False,
senate,40,11,1707770,Braidwood,0.6108,6194,1,3783,False,
senate,40,12,1752584,New Lenox,0.4758,27214,2,12948,False,
senate,40,13,1727624,Frankfort,0.2304,20296,2,4676,False,
senate,40,14,1770629,South Chicago Heights,0.936,4026,2,3768,False,
senate,40,15,1717523,Crete,0.3331,8465,2,2820,False,
senate,40,16,1763706,Richton Park,0.2103,12775,2,2687,False,
senate,40,17,1746500,Manteno,0.2451,9210,2,2257,False,
senate,40,18,1738570,Joliet,0.0115,150362,2,1729,False,
senate,40,19,1743510,Limestone,1.0,1558,2,1558,False,
senate,40,20,1734384,Herscher,1.0,1521,2,1521,False,
senate,40,21,1749854,Mokena,0.0443,19887,2,881,False,
senate,40,22,1724452,Essex,1.0,841,2,841,False,
senate,40,23,1771370,South Wilmington,1.0,710,2,710,False,
senate,40,24,1707640,Braceville,0.9522,724,2,689,False,
senate,40,25,1747540,Matteson,0.0311,19073,2,593,False,
senate,40,26,1726571,Flossmoor,0.0484,9704,2,470,False,
senate,40,27,1712801,Chebanse,0.3847,1044,2,402,False,
senate,40,28,1707237,Bonfield,1.0,351,2,351,False,
senate,40,29,1728638,Gardner,0.1801,1366,2,246,False,
senate,40,30,1709304,Buckingham,1.0,244,2,244,False,
senate,40,31,1759052,Peotone,0.0536,4150,2,222,False,
senate,40,32,1767372,Sammons Point,1.0,214,2,214,False,
senate,40,33,1763056,Reddick,0.8406,199,2,167,False,
senate,40,34,1730029,Glenwood,0.0191,8662,2,165,False,
senate,40,35,1774275,Symerton,1.0,128,2,128,False,
senate,40,36,1710292,Cabery,0.444,231,2,103,False,
senate,40,37,1721579,East Brooklyn,1.0,80,2,80,False,
senate,40,38,1755938,Olympia Fields,0.0148,4718,2,70,False,
senate,40,39,1737803,Irwin,1.0,68,2,68,False,
senate,40,40,1776771,Union Hill,1.0,55,2,55,False,
senate,41,1,1720591,Downers Grove,0.688,50247,1,34570,True,office
senate,41,2,1783245,Woodridge,0.7201,34158,1,24597,False,best
senate,41,3,1718628,Darien,0.9827,22011,1,21630,False,
senate,41,4,1742795,Lemont,0.9666,17629,1,17040,False,
senate,41,5,1709980,Burr Ridge,1.0,11192,1,11192,False,
senate,41,6,1781919,Willowbrook,0.7674,9236,1,7088,False,
senate,41,7,1782049,Willow Springs,0.8356,5857,1,4894,False,
senate,41,8,1751622,Naperville,0.0865,149540,2,12935,False,
senate,41,9,1743939,Lisle,0.2882,24223,2,6981,False,
senate,41,10,1735307,Hinsdale,0.3887,17395,2,6761,False,
senate,41,11,1780242,Western Springs,0.4953,13629,2,6750,False,
senate,41,12,1737257,Indian Head Park,1.0,4065,2,4065,False,
senate,41,13,1734514,Hickory Hills,0.2311,14505,2,3352,False,
senate,41,14,1780645,Westmont,0.107,24429,2,2614,False,
senate,41,15,1738830,Justice,0.1991,12600,2,2509,False,
senate,41,16,1757407,Palos Park,0.4748,4899,2,2326,False,
senate,41,17,1735835,Homer Glen,0.0703,24543,2,1725,False,
senate,41,18,1716873,Countryside,0.2618,6420,2,1681,False,
senate,41,19,1756640,Orland Park,0.0169,58703,2,992,False,
senate,41,20,1735385,Hodgkins,0.3804,1500,2,571,False,
senate,42,1,1703012,Aurora,0.5128,180542,1,92582,True,office
senate,42,2,1750218,Montgomery,1.0,20262,1,20262,False,best
senate,42,3,1756887,Oswego,0.4272,34585,2,14775,False,
senate,42,4,1751622,Naperville,0.0913,149540,2,13653,False,
senate,42,5,1704078,Batavia,0.4049,26098,2,10567,False,
senate,42,6,1728872,Geneva,0.4573,21393,2,9783,False,
senate,42,7,1753442,North Aurora,0.409,18261,2,7469,False,
senate,42,8,1766703,St. Charles,0.2076,33081,2,6868,False,
senate,42,9,1784038,Yorkville,0.1828,21533,2,3936,False,
senate,42,10,1773391,Sugar Grove,0.1339,9278,2,1242,False,
senate,43,1,1738570,Joliet,0.5856,150362,1,88052,True,office
senate,43,2,1707133,Bolingbrook,0.5051,73922,1,37338,False,best
senate,43,3,1765442,Romeoville,0.7826,39863,1,31197,False,
senate,43,4,1744225,Lockport,0.5096,26094,1,13298,False,
senate,43,5,1769758,Shorewood,0.673,18186,1,12239,False,
senate,43,6,1712476,Channahon,0.5029,13383,1,6730,False,
senate,43,7,1783245,Woodridge,0.2799,34158,2,9561,False,
senate,43,8,1717458,Crest Hill,0.4196,20459,2,8585,False,
senate,43,9,1751622,Naperville,0.0505,149540,2,7552,False,
senate,43,10,1723945,Elwood,0.995,2229,2,2218,False,
senate,43,11,1764902,Rockdale,1.0,2012,2,2012,False,
senate,43,12,1782101,Wilmington,0.3212,5664,2,1819,False,
senate,43,13,1749607,Minooka,0.1094,12758,2,1396,False,
senate,43,14,1707770,Braidwood,0.212,6194,2,1313,False,
senate,43,15,1719837,Diamond,0.3669,2640,2,969,False,
senate,43,16,1742795,Lemont,0.0314,17629,2,554,False,
senate,44,1,1706613,Bloomington,0.5093,78680,1,40072,False,best
senate,44,2,1750621,Morton,0.9272,17117,1,15871,False,
senate,44,3,1743536,Lincoln,1.0,13288,1,13288,True,office
senate,44,4,1715001,Clinton,1.0,7004,1,7004,False,
senate,44,5,1750244,Monticello,1.0,5941,1,5941,False,
senate,44,6,1718823,Decatur,0.3367,70522,2,23745,False,
senate,44,7,1758447,Pekin,0.2641,31731,2,8380,False,
senate,44,8,1722164,East Peoria,0.2758,22484,2,6201,False,
senate,44,9,1717549,Creve Coeur,0.8047,4934,2,3970,False,
senate,44,10,1727091,Forsyth,0.9998,3734,2,3733,False,
senate,44,11,1742971,Le Roy,1.0,3512,2,3512,False,
senate,44,12,1734449,Heyworth,1.0,2791,2,2791,False,
senate,44,13,1775965,Tremont,1.0,2277,2,2277,False,
senate,44,14,1745785,Mackinaw,1.0,1879,2,1879,False,
senate,44,15,1725414,Farmer City,1.0,1828,2,1828,False,
senate,44,16,1753234,Normal,0.0323,52736,2,1703,False,
senate,44,17,1702752,Atlanta,1.0,1669,2,1669,False,
senate,44,18,1747072,Maroa,1.0,1577,2,1577,False,
senate,44,19,1719226,Delavan,1.0,1568,2,1568,False,
senate,44,20,1751128,Mount Pulaski,1.0,1537,2,1537,False,
senate,44,21,1747111,Marquette Heights,0.601,2541,2,1527,False,
senate,44,22,1705144,Bement,1.0,1484,2,1484,False,
senate,44,23,1712268,Cerro Gordo,1.0,1316,2,1316,False,
senate,44,24,1744498,Long Creek,1.0,1261,2,1261,False,
senate,44,25,1720643,Downs,1.0,1201,2,1201,False,
senate,44,26,1749555,Minier,1.0,1154,2,1154,False,
senate,44,27,1778916,Warrensburg,1.0,1110,2,1110,False,
senate,44,28,1718537,Danvers,1.0,1089,2,1089,False,
senate,44,29,1715495,Colfax,1.0,996,2,996,False,
senate,44,30,1751206,Mount Zion,0.1561,6019,2,940,False,
senate,44,31,1746487,Mansfield,1.0,928,2,928,False,
senate,44,32,1701972,Argenta,1.0,913,2,913,False,
senate,44,33,1756471,Oreana,1.0,891,2,891,False,
senate,44,34,1737127,Illiopolis,1.0,846,2,846,False,
senate,44,35,1733227,Harristown,0.6376,1310,2,835,False,
senate,44,36,1736126,Hopedale,1.0,830,2,830,False,
senate,44,37,1745811,McLean,1.0,743,2,743,False,
senate,44,38,1743094,Lexington,0.3447,2090,2,720,False,
senate,44,39,1748021,Mechanicsburg,1.0,662,2,662,False,
senate,44,40,1767912,Saybrook,1.0,654,2,654,False,
senate,44,41,1752961,Niantic,1.0,612,2,612,False,
senate,44,42,1772260,Stanford,1.0,600,2,600,False,
senate,44,43,1702882,Atwood,0.5324,1116,2,594,False,
senate,44,44,1778773,Wapella,1.0,513,2,513,False,
senate,44,45,1732499,Hammond,1.0,508,2,508,False,
senate,44,46,1767613,San Jose,1.0,479,2,479,False,
senate,44,47,1723971,Emden,1.0,467,2,467,False,
senate,44,48,1723269,Elkhart,1.0,450,2,450,False,
senate,44,49,1709434,Buffalo,1.0,447,2,447,False,
senate,44,50,1719200,De Land,1.0,447,2,447,False,
senate,44,51,1779449,Waynesville,1.0,381,2,381,False,
senate,44,52,1779683,Weldon,1.0,369,2,369,False,
senate,44,53,1704897,Bellflower,1.0,346,2,346,False,
senate,44,54,1742249,Latham,1.0,333,2,333,False,
senate,44,55,1748853,Middletown,1.0,329,2,329,False,
senate,44,56,1739532,Kenney,1.0,311,2,311,False,
senate,44,57,1702206,Armington,1.0,310,2,310,False,
senate,44,58,1702342,Arrowsmith,1.0,276,2,276,False,
senate,44,59,1752545,New Holland,1.0,275,2,275,False,
senate,44,60,1733318,Hartsburg,1.0,262,2,262,False,
senate,44,61,1714442,Cisco,1.0,254,2,254,False,
senate,44,62,1730445,Goodfield,0.2407,936,2,225,False,
senate,44,63,1723555,Ellsworth,1.0,184,2,184,False,
senate,44,64,1701361,Anchor,1.0,163,2,163,False,
senate,44,65,1719798,De Witt,1.0,160,2,160,False,
senate,44,66,1716210,Cooksville,1.0,157,2,157,False,
senate,44,67,1708472,Broadwell,1.0,136,2,136,False,
senate,44,68,1716119,Congerville,0.022,497,2,11,False,
senate,45,1,1727884,Freeport,1.0,23973,1,23973,True,office
senate,45,2,1745726,Machesney Park,0.9571,22950,1,21965,False,best
senate,45,3,1765611,Roscoe,1.0,10983,1,10983,False,
senate,45,4,1770590,South Beloit,1.0,7989,1,7989,False,
senate,45,5,1765156,Rockton,1.0,7863,1,7863,False,
senate,45,6,1728898,Genoa,1.0,5298,1,5298,False,
senate,45,7,1765000,Rockford,0.0864,148655,2,12844,False,
senate,45,8,1745031,Loves Park,0.4769,23397,2,11158,False,
senate,45,9,1710240,Byron,1.0,3784,2,3784,False,
senate,45,10,1756484,Oregon,1.0,3604,2,3604,False,
senate,45,11,1728300,Galena,1.0,3308,2,3308,False,
senate,45,12,1782491,Winnebago,1.0,2940,2,2940,False,
senate,45,13,1750998,Mount Morris,1.0,2861,2,2861,False,
senate,45,14,1767821,Savanna,1.0,2783,2,2783,False,
senate,45,15,1742834,Lena,1.0,2772,2,2772,False,
senate,45,16,1718719,Davis Junction,1.0,2512,2,2512,False,
senate,45,17,1758408,Pecatonica,1.0,2090,2,2090,False,
senate,45,18,1772780,Stockton,1.0,1728,2,1728,False,
senate,45,19,1740156,Kirkland,1.0,1650,2,1650,False,
senate,45,20,1775172,Thomson,1.0,1610,2,1610,False,
senate,45,21,1721683,East Dubuque,1.0,1505,2,1505,False,
senate,45,22,1741859,Lanark,1.0,1504,2,1504,False,
senate,45,23,1750881,Mount Carroll,1.0,1479,2,1479,False,
senate,45,24,1727065,Forreston,1.0,1435,2,1435,False,
senate,45,25,1721280,Durand,1.0,1390,2,1390,False,
senate,45,26,1778851,Warren,1.0,1323,2,1323,False,
senate,45,27,1740065,Kingston,1.0,1108,2,1108,False,
senate,45,28,1772702,Stillman Valley,1.0,1075,2,1075,False,
senate,45,29,1749191,Milledgeville,1.0,1026,2,1026,False,
senate,45,30,1732707,Hanover,1.0,863,2,863,False,
senate,45,31,1768991,Shannon,1.0,801,2,801,False,
senate,45,32,1758369,Pearl City,1.0,790,2,790,False,
senate,45,33,1756341,Orangeville,1.0,766,2,766,False,
senate,45,34,1760937,Polo,0.3231,2291,2,740,False,
senate,45,35,1723165,Elizabeth,1.0,694,2,694,False,
senate,45,36,1712008,Cedarville,1.0,663,2,663,False,
senate,45,37,1718706,Davis,1.0,589,2,589,False,
senate,45,38,1705092,Belvidere,0.022,25339,2,557,False,
senate,45,39,1761145,Poplar Grove,0.1021,5049,2,516,False,
senate,45,40,1718342,Dakota,1.0,500,2,500,False,
senate,45,41,1712294,Chadwick,1.0,481,2,481,False,
senate,45,42,1767925,Scales Mound,1.0,436,2,436,False,
senate,45,43,1729093,German Valley,1.0,433,2,433,False,
senate,45,44,1742457,Leaf River,1.0,432,2,432,False,
senate,45,45,1750062,Monroe Center,1.0,411,2,411,False,
senate,45,46,1701673,Apple River,1.0,347,2,347,False,
senate,45,47,1752701,New Milford,0.4298,794,2,341,False,
senate,45,48,1734982,Hillcrest,0.2506,1224,2,307,False,
senate,45,49,1764837,Rock City,1.0,293,2,293,False,
senate,45,50,1782543,Winslow,1.0,281,2,281,False,
senate,45,51,1748359,Menominee,1.0,211,2,211,False,
senate,45,52,1764044,Ridott,1.0,124,2,124,False,
senate,45,53,1753195,Nora,1.0,107,2,107,False,
senate,45,54,1700295,Adeline,1.0,78,2,78,False,
senate,45,55,1710422,Caledonia,0.2227,183,2,41,False,
senate,46,1,1759000,Peoria,0.6779,113150,1,76704,False,best
senate,46,2,1753234,Normal,0.6858,52736,1,36166,False,
senate,46,3,1722164,East Peoria,0.6186,22484,1,13909,False,
senate,46,4,1759026,Peoria Heights,0.9344,5908,1,5520,False,
senate,46,5,1704039,Bartonville,0.8959,5945,1,5326,False,
senate,46,6,1706613,Bloomington,0.4537,78680,2,35697,True,office
senate,46,7,1780736,West Peoria,0.8316,4263,2,3545,False,
senate,46,8,1779033,Washington,0.1625,16071,2,2612,False,
senate,46,9,1750621,Morton,0.0728,17117,2,1246,False,
senate,46,10,1730445,Goodfield,0.7593,936,2,711,False,
senate,46,11,1718940,Deer Creek,1.0,667,2,667,False,
senate,46,12,1717549,Creve Coeur,0.1338,4934,2,660,False,
senate,46,13,1711215,Carlock,1.0,548,2,548,False,
senate,46,14,1716119,Congerville,0.978,497,2,486,False,
senate,46,15,1704871,Bellevue,0.0963,1878,2,181,False,
senate,46,16,1723737,El Paso,0.0559,2756,2,154,False,
senate,47,1,1758447,Pekin,0.7359,31731,1,23351,False,best
senate,47,2,1711007,Canton,1.0,13242,1,13242,False,
senate,47,3,1739727,Kewanee,1.0,12509,1,12509,False,
senate,47,4,1759000,Peoria,0.0597,113150,2,6755,False,
senate,47,5,1700646,Aledo,1.0,3633,2,3633,True,office
senate,47,6,1733513,Havana,1.0,2963,2,2963,False,
senate,47,7,1700113,Abingdon,1.0,2951,2,2951,False,
senate,47,8,1732434,Hamilton,1.0,2753,2,2753,False,
senate,47,9,1711527,Carthage,1.0,2490,2,2490,False,
senate,47,10,1728430,Galva,1.0,2470,2,2470,False,
senate,47,11,1725531,Farmington,1.0,2389,2,2389,False,
senate,47,12,1745889,Macomb,0.1536,15051,2,2312,False,
senate,47,13,1710643,Cambridge,1.0,2086,2,2086,False,
senate,47,14,1747475,Mason City,1.0,2077,2,2077,False,
senate,47,15,1723698,Elmwood,1.0,2058,2,2058,False,
senate,47,16,1743055,Lewistown,1.0,2041,2,2041,False,
senate,47,17,1704871,Bellevue,0.9037,1878,2,1697,False,
senate,47,18,1746383,Manito,1.0,1552,2,1552,False,
senate,47,19,1778942,Warsaw,1.0,1510,2,1510,False,
senate,47,20,1754092,North Pekin,1.0,1478,2,1478,False,
senate,47,21,1783687,Wyoming,1.0,1300,2,1300,False,
senate,47,22,1732668,Hanna City,1.0,1253,2,1253,False,
senate,47,23,1775783,Toulon,1.0,1193,2,1193,False,
senate,47,24,1701426,Andalusia,1.0,1184,2,1184,False,
senate,47,25,1717991,Cuba,1.0,1184,2,1184,False,
senate,47,26,1740832,La Harpe,1.0,1175,2,1175,False,
senate,47,27,1756237,Oquawka,1.0,1134,2,1134,False,
senate,47,28,1715378,Colchester,1.0,1108,2,1108,False,
senate,47,29,1747111,Marquette Heights,0.399,2541,2,1014,False,
senate,47,30,1771175,South Pekin,1.0,996,2,996,False,
senate,47,31,1751791,Nauvoo,1.0,950,2,950,False,
senate,47,32,1702635,Astoria,1.0,929,2,929,False,
senate,47,33,1778123,Viola,1.0,869,2,869,False,
senate,47,34,1729483,Glasford,1.0,866,2,866,False,
senate,47,35,1773261,Stronghurst,1.0,833,2,833,False,
senate,47,36,1718420,Dallas City,1.0,805,2,805,False,
senate,47,37,1701569,Annawan,0.8979,884,2,794,False,
senate,47,38,1708303,Brimfield,1.0,778,2,778,False,
senate,47,39,1779124,Wataga,1.0,744,2,744,False,
senate,47,40,1780736,West Peoria,0.1684,4263,2,718,False,
senate,47,41,1747527,Matherville,1.0,707,2,707,False,
senate,47,42,1756159,Oneida,1.0,696,2,696,False,
senate,47,43,1703207,Avon,0.9684,704,2,682,False,
senate,47,44,1740182,Kirkwood,1.0,678,2,678,False,
senate,47,45,1783817,Yates City,1.0,642,2,642,False,
senate,47,46,1731563,Green Valley,1.0,630,2,630,False,
senate,47,47,1730159,Golden,0.9703,648,2,629,False,
senate,47,48,1704039,Bartonville,0.1041,5945,2,619,False,
senate,47,49,1752220,New Boston,1.0,613,2,613,False,
senate,47,50,1781802,Williamsfield,1.0,575,2,575,False,
senate,47,51,1777642,Vermont,1.0,570,2,570,False,
senate,47,52,1706470,Blandinsville,1.0,569,2,569,False,
senate,47,53,1701491,Andover,1.0,555,2,555,False,
senate,47,54,1702986,Augusta,1.0,553,2,553,False,
senate,47,55,1739298,Keithsburg,1.0,550,2,550,False,
senate,47,56,1766768,St. David,1.0,522,2,522,False,
senate,47,57,1763420,Reynolds,1.0,498,2,498,False,
senate,47,58,1707510,Bowen,1.0,464,2,464,False,
senate,47,59,1701140,Altona,1.0,463,2,463,False,
senate,47,60,1737647,Ipava,1.0,447,2,447,False,
senate,47,61,1754404,Norwood,1.0,437,2,437,False,
senate,47,62,1760833,Plymouth,1.0,436,2,436,False,
senate,47,63,1725063,Fairview,1.0,426,2,426,False,
senate,47,64,1744381,Lomax,1.0,404,2,404,False,
senate,47,65,1737439,Industry,1.0,399,2,399,False,
senate,47,66,1783063,Woodhull,0.5256,754,2,396,False,
senate,47,67,1738739,Joy,1.0,372,2,372,False,
senate,47,68,1774301,Table Grove,1.0,353,2,353,False,
senate,47,69,1744446,London Mills,1.0,350,2,350,False,
senate,47,70,1722151,Easton,1.0,312,2,312,False,
senate,47,71,1717549,Creve Coeur,0.0615,4934,2,303,False,
senate,47,72,1705898,Biggsville,1.0,300,2,300,False,
senate,47,73,1744719,Loraine,1.0,300,2,300,False,
senate,47,74,1744082,Little York,1.0,283,2,283,False,
senate,47,75,1704156,Bath,1.0,279,2,279,False,
senate,47,76,1777811,Victoria,1.0,268,2,268,False,
senate,47,77,1740091,Kingston Mines,1.0,266,2,266,False,
senate,47,78,1739857,Kilbourne,1.0,265,2,265,False,
senate,47,79,1721098,Dunfermline,1.0,262,2,262,False,
senate,47,80,1746643,Mapleton,1.0,261,2,261,False,
senate,47,81,1729431,Gladstone,1.0,234,2,234,False,
senate,47,82,1726753,Forest City,1.0,222,2,222,False,
senate,47,83,1746695,Maquon,1.0,218,2,218,False,
senate,47,84,1768458,Seaton,1.0,214,2,214,False,
senate,47,85,1730458,Good Hope,0.5572,363,2,202,False,
senate,47,86,1721176,Dunlap,0.1213,1603,2,194,False,
senate,47,87,1770226,Smithfield,1.0,191,2,191,False,
senate,47,88,1753390,Norris,1.0,173,2,173,False,
senate,47,89,1703571,Banner,1.0,169,2,169,False,
senate,47,90,1709161,Bryant,1.0,168,2,168,False,
senate,47,91,1702726,Atkinson,0.1703,965,2,164,False,
senate,47,92,1740676,La Fayette,1.0,160,2,160,False,
senate,47,93,1743445,Lima,1.0,148,2,148,False,
senate,47,94,1723841,Elvaston,1.0,147,2,147,False,
senate,47,95,1780762,West Point,1.0,140,2,140,False,
senate,47,96,1744056,Littleton,1.0,139,2,139,False,
senate,47,97,1714923,Cleveland,0.7898,163,2,129,False,
senate,47,98,1725895,Ferris,1.0,127,2,127,False,
senate,47,99,1748073,Media,1.0,121,2,121,False,
senate,47,100,1766677,St. Augustine,1.0,119,2,119,False,
senate,47,101,1706171,Bishop Hill,1.0,113,2,113,False,
senate,47,102,1762848,Raritan,1.0,102,2,102,False,
senate,47,103,1746825,Marietta,1.0,101,2,101,False,
senate,47,104,1774665,Tennessee,1.0,101,2,101,False,
senate,47,105,1761080,Pontoosuc,1.0,99,2,99,False,
senate,47,106,1744121,Liverpool,1.0,94,2,94,False,
senate,47,107,1723529,Ellisville,1.0,87,2,87,False,
senate,47,108,1704052,Basco,1.0,80,2,80,False,
senate,47,109,1710695,Camden,1.0,62,2,62,False,
senate,47,110,1775757,Topeka,1.0,60,2,60,False,
senate,47,111,1742080,La Prairie,1.0,42,2,42,False,
senate,47,112,1768198,Sciota,1.0,38,2,38,False,
senate,47,113,1705274,Bentley,1.0,30,2,30,False,
senate,47,114,1731991,Gulfport,1.0,,2,0,False,
senate,48,1,1772000,Springfield,0.9633,114394,1,110196,True,office
senate,48,2,1718823,Decatur,0.6347,70522,1,44760,False,best
senate,48,3,1712684,Chatham,0.7577,14377,1,10893,False,
senate,48,4,1764759,Rochester,1.0,3863,2,3863,False,
senate,48,5,1738375,Jerome,1.0,1692,2,1692,False,
senate,48,6,1770759,Southern View,1.0,1596,2,1596,False,
senate,48,7,1742769,Leland Grove,1.0,1454,2,1454,False,
senate,48,8,1730835,Grandview,1.0,1405,2,1405,False,
senate,48,9,1739909,Kincaid,1.0,1349,2,1349,False,
senate,48,10,1722645,Edinburg,1.0,1085,2,1085,False,
senate,48,11,1772949,Stonington,1.0,837,2,837,False,
senate,48,12,1764486,Riverton,0.2287,3532,2,808,False,
senate,48,13,1733227,Harristown,0.3624,1310,2,475,False,
senate,48,14,1775809,Tovey,1.0,464,2,464,False,
senate,48,15,1750829,Mount Auburn,1.0,452,2,452,False,
senate,48,16,1769342,Sherman,0.0607,4673,2,284,False,
senate,48,17,1709538,Bulpitt,1.0,212,2,212,False,
senate,48,18,1738349,Jeisyville,1.0,102,2,102,False,
senate,48,19,1718147,Curran,0.3281,213,2,70,False,
senate,49,1,1760287,Plainfield,0.8478,44762,1,37949,False,best
senate,49,2,1717458,Crest Hill,0.5804,20459,1,11874,True,office
senate,49,3,1738570,Joliet,0.3202,150362,2,48146,False,
senate,49,4,1707133,Bolingbrook,0.4363,73922,2,32252,False,
senate,49,5,1765442,Romeoville,0.2174,39863,2,8666,False,
senate,49,6,1751622,Naperville,0.0528,149540,2,7896,False,
senate,49,7,1769758,Shorewood,0.327,18186,2,5947,False,
senate,49,8,1703012,Aurora,0.0201,180542,2,3629,False,
senate,49,9,1756887,Oswego,0.0431,34585,2,1491,False,
senate,50,1,1762367,Quincy,1.0,39463,1,39463,True,office
senate,50,2,1738115,Jacksonville,1.0,17616,1,17616,False,best
senate,50,3,1730094,Godfrey,0.8497,17825,1,15146,False,
senate,50,4,1738414,Jerseyville,1.0,8337,1,8337,False,
senate,50,5,1704351,Beardstown,1.0,5951,1,5951,False,
senate,50,6,1760222,Pittsfield,1.0,4206,2,4206,False,
senate,50,7,1770889,South Jacksonville,1.0,3302,2,3302,False,
senate,50,8,1766339,Rushville,1.0,3005,2,3005,False,
senate,50,9,1711462,Carrollton,1.0,2485,2,2485,False,
senate,50,10,1781256,White Hall,1.0,2295,2,2295,False,
senate,50,11,1708264,Brighton,1.0,2221,2,2221,False,
senate,50,12,1751154,Mount Sterling,1.0,2006,2,2006,False,
senate,50,13,1709577,Bunker Hill,1.0,1630,2,1630,False,
senate,50,14,1765481,Roodhouse,1.0,1578,2,1578,False,
senate,50,15,1782270,Winchester,1.0,1574,2,1574,False,
senate,50,16,1778201,Virginia,1.0,1514,2,1514,False,
senate,50,17,1703948,Barry,1.0,1303,2,1303,False,
senate,50,18,1702505,Ashland,1.0,1218,2,1218,False,
senate,50,19,1705599,Bethalto,0.1301,9310,2,1211,False,
senate,50,20,1779358,Waverly,1.0,1194,2,1194,False,
senate,50,21,1710877,Camp Point,1.0,1121,2,1121,False,
senate,50,22,1731771,Griggsville,1.0,1097,2,1097,False,
senate,50,23,1731368,Greenfield,1.0,1059,2,1059,False,
senate,50,24,1758265,Payson,1.0,1025,2,1025,False,
senate,50,25,1760534,Pleasant Hill,1.0,924,2,924,False,
senate,50,26,1748307,Mendon,1.0,872,2,872,False,
senate,50,27,1748424,Meredosia,1.0,826,2,826,False,
senate,50,28,1732850,Hardin,1.0,801,2,801,False,
senate,50,29,1714767,Clayton,1.0,639,2,639,False,
senate,50,30,1730653,Grafton,1.0,626,2,626,False,
senate,50,31,1706899,Bluffs,1.0,618,2,618,False,
senate,50,32,1727663,Franklin,1.0,610,2,610,False,
senate,50,33,1777044,Ursa,1.0,609,2,609,False,
senate,50,34,1757329,Palmyra,1.0,605,2,605,False,
senate,50,35,1751479,Murrayville,1.0,567,2,567,False,
senate,50,36,1743133,Liberty,1.0,543,2,543,False,
senate,50,37,1712450,Chandlerville,1.0,527,2,527,False,
senate,50,38,1723776,Elsah,1.0,519,2,519,False,
senate,50,39,1769563,Shipman,1.0,511,2,511,False,
senate,50,40,1783336,Woodson,1.0,498,2,498,False,
senate,50,41,1712528,Chapin,1.0,475,2,475,False,
senate,50,42,1777720,Versailles,1.0,446,2,446,False,
senate,50,43,1701114,Alton,0.0159,25676,2,408,False,
senate,50,44,1736516,Hull,1.0,392,2,392,False,
senate,50,45,1748138,Medora,1.0,379,2,379,False,
senate,50,46,1701946,Arenzville,1.0,367,2,367,False,
senate,50,47,1752311,New Canton,1.0,334,2,334,False,
senate,50,48,1759156,Perry,1.0,314,2,314,False,
senate,50,49,1738856,Kampsville,1.0,310,2,310,False,
senate,50,50,1738869,Kane,1.0,296,2,296,False,
senate,50,51,1751882,Nebo,1.0,282,2,282,False,
senate,50,52,1760339,Plainville,1.0,271,2,271,False,
senate,50,53,1746331,Manchester,1.0,265,2,265,False,
senate,50,54,1749477,Milton,1.0,214,2,214,False,
senate,50,55,1700997,Alsey,1.0,195,2,195,False,
senate,50,56,1739922,Kinderhook,1.0,189,2,189,False,
senate,50,57,1749802,Modesto,1.0,182,2,182,False,
senate,50,58,1726012,Fieldon,1.0,176,2,176,False,
senate,50,59,1764811,Rockbridge,1.0,175,2,175,False,
senate,50,60,1704247,Baylis,1.0,172,2,172,False,
senate,50,61,1704117,Batchtown,1.0,170,2,170,False,
senate,50,62,1713165,Chesterfield,1.0,170,2,170,False,
senate,50,63,1766196,Royal Lakes,1.0,167,2,167,False,
senate,50,64,1715261,Coatsburg,1.0,150,2,150,False,
senate,50,65,1716054,Concord,1.0,150,2,150,False,
senate,50,66,1723022,Eldred,1.0,149,2,149,False,
senate,50,67,1734423,Hettick,1.0,149,2,149,False,
senate,50,68,1752805,New Salem,1.0,121,2,121,False,
senate,50,69,1708953,Browning,1.0,117,2,117,False,
senate,50,70,1750790,Mound Station,1.0,117,2,117,False,
senate,50,71,1709148,Brussels,1.0,116,2,116,False,
senate,50,72,1715846,Columbus,1.0,114,2,114,False,
senate,50,73,1729496,Glasgow,1.0,113,2,113,False,
senate,50,74,1758343,Pearl,1.0,103,2,103,False,
senate,50,75,1751661,Naples,1.0,100,2,100,False,
senate,50,76,1732395,Hamburg,1.0,99,2,99,False,
senate,50,77,1725960,Fidelity,1.0,96,2,96,False,
senate,50,78,1745369,Lynnville,1.0,96,2,96,False,
senate,50,79,1735203,Hillview,1.0,94,2,94,False,
senate,50,80,1768406,Scottville,1.0,93,2,93,False,
senate,50,81,1782088,Wilmington,1.0,91,2,91,False,
senate,50,82,1724699,Exeter,1.0,87,2,87,False,
senate,50,83,1756978,Otterville,1.0,87,2,87,False,
senate,50,84,1719681,Detroit,1.0,76,2,76,False,
senate,50,85,1722957,El Dara,1.0,63,2,63,False,
senate,50,86,1764174,Ripley,1.0,53,2,53,False,
senate,50,87,1730159,Golden,0.0297,648,2,19,False,
senate,50,88,1726480,Florence,1.0,17,2,17,False,
senate,50,89,1777187,Valley City,1.0,14,2,14,False,
senate,51,1,1712567,Charleston,1.0,17286,1,17286,False,best
senate,51,2,1747553,Mattoon,1.0,16870,1,16870,True,office
senate,51,3,1746136,Mahomet,1.0,9434,1,9434,False,
senate,51,4,1757628,Paris,1.0,8291,1,8291,False,
senate,51,5,1764707,Robinson,1.0,7150,1,7150,False,
senate,51,6,1736061,Hoopeston,1.0,4915,2,4915,False,
senate,51,7,1776407,Tuscola,1.0,4636,2,4636,False,
senate,51,8,1742405,Lawrenceville,1.0,4164,2,4164,False,
senate,51,9,1747163,Marshall,1.0,3947,2,3947,False,
senate,51,10,1766950,St. Joseph,0.9734,3810,2,3709,False,
senate,51,11,1775614,Tolono,0.9246,3604,2,3332,False,
senate,51,12,1728963,Georgetown,1.0,3143,2,3143,False,
senate,51,13,1701881,Arcola,1.0,2927,2,2927,False,
senate,51,14,1752844,Newton,1.0,2777,2,2777,False,
senate,51,15,1773703,Sumner,1.0,2631,2,2631,False,
senate,51,16,1777941,Villa Grove,1.0,2472,2,2472,False,
senate,51,17,1711618,Casey,1.0,2404,2,2404,False,
senate,51,18,1702414,Arthur,1.0,2231,2,2231,False,
senate,51,19,1726194,Fisher,1.0,2062,2,2062,False,
senate,51,20,1711774,Catlin,1.0,1983,2,1983,False,
senate,51,21,1708186,Bridgeport,1.0,1800,2,1800,False,
senate,51,22,1759533,Philo,1.0,1392,2,1392,False,
senate,51,23,1755106,Oblong,1.0,1371,2,1371,False,
senate,51,24,1731524,Greenup,1.0,1365,2,1365,False,
senate,51,25,1714273,Chrisman,1.0,1312,2,1312,False,
senate,51,26,1757277,Palestine,1.0,1233,2,1233,False,
senate,51,27,1765962,Rossville,1.0,1221,2,1221,False,
senate,51,28,1769875,Sidney,1.0,1208,2,1208,False,
senate,51,29,1775601,Toledo,1.0,1161,2,1161,False,
senate,51,30,1747254,Martinsville,1.0,1118,2,1118,False,
senate,51,31,1735814,Homer,1.0,1073,2,1073,False,
senate,51,32,1729145,Gifford,1.0,911,2,911,False,
senate,51,33,1719915,Dieterich,1.0,890,2,890,False,
senate,51,34,1763862,Ridge Farm,1.0,787,2,787,False,
senate,51,35,1752623,Newman,1.0,778,2,778,False,
senate,51,36,1754781,Oakland,1.0,739,2,739,False,
senate,51,37,1761366,Potomac,1.0,689,2,689,False,
senate,51,38,1755275,Ogden,0.9333,729,2,680,False,
senate,51,39,1738986,Kansas,1.0,670,2,670,False,
senate,51,40,1702557,Ashmore,1.0,637,2,637,False,
senate,51,41,1724985,Fairmount,1.0,612,2,612,False,
senate,51,42,1706184,Bismarck,1.0,582,2,582,False,
senate,51,43,1766833,St. Francisville,1.0,568,2,568,False,
senate,51,44,1759273,Pesotum,1.0,550,2,550,False,
senate,51,45,1780281,Westfield,1.0,536,2,536,False,
senate,51,46,1702882,Atwood,0.4676,1116,2,522,False,
senate,51,47,1762744,Rankin,1.0,495,2,495,False,
senate,51,48,1769836,Sidell,1.0,489,2,489,False,
senate,51,49,1736841,Hutsonville,1.0,478,2,478,False,
senate,51,50,1710591,Camargo,1.0,452,2,452,False,
senate,51,51,1766534,Sadorus,1.0,402,2,402,False,
senate,51,52,1707211,Bondville,1.0,388,2,388,False,
senate,51,53,1736542,Humboldt,1.0,361,2,361,False,
senate,51,54,1736568,Hume,1.0,325,2,325,False,
senate,51,55,1726350,Flat Rock,1.0,323,2,323,False,
senate,51,56,1708420,Broadlands,1.0,316,2,316,False,
senate,51,57,1745174,Ludlow,1.0,308,2,308,False,
senate,51,58,1735281,Hindsboro,1.0,275,2,275,False,
senate,51,59,1708524,Brocton,1.0,273,2,273,False,
senate,51,60,1737998,Ivesdale,0.9913,265,2,263,False,
senate,51,61,1700880,Allerton,1.0,262,2,262,False,
senate,51,62,1766800,Ste. Marie,1.0,238,2,238,False,
senate,51,63,1701242,Alvan (Alvin),1.0,233,2,233,False,
senate,51,64,1737348,Indianola,1.0,227,2,227,False,
senate,51,65,1742938,Lerna,1.0,226,2,226,False,
senate,51,66,1734137,Henning,1.0,210,2,210,False,
senate,51,67,1750283,Montrose,1.0,210,2,210,False,
senate,51,68,1777551,Vermilion,1.0,203,2,203,False,
senate,51,69,1738427,Jewett,1.0,196,2,196,False,
senate,51,70,1782010,Willow Hill,1.0,172,2,172,False,
senate,51,71,1748632,Metcalf,1.0,139,2,139,False,
senate,51,72,1763069,Redmon,1.0,137,2,137,False,
senate,51,73,1728742,Garrett,1.0,122,2,122,False,
senate,51,74,1744602,Longview,1.0,112,2,112,False,
senate,51,75,1734553,Hidalgo,1.0,111,2,111,False,
senate,51,76,1773027,Stoy,1.0,108,2,108,False,
senate,51,77,1766404,Russellville,1.0,98,2,98,False,
senate,51,78,1781074,Wheeler,1.0,96,2,96,False,
senate,51,79,1765754,Rose Hill,1.0,89,2,89,False,
senate,51,80,1726662,Foosland,1.0,75,2,75,False,
senate,51,81,1783765,Yale,1.0,67,2,67,False,
senate,52,1,1712385,Champaign,1.0,88302,1,88302,True,office
senate,52,2,1777005,Urbana,1.0,38336,1,38336,False,best
senate,52,3,1718563,Danville,1.0,29204,1,29204,False,
senate,52,4,1762783,Rantoul,1.0,12371,1,12371,False,
senate,52,5,1767860,Savoy,1.0,8857,1,8857,False,
senate,52,6,1780931,Westville,1.0,3167,2,3167,False,
senate,52,7,1775276,Tilton,0.9987,2660,2,2657,False,
senate,52,8,1755002,Oakwood,1.0,1325,2,1325,False,
senate,52,9,1775107,Thomasboro,1.0,1034,2,1034,False,
senate,52,10,1726233,Fithian,1.0,488,2,488,False,
senate,52,11,1704689,Belgium,1.0,358,2,358,False,
senate,52,12,1766157,Royal,1.0,293,2,293,False,
senate,52,13,1775614,Tolono,0.0754,3604,2,272,False,
senate,52,14,1751336,Muncie,1.0,157,2,157,False,
senate,52,15,1766950,St. Joseph,0.0266,3810,2,101,False,
senate,52,16,1755275,Ogden,0.0667,729,2,49,False,
senate,53,1,1779033,Washington,0.8375,16071,1,13459,False,best
senate,53,2,1773170,Streator,1.0,12500,1,12500,False,
senate,53,3,1761015,Pontiac,1.0,11150,1,11150,True,office
senate,53,4,1715170,Coal City,0.9919,5705,1,5659,False,
senate,53,5,1724543,Eureka,1.0,5227,1,5227,False,
senate,53,6,1753234,Normal,0.2819,52736,2,14866,False,
senate,53,7,1712476,Channahon,0.4113,13383,2,5504,False,
senate,53,8,1779228,Watseka,1.0,4679,2,4679,False,
senate,53,9,1758239,Paxton,1.0,4450,2,4450,False,
senate,53,10,1721358,Dwight,1.0,4032,2,4032,False,
senate,53,11,1748606,Metamora,1.0,3904,2,3904,False,
senate,53,12,1750491,Morris,0.2751,14163,2,3896,False,
senate,53,13,1724764,Fairbury,1.0,3633,2,3633,False,
senate,53,14,1729125,Gibson City,1.0,3475,2,3475,False,
senate,53,15,1747150,Marseilles,0.6449,4845,2,3125,False,
senate,53,16,1706613,Bloomington,0.037,78680,2,2911,False,
senate,53,17,1723737,El Paso,0.9441,2756,2,2602,False,
senate,53,18,1722164,East Peoria,0.1057,22484,2,2377,False,
senate,53,19,1734163,Henry,1.0,2320,2,2320,False,
senate,53,20,1714117,Chillicothe,0.3575,6128,2,2191,False,
senate,53,21,1764590,Roanoke,1.0,1960,2,1960,False,
senate,53,22,1749568,Minonk,1.0,1928,2,1928,False,
senate,53,23,1740559,Lacon,1.0,1878,2,1878,False,
senate,53,24,1736438,Hudson,1.0,1753,2,1753,False,
senate,53,25,1729275,Gilman,1.0,1738,2,1738,False,
senate,53,26,1712931,Chenoa,1.0,1720,2,1720,False,
senate,53,27,1719837,Diamond,0.6331,2640,2,1671,False,
senate,53,28,1731732,Gridley,1.0,1456,2,1456,False,
senate,53,29,1743094,Lexington,0.6553,2090,2,1370,False,
senate,53,30,1731017,Granville,1.0,1359,2,1359,False,
senate,53,31,1714936,Clifton,1.0,1352,2,1352,False,
senate,53,32,1775653,Toluca,1.0,1340,2,1340,False,
senate,53,33,1756081,Onarga,1.0,1333,2,1333,False,
senate,53,34,1712710,Chatsworth,1.0,1185,2,1185,False,
senate,53,35,1749048,Milford,1.0,1158,2,1158,False,
senate,53,36,1728638,Gardner,0.8199,1366,2,1120,False,
senate,53,37,1707770,Braidwood,0.1771,6194,2,1097,False,
senate,53,38,1727026,Forrest,1.0,1041,2,1041,False,
senate,53,39,1779007,Washburn,1.0,1032,2,1032,False,
senate,53,40,1726311,Flanagan,1.0,1010,2,1010,False,
senate,53,41,1755171,Odell,1.0,1003,2,1003,False,
senate,53,42,1747787,Mazon,1.0,979,2,979,False,
senate,53,43,1779813,Wenona,1.0,974,2,974,False,
senate,53,44,1769212,Sheldon,1.0,965,2,965,False,
senate,53,45,1749607,Minooka,0.0666,12758,2,850,False,
senate,53,46,1768640,Seneca,0.3486,2353,2,820,False,
senate,53,47,1714468,Cissna Park,1.0,817,2,817,False,
senate,53,48,1734098,Hennepin,1.0,769,2,769,False,
senate,53,49,1702479,Ashkum,1.0,750,2,750,False,
senate,53,50,1775718,Tonica,1.0,749,2,749,False,
senate,53,51,1760079,Piper City,1.0,745,2,745,False,
senate,53,52,1712801,Chebanse,0.6153,1044,2,642,False,
senate,53,53,1718498,Danforth,1.0,594,2,594,False,
senate,53,54,1730120,Godley,1.0,566,2,566,False,
senate,53,55,1717406,Crescent City,1.0,552,2,552,False,
senate,53,56,1718030,Cullom,1.0,520,2,520,False,
senate,53,57,1746981,Mark,1.0,519,2,519,False,
senate,53,58,1709317,Buckley,1.0,495,2,495,False,
senate,53,59,1716405,Cornell,1.0,446,2,446,False,
senate,53,60,1775822,Towanda,1.0,431,2,431,False,
senate,53,61,1744823,Lostant,1.0,423,2,423,False,
senate,53,62,1736150,Hopewell,1.0,421,2,421,False,
senate,53,63,1748268,Melvin,1.0,416,2,416,False,
senate,53,64,1705261,Benson,1.0,412,2,412,False,
senate,53,65,1767795,Saunemin,1.0,406,2,406,False,
senate,53,66,1759026,Peoria Heights,0.0656,5908,2,388,False,
senate,53,67,1777395,Varna,1.0,375,2,375,False,
senate,53,68,1711176,Carbon Hill,1.0,372,2,372,False,
senate,53,69,1771422,Sparland,1.0,366,2,366,False,
senate,53,70,1719499,De Pue,0.2198,1633,2,359,False,
senate,53,71,1744264,Loda,1.0,356,2,356,False,
senate,53,72,1764655,Roberts,1.0,345,2,345,False,
senate,53,73,1768510,Secor,1.0,342,2,342,False,
senate,53,74,1747280,Martinton,1.0,334,2,334,False,
senate,53,75,1762757,Ransom,1.0,308,2,308,False,
senate,53,76,1704507,Beaverville,1.0,306,2,306,False,
senate,53,77,1769810,Sibley,1.0,288,2,288,False,
senate,53,78,1709681,Bureau Junction,1.0,281,2,281,False,
senate,53,79,1745850,McNabb,1.0,275,2,275,False,
senate,53,80,1723425,Elliott,1.0,274,2,274,False,
senate,53,81,1766443,Rutland,1.0,259,2,259,False,
senate,53,82,1746110,Magnolia,1.0,256,2,256,False,
senate,53,83,1720331,Donovan,1.0,251,2,251,False,
senate,53,84,1783102,Woodland,1.0,248,2,248,False,
senate,53,85,1738921,Kangley,1.0,235,2,235,False,
senate,53,86,1739038,Kappa,1.0,229,2,229,False,
senate,53,87,1772221,Standard,1.0,225,2,225,False,
senate,53,88,1774847,Thawville,1.0,215,2,215,False,
senate,53,89,1777707,Verona,1.0,208,2,208,False,
senate,53,90,1779735,Wellington,1.0,206,2,206,False,
senate,53,91,1744576,Long Point,1.0,204,2,204,False,
senate,53,92,1739441,Kempton,1.0,176,2,176,False,
senate,53,93,1718485,Dana,1.0,162,2,162,False,
senate,53,94,1710916,Campus,1.0,149,2,149,False,
senate,53,95,1737712,Iroquois,1.0,133,2,133,False,
senate,53,96,1757576,Papineau,1.0,133,2,133,False,
senate,53,97,1710292,Cabery,0.556,231,2,128,False,
senate,53,98,1742912,Leonore,1.0,121,2,121,False,
senate,53,99,1724062,Emington,1.0,101,2,101,False,
senate,53,100,1773131,Strawn,1.0,101,2,101,False,
senate,53,101,1742171,La Rose,1.0,98,2,98,False,
senate,53,102,1740143,Kinsman,1.0,90,2,90,False,
senate,53,103,1729080,Germantown Hills,0.021,3412,2,72,False,
senate,53,104,1757524,Panola,1.0,47,2,47,False,
senate,53,105,1707640,Braceville,0.0478,724,2,35,False,
senate,53,106,1763056,Reddick,0.1594,199,2,32,False,
senate,54,1,1722736,Effingham,1.0,12252,1,12252,False,best
senate,54,2,1774574,Taylorville,1.0,10506,1,10506,False,
senate,54,3,1743965,Litchfield,1.0,6605,1,6605,True,office
senate,54,4,1735047,Hillsboro,1.0,5902,1,5902,False,
senate,54,5,1711202,Carlinville,1.0,5710,1,5710,False,
senate,54,6,1757472,Pana,1.0,5199,1,5199,False,
senate,54,7,1751206,Mount Zion,0.8439,6019,1,5079,False,
senate,54,8,1772403,Staunton,1.0,5054,1,5054,False,
senate,54,9,1769186,Shelbyville,1.0,4674,2,4674,False,
senate,54,10,1702921,Auburn,1.0,4574,2,4574,False,
senate,54,11,1773495,Sullivan,1.0,4413,2,4413,False,
senate,54,12,1769342,Sherman,0.9393,4673,2,4389,False,
senate,54,13,1772000,Springfield,0.0367,114394,2,4198,False,
senate,54,14,1712684,Chatham,0.2423,14377,2,3484,False,
senate,54,15,1778149,Virden,1.0,3231,2,3231,False,
senate,54,16,1729236,Gillespie,1.0,3168,2,3168,False,
senate,54,17,1764486,Riverton,0.7713,3532,2,2724,False,
senate,54,18,1758174,Pawnee,1.0,2678,2,2678,False,
senate,54,19,1759312,Petersburg,1.0,2258,2,2258,False,
senate,54,20,1701049,Altamont,1.0,2216,2,2216,False,
senate,54,21,1753169,Nokomis,1.0,2142,2,2142,False,
senate,54,22,1751024,Mount Olive,1.0,2015,2,2015,False,
senate,54,23,1718823,Decatur,0.0285,70522,2,2010,False,
senate,54,24,1702674,Athens,1.0,1977,2,1977,False,
senate,54,25,1729392,Girard,1.0,1785,2,1785,False,
senate,54,26,1751232,Moweaqua,1.0,1764,2,1764,False,
senate,54,27,1774743,Teutopolis,1.0,1618,2,1618,False,
senate,54,28,1705209,Benld,1.0,1464,2,1464,False,
senate,54,29,1781854,Williamsville,1.0,1425,2,1425,False,
senate,54,30,1751986,Neoga,1.0,1398,2,1398,False,
senate,54,31,1752168,New Berlin,1.0,1381,2,1381,False,
senate,54,32,1705612,Bethany,1.0,1255,2,1255,False,
senate,54,33,1745941,Macon,1.0,1177,2,1177,False,
senate,54,34,1702609,Assumption,1.0,1155,2,1155,False,
senate,54,35,1720045,Divernon,1.0,1139,2,1139,False,
senate,54,36,1706756,Blue Mound,1.0,1133,2,1133,False,
senate,54,37,1782322,Windsor,1.0,1079,2,1079,False,
senate,54,38,1745044,Lovington,1.0,1069,2,1069,False,
senate,54,39,1750543,Morrisonville,1.0,997,2,997,False,
senate,54,40,1762965,Raymond,1.0,949,2,949,False,
senate,54,41,1744173,Loami,1.0,812,2,812,False,
senate,54,42,1760599,Pleasant Plains,1.0,808,2,808,False,
senate,54,43,1771474,Spaulding,1.0,801,2,801,False,
senate,54,44,1782725,Witt,1.0,785,2,785,False,
senate,54,45,1731576,Greenview,1.0,745,2,745,False,
senate,54,46,1774561,Taylor Springs,1.0,724,2,724,False,
senate,54,47,1772650,Stewardson,1.0,721,2,721,False,
senate,54,48,1725440,Farmersville,1.0,689,2,689,False,
senate,54,49,1779241,Watson,1.0,668,2,668,False,
senate,54,50,1726116,Findlay,1.0,664,2,664,False,
senate,54,51,1715352,Coffeen,1.0,647,2,647,False,
senate,54,52,1774860,Thayer,1.0,632,2,632,False,
senate,54,53,1768120,Schram City,1.0,563,2,563,False,
senate,54,54,1782218,Wilsonville,1.0,536,2,536,False,
senate,54,55,1773040,Strasburg,1.0,531,2,531,False,
senate,54,56,1718745,Dawson,1.0,519,2,519,False,
senate,54,57,1717055,Cowden,1.0,515,2,515,False,
senate,54,58,1775848,Tower Hill,1.0,485,2,485,False,
senate,54,59,1718446,Dalton City,1.0,454,2,454,False,
senate,54,60,1774379,Tallula,1.0,434,2,434,False,
senate,54,61,1704598,Beecher City,1.0,428,2,428,False,
senate,54,62,1737738,Irving,1.0,373,2,373,False,
senate,54,63,1734332,Herrick,1.0,358,2,358,False,
senate,54,64,1769914,Sigel,1.0,329,2,329,False,
senate,54,65,1715209,Coalton,1.0,317,2,317,False,
senate,54,66,1750920,Mount Clare,1.0,311,2,311,False,
senate,54,67,1721852,East Gillespie,1.0,269,2,269,False,
senate,54,68,1767873,Sawyerville,1.0,268,2,268,False,
senate,54,69,1754625,Oakford,1.0,234,2,234,False,
senate,54,70,1728807,Gays,1.0,218,2,218,False,
senate,54,71,1757303,Palmer,1.0,216,2,216,False,
senate,54,72,1781191,White City,1.0,212,2,212,False,
senate,54,73,1757043,Owaneco,1.0,209,2,209,False,
senate,54,74,1753039,Nilwood,1.0,201,2,201,False,
senate,54,75,1741214,Lake Ka-Ho,1.0,194,2,194,False,
senate,54,76,1769797,Shumway,1.0,188,2,188,False,
senate,54,77,1757498,Panama,0.54,337,2,182,False,
senate,54,78,1778383,Waggoner,1.0,181,2,181,False,
senate,54,79,1733357,Harvel,1.0,178,2,178,False,
senate,54,80,1710149,Butler,1.0,164,2,164,False,
senate,54,81,1711033,Cantrall,1.0,144,2,144,False,
senate,54,82,1718147,Curran,0.6719,213,2,143,False,
senate,54,83,1705443,Berlin,1.0,141,2,141,False,
senate,54,84,1755132,Oconee,1.0,141,2,141,False,
senate,54,85,1720318,Donnellson,0.9005,153,2,138,False,
senate,54,86,1772234,Standard City,1.0,135,2,135,False,
senate,54,87,1720370,Dorchester,1.0,133,2,133,False,
senate,54,88,1700867,Allenville,1.0,132,2,132,False,
senate,54,89,1721410,Eagarville,1.0,114,2,114,False,
senate,54,90,1755418,Ohlman,1.0,109,2,109,False,
senate,54,91,1778656,Walshville,1.0,61,2,61,False,
senate,54,92,1779826,Wenonah,1.0,32,2,32,False,
senate,55,1,1712164,Centralia,0.9812,12182,1,11953,False,best
senate,55,2,1776199,Troy,1.0,10960,1,10960,False,
senate,55,3,1734670,Highland,1.0,9991,1,9991,False,
senate,55,4,1755912,Olney,1.0,8701,1,8701,False,
senate,55,5,1777317,Vandalia,1.0,7458,1,7458,True,office
senate,55,6,1767236,Salem,1.0,7282,1,7282,False,
senate,55,7,1731589,Greenville,1.0,7083,1,7083,False,
senate,55,8,1726454,Flora,1.0,4803,2,4803,False,
senate,55,9,1707913,Breese,1.0,4641,2,4641,False,
senate,55,10,1755249,O'Fallon,0.1228,32289,2,3965,False,
senate,55,11,1711228,Carlyle,1.0,3253,2,3253,False,
senate,55,12,1751700,Nashville,1.0,3105,2,3105,False,
senate,55,13,1722697,Edwardsville,0.1046,26808,2,2804,False,
senate,55,14,1775991,Trenton,1.0,2690,2,2690,False,
senate,55,15,1703181,Aviston,1.0,2340,2,2340,False,
senate,55,16,1752142,New Baden,0.5701,3428,2,1954,False,
senate,55,17,1755470,Okawville,1.0,1369,2,1369,False,
senate,55,18,1766859,St. Jacob,1.0,1358,2,1358,False,
senate,55,19,1729041,Germantown,1.0,1324,2,1324,False,
senate,55,20,1747397,Maryville,0.156,8221,2,1282,False,
senate,55,21,1766794,St. Elmo,1.0,1254,2,1254,False,
senate,55,22,1767444,Sandoval,1.0,1157,2,1157,False,
senate,55,23,1744927,Louisville,1.0,1136,2,1136,False,
senate,55,24,1700555,Albers,1.0,1121,2,1121,False,
senate,55,25,1712151,Central City,1.0,1098,2,1098,False,
senate,55,26,1783505,Worden,1.0,1096,2,1096,False,
senate,55,27,1778721,Wamac,1.0,985,2,985,False,
senate,55,28,1755210,Odin,1.0,935,2,935,False,
senate,55,29,1732408,Hamel,1.0,929,2,929,False,
senate,55,30,1704533,Beckemeyer,1.0,923,2,923,False,
senate,55,31,1746864,Marine,1.0,912,2,912,False,
senate,55,32,1762627,Ramsey,1.0,911,2,911,False,
senate,55,33,1714715,Clay City,1.0,847,2,847,False,
senate,55,34,1744160,Livingston,1.0,763,2,763,False,
senate,55,35,1740117,Kinmundy,1.0,733,2,733,False,
senate,55,36,1760872,Pocahontas,1.0,697,2,697,False,
senate,55,37,1708992,Brownstown,1.0,690,2,690,False,
senate,55,38,1704000,Bartelso,1.0,635,2,635,False,
senate,55,39,1753143,Noble,1.0,633,2,633,False,
senate,55,40,1700737,Alhambra,1.0,622,2,622,False,
senate,55,41,1766989,St. Libory,0.9283,628,2,583,False,
senate,55,42,1737777,Irvington,1.0,581,2,581,False,
senate,55,43,1718472,Damiansville,1.0,564,2,564,False,
senate,55,44,1725375,Farina,1.0,540,2,540,False,
senate,55,45,1738791,Junction City,1.0,527,2,527,False,
senate,55,46,1758057,Patoka,1.0,525,2,525,False,
senate,55,47,1736347,Hoyleton,1.0,520,2,520,False,
senate,55,48,1751284,Mulberry Grove,1.0,520,2,520,False,
senate,55,49,1737933,Iuka,1.0,512,2,512,False,
senate,55,50,1702531,Ashley,1.0,462,2,462,False,
senate,55,51,1759709,Pierron,1.0,459,2,459,False,
senate,55,52,1767158,St. Rose,1.0,459,2,459,False,
senate,55,53,1735398,Hoffman,1.0,439,2,439,False,
senate,55,54,1770525,Sorento,1.0,429,2,429,False,
senate,55,55,1739753,Keyesport,1.0,406,2,406,False,
senate,55,56,1722567,Edgewood,1.0,398,2,398,False,
senate,55,57,1783739,Xenia,1.0,380,2,380,False,
senate,55,58,1742496,Lebanon,0.0749,4691,2,351,False,
senate,55,59,1752415,New Douglas,1.0,350,2,350,False,
senate,55,60,1773547,Summerfield,1.0,347,2,347,False,
senate,55,61,1730978,Grantfork,1.0,341,2,341,False,
senate,55,62,1747449,Mason,1.0,323,2,323,False,
senate,55,63,1767132,St. Peter,1.0,322,2,322,False,
senate,55,64,1700919,Alma,1.0,318,2,318,False,
senate,55,65,1729639,Glen Carbon,0.0228,13842,2,316,False,
senate,55,66,1726077,Fillmore,1.0,305,2,305,False,
senate,55,67,1700230,Addieville,1.0,259,2,259,False,
senate,55,68,1763719,Richview,1.0,238,2,238,False,
senate,55,69,1757693,Parkersburg,1.0,186,2,186,False,
senate,55,70,1781815,Williamson,1.0,183,2,183,False,
senate,55,71,1752714,New Minden,1.0,175,2,175,False,
senate,55,72,1739324,Kell,1.0,173,2,173,False,
senate,55,73,1710448,Calhoun,1.0,164,2,164,False,
senate,55,74,1714533,Claremont,1.0,161,2,161,False,
senate,55,75,1736477,Huey,1.0,160,2,160,False,
senate,55,76,1757498,Panama,0.46,337,2,155,False,
senate,55,77,1770213,Smithboro,1.0,154,2,154,False,
senate,55,78,1777408,Venedy,1.0,121,2,121,False,
senate,55,79,1777681,Vernon,1.0,103,2,103,False,
senate,55,80,1737621,Iola,1.0,98,2,98,False,
senate,55,81,1778604,Walnut Hill,1.0,95,2,95,False,
senate,55,82,1766599,Sailor Springs,1.0,89,2,89,False,
senate,55,83,1755717,Old Ripley,1.0,82,2,82,False,
senate,55,84,1706028,Bingham,1.0,60,2,60,False,
senate,55,85,1720318,Donnellson,0.0995,153,2,15,False,
senate,56,1,1730926,Granite City,1.0,27549,1,27549,False,best
senate,56,2,1701114,Alton,0.9841,25676,1,25268,False,
senate,56,3,1715599,Collinsville,0.9912,24366,1,24152,False,
senate,56,4,1722697,Edwardsville,0.8954,26808,1,24004,True,office
senate,56,5,1729639,Glen Carbon,0.9772,13842,1,13526,False,
senate,56,6,1725141,Fairview Heights,0.7081,16706,1,11830,False,
senate,56,7,1783271,Wood River,1.0,10464,1,10464,False,
senate,56,8,1705599,Bethalto,0.8699,9310,1,8099,False,
senate,56,9,1747397,Maryville,0.844,8221,1,6939,False,
senate,56,10,1761067,Pontoon Beach,1.0,5876,1,5876,False,
senate,56,11,1721553,East Alton,1.0,5786,1,5786,False,
senate,56,12,1755249,O'Fallon,0.2589,32289,2,8360,False,
senate,56,13,1711644,Caseyville,0.7826,4400,2,3443,False,
senate,56,14,1730094,Godfrey,0.1503,17825,2,2679,False,
senate,56,15,1745993,Madison,0.8148,3171,2,2584,False,
senate,56,16,1771240,South Roxana,1.0,1891,2,1891,False,
senate,56,17,1766131,Roxana,1.0,1454,2,1454,False,
senate,56,18,1733279,Hartford,1.0,1185,2,1185,False,
senate,56,19,1769524,Shiloh,0.066,14098,2,930,False,
senate,56,20,1724933,Fairmont City,0.3336,2265,2,756,False,
senate,56,21,1774119,Swansea,0.046,14386,2,662,False,
senate,57,1,1704845,Belleville,1.0,42404,1,42404,False,best
senate,57,2,1755249,O'Fallon,0.6183,32289,1,19964,False,
senate,57,3,1722255,East St. Louis,1.0,18469,1,18469,True,office
senate,57,4,1774119,Swansea,0.954,14386,1,13724,False,
senate,57,5,1769524,Shiloh,0.934,14098,1,13168,False,
senate,57,6,1747423,Mascoutah,1.0,8754,1,8754,False,
senate,57,7,1725141,Fairview Heights,0.2919,16706,2,4876,False,
senate,57,8,1727806,Freeburg,1.0,4582,2,4582,False,
senate,57,9,1742496,Lebanon,0.9251,4691,2,4340,False,
senate,57,10,1749386,Millstadt,1.0,4071,2,4071,False,
senate,57,11,1770252,Smithton,1.0,4006,2,4006,False,
senate,57,12,1721254,Dupo,0.9188,3996,2,3672,False,
senate,57,13,1779085,Washington Park,1.0,2592,2,2592,False,
senate,57,14,1752116,New Athens,0.99,1955,2,1935,False,
senate,57,15,1724933,Fairmont City,0.6664,2265,2,1509,False,
senate,57,16,1777473,Venice,1.0,1498,2,1498,False,
senate,57,17,1752142,New Baden,0.4299,3428,2,1474,False,
senate,57,18,1711644,Caseyville,0.2174,4400,2,957,False,
senate,57,19,1715833,Columbia,0.0863,10999,2,949,False,
senate,57,20,1708667,Brooklyn,1.0,649,2,649,False,
senate,57,21,1745993,Madison,0.1852,3171,2,587,False,
senate,57,22,1721618,East Carondelet,1.0,390,2,390,False,
senate,57,23,1725713,Fayetteville,1.0,302,2,302,False,
senate,57,24,1767756,Sauget,1.0,141,2,141,False,
senate,57,25,1766989,St. Libory,0.0717,628,2,45,False,
senate,57,26,1710373,Cahokia Heights,1.0,,2,0,False,
senate,58,1,1751180,Mount Vernon,1.0,14600,1,14600,True,office
senate,58,2,1779150,Waterloo,1.0,11013,1,11013,False,best
senate,58,3,1715833,Columbia,0.9137,10999,1,10050,False,
senate,58,4,1750868,Mount Carmel,1.0,7015,1,7015,False,
senate,58,5,1751453,Murphysboro,0.9647,7093,1,6843,False,
senate,58,6,1713139,Chester,1.0,6814,1,6814,False,
senate,58,7,1705300,Benton,1.0,6709,1,6709,False,
senate,58,8,1721267,Du Quoin,1.0,5827,1,5827,False,
senate,58,9,1759884,Pinckneyville,1.0,5066,1,5066,False,
senate,58,10,1724816,Fairfield,1.0,4883,2,4883,False,
senate,58,11,1711293,Carmi,1.0,4865,2,4865,False,
senate,58,12,1771448,Sparta,1.0,4095,2,4095,False,
senate,58,13,1763043,Red Bud,1.0,3804,2,3804,False,
senate,58,14,1714286,Christopher,1.0,2697,2,2697,False,
senate,58,15,1745824,McLeansboro,1.0,2675,2,2675,False,
senate,58,16,1700568,Albion,1.0,1971,2,1971,False,
senate,58,17,1772468,Steeleville,1.0,1930,2,1930,False,
senate,58,18,1768705,Sesser,1.0,1888,2,1888,False,
senate,58,19,1746955,Marissa,1.0,1833,2,1833,False,
senate,58,20,1737179,Ina,1.0,1641,2,1641,False,
senate,58,21,1731165,Grayville,1.0,1550,2,1550,False,
senate,58,22,1777265,Valmeyer,1.0,1233,2,1233,False,
senate,58,23,1779436,Wayne City,1.0,994,2,994,False,
senate,58,24,1759104,Percy,1.0,906,2,906,False,
senate,58,25,1716613,Coulterville,1.0,834,2,834,False,
senate,58,26,1724179,Enfield,1.0,794,2,794,False,
senate,58,27,1780853,West Salem,1.0,786,2,786,False,
senate,58,28,1775263,Tilden,1.0,750,2,750,False,
senate,58,29,1780073,West City,1.0,656,2,656,False,
senate,58,30,1714455,Cisne,1.0,634,2,634,False,
senate,58,31,1706964,Bluford,1.0,630,2,630,False,
senate,58,32,1717783,Crossville,1.0,623,2,623,False,
senate,58,33,1783206,Woodlawn,1.0,617,2,617,False,
senate,58,34,1781867,Willisville,1.0,579,2,579,False,
senate,58,35,1777148,Valier,1.0,554,2,554,False,
senate,58,36,1703103,Ava,1.0,553,2,553,False,
senate,58,37,1724608,Evansville,1.0,547,2,547,False,
senate,58,38,1774444,Tamaroa,1.0,544,2,544,False,
senate,58,39,1753585,North City,1.0,509,2,509,False,
senate,58,40,1718303,Dahlgren,1.0,504,2,504,False,
senate,58,41,1761639,Prairie du Rocher,1.0,502,2,502,False,
senate,58,42,1720123,Dix,1.0,469,2,469,False,
senate,58,43,1742860,Lenzburg,1.0,468,2,468,False,
senate,58,44,1700815,Allendale,1.0,458,2,458,False,
senate,58,45,1733877,Hecker,0.9963,429,2,427,False,
senate,58,46,1709330,Buckner,1.0,409,2,409,False,
senate,58,47,1778708,Waltonville,1.0,408,2,408,False,
senate,58,48,1707263,Bonnie,1.0,374,2,374,False,
senate,58,49,1718225,Cutler,1.0,361,2,361,False,
senate,58,50,1738323,Jeffersonville,1.0,355,2,355,False,
senate,58,51,1723503,Ellis Grove,1.0,328,2,328,False,
senate,58,52,1721254,Dupo,0.0812,3996,2,324,False,
senate,58,53,1703454,Baldwin,1.0,314,2,314,False,
senate,58,54,1766287,Ruma,1.0,313,2,313,False,
senate,58,55,1704806,Belle Rive,1.0,309,2,309,False,
senate,58,56,1710773,Campbell Hill,1.0,309,2,309,False,
senate,58,57,1724673,Ewing,1.0,300,2,300,False,
senate,58,58,1704936,Bellmont,1.0,247,2,247,False,
senate,58,59,1777525,Vergennes,1.0,235,2,235,False,
senate,58,60,1712164,Centralia,0.0188,12182,2,229,False,
senate,58,61,1751726,Nason,1.0,199,2,199,False,
senate,58,62,1754586,Oakdale,1.0,199,2,199,False,
senate,58,63,1762523,Radom,1.0,183,2,183,False,
senate,58,64,1707224,Bone Gap,1.0,181,2,181,False,
senate,58,65,1749347,Mill Shoals,1.0,176,2,176,False,
senate,58,66,1720890,Du Bois,1.0,175,2,175,False,
senate,58,67,1739259,Keensburg,1.0,174,2,174,False,
senate,58,68,1730588,Gorham,1.0,173,2,173,False,
senate,58,69,1770031,Sims,1.0,166,2,166,False,
senate,58,70,1766924,St. Johns,1.0,163,2,163,False,
senate,58,71,1746058,Maeystown,1.0,150,2,150,False,
senate,58,72,1708979,Browns,1.0,139,2,139,False,
senate,58,73,1771643,Springerton,1.0,101,2,101,False,
senate,58,74,1750933,Mount Erie,1.0,98,2,98,False,
senate,58,75,1738531,Johnsonville,1.0,72,2,72,False,
senate,58,76,1730250,Golden Gate,1.0,65,2,65,False,
senate,58,77,1739233,Keenes,1.0,50,2,50,False,
senate,58,78,1704793,Belle Prairie City,1.0,49,2,49,False,
senate,58,79,1709889,Burnt Prairie,1.0,36,2,36,False,
senate,58,80,1759520,Phillipstown,1.0,34,2,34,False,
senate,58,81,1765221,Rockwood,1.0,32,2,32,False,
senate,58,82,1745642,Macedonia,1.0,30,2,30,False,
senate,58,83,1728170,Fults,1.0,28,2,28,False,
senate,58,84,1739129,Kaskaskia,1.0,21,2,21,False,
senate,58,85,1752116,New Athens,0.01,1955,2,20,False,
senate,59,1,1711163,Carbondale,1.0,21857,1,21857,False,best
senate,59,2,1746916,Marion,1.0,16855,1,16855,True,office
senate,59,3,1734358,Herrin,1.0,12352,1,12352,False,
senate,59,4,1733136,Harrisburg,1.0,8219,1,8219,False,
senate,59,5,1780333,West Frankfort,1.0,7275,1,7275,False,
senate,59,6,1748645,Metropolis,1.0,5969,1,5969,False,
senate,59,7,1711514,Carterville,1.0,5848,1,5848,False,
senate,59,8,1701543,Anna,1.0,4303,2,4303,False,
senate,59,9,1723009,Eldorado,1.0,3743,2,3743,False,
senate,59,10,1738544,Johnston City,1.0,3384,2,3384,False,
senate,59,11,1710383,Cairo,1.0,1733,2,1733,False,
senate,59,12,1738635,Jonesboro,1.0,1711,2,1711,False,
senate,59,13,1711397,Carrier Mills,1.0,1672,2,1672,False,
senate,59,14,1710630,Cambria,1.0,1505,2,1505,False,
senate,59,15,1784155,Zeigler,1.0,1484,2,1484,False,
senate,59,16,1717185,Crainville,1.0,1443,2,1443,False,
senate,59,17,1719616,De Soto,1.0,1407,2,1407,False,
senate,59,18,1777863,Vienna,1.0,1343,2,1343,False,
senate,59,19,1753403,Norris City,1.0,1145,2,1145,False,
senate,59,20,1715300,Cobden,1.0,1074,2,1074,False,
senate,59,21,1730575,Goreville,1.0,1068,2,1068,False,
senate,59,22,1766209,Royalton,1.0,1068,2,1068,False,
senate,59,23,1769082,Shawneetown,1.0,1054,2,1054,False,
senate,59,24,1765897,Rosiclare,1.0,980,2,980,False,
senate,59,25,1724166,Energy,1.0,974,2,974,False,
senate,59,26,1764018,Ridgway,1.0,851,2,851,False,
senate,59,27,1723373,Elkville,1.0,838,2,838,False,
senate,59,28,1728261,Galatia,1.0,827,2,827,False,
senate,59,29,1736815,Hurst,1.0,764,2,764,False,
senate,59,30,1708706,Brookport,1.0,725,2,725,False,
senate,59,31,1720305,Dongola,1.0,661,2,661,False,
senate,59,32,1750777,Mounds,1.0,661,2,661,False,
senate,59,33,1730133,Golconda,1.0,630,2,630,False,
senate,59,34,1760209,Pittsburg,1.0,565,2,565,False,
senate,59,35,1746214,Makanda,1.0,547,2,547,False,
senate,59,36,1724348,Equality,1.0,539,2,539,False,
senate,59,37,1750751,Mound City,1.0,526,2,526,False,
senate,59,38,1717289,Creal Springs,1.0,505,2,505,False,
senate,59,39,1775159,Thompsonville,1.0,486,2,486,False,
senate,59,40,1730770,Grand Tower,1.0,479,2,479,False,
senate,59,41,1776615,Ullin,1.0,466,2,466,False,
senate,59,42,1739077,Karnak,1.0,430,2,430,False,
senate,59,43,1774457,Tamms,1.0,430,2,430,False,
senate,59,44,1752506,New Haven,1.0,399,2,399,False,
senate,59,45,1720565,Dowell,1.0,368,2,368,False,
senate,59,46,1738674,Joppa,1.0,350,2,350,False,
senate,59,47,1756536,Orient,1.0,327,2,327,False,
senate,59,48,1732616,Hanaford,1.0,320,2,320,False,
senate,59,49,1701205,Alto Pass,1.0,319,2,319,False,
senate,59,50,1721605,East Cape Girardeau,1.0,289,2,289,False,
senate,59,51,1755899,Olmsted,1.0,285,2,285,False,
senate,59,52,1762588,Raleigh,1.0,284,2,284,False,
senate,59,53,1727858,Freeman Spur,1.0,268,2,268,False,
senate,59,54,1745525,McClure,1.0,256,2,256,False,
senate,59,55,1751453,Murphysboro,0.0353,7093,2,250,False,
senate,59,56,1710084,Bush,1.0,241,2,241,False,
senate,59,57,1711826,Cave-In-Rock,1.0,228,2,228,False,
senate,59,58,1772884,Stonefort,1.0,224,2,224,False,
senate,59,59,1723191,Elizabethtown,1.0,220,2,220,False,
senate,59,60,1718251,Cypress,1.0,217,2,217,False,
senate,59,61,1756003,Omaha,1.0,209,2,209,False,
senate,59,62,1774873,Thebes,1.0,208,2,208,False,
senate,59,63,1709551,Buncombe,1.0,207,2,207,False,
senate,59,64,1708875,Broughton,1.0,185,2,185,False,
senate,59,65,1771526,Spillertown,1.0,181,2,181,False,
senate,59,66,1715807,Colp,1.0,168,2,168,False,
senate,59,67,1762211,Pulaski,1.0,154,2,154,False,
senate,59,68,1752285,New Burnside,1.0,153,2,153,False,
senate,59,69,1752467,New Grand Chain,1.0,150,2,150,False,
senate,59,70,1755756,Old Shawneetown,1.0,113,2,113,False,
senate,59,71,1722398,Eddyville,1.0,99,2,99,False,
senate,59,72,1747592,Maunie,1.0,91,2,91,False,
senate,59,73,1704715,Belknap,1.0,88,2,88,False,
senate,59,74,1751271,Muddy,1.0,61,2,61,False,
senate,59,75,1749178,Mill Creek,1.0,59,2,59,False,
senate,59,76,1738778,Junction,1.0,56,2,56,False,
senate,59,77,1770005,Simpson,1.0,44,2,44,False,
house,1,1,1714000,Chicago,0.0389,2746388,2,106834,True,office
house,1,2,1726987,Forest View,1.0,792,2,792,False,best
house,2,1,1714351,Cicero,0.7041,85268,1,60037,True,office
house,2,2,1708576,Brookfield,0.6676,19476,1,13002,False,best
house,2,3,1745434,Lyons,1.0,10817,1,10817,False,
house,2,4,1772676,Stickney,0.9917,7110,1,7051,False,
house,2,5,1705573,Berwyn,0.3998,57250,2,22889,False,
house,2,6,1764421,Riverside,0.3701,9298,2,3441,False,
house,2,7,1745564,McCook,0.254,249,2,63,False,
house,3,1,1714000,Chicago,0.0237,2746388,2,65089,True,office
house,4,1,1714000,Chicago,0.0245,2746388,2,67287,True,office
house,5,1,1714000,Chicago,0.0295,2746388,2,81018,True,office
house,6,1,1714000,Chicago,0.0392,2746388,2,107658,True,office
house,7,1,1747774,Maywood,1.0,23512,1,23512,False,best
house,7,2,1704975,Bellwood,1.0,18789,1,18789,False,
house,7,3,1780047,Westchester,0.9865,16892,1,16664,True,office
house,7,4,1726935,Forest Park,0.6062,14339,1,8692,False,
house,7,5,1735086,Hillside,1.0,8320,1,8320,False,
house,7,6,1708446,Broadview,0.7028,7998,1,5621,False,
house,7,7,1705404,Berkeley,1.0,5338,1,5338,False,
house,7,8,1754534,Oak Brook,0.5178,8163,1,4227,False,
house,7,9,1748242,Melrose Park,0.2432,24796,2,6030,False,
house,7,10,1723620,Elmhurst,0.1065,45786,2,4876,False,
house,7,11,1740793,La Grange Park,0.2722,13475,2,3668,False,
house,7,12,1753871,Northlake,0.1206,12840,2,1549,False,
house,7,13,1764304,River Forest,0.0565,11717,2,662,False,
house,7,14,1735307,Hinsdale,0.0349,17395,2,607,False,
house,7,15,1780242,Western Springs,0.0306,13629,2,417,False,
house,8,1,1740767,La Grange,0.7989,16321,1,13039,False,best
house,8,2,1716873,Countryside,0.5535,6420,1,3553,False,
house,8,3,1714000,Chicago,0.018,2746388,2,49435,True,office
house,8,4,1740793,La Grange Park,0.3953,13475,2,5327,False,
house,8,5,1726935,Forest Park,0.3377,14339,2,4842,False,
house,8,6,1780242,Western Springs,0.3432,13629,2,4677,False,
house,8,7,1754885,Oak Park,0.0838,54583,2,4574,False,
house,8,8,1754144,North Riverside,0.3873,7426,2,2876,False,
house,8,9,1705573,Berwyn,0.0419,57250,2,2399,False,
house,8,10,1708446,Broadview,0.2972,7998,2,2377,False,
house,8,11,1735385,Hodgkins,0.2749,1500,2,412,False,
house,8,12,1780047,Westchester,0.0135,16892,2,228,False,
house,9,1,1714000,Chicago,0.0376,2746388,2,103264,True,office
house,10,1,1714000,Chicago,0.0397,2746388,2,109032,True,office
house,11,1,1714000,Chicago,0.0173,2746388,2,47513,True,office
house,12,1,1714000,Chicago,0.0134,2746388,2,36802,True,office
house,13,1,1714000,Chicago,0.0211,2746388,2,57949,True,office
house,14,1,1714000,Chicago,0.014,2746388,2,38449,True,office
house,15,1,1753000,Niles,0.8325,30912,1,25734,False,best
house,15,2,1750647,Morton Grove,0.8012,25297,1,20268,False,
house,15,3,1714000,Chicago,0.0332,2746388,2,91180,True,office
house,15,4,1757875,Park Ridge,0.023,39656,2,912,False,
house,16,1,1743744,Lincolnwood,1.0,13463,1,13463,False,best
house,16,2,1714000,Chicago,0.0141,2746388,2,38724,True,office
house,16,3,1770122,Skokie,0.4941,67824,2,33512,False,
house,17,1,1729938,Glenview,0.8065,48705,1,39281,True,office
house,17,2,1770122,Skokie,0.4986,67824,2,33817,False,best
house,17,3,1724582,Evanston,0.1409,78110,2,11006,False,
house,17,4,1782075,Wilmette,0.3799,28170,2,10702,False,
house,17,5,1753481,Northbrook,0.164,35222,2,5776,False,
house,17,6,1750647,Morton Grove,0.1105,25297,2,2795,False,
house,17,7,1730328,Golf,1.0,514,2,514,False,
house,18,1,1724582,Evanston,0.8591,78110,1,67104,True,office
house,18,2,1782075,Wilmette,0.51,28170,1,14367,False,best
house,18,3,1782530,Winnetka,1.0,12744,1,12744,False,
house,18,4,1739519,Kenilworth,1.0,2514,2,2514,False,
house,19,1,1714000,Chicago,0.036,2746388,2,98870,True,office
house,19,2,1733435,Harwood Heights,0.3912,9065,2,3546,False,best
house,20,1,1753377,Norridge,1.0,15251,1,15251,True,office
house,20,2,1768081,Schiller Park,1.0,11709,1,11709,False,best
house,20,3,1733435,Harwood Heights,0.6088,9065,1,5519,False,
house,20,4,1714000,Chicago,0.0393,2746388,2,107933,False,
house,20,5,1723724,Elmwood Park,0.1559,24521,2,3823,False,
house,20,6,1765819,Rosemont,0.8208,3952,2,3244,False,
house,20,7,1727702,Franklin Park,0.1611,18467,2,2975,False,
house,20,8,1764343,River Grove,0.2423,10612,2,2571,False,
house,21,1,1705573,Berwyn,0.5583,57250,1,31963,True,office
house,21,2,1773638,Summit,0.9958,11161,1,11114,False,best
house,21,3,1764421,Riverside,0.6299,9298,1,5857,False,
house,21,4,1754144,North Riverside,0.6127,7426,1,4550,False,
house,21,5,1714351,Cicero,0.1558,85268,2,13285,False,
house,21,6,1708225,Bridgeview,0.4788,17027,2,8153,False,
house,21,7,1708576,Brookfield,0.3324,19476,2,6474,False,
house,21,8,1740793,La Grange Park,0.3325,13475,2,4480,False,
house,21,9,1740767,La Grange,0.2011,16321,2,3282,False,
house,21,10,1738830,Justice,0.1155,12600,2,1455,False,
house,21,11,1716873,Countryside,0.1846,6420,2,1185,False,
house,21,12,1735385,Hodgkins,0.3447,1500,2,517,False,
house,21,13,1704572,Bedford Park,0.3453,602,2,208,False,
house,21,14,1745564,McCook,0.746,249,2,186,False,
house,22,1,1709642,Burbank,0.5817,29439,1,17125,False,best
house,22,2,1714000,Chicago,0.0376,2746388,2,103264,True,office
house,22,3,1708225,Bridgeview,0.0688,17027,2,1171,False,
house,22,4,1704572,Bedford Park,0.6461,602,2,389,False,
house,23,1,1714000,Chicago,0.0258,2746388,2,70857,True,office
house,23,2,1714351,Cicero,0.1346,85268,2,11477,False,best
house,24,1,1714000,Chicago,0.0347,2746388,2,95300,True,office
house,25,1,1714000,Chicago,0.0406,2746388,2,111503,True,office
house,26,1,1714000,Chicago,0.0312,2746388,2,85687,True,office
house,27,1,1717497,Crestwood,0.5406,10826,1,5853,False,best
house,27,2,1714000,Chicago,0.0323,2746388,2,88708,True,office
house,27,3,1756640,Orland Park,0.4791,58703,2,28125,False,
house,27,4,1706704,Blue Island,0.2094,22558,2,4724,False,
house,27,5,1701010,Alsip,0.2449,19063,2,4669,False,
house,27,6,1775484,Tinley Park,0.0659,55971,2,3688,False,
house,27,7,1735835,Homer Glen,0.0455,24543,2,1117,False,
house,27,8,1756627,Orland Hills,0.0567,6893,2,391,False,
house,27,9,1748892,Midlothian,0.0142,14325,2,203,False,
house,28,1,1706704,Blue Island,0.7906,22558,1,17834,True,office
house,28,2,1764278,Riverdale,0.9882,10663,1,10537,False,best
house,28,3,1710513,Calumet Park,1.0,7025,1,7025,False,
house,28,4,1761314,Posen,0.6376,5632,1,3591,False,
house,28,5,1714000,Chicago,0.0135,2746388,2,37076,False,
house,28,6,1775484,Tinley Park,0.2737,55971,2,15319,False,
house,28,7,1754638,Oak Forest,0.4122,27478,2,11326,False,
house,28,8,1717497,Crestwood,0.4592,10826,2,4971,False,
house,28,9,1764616,Robbins,0.9978,4629,2,4619,False,
house,28,10,1748892,Midlothian,0.2079,14325,2,2978,False,
house,28,11,1756640,Orland Park,0.0237,58703,2,1391,False,
house,29,1,1770850,South Holland,0.6072,21465,1,13034,True,office
house,29,2,1720292,Dolton,0.5298,21426,1,11351,False,best
house,29,3,1730029,Glenwood,0.9809,8662,1,8497,False,
house,29,4,1746500,Manteno,0.7549,9210,1,6953,False,
house,29,5,1717523,Crete,0.6429,8465,1,5442,False,
house,29,6,1714000,Chicago,0.0128,2746388,2,35154,False,
house,29,7,1710487,Calumet City,0.3106,36033,2,11192,False,
house,29,8,1714026,Chicago Heights,0.2421,27480,2,6653,False,
house,29,9,1704585,Beecher,1.0,4713,2,4713,False,
house,29,10,1772520,Steger,0.4913,9584,2,4709,False,
house,29,11,1707744,Bradley,0.2883,15419,2,4445,False,
house,29,12,1759052,Peotone,0.9464,4150,2,3928,False,
house,29,13,1767769,Sauk Village,0.3157,9921,2,3132,False,
house,29,14,1735879,Homewood,0.1487,19463,2,2894,False,
house,29,15,1775185,Thornton,0.8669,2386,2,2068,False,
house,29,16,1726710,Ford Heights,0.5929,1813,2,1075,False,
house,29,17,1709798,Burnham,0.1253,4046,2,507,False,
house,29,18,1707471,Bourbonnais,0.0259,18164,2,470,False,
house,29,19,1745421,Lynwood,0.0317,9116,2,289,False,
house,29,20,1770629,South Chicago Heights,0.064,4026,2,258,False,
house,29,21,1749893,Momence,0.0709,3117,2,221,False,
house,29,22,1764278,Riverdale,0.0118,10663,2,126,False,
house,29,23,1721904,East Hazel Crest,0.0238,1297,2,31,False,
house,30,1,1733383,Harvey,1.0,20324,1,20324,False,best
house,30,2,1735879,Homewood,0.8336,19463,1,16224,False,
house,30,3,1747007,Markham,0.9826,11661,1,11458,False,
house,30,4,1748892,Midlothian,0.7779,14325,1,11143,False,
house,30,5,1726571,Flossmoor,0.9516,9704,1,9234,False,
house,30,6,1754638,Oak Forest,0.4175,27478,2,11472,False,
house,30,7,1720292,Dolton,0.4702,21426,2,10075,False,
house,30,8,1770850,South Holland,0.3647,21465,2,7828,False,
house,30,9,1733695,Hazel Crest,0.2426,13382,2,3246,False,
house,30,10,1720149,Dixmoor,0.9985,2973,2,2969,False,
house,30,11,1761314,Posen,0.3624,5632,2,2041,False,
house,30,12,1755938,Olympia Fields,0.424,4718,2,2000,False,
house,30,13,1759572,Phoenix,1.0,1708,2,1708,False,
house,30,14,1775484,Tinley Park,0.0243,55971,2,1360,False,
house,30,15,1721904,East Hazel Crest,0.9762,1297,2,1266,True,office
house,30,16,1775185,Thornton,0.1331,2386,2,318,False,
house,31,1,1734514,Hickory Hills,0.7044,14505,1,10217,False,best
house,31,2,1738830,Justice,0.6853,12600,1,8635,False,
house,31,3,1714000,Chicago,0.027,2746388,2,74152,True,office
house,31,4,1754820,Oak Lawn,0.298,58362,2,17392,False,
house,31,5,1735866,Hometown,1.0,4343,2,4343,False,
house,31,6,1714065,Chicago Ridge,0.2998,14433,2,4327,False,
house,31,7,1757394,Palos Hills,0.2081,18530,2,3856,False,
house,31,8,1708225,Bridgeview,0.1905,17027,2,3244,False,
house,32,1,1714000,Chicago,0.0355,2746388,2,97497,True,office
house,32,2,1709642,Burbank,0.4183,29439,2,12314,False,best
house,32,3,1708225,Bridgeview,0.262,17027,2,4461,False,
house,32,4,1734514,Hickory Hills,0.0645,14505,2,936,False,
house,33,1,1742028,Lansing,0.6313,29076,1,18356,False,best
house,33,2,1714000,Chicago,0.0566,2746388,2,155446,True,office
house,33,3,1710487,Calumet City,0.3095,36033,2,11152,False,
house,33,4,1709798,Burnham,0.4683,4046,2,1895,False,
house,33,5,1745421,Lynwood,0.1872,9116,2,1707,False,
house,34,1,1745421,Lynwood,0.781,9116,1,7120,False,best
house,34,2,1767769,Sauk Village,0.6843,9921,1,6789,False,
house,34,3,1714000,Chicago,0.0681,2746388,2,187029,True,office
house,34,4,1710487,Calumet City,0.3799,36033,2,13689,False,
house,34,5,1742028,Lansing,0.368,29076,2,10700,False,
house,34,6,1749893,Momence,0.9291,3117,2,2896,False,
house,34,7,1738934,Kankakee,0.087,24052,2,2093,False,
house,34,8,1709798,Burnham,0.4064,4046,2,1644,False,
house,34,9,1730991,Grant Park,1.0,1294,2,1294,False,
house,34,10,1766638,St. Anne,1.0,1161,2,1161,False,
house,34,11,1726710,Ford Heights,0.4071,1813,2,738,False,
house,34,12,1702258,Aroma Park,1.0,664,2,664,False,
house,34,13,1770850,South Holland,0.0281,21465,2,603,False,
house,34,14,1736190,Hopkins Park,1.0,597,2,597,False,
house,34,15,1773943,Sun River Terrace,1.0,455,2,455,False,
house,34,16,1717523,Crete,0.024,8465,2,203,False,
house,35,1,1701010,Alsip,0.755,19063,1,14393,False,best
house,35,2,1757381,Palos Heights,0.9663,12068,1,11661,False,
house,35,3,1714000,Chicago,0.0275,2746388,2,75526,True,office
house,35,4,1756640,Orland Park,0.2392,58703,2,14042,False,
house,35,5,1783518,Worth,0.4476,10970,2,4910,False,
house,35,6,1748554,Merrionette Park,1.0,1969,2,1969,False,
house,35,7,1757407,Palos Park,0.3175,4899,2,1555,False,
house,35,8,1754820,Oak Lawn,0.0214,58362,2,1249,False,
house,36,1,1754820,Oak Lawn,0.6762,58362,1,39464,False,best
house,36,2,1724634,Evergreen Park,1.0,19943,1,19943,True,office
house,36,3,1757394,Palos Hills,0.7919,18530,1,14674,False,
house,36,4,1714065,Chicago Ridge,0.6975,14433,1,10067,False,
house,36,5,1783518,Worth,0.5524,10970,1,6060,False,
house,36,6,1757407,Palos Park,0.2077,4899,2,1018,False,
house,36,7,1782049,Willow Springs,0.1644,5857,2,963,False,
house,36,8,1757381,Palos Heights,0.0337,12068,2,407,False,
house,37,1,1735835,Homer Glen,0.8842,24543,1,21701,True,office
house,37,2,1749854,Mokena,0.9182,19887,1,18260,False,best
house,37,3,1752584,New Lenox,0.5236,27214,1,14249,False,
house,37,4,1756627,Orland Hills,0.9433,6893,1,6502,False,
house,37,5,1756640,Orland Park,0.2411,58703,2,14153,False,
house,37,6,1744225,Lockport,0.4904,26094,2,12796,False,
house,37,7,1775484,Tinley Park,0.1533,55971,2,8580,False,
house,37,8,1738570,Joliet,0.035,150362,2,5263,False,
house,37,9,1727624,Frankfort,0.09,20296,2,1827,False,
house,38,1,1747540,Matteson,0.9689,19073,1,18480,True,office
house,38,2,1716691,Country Club Hills,0.9998,16775,1,16772,False,best
house,38,3,1727624,Frankfort,0.6795,20296,1,13791,False,
house,38,4,1733695,Hazel Crest,0.7574,13382,1,10136,False,
house,38,5,1763706,Richton Park,0.7897,12775,1,10088,False,
house,38,6,1775484,Tinley Park,0.4829,55971,2,27028,False,
house,38,7,1754638,Oak Forest,0.1621,27478,2,4454,False,
house,38,8,1755938,Olympia Fields,0.5612,4718,2,2648,False,
house,38,9,1749854,Mokena,0.0375,19887,2,746,False,
house,38,10,1735879,Homewood,0.0176,19463,2,343,False,
house,38,11,1747007,Markham,0.0174,11661,2,203,False,
house,39,1,1714000,Chicago,0.0219,2746388,2,60146,True,office
house,40,1,1714000,Chicago,0.0247,2746388,2,67836,True,office
house,41,1,1751622,Naperville,0.5683,149540,1,84984,True,office
house,41,2,1707133,Bolingbrook,0.0584,73922,2,4317,False,best
house,41,3,1778929,Warrenville,0.2707,13553,2,3669,False,
house,42,1,1744407,Lombard,0.7974,44476,1,35465,False,best
house,42,2,1729756,Glen Ellyn,0.9281,28846,1,26772,False,best
house,42,3,1743939,Lisle,0.5633,24223,1,13645,False,
house,42,4,1720591,Downers Grove,0.1901,50247,2,9552,False,
house,42,5,1781048,Wheaton,0.1571,53970,2,8479,False,
house,43,1,1723074,Elgin,0.326,114797,2,37424,True,office
house,43,2,1711358,Carpentersville,0.3079,37983,2,11695,False,best
house,43,3,1773157,Streamwood,0.1487,39577,2,5885,False,
house,43,4,1735411,Hoffman Estates,0.1041,52530,2,5468,False,
house,43,5,1721696,East Dundee,0.5866,3152,2,1849,False,
house,43,6,1703883,Barrington Hills,0.0168,4114,2,69,False,
house,44,1,1773157,Streamwood,0.7735,39577,1,30613,True,office
house,44,2,1735411,Hoffman Estates,0.492,52530,2,25845,False,best
house,44,3,1768003,Schaumburg,0.2226,78723,2,17524,False,
house,44,4,1732746,Hanover Park,0.396,37470,2,14838,False,
house,45,1,1723620,Elmhurst,0.8256,45786,1,37801,False,best
house,45,2,1780645,Westmont,0.8923,24429,1,21798,True,office
house,45,3,1735307,Hinsdale,0.5764,17395,1,10026,False,
house,45,4,1714572,Clarendon Hills,1.0,8702,1,8702,False,
house,45,5,1720591,Downers Grove,0.1219,50247,2,6125,False,
house,45,6,1754534,Oak Brook,0.4818,8163,2,3933,False,
house,45,7,1700243,Addison,0.1084,35702,2,3870,False,
house,45,8,1777993,Villa Park,0.1106,22263,2,2462,False,
house,45,9,1781919,Willowbrook,0.2326,9236,2,2148,False,
house,45,10,1754560,Oakbrook Terrace,0.685,2751,2,1884,False,
house,45,11,1780242,Western Springs,0.1308,13629,2,1783,False,
house,45,12,1718628,Darien,0.0173,22011,2,381,False,
house,46,1,1729730,Glendale Heights,1.0,33176,1,33176,False,best
house,46,2,1700243,Addison,0.5682,35702,1,20286,False,
house,46,3,1777993,Villa Park,0.8875,22263,1,19758,True,office
house,46,4,1711332,Carol Stream,0.2366,39854,2,9429,False,
house,46,5,1744407,Lombard,0.1927,44476,2,8571,False,
house,46,6,1706587,Bloomingdale,0.2437,22382,2,5454,False,
house,46,7,1723620,Elmhurst,0.0593,45786,2,2715,False,
house,46,8,1754560,Oakbrook Terrace,0.3143,2751,2,865,False,
house,47,1,1781048,Wheaton,0.8429,53970,1,45491,True,office
house,47,2,1711332,Carol Stream,0.6006,39854,1,23936,False,best
house,47,3,1782400,Winfield,1.0,9835,1,9835,False,
house,47,4,1751622,Naperville,0.1087,149540,2,16255,False,
house,47,5,1778929,Warrenville,0.4631,13553,2,6276,False,
house,47,6,1743939,Lisle,0.1485,24223,2,3597,False,
house,47,7,1780060,West Chicago,0.0929,25614,2,2380,False,
house,47,8,1729756,Glen Ellyn,0.0656,28846,2,1892,False,
house,47,9,1704013,Bartlett,0.0228,41105,2,937,False,
house,48,1,1765806,Roselle,0.9382,22897,1,21482,False,best
house,48,2,1706587,Bloomingdale,0.7563,22382,1,16928,False,
house,48,3,1782985,Wood Dale,0.9991,14012,1,13999,False,
house,48,4,1737907,Itasca,1.0,9543,1,9543,False,
house,48,5,1723256,Elk Grove Village,0.4344,32812,2,14254,False,
house,48,6,1711332,Carol Stream,0.1629,39854,2,6492,True,office
house,48,7,1700243,Addison,0.1196,35702,2,4270,False,
house,48,8,1732746,Hanover Park,0.0941,37470,2,3526,False,
house,48,9,1705248,Bensenville,0.0624,18813,2,1174,False,
house,48,10,1768003,Schaumburg,0.0121,78723,2,953,False,
house,49,1,1704013,Bartlett,0.9553,41105,1,39268,False,best
house,49,2,1780060,West Chicago,0.8373,25614,1,21447,True,office
house,49,3,1723074,Elgin,0.1076,114797,2,12352,False,
house,49,4,1703012,Aurora,0.0483,180542,2,8720,False,
house,49,5,1704078,Batavia,0.3162,26098,2,8252,False,
house,49,6,1751622,Naperville,0.0419,149540,2,6266,False,
house,49,7,1732746,Hanover Park,0.1316,37470,2,4931,False,
house,49,8,1778929,Warrenville,0.2662,13553,2,3608,False,
house,49,9,1770720,South Elgin,0.1504,23865,2,3589,False,
house,49,10,1773157,Streamwood,0.0779,39577,2,3083,False,
house,49,11,1728872,Geneva,0.0802,21393,2,1716,False,
house,49,12,1766703,St. Charles,0.0156,33081,2,516,False,
house,49,13,1779397,Wayne,0.2069,2286,2,473,False,
house,50,1,1753442,North Aurora,0.5909,18261,1,10790,False,best
house,50,2,1703012,Aurora,0.4186,180542,2,75575,True,office
house,50,3,1704078,Batavia,0.2789,26098,2,7279,False,
house,51,1,1757225,Palatine,0.6694,67908,1,45458,True,office
house,51,2,1741742,Lake Zurich,1.0,19759,1,19759,False,best
house,51,3,1744524,Long Grove,0.8942,8366,1,7481,False,
house,51,4,1733630,Hawthorn Woods,0.7458,9062,1,6758,False,
house,51,5,1737608,Inverness,0.7958,7616,1,6061,False,
house,51,6,1735411,Hoffman Estates,0.196,52530,2,10296,False,
house,51,7,1739883,Kildeer,1.0,4091,2,4091,False,
house,51,8,1765338,Rolling Meadows,0.1527,24200,2,3695,False,
house,51,9,1719083,Deer Park,0.9702,3681,2,3571,False,
house,51,10,1703844,Barrington,0.3098,10722,2,3322,False,
house,51,11,1768003,Schaumburg,0.03,78723,2,2362,False,
house,51,12,1777694,Vernon Hills,0.0316,26850,2,848,False,
house,51,13,1753455,North Barrington,0.2102,3171,2,667,False,
house,51,14,1709447,Buffalo Grove,0.0139,43212,2,601,False,
house,51,15,1770564,South Barrington,0.0396,5077,2,201,False,
house,52,1,1751349,Mundelein,0.6256,31560,1,19744,False,best
house,52,2,1779267,Wauconda,1.0,14084,1,14084,False,
house,52,3,1703844,Barrington,0.6902,10722,1,7400,False,
house,52,4,1740884,Lake Barrington,1.0,5100,1,5100,True,office
house,52,5,1770564,South Barrington,0.9565,5077,1,4856,False,
house,52,6,1778227,Volo,0.5283,6122,1,3234,False,
house,52,7,1700685,Algonquin,0.4114,29700,2,12219,False,
house,52,8,1735411,Hoffman Estates,0.1721,52530,2,9040,False,
house,52,9,1743250,Libertyville,0.3329,20579,2,6851,False,
house,52,10,1727533,Fox River Grove,1.0,4702,2,4702,False,
house,52,11,1703883,Barrington Hills,0.9832,4114,2,4045,False,
house,52,12,1737894,Island Lake,0.4483,8051,2,3609,False,
house,52,13,1753455,North Barrington,0.7898,3171,2,2504,False,
house,52,14,1733630,Hawthorn Woods,0.2542,9062,2,2304,False,
house,52,15,1737608,Inverness,0.2042,7616,2,1555,False,
house,52,16,1741183,Lake in the Hills,0.0431,28982,2,1249,False,
house,52,17,1775874,Tower Lakes,1.0,1226,2,1226,False,
house,52,18,1744524,Long Grove,0.1058,8366,2,885,False,
house,52,19,1761216,Port Barrington,0.5491,1584,2,870,False,
house,52,20,1741326,Lakemoor,0.1395,6182,2,862,False,
house,52,21,1721696,East Dundee,0.0469,3152,2,148,False,
house,52,22,1719083,Deer Park,0.0298,3681,2,110,False,
house,53,1,1751089,Mount Prospect,0.6887,56852,1,39154,False,best
house,53,2,1765338,Rolling Meadows,0.7577,24200,1,18336,False,
house,53,3,1702154,Arlington Heights,0.3,77676,2,23303,True,office
house,53,4,1719642,Des Plaines,0.1264,60675,2,7669,False,
house,53,5,1768003,Schaumburg,0.0529,78723,2,4164,False,
house,53,6,1757225,Palatine,0.0362,67908,2,2458,False,
house,54,1,1702154,Arlington Heights,0.6993,77676,1,54319,True,office
house,54,2,1762016,Prospect Heights,0.5814,16058,1,9336,False,best
house,54,3,1757225,Palatine,0.2944,67908,2,19992,False,
house,54,4,1709447,Buffalo Grove,0.1633,43212,2,7057,False,
house,54,5,1751089,Mount Prospect,0.1074,56852,2,6106,False,
house,54,6,1765338,Rolling Meadows,0.0204,24200,2,494,False,
house,55,1,1757875,Park Ridge,0.9284,39656,1,36817,False,best
house,55,2,1719642,Des Plaines,0.2847,60675,2,17274,False,best
house,55,3,1753000,Niles,0.1675,30912,2,5178,False,
house,55,4,1750647,Morton Grove,0.0882,25297,2,2231,False,
house,55,5,1729938,Glenview,0.0185,48705,2,901,False,
house,55,6,1765819,Rosemont,0.0383,3952,2,151,False,
house,56,1,1768003,Schaumburg,0.6824,78723,1,53721,True,office
house,56,2,1719642,Des Plaines,0.5281,60675,1,32042,False,best
house,56,3,1723256,Elk Grove Village,0.5251,32812,1,17230,False,
house,56,4,1732746,Hanover Park,0.3782,37470,2,14171,False,
house,56,5,1751089,Mount Prospect,0.0906,56852,2,5151,False,
house,56,6,1735411,Hoffman Estates,0.0358,52530,2,1881,False,
house,56,7,1757875,Park Ridge,0.0435,39656,2,1725,False,
house,56,8,1765338,Rolling Meadows,0.0693,24200,2,1677,False,
house,56,9,1765806,Roselle,0.0618,22897,2,1415,False,
house,57,1,1781087,Wheeling,0.772,39137,1,30214,False,best
house,57,2,1753481,Northbrook,0.7229,35222,1,25462,True,office
house,57,3,1753663,Northfield,0.9984,5751,1,5742,False,
house,57,4,1729652,Glencoe,0.54,8849,1,4778,False,
house,57,5,1729938,Glenview,0.175,48705,2,8523,False,
house,57,6,1762016,Prospect Heights,0.4186,16058,2,6722,False,
house,57,7,1751089,Mount Prospect,0.1132,56852,2,6436,False,
house,57,8,1782075,Wilmette,0.1101,28170,2,3102,False,
house,57,9,1709447,Buffalo Grove,0.07,43212,2,3025,False,
house,57,10,1764538,Riverwoods,0.7294,3790,2,2764,False,
house,57,11,1719642,Des Plaines,0.0375,60675,2,2275,False,
house,57,12,1718992,Deerfield,0.0389,19196,2,747,False,
house,57,13,1743666,Lincolnshire,0.0819,7940,2,650,False,
house,58,1,1734722,Highland Park,1.0,30176,1,30176,False,best
house,58,2,1741105,Lake Forest,1.0,19367,1,19367,False,
house,58,3,1718992,Deerfield,0.9611,19196,1,18449,False,
house,58,4,1740910,Lake Bluff,0.9999,5616,1,5615,False,
house,58,5,1734865,Highwood,1.0,5074,1,5074,True,office
house,58,6,1753559,North Chicago,0.3882,30759,2,11941,False,
house,58,7,1729652,Glencoe,0.4598,8849,2,4069,False,
house,58,8,1753481,Northbrook,0.1131,35222,2,3984,False,
house,58,9,1743666,Lincolnshire,0.353,7940,2,2803,False,
house,58,10,1764538,Riverwoods,0.2702,3790,2,1024,False,
house,58,11,1703610,Bannockburn,1.0,1013,2,1013,False,
house,58,12,1731446,Green Oaks,0.0909,4128,2,375,False,
house,58,13,1748671,Mettawa,0.5529,533,2,295,False,
house,59,1,1709447,Buffalo Grove,0.7528,43212,1,32530,True,office
house,59,2,1777694,Vernon Hills,0.9684,26850,1,26002,False,best
house,59,3,1757654,Park City,0.8695,7885,1,6856,False,
house,59,4,1743666,Lincolnshire,0.5651,7940,1,4487,False,
house,59,5,1751349,Mundelein,0.3669,31560,2,11579,False,
house,59,6,1781087,Wheeling,0.2191,39137,2,8575,False,
house,59,7,1779293,Waukegan,0.0778,89321,2,6949,False,
house,59,8,1743250,Libertyville,0.1419,20579,2,2920,False,
house,59,9,1731446,Green Oaks,0.6114,4128,2,2524,False,
house,59,10,1737218,Indian Creek,1.0,536,2,536,False,
house,59,11,1748671,Mettawa,0.4471,533,2,238,False,
house,60,1,1779293,Waukegan,0.6076,89321,1,54271,True,office
house,60,2,1753559,North Chicago,0.6113,30759,1,18803,False,best
house,60,3,1732018,Gurnee,0.4614,30706,2,14168,False,
house,60,4,1757654,Park City,0.1305,7885,2,1029,False,
house,60,5,1778370,Wadsworth,0.2827,3517,2,994,False,
house,60,6,1731446,Green Oaks,0.0582,4128,2,240,False,
house,61,1,1784220,Zion,1.0,24655,1,24655,False,best
house,61,2,1704303,Beach Park,0.9987,14249,1,14230,False,
house,61,3,1743770,Lindenhurst,0.9374,14406,1,13504,False,
house,61,4,1782686,Winthrop Harbor,1.0,6705,1,6705,False,
house,61,5,1779293,Waukegan,0.1696,89321,2,15149,False,
house,61,6,1732018,Gurnee,0.4217,30706,2,12949,False,
house,61,7,1778370,Wadsworth,0.7173,3517,2,2523,False,
house,61,8,1775081,Third Lake,1.0,1111,2,1111,False,
house,61,9,1701595,Antioch,0.0601,14622,2,879,False,
house,61,10,1731121,Grayslake,0.0128,21248,2,272,True,office
house,61,11,1741586,Lake Villa,0.0275,8741,2,240,False,
house,61,12,1755639,Old Mill Creek,1.0,162,2,162,False,
house,62,1,1766040,Round Lake Beach,0.9917,27252,1,27026,False,best
house,62,2,1731121,Grayslake,0.9872,21248,1,20976,True,office
house,62,3,1766027,Round Lake,0.9993,18721,1,18708,False,
house,62,4,1743250,Libertyville,0.5252,20579,1,10808,False,
house,62,5,1766066,Round Lake Park,1.0,7680,1,7680,False,
house,62,6,1779293,Waukegan,0.145,89321,2,12952,False,
house,62,7,1732200,Hainesville,1.0,3546,2,3546,False,
house,62,8,1732018,Gurnee,0.1097,30706,2,3368,False,
house,62,9,1766053,Round Lake Heights,1.0,2622,2,2622,False,
house,62,10,1731446,Green Oaks,0.2395,4128,2,989,False,
house,62,11,1778227,Volo,0.045,6122,2,275,False,
house,63,1,1783349,Woodstock,0.8484,25630,1,21744,True,office
house,63,2,1711592,Cary,1.0,17826,1,17826,False,best
house,63,3,1745694,McHenry,0.5068,27135,1,13752,False,
house,63,4,1737894,Island Lake,0.5517,8051,1,4442,False,
house,63,5,1717887,Crystal Lake,0.4831,40269,2,19454,False,
house,63,6,1741183,Lake in the Hills,0.1712,28982,2,4962,False,
house,63,7,1755041,Oakwood Hills,1.0,2076,2,2076,False,
house,63,8,1761678,Prairie Grove,1.0,1963,2,1963,False,
house,63,9,1709531,Bull Valley,0.9065,1128,2,1023,False,
house,63,10,1741651,Lakewood,0.1731,4283,2,741,False,
house,63,11,1761216,Port Barrington,0.4509,1584,2,714,False,
house,63,12,1735515,Holiday Hills,1.0,618,2,618,False,
house,63,13,1700685,Algonquin,0.0205,29700,2,609,False,
house,63,14,1776160,Trout Valley,1.0,515,2,515,False,
house,63,15,1782855,Wonder Lake,0.1263,3973,2,502,False,
house,63,16,1741326,Lakemoor,0.0678,6182,2,419,False,
house,64,1,1701595,Antioch,0.9399,14622,1,13743,False,best
house,64,2,1727442,Fox Lake,1.0,10978,1,10978,True,office
house,64,3,1741586,Lake Villa,0.9686,8741,1,8467,False,
house,64,4,1738479,Johnsburg,1.0,6355,1,6355,False,
house,64,5,1772052,Spring Grove,1.0,5487,1,5487,False,
house,64,6,1741326,Lakemoor,0.7927,6182,1,4900,False,
house,64,7,1745694,McHenry,0.4932,27135,2,13383,False,
house,64,8,1778227,Volo,0.4267,6122,2,2612,False,
house,64,9,1782855,Wonder Lake,0.5248,3973,2,2085,False,
house,64,10,1745616,McCullom Lake,1.0,988,2,988,False,
house,64,11,1743770,Lindenhurst,0.0626,14406,2,902,False,
house,64,12,1764135,Ringwood,1.0,844,2,844,False,
house,64,13,1763641,Richmond,0.3354,2089,2,701,False,
house,65,1,1766703,St. Charles,0.7768,33081,1,25697,True,office
house,65,2,1770720,South Elgin,0.8496,23865,1,20276,False,best
house,65,3,1710906,Campton Hills,1.0,10885,1,10885,False,
house,65,4,1722931,Elburn,0.6411,6175,1,3959,False,
house,65,5,1723074,Elgin,0.2156,114797,2,24750,False,
house,65,6,1728872,Geneva,0.4625,21393,2,9894,False,
house,65,7,1779397,Wayne,0.7874,2286,2,1800,False,
house,65,8,1780060,West Chicago,0.0698,25614,2,1788,False,
house,65,9,1743406,Lily Lake,1.0,1032,2,1032,False,
house,65,10,1704013,Bartlett,0.0192,41105,2,789,False,
house,65,11,1759988,Pingree Grove,0.0224,10365,2,232,False,
house,66,1,1711358,Carpentersville,0.6841,37983,1,25984,False,best
house,66,2,1780125,West Dundee,1.0,7686,1,7686,False,
house,66,3,1723074,Elgin,0.2991,114797,2,34336,False,
house,66,4,1717887,Crystal Lake,0.4666,40269,2,18790,False,
house,66,5,1700685,Algonquin,0.4214,29700,2,12516,False,
house,66,6,1741183,Lake in the Hills,0.3632,28982,2,10526,False,
house,66,7,1770161,Sleepy Hollow,1.0,3214,2,3214,False,
house,66,8,1721696,East Dundee,0.3665,3152,2,1155,True,office
house,66,9,1741651,Lakewood,0.1125,4283,2,482,False,
house,66,10,1729171,Gilberts,0.0511,8366,2,428,False,
house,67,1,1765000,Rockford,0.5138,148655,1,76379,True,office
house,67,2,1745031,Loves Park,0.3333,23397,2,7798,False,best
house,67,3,1713074,Cherry Valley,0.6842,2905,2,1988,False,
house,67,4,1745726,Machesney Park,0.0429,22950,2,985,False,
house,67,5,1752701,New Milford,0.5702,794,2,453,False,
house,68,1,1705092,Belvidere,0.9658,25339,1,24472,False,best
house,68,2,1765000,Rockford,0.3376,148655,2,50186,False,
house,68,3,1745031,Loves Park,0.1539,23397,2,3601,True,office
house,68,4,1713074,Cherry Valley,0.2258,2905,2,656,False,
house,69,1,1736750,Huntley,0.5562,27740,1,15429,False,best
house,69,2,1733331,Harvard,1.0,9469,1,9469,False,best
house,69,3,1746786,Marengo,1.0,7568,1,7568,False,
house,69,4,1761145,Poplar Grove,0.8979,5049,1,4533,False,
house,69,5,1765000,Rockford,0.0622,148655,2,9246,False,
house,69,6,1741183,Lake in the Hills,0.2492,28982,2,7222,False,
house,69,7,1783349,Woodstock,0.1516,25630,2,3886,False,
house,69,8,1741651,Lakewood,0.7143,4283,2,3059,False,
house,69,9,1711124,Capron,1.0,1395,2,1395,False,
house,69,10,1763641,Richmond,0.6646,2089,2,1388,False,
house,69,11,1782855,Wonder Lake,0.349,3973,2,1387,False,
house,69,12,1733851,Hebron,1.0,1368,2,1368,False,
house,69,13,1775360,Timberlane,1.0,906,2,906,False,
house,69,14,1745031,Loves Park,0.0359,23397,2,840,False,
house,69,15,1717887,Crystal Lake,0.0161,40269,2,648,False,
house,69,16,1776706,Union,1.0,551,2,551,False,
house,69,17,1731667,Greenwood,1.0,324,2,324,False,
house,69,18,1705092,Belvidere,0.0123,25339,2,312,False,
house,69,19,1713074,Cherry Valley,0.0841,2905,2,244,False,
house,69,20,1710422,Caledonia,0.7773,183,2,142,False,
house,69,21,1709531,Bull Valley,0.0935,1128,2,105,False,
house,70,1,1774223,Sycamore,0.9378,18577,1,17422,True,office
house,70,2,1759988,Pingree Grove,0.9776,10365,1,10133,False,best
house,70,3,1773391,Sugar Grove,0.8661,9278,1,8036,False,
house,70,4,1729171,Gilberts,0.9489,8366,1,7938,False,
house,70,5,1732525,Hampshire,0.9947,7667,1,7626,False,
house,70,6,1736750,Huntley,0.4438,27740,2,12311,False,
house,70,7,1723074,Elgin,0.0516,114797,2,5924,False,
house,70,8,1741183,Lake in the Hills,0.1732,28982,2,5020,False,
house,70,9,1716470,Cortland,1.0,4398,2,4398,False,
house,70,10,1700685,Algonquin,0.1467,29700,2,4357,False,
house,70,11,1719161,DeKalb,0.0803,40290,2,3235,False,
house,70,12,1722931,Elburn,0.3589,6175,2,2216,False,
house,70,13,1735268,Hinckley,1.0,2006,2,2006,False,
house,70,14,1746604,Maple Park,1.0,1433,2,1433,False,
house,70,15,1717887,Crystal Lake,0.0343,40269,2,1381,False,
house,70,16,1705976,Big Rock,1.0,1104,2,1104,False,
house,70,17,1770460,Somonauk,0.5542,1786,2,990,False,
house,70,18,1709759,Burlington,1.0,535,2,535,False,
house,70,19,1738895,Kaneville,1.0,452,2,452,False,
house,70,20,1778175,Virgil,1.0,289,2,289,False,
house,70,21,1767548,Sandwich,0.03,7221,2,217,False,
house,71,1,1728326,Galesburg,1.0,30052,1,30052,False,best
house,71,2,1745889,Macomb,0.8464,15051,1,12739,False,best
house,71,3,1750010,Monmouth,1.0,8902,1,8902,False,
house,71,4,1715664,Colona,1.0,5045,1,5045,False,
house,71,5,1749867,Moline,0.2618,42985,2,11253,False,
house,71,6,1715235,Coal Valley,1.0,3873,2,3873,False,
house,71,7,1740416,Knoxville,1.0,2901,2,2901,False,
house,71,8,1769979,Silvis,0.3503,8003,2,2803,False,
house,71,9,1710110,Bushnell,1.0,2718,2,2718,False,
house,71,10,1722073,East Moline,0.118,21374,2,2522,False,
house,71,11,1711150,Carbon Cliff,0.9704,1846,2,1791,False,
house,71,12,1756601,Orion,1.0,1754,2,1754,False,
house,71,13,1749009,Milan,0.2329,5097,2,1187,False,
house,71,14,1765845,Roseville,1.0,892,2,892,False,
house,71,15,1700672,Alexis,1.0,793,2,793,False,
house,71,16,1721826,East Galesburg,1.0,763,2,763,False,
house,71,17,1769368,Sherrard,1.0,692,2,692,False,
house,71,18,1700971,Alpha,1.0,675,2,675,False,
house,71,19,1782309,Windsor,1.0,668,2,668,False,
house,71,20,1754703,Oak Grove,0.9121,476,2,434,False,
house,71,21,1761548,Prairie City,1.0,407,2,407,False,
house,71,22,1783063,Woodhull,0.4744,754,2,358,False,
house,71,23,1734007,Henderson,1.0,266,2,266,False,
house,71,24,1703675,Bardolph,1.0,210,2,210,False,
house,71,25,1764148,Rio,1.0,209,2,209,False,
house,71,26,1753793,North Henderson,1.0,162,2,162,False,
house,71,27,1730458,Good Hope,0.4428,363,2,161,False,
house,71,28,1714923,Cleveland,0.2102,163,2,34,False,
house,71,29,1703207,Avon,0.0316,704,2,22,False,
house,72,1,1765078,Rock Island,1.0,37108,1,37108,False,best
house,72,2,1749867,Moline,0.7382,42985,1,31732,False,
house,72,3,1722073,East Moline,0.708,21374,1,15133,True,office
house,72,4,1769979,Silvis,0.6497,8003,1,5200,False,
house,72,5,1749009,Milan,0.7671,5097,1,3910,False,
house,72,6,1732564,Hampton,1.0,1779,2,1779,False,
house,72,7,1711150,Carbon Cliff,0.0296,1846,2,55,False,
house,72,8,1754703,Oak Grove,0.0879,476,2,42,False,
house,73,1,1761899,Princeton,1.0,7832,1,7832,False,best
house,73,2,1728846,Geneseo,1.0,6539,1,6539,False,
house,73,3,1714117,Chillicothe,0.6425,6128,1,3937,False,
house,73,4,1759000,Peoria,0.2624,113150,2,29691,True,office
house,73,5,1722073,East Moline,0.174,21374,2,3719,False,
house,73,6,1728144,Fulton,1.0,3647,2,3647,False,
house,73,7,1729080,Germantown Hills,0.979,3412,2,3340,False,
house,73,8,1750530,Morrison,0.4869,4085,2,1989,False,
house,73,9,1761977,Prophetstown,1.0,1946,2,1946,False,
house,73,10,1761223,Port Byron,1.0,1668,2,1668,False,
house,73,11,1761925,Princeville,1.0,1636,2,1636,False,
house,73,12,1724374,Erie,1.0,1518,2,1518,False,
house,73,13,1721176,Dunlap,0.8787,1603,2,1409,False,
house,73,14,1778526,Walnut,1.0,1311,2,1311,False,
house,73,15,1762822,Rapids City,1.0,964,2,964,False,
house,73,16,1783622,Wyanet,1.0,886,2,886,False,
house,73,17,1700516,Albany,1.0,864,2,864,False,
house,73,18,1769147,Sheffield,1.0,821,2,821,False,
house,73,19,1702726,Atkinson,0.8297,965,2,801,False,
house,73,20,1775549,Tiskilwa,1.0,740,2,740,False,
house,73,21,1774470,Tampico,1.0,689,2,689,False,
house,73,22,1741794,La Moille,1.0,679,2,679,False,
house,73,23,1707692,Bradford,1.0,676,2,676,False,
house,73,24,1716366,Cordova,1.0,671,2,671,False,
house,73,25,1745278,Lyndon,1.0,537,2,537,False,
house,73,26,1709356,Buda,1.0,482,2,482,False,
house,73,27,1771604,Spring Bay,1.0,474,2,474,False,
house,73,28,1755379,Ohio,1.0,465,2,465,False,
house,73,29,1712970,Cherry,1.0,435,2,435,False,
house,73,30,1751999,Neponset,1.0,427,2,427,False,
house,73,31,1735073,Hillsdale,1.0,417,2,417,False,
house,73,32,1773287,Sublette,1.0,380,2,380,False,
house,73,33,1704273,Bay View Gardens,1.0,354,2,354,False,
house,73,34,1746240,Malden,1.0,318,2,318,False,
house,73,35,1746422,Manlius,1.0,298,2,298,False,
house,73,36,1749516,Mineral,1.0,206,2,206,False,
house,73,37,1736074,Hooppole,1.0,180,2,180,False,
house,73,38,1702102,Arlington,1.0,169,2,169,False,
house,73,39,1720526,Dover,1.0,135,2,135,False,
house,73,40,1701569,Annawan,0.1021,884,2,90,False,
house,73,41,1719499,De Pue,0.0479,1633,2,78,False,
house,73,42,1752155,New Bedford,1.0,76,2,76,False,
house,73,43,1719031,Deer Grove,1.0,38,2,38,False,
house,74,1,1720162,Dixon,1.0,15274,1,15274,True,office
house,74,2,1772546,Sterling,1.0,14764,1,14764,False,best
house,74,3,1764746,Rochelle,1.0,9446,1,9446,False,
house,74,4,1764928,Rock Falls,1.0,8789,1,8789,False,
house,74,5,1748333,Mendota,1.0,7061,1,7061,False,
house,74,6,1742184,LaSalle,0.3437,9582,2,3293,False,
house,74,7,1719161,DeKalb,0.0615,40290,2,2478,False,
house,74,8,1701270,Amboy,1.0,2278,2,2278,False,
house,74,9,1750530,Morrison,0.5131,4085,2,2096,False,
house,74,10,1759234,Peru,0.1648,9896,2,1631,False,
house,74,11,1721540,Earlville,1.0,1613,2,1613,False,
house,74,12,1760937,Polo,0.6769,2291,2,1551,False,
house,74,13,1746279,Malta,1.0,1143,2,1143,False,
house,74,14,1702583,Ashton,1.0,967,2,967,False,
house,74,15,1742756,Leland,1.0,951,2,951,False,
house,74,16,1734982,Hillcrest,0.7494,1224,2,917,False,
house,74,17,1727689,Franklin Grove,1.0,896,2,896,False,
house,74,18,1768822,Shabbona,1.0,863,2,863,False,
house,74,19,1758226,Paw Paw,1.0,830,2,830,False,
house,74,20,1717471,Creston,1.0,627,2,627,False,
house,74,21,1779163,Waterman,0.3026,1433,2,434,False,
house,74,22,1756926,Ottawa,0.0169,18840,2,318,False,
house,74,23,1742587,Lee,1.0,313,2,313,False,
house,74,24,1715989,Compton,1.0,274,2,274,False,
house,74,25,1754222,North Utica,0.2012,1323,2,266,False,
house,74,26,1772624,Steward,1.0,229,2,229,False,
house,74,27,1776225,Troy Grove,1.0,225,2,225,False,
house,74,28,1715469,Coleta,1.0,167,2,167,False,
house,74,29,1780008,West Brooklyn,1.0,131,2,131,False,
house,74,30,1751947,Nelson,1.0,127,2,127,False,
house,74,31,1732967,Harmon,1.0,111,2,111,False,
house,75,1,1756887,Oswego,0.5297,34585,1,18320,False,best
house,75,2,1784038,Yorkville,0.8172,21533,1,17597,True,office
house,75,3,1760352,Plano,1.0,11847,1,11847,False,
house,75,4,1749607,Minooka,0.8239,12758,1,10511,False,
house,75,5,1750491,Morris,0.7249,14163,1,10267,False,
house,75,6,1767548,Sandwich,0.97,7221,1,7004,False,
house,75,7,1738570,Joliet,0.0476,150362,2,7157,False,
house,75,8,1760287,Plainfield,0.1522,44762,2,6813,False,
house,75,9,1769277,Sheridan,0.9983,2431,2,2427,False,
house,75,10,1768640,Seneca,0.6514,2353,2,1533,False,
house,75,11,1712476,Channahon,0.0858,13383,2,1148,False,
house,75,12,1747150,Marseilles,0.2233,4845,2,1082,False,
house,75,13,1752103,Newark,1.0,973,2,973,False,
house,75,14,1770460,Somonauk,0.4458,1786,2,796,False,
house,75,15,1749308,Millington,1.0,617,2,617,False,
house,75,16,1749100,Millbrook,1.0,277,2,277,False,
house,75,17,1743900,Lisbon,1.0,271,2,271,False,
house,75,18,1760391,Plattville,1.0,220,2,220,False,
house,76,1,1719161,DeKalb,0.8582,40290,1,34577,False,best
house,76,2,1756926,Ottawa,0.9831,18840,1,18522,True,office
house,76,3,1759234,Peru,0.8352,9896,1,8265,False,
house,76,4,1742184,LaSalle,0.6563,9582,1,6289,False,
house,76,5,1772156,Spring Valley,1.0,5582,1,5582,False,
house,76,6,1755353,Oglesby,1.0,3712,2,3712,False,
house,76,7,1740598,Ladd,1.0,1263,2,1263,False,
house,76,8,1719499,De Pue,0.7324,1633,2,1196,False,
house,76,9,1754222,North Utica,0.7988,1323,2,1057,False,
house,76,10,1774223,Sycamore,0.0549,18577,2,1020,False,
house,76,11,1779163,Waterman,0.6974,1433,2,999,False,
house,76,12,1718459,Dalzell,1.0,663,2,663,False,
house,76,13,1747150,Marseilles,0.1318,4845,2,639,False,
house,76,14,1730757,Grand Ridge,1.0,515,2,515,False,
house,76,15,1751648,Naplate,1.0,412,2,412,False,
house,76,16,1768471,Seatonville,1.0,321,2,321,False,
house,76,17,1711982,Cedar Point,1.0,266,2,266,False,
house,76,18,1735671,Hollowayville,1.0,36,2,36,False,
house,77,1,1705248,Bensenville,0.9376,18813,1,17639,False,best
house,77,2,1727702,Franklin Park,0.8389,18467,1,15492,False,
house,77,3,1748242,Melrose Park,0.5897,24796,1,14622,True,office
house,77,4,1753871,Northlake,0.8794,12840,1,11291,False,
house,77,5,1764343,River Grove,0.7577,10612,1,8041,False,
house,77,6,1714000,Chicago,0.0449,2746388,2,123313,False,
house,77,7,1700243,Addison,0.2038,35702,2,7276,False,
house,77,8,1723724,Elmwood Park,0.2946,24521,2,7224,False,
house,77,9,1772923,Stone Park,1.0,4576,2,4576,False,
house,77,10,1719642,Des Plaines,0.0234,60675,2,1420,False,
house,77,11,1723256,Elk Grove Village,0.0406,32812,2,1332,False,
house,77,12,1765819,Rosemont,0.1408,3952,2,556,False,
house,78,1,1754885,Oak Park,0.9162,54583,1,50009,True,office
house,78,2,1723724,Elmwood Park,0.5495,24521,1,13474,False,best
house,78,3,1764304,River Forest,0.9435,11717,1,11055,False,
house,78,4,1714000,Chicago,0.0108,2746388,2,29661,False,
house,78,5,1748242,Melrose Park,0.167,24796,2,4141,False,
house,78,6,1726935,Forest Park,0.0561,14339,2,804,False,
house,79,1,1738934,Kankakee,0.9119,24052,1,21933,True,office
house,79,2,1707471,Bourbonnais,0.9741,18164,1,17694,False,best
house,79,3,1707744,Bradley,0.7117,15419,1,10974,False,
house,79,4,1749945,Monee,0.917,5128,1,4702,False,
house,79,5,1776935,University Park,0.5231,7145,1,3738,False,
house,79,6,1757732,Park Forest,0.4627,21687,2,10035,False,
house,79,7,1746500,Manteno,0.2451,9210,2,2257,False,
house,79,8,1707770,Braidwood,0.3425,6194,2,2121,False,
house,79,9,1743510,Limestone,1.0,1558,2,1558,False,
house,79,10,1734384,Herscher,1.0,1521,2,1521,False,
house,79,11,1717523,Crete,0.174,8465,2,1473,False,
house,79,12,1763706,Richton Park,0.0799,12775,2,1021,False,
house,79,13,1724452,Essex,1.0,841,2,841,False,
house,79,14,1771370,South Wilmington,1.0,710,2,710,False,
house,79,15,1707640,Braceville,0.9522,724,2,689,False,
house,79,16,1712801,Chebanse,0.3847,1044,2,402,False,
house,79,17,1707237,Bonfield,1.0,351,2,351,False,
house,79,18,1728638,Gardner,0.1801,1366,2,246,False,
house,79,19,1709304,Buckingham,1.0,244,2,244,False,
house,79,20,1759052,Peotone,0.0536,4150,2,222,False,
house,79,21,1767372,Sammons Point,1.0,214,2,214,False,
house,79,22,1763056,Reddick,0.8406,199,2,167,False,
house,79,23,1710292,Cabery,0.444,231,2,103,False,
house,79,24,1721579,East Brooklyn,1.0,80,2,80,False,
house,79,25,1737803,Irwin,1.0,68,2,68,False,
house,79,26,1776771,Union Hill,1.0,55,2,55,False,
house,80,1,1714026,Chicago Heights,0.7555,27480,1,20761,True,office
house,80,2,1757732,Park Forest,0.5373,21687,1,11652,False,best
house,80,3,1746357,Manhattan,1.0,9385,1,9385,False,
house,80,4,1772520,Steger,0.5035,9584,1,4826,False,
house,80,5,1782101,Wilmington,0.6748,5664,1,3822,False,
house,80,6,1752584,New Lenox,0.4758,27214,2,12948,False,
house,80,7,1727624,Frankfort,0.2304,20296,2,4676,False,
house,80,8,1770629,South Chicago Heights,0.936,4026,2,3768,False,
house,80,9,1776935,University Park,0.4669,7145,2,3336,False,
house,80,10,1738570,Joliet,0.0115,150362,2,1729,False,
house,80,11,1763706,Richton Park,0.1304,12775,2,1666,False,
house,80,12,1707770,Braidwood,0.2684,6194,2,1662,False,
house,80,13,1717523,Crete,0.1592,8465,2,1348,False,
house,80,14,1749854,Mokena,0.0443,19887,2,881,False,
house,80,15,1747540,Matteson,0.0311,19073,2,593,False,
house,80,16,1726571,Flossmoor,0.0484,9704,2,470,False,
house,80,17,1749945,Monee,0.083,5128,2,426,False,
house,80,18,1730029,Glenwood,0.0191,8662,2,165,False,
house,80,19,1774275,Symerton,1.0,128,2,128,False,
house,80,20,1755938,Olympia Fields,0.0148,4718,2,70,False,
house,81,1,1720591,Downers Grove,0.6766,50247,1,33997,True,office
house,81,2,1783245,Woodridge,0.6083,34158,1,20778,False,best
house,81,3,1751622,Naperville,0.0865,149540,2,12935,False,
house,81,4,1743939,Lisle,0.2882,24223,2,6981,False,
house,81,5,1718628,Darien,0.1923,22011,2,4233,False,
house,81,6,1780645,Westmont,0.107,24429,2,2614,False,
house,82,1,1718628,Darien,0.7904,22011,1,17397,False,best
house,82,2,1742795,Lemont,0.9666,17629,1,17040,True,office
house,82,3,1709980,Burr Ridge,1.0,11192,1,11192,False,
house,82,4,1781919,Willowbrook,0.7674,9236,1,7088,False,
house,82,5,1782049,Willow Springs,0.8356,5857,1,4894,False,
house,82,6,1735307,Hinsdale,0.3887,17395,2,6761,False,
house,82,7,1780242,Western Springs,0.4953,13629,2,6750,False,
house,82,8,1737257,Indian Head Park,1.0,4065,2,4065,False,
house,82,9,1783245,Woodridge,0.1118,34158,2,3819,False,
house,82,10,1734514,Hickory Hills,0.2311,14505,2,3352,False,
house,82,11,1738830,Justice,0.1991,12600,2,2509,False,
house,82,12,1757407,Palos Park,0.4748,4899,2,2326,False,
house,82,13,1735835,Homer Glen,0.0703,24543,2,1725,False,
house,82,14,1716873,Countryside,0.2618,6420,2,1681,False,
house,82,15,1756640,Orland Park,0.0169,58703,2,992,False,
house,82,16,1720591,Downers Grove,0.0114,50247,2,573,False,
house,82,17,1735385,Hodgkins,0.3804,1500,2,571,False,
house,83,1,1750218,Montgomery,0.8585,20262,1,17395,False,best
house,83,2,1703012,Aurora,0.1744,180542,2,31487,False,
house,83,3,1704078,Batavia,0.4049,26098,2,10567,True,office
house,83,4,1728872,Geneva,0.4573,21393,2,9783,False,
house,83,5,1753442,North Aurora,0.409,18261,2,7469,False,
house,83,6,1766703,St. Charles,0.2076,33081,2,6868,False,
house,83,7,1756887,Oswego,0.1551,34585,2,5364,False,
house,83,8,1784038,Yorkville,0.1828,21533,2,3936,False,
house,83,9,1773391,Sugar Grove,0.1339,9278,2,1242,False,
house,84,1,1703012,Aurora,0.3384,180542,2,61095,True,office
house,84,2,1751622,Naperville,0.0913,149540,2,13653,False,best
house,84,3,1756887,Oswego,0.2721,34585,2,9411,False,
house,84,4,1750218,Montgomery,0.1415,20262,2,2867,False,
house,85,1,1707133,Bolingbrook,0.5051,73922,1,37338,False,best
house,85,2,1765442,Romeoville,0.7826,39863,1,31197,True,office
house,85,3,1744225,Lockport,0.5096,26094,1,13298,False,
house,85,4,1783245,Woodridge,0.2799,34158,2,9561,False,
house,85,5,1717458,Crest Hill,0.4196,20459,2,8585,False,
house,85,6,1751622,Naperville,0.0505,149540,2,7552,False,
house,85,7,1742795,Lemont,0.0314,17629,2,554,False,
house,86,1,1738570,Joliet,0.5846,150362,1,87902,True,office
house,86,2,1769758,Shorewood,0.673,18186,1,12239,False,best
house,86,3,1712476,Channahon,0.5029,13383,1,6730,False,
house,86,4,1723945,Elwood,0.995,2229,2,2218,False,
house,86,5,1764902,Rockdale,1.0,2012,2,2012,False,
house,86,6,1782101,Wilmington,0.3212,5664,2,1819,False,
house,86,7,1749607,Minooka,0.1094,12758,2,1396,False,
house,86,8,1707770,Braidwood,0.212,6194,2,1313,False,
house,86,9,1719837,Diamond,0.3669,2640,2,969,False,
house,87,1,1750621,Morton,0.9272,17117,1,15871,True,office
house,87,2,1743536,Lincoln,1.0,13288,1,13288,False,best
house,87,3,1715001,Clinton,1.0,7004,1,7004,False,
house,87,4,1758447,Pekin,0.2641,31731,2,8380,False,
house,87,5,1722164,East Peoria,0.2758,22484,2,6201,False,
house,87,6,1717549,Creve Coeur,0.8047,4934,2,3970,False,
house,87,7,1775965,Tremont,1.0,2277,2,2277,False,
house,87,8,1745785,Mackinaw,1.0,1879,2,1879,False,
house,87,9,1753234,Normal,0.0323,52736,2,1703,False,
house,87,10,1702752,Atlanta,1.0,1669,2,1669,False,
house,87,11,1734449,Heyworth,0.593,2791,2,1655,False,
house,87,12,1747072,Maroa,1.0,1577,2,1577,False,
house,87,13,1719226,Delavan,1.0,1568,2,1568,False,
house,87,14,1751128,Mount Pulaski,1.0,1537,2,1537,False,
house,87,15,1747111,Marquette Heights,0.601,2541,2,1527,False,
house,87,16,1749555,Minier,1.0,1154,2,1154,False,
house,87,17,1778916,Warrensburg,1.0,1110,2,1110,False,
house,87,18,1718537,Danvers,1.0,1089,2,1089,False,
house,87,19,1737127,Illiopolis,1.0,846,2,846,False,
house,87,20,1733227,Harristown,0.6376,1310,2,835,False,
house,87,21,1736126,Hopedale,1.0,830,2,830,False,
house,87,22,1745811,McLean,1.0,743,2,743,False,
house,87,23,1748021,Mechanicsburg,1.0,662,2,662,False,
house,87,24,1752961,Niantic,1.0,612,2,612,False,
house,87,25,1772260,Stanford,1.0,600,2,600,False,
house,87,26,1778773,Wapella,1.0,513,2,513,False,
house,87,27,1767613,San Jose,1.0,479,2,479,False,
house,87,28,1723971,Emden,1.0,467,2,467,False,
house,87,29,1723269,Elkhart,1.0,450,2,450,False,
house,87,30,1709434,Buffalo,1.0,447,2,447,False,
house,87,31,1779449,Waynesville,1.0,381,2,381,False,
house,87,32,1742249,Latham,1.0,333,2,333,False,
house,87,33,1748853,Middletown,1.0,329,2,329,False,
house,87,34,1739532,Kenney,1.0,311,2,311,False,
house,87,35,1702206,Armington,1.0,310,2,310,False,
house,87,36,1752545,New Holland,1.0,275,2,275,False,
house,87,37,1733318,Hartsburg,1.0,262,2,262,False,
house,87,38,1730445,Goodfield,0.2407,936,2,225,False,
house,87,39,1708472,Broadwell,1.0,136,2,136,False,
house,87,40,1716119,Congerville,0.022,497,2,11,False,
house,88,1,1706613,Bloomington,0.5092,78680,1,40064,False,best
house,88,2,1750244,Monticello,1.0,5941,1,5941,False,
house,88,3,1718823,Decatur,0.3367,70522,2,23745,True,office
house,88,4,1727091,Forsyth,0.9998,3734,2,3733,False,
house,88,5,1742971,Le Roy,1.0,3512,2,3512,False,
house,88,6,1725414,Farmer City,1.0,1828,2,1828,False,
house,88,7,1705144,Bement,1.0,1484,2,1484,False,
house,88,8,1712268,Cerro Gordo,1.0,1316,2,1316,False,
house,88,9,1744498,Long Creek,1.0,1261,2,1261,False,
house,88,10,1720643,Downs,1.0,1201,2,1201,False,
house,88,11,1734449,Heyworth,0.407,2791,2,1136,False,
house,88,12,1715495,Colfax,1.0,996,2,996,False,
house,88,13,1751206,Mount Zion,0.1561,6019,2,940,False,
house,88,14,1746487,Mansfield,1.0,928,2,928,False,
house,88,15,1701972,Argenta,1.0,913,2,913,False,
house,88,16,1756471,Oreana,1.0,891,2,891,False,
house,88,17,1743094,Lexington,0.3447,2090,2,720,False,
house,88,18,1767912,Saybrook,1.0,654,2,654,False,
house,88,19,1702882,Atwood,0.5324,1116,2,594,False,
house,88,20,1732499,Hammond,1.0,508,2,508,False,
house,88,21,1719200,De Land,1.0,447,2,447,False,
house,88,22,1779683,Weldon,1.0,369,2,369,False,
house,88,23,1704897,Bellflower,1.0,346,2,346,False,
house,88,24,1702342,Arrowsmith,1.0,276,2,276,False,
house,88,25,1714442,Cisco,1.0,254,2,254,False,
house,88,26,1723555,Ellsworth,1.0,184,2,184,False,
house,88,27,1701361,Anchor,1.0,163,2,163,False,
house,88,28,1719798,De Witt,1.0,160,2,160,False,
house,88,29,1716210,Cooksville,1.0,157,2,157,False,
house,89,1,1728898,Genoa,1.0,5298,1,5298,False,best
house,89,2,1765000,Rockford,0.0462,148655,2,6868,False,
house,89,3,1710240,Byron,1.0,3784,2,3784,False,
house,89,4,1756484,Oregon,1.0,3604,2,3604,False,
house,89,5,1728300,Galena,1.0,3308,2,3308,False,
house,89,6,1782491,Winnebago,1.0,2940,2,2940,False,
house,89,7,1750998,Mount Morris,1.0,2861,2,2861,False,
house,89,8,1767821,Savanna,1.0,2783,2,2783,True,office
house,89,9,1742834,Lena,1.0,2772,2,2772,False,
house,89,10,1718719,Davis Junction,1.0,2512,2,2512,False,
house,89,11,1758408,Pecatonica,1.0,2090,2,2090,False,
house,89,12,1772780,Stockton,1.0,1728,2,1728,False,
house,89,13,1740156,Kirkland,1.0,1650,2,1650,False,
house,89,14,1775172,Thomson,1.0,1610,2,1610,False,
house,89,15,1721683,East Dubuque,1.0,1505,2,1505,False,
house,89,16,1741859,Lanark,1.0,1504,2,1504,False,
house,89,17,1750881,Mount Carroll,1.0,1479,2,1479,False,
house,89,18,1727065,Forreston,1.0,1435,2,1435,False,
house,89,19,1778851,Warren,1.0,1323,2,1323,False,
house,89,20,1740065,Kingston,1.0,1108,2,1108,False,
house,89,21,1772702,Stillman Valley,1.0,1075,2,1075,False,
house,89,22,1749191,Milledgeville,1.0,1026,2,1026,False,
house,89,23,1732707,Hanover,1.0,863,2,863,False,
house,89,24,1768991,Shannon,1.0,801,2,801,False,
house,89,25,1758369,Pearl City,1.0,790,2,790,False,
house,89,26,1760937,Polo,0.3231,2291,2,740,False,
house,89,27,1723165,Elizabeth,1.0,694,2,694,False,
house,89,28,1756341,Orangeville,0.7722,766,2,592,False,
house,89,29,1705092,Belvidere,0.022,25339,2,557,False,
house,89,30,1712294,Chadwick,1.0,481,2,481,False,
house,89,31,1767925,Scales Mound,1.0,436,2,436,False,
house,89,32,1729093,German Valley,1.0,433,2,433,False,
house,89,33,1742457,Leaf River,1.0,432,2,432,False,
house,89,34,1750062,Monroe Center,1.0,411,2,411,False,
house,89,35,1701673,Apple River,1.0,347,2,347,False,
house,89,36,1752701,New Milford,0.4298,794,2,341,False,
house,89,37,1734982,Hillcrest,0.2506,1224,2,307,False,
house,89,38,1782543,Winslow,1.0,281,2,281,False,
house,89,39,1748359,Menominee,1.0,211,2,211,False,
house,89,40,1753195,Nora,1.0,107,2,107,False,
house,89,41,1700295,Adeline,1.0,78,2,78,False,
house,90,1,1727884,Freeport,1.0,23973,1,23973,False,best
house,90,2,1745726,Machesney Park,0.9571,22950,1,21965,True,office
house,90,3,1765611,Roscoe,1.0,10983,1,10983,False,
house,90,4,1770590,South Beloit,1.0,7989,1,7989,False,
house,90,5,1765156,Rockton,1.0,7863,1,7863,False,
house,90,6,1745031,Loves Park,0.4769,23397,2,11158,False,
house,90,7,1765000,Rockford,0.0402,148655,2,5976,False,
house,90,8,1721280,Durand,1.0,1390,2,1390,False,
house,90,9,1712008,Cedarville,1.0,663,2,663,False,
house,90,10,1718706,Davis,1.0,589,2,589,False,
house,90,11,1761145,Poplar Grove,0.1021,5049,2,516,False,
house,90,12,1718342,Dakota,1.0,500,2,500,False,
house,90,13,1764837,Rock City,1.0,293,2,293,False,
house,90,14,1756341,Orangeville,0.2278,766,2,174,False,
house,90,15,1764044,Ridott,1.0,124,2,124,False,
house,90,16,1710422,Caledonia,0.2227,183,2,41,False,
house,91,1,1753234,Normal,0.6858,52736,1,36166,False,best
house,91,2,1722164,East Peoria,0.6186,22484,1,13909,False,
house,91,3,1704039,Bartonville,0.7994,5945,1,4752,False,
house,91,4,1706613,Bloomington,0.4537,78680,2,35697,True,office
house,91,5,1779033,Washington,0.1625,16071,2,2612,False,
house,91,6,1750621,Morton,0.0728,17117,2,1246,False,
house,91,7,1730445,Goodfield,0.7593,936,2,711,False,
house,91,8,1718940,Deer Creek,1.0,667,2,667,False,
house,91,9,1717549,Creve Coeur,0.1338,4934,2,660,False,
house,91,10,1711215,Carlock,1.0,548,2,548,False,
house,91,11,1716119,Congerville,0.978,497,2,486,False,
house,91,12,1723737,El Paso,0.0559,2756,2,154,False,
house,92,1,1759000,Peoria,0.6775,113150,1,76659,True,office
house,92,2,1759026,Peoria Heights,0.9344,5908,1,5520,False,best
house,92,3,1780736,West Peoria,0.8316,4263,2,3545,False,
house,92,4,1704039,Bartonville,0.0964,5945,2,573,False,
house,92,5,1704871,Bellevue,0.0963,1878,2,181,False,
house,93,1,1758447,Pekin,0.7359,31731,1,23351,True,office
house,93,2,1739727,Kewanee,1.0,12509,1,12509,False,best
house,93,3,1759000,Peoria,0.0597,113150,2,6755,False,
house,93,4,1728430,Galva,1.0,2470,2,2470,False,
house,93,5,1710643,Cambridge,1.0,2086,2,2086,False,
house,93,6,1723698,Elmwood,1.0,2058,2,2058,False,
house,93,7,1704871,Bellevue,0.9037,1878,2,1697,False,
house,93,8,1754092,North Pekin,1.0,1478,2,1478,False,
house,93,9,1783687,Wyoming,1.0,1300,2,1300,False,
house,93,10,1732668,Hanna City,1.0,1253,2,1253,False,
house,93,11,1775783,Toulon,1.0,1193,2,1193,False,
house,93,12,1711007,Canton,0.0811,13242,2,1074,False,
house,93,13,1747111,Marquette Heights,0.399,2541,2,1014,False,
house,93,14,1771175,South Pekin,1.0,996,2,996,False,
house,93,15,1729483,Glasford,1.0,866,2,866,False,
house,93,16,1701569,Annawan,0.8979,884,2,794,False,
house,93,17,1708303,Brimfield,1.0,778,2,778,False,
house,93,18,1779124,Wataga,1.0,744,2,744,False,
house,93,19,1780736,West Peoria,0.1684,4263,2,718,False,
house,93,20,1756159,Oneida,1.0,696,2,696,False,
house,93,21,1783817,Yates City,1.0,642,2,642,False,
house,93,22,1704039,Bartonville,0.1041,5945,2,619,False,
house,93,23,1781802,Williamsfield,1.0,575,2,575,False,
house,93,24,1701491,Andover,1.0,555,2,555,False,
house,93,25,1701140,Altona,1.0,463,2,463,False,
house,93,26,1754404,Norwood,1.0,437,2,437,False,
house,93,27,1783063,Woodhull,0.5256,754,2,396,False,
house,93,28,1717549,Creve Coeur,0.0615,4934,2,303,False,
house,93,29,1777811,Victoria,1.0,268,2,268,False,
house,93,30,1740091,Kingston Mines,1.0,266,2,266,False,
house,93,31,1746643,Mapleton,1.0,261,2,261,False,
house,93,32,1746695,Maquon,1.0,218,2,218,False,
house,93,33,1721176,Dunlap,0.1213,1603,2,194,False,
house,93,34,1702726,Atkinson,0.1703,965,2,164,False,
house,93,35,1740676,La Fayette,1.0,160,2,160,False,
house,93,36,1714923,Cleveland,0.7898,163,2,129,False,
house,93,37,1706171,Bishop Hill,1.0,113,2,113,False,
house,94,1,1711007,Canton,0.9189,13242,1,12168,False,best
house,94,2,1700646,Aledo,1.0,3633,2,3633,False,
house,94,3,1733513,Havana,1.0,2963,2,2963,False,
house,94,4,1700113,Abingdon,1.0,2951,2,2951,False,
house,94,5,1732434,Hamilton,1.0,2753,2,2753,False,
house,94,6,1711527,Carthage,1.0,2490,2,2490,False,
house,94,7,1725531,Farmington,1.0,2389,2,2389,False,
house,94,8,1745889,Macomb,0.1536,15051,2,2312,True,office
house,94,9,1747475,Mason City,1.0,2077,2,2077,False,
house,94,10,1743055,Lewistown,1.0,2041,2,2041,False,
house,94,11,1746383,Manito,1.0,1552,2,1552,False,
house,94,12,1778942,Warsaw,1.0,1510,2,1510,False,
house,94,13,1701426,Andalusia,1.0,1184,2,1184,False,
house,94,14,1717991,Cuba,1.0,1184,2,1184,False,
house,94,15,1740832,La Harpe,1.0,1175,2,1175,False,
house,94,16,1756237,Oquawka,1.0,1134,2,1134,False,
house,94,17,1715378,Colchester,1.0,1108,2,1108,False,
house,94,18,1751791,Nauvoo,1.0,950,2,950,False,
house,94,19,1702635,Astoria,1.0,929,2,929,False,
house,94,20,1778123,Viola,1.0,869,2,869,False,
house,94,21,1773261,Stronghurst,1.0,833,2,833,False,
house,94,22,1718420,Dallas City,1.0,805,2,805,False,
house,94,23,1747527,Matherville,1.0,707,2,707,False,
house,94,24,1703207,Avon,0.9684,704,2,682,False,
house,94,25,1740182,Kirkwood,1.0,678,2,678,False,
house,94,26,1731563,Green Valley,1.0,630,2,630,False,
house,94,27,1730159,Golden,0.9703,648,2,629,False,
house,94,28,1752220,New Boston,1.0,613,2,613,False,
house,94,29,1777642,Vermont,1.0,570,2,570,False,
house,94,30,1706470,Blandinsville,1.0,569,2,569,False,
house,94,31,1702986,Augusta,1.0,553,2,553,False,
house,94,32,1739298,Keithsburg,1.0,550,2,550,False,
house,94,33,1766768,St. David,1.0,522,2,522,False,
house,94,34,1763420,Reynolds,1.0,498,2,498,False,
house,94,35,1707510,Bowen,1.0,464,2,464,False,
house,94,36,1737647,Ipava,1.0,447,2,447,False,
house,94,37,1760833,Plymouth,1.0,436,2,436,False,
house,94,38,1725063,Fairview,1.0,426,2,426,False,
house,94,39,1744381,Lomax,1.0,404,2,404,False,
house,94,40,1737439,Industry,1.0,399,2,399,False,
house,94,41,1738739,Joy,1.0,372,2,372,False,
house,94,42,1774301,Table Grove,1.0,353,2,353,False,
house,94,43,1744446,London Mills,1.0,350,2,350,False,
house,94,44,1722151,Easton,1.0,312,2,312,False,
house,94,45,1705898,Biggsville,1.0,300,2,300,False,
house,94,46,1744719,Loraine,1.0,300,2,300,False,
house,94,47,1744082,Little York,1.0,283,2,283,False,
house,94,48,1704156,Bath,1.0,279,2,279,False,
house,94,49,1739857,Kilbourne,1.0,265,2,265,False,
house,94,50,1721098,Dunfermline,1.0,262,2,262,False,
house,94,51,1729431,Gladstone,1.0,234,2,234,False,
house,94,52,1726753,Forest City,1.0,222,2,222,False,
house,94,53,1768458,Seaton,1.0,214,2,214,False,
house,94,54,1730458,Good Hope,0.5572,363,2,202,False,
house,94,55,1770226,Smithfield,1.0,191,2,191,False,
house,94,56,1753390,Norris,1.0,173,2,173,False,
house,94,57,1703571,Banner,1.0,169,2,169,False,
house,94,58,1709161,Bryant,1.0,168,2,168,False,
house,94,59,1743445,Lima,1.0,148,2,148,False,
house,94,60,1723841,Elvaston,1.0,147,2,147,False,
house,94,61,1780762,West Point,1.0,140,2,140,False,
house,94,62,1744056,Littleton,1.0,139,2,139,False,
house,94,63,1725895,Ferris,1.0,127,2,127,False,
house,94,64,1748073,Media,1.0,121,2,121,False,
house,94,65,1766677,St. Augustine,1.0,119,2,119,False,
house,94,66,1762848,Raritan,1.0,102,2,102,False,
house,94,67,1746825,Marietta,1.0,101,2,101,False,
house,94,68,1774665,Tennessee,1.0,101,2,101,False,
house,94,69,1761080,Pontoosuc,1.0,99,2,99,False,
house,94,70,1744121,Liverpool,1.0,94,2,94,False,
house,94,71,1723529,Ellisville,1.0,87,2,87,False,
house,94,72,1704052,Basco,1.0,80,2,80,False,
house,94,73,1710695,Camden,1.0,62,2,62,False,
house,94,74,1775757,Topeka,1.0,60,2,60,False,
house,94,75,1742080,La Prairie,1.0,42,2,42,False,
house,94,76,1768198,Sciota,1.0,38,2,38,False,
house,94,77,1705274,Bentley,1.0,30,2,30,False,
house,94,78,1731991,Gulfport,1.0,,2,0,False,
house,95,1,1772000,Springfield,0.7734,114394,1,88472,False,best
house,95,2,1712684,Chatham,0.7577,14377,1,10893,False,best
house,95,3,1764759,Rochester,1.0,3863,2,3863,False,
house,95,4,1770759,Southern View,1.0,1596,2,1596,False,
house,95,5,1730835,Grandview,1.0,1405,2,1405,False,
house,95,6,1739909,Kincaid,1.0,1349,2,1349,False,
house,95,7,1722645,Edinburg,1.0,1085,2,1085,False,
house,95,8,1772949,Stonington,1.0,837,2,837,False,
house,95,9,1742769,Leland Grove,0.5244,1454,2,762,False,
house,95,10,1775809,Tovey,1.0,464,2,464,False,
house,95,11,1764486,Riverton,0.0978,3532,2,345,False,
house,95,12,1769342,Sherman,0.0607,4673,2,284,False,
house,95,13,1709538,Bulpitt,1.0,212,2,212,False,
house,95,14,1738349,Jeisyville,1.0,102,2,102,False,
house,95,15,1718147,Curran,0.3281,213,2,70,False,
house,96,1,1718823,Decatur,0.6347,70522,1,44760,True,office
house,96,2,1772000,Springfield,0.1899,114394,2,21723,False,best
house,96,3,1738375,Jerome,1.0,1692,2,1692,False,
house,96,4,1742769,Leland Grove,0.4756,1454,2,692,False,
house,96,5,1733227,Harristown,0.3624,1310,2,475,False,
house,96,6,1764486,Riverton,0.1309,3532,2,462,False,
house,96,7,1750829,Mount Auburn,1.0,452,2,452,False,
house,97,1,1760287,Plainfield,0.754,44762,1,33751,True,office
house,97,2,1738570,Joliet,0.1982,150362,2,29802,False,best
house,97,3,1751622,Naperville,0.0528,149540,2,7896,False,
house,97,4,1769758,Shorewood,0.327,18186,2,5947,False,
house,97,5,1703012,Aurora,0.0201,180542,2,3629,False,
house,97,6,1707133,Bolingbrook,0.0227,73922,2,1678,False,
house,97,7,1756887,Oswego,0.0431,34585,2,1491,False,
house,98,1,1717458,Crest Hill,0.5804,20459,1,11874,False,best
house,98,2,1707133,Bolingbrook,0.4136,73922,2,30574,False,
house,98,3,1738570,Joliet,0.122,150362,2,18344,False,
house,98,4,1765442,Romeoville,0.2174,39863,2,8666,True,office
house,98,5,1760287,Plainfield,0.0938,44762,2,4199,False,
house,99,1,1762367,Quincy,1.0,39463,1,39463,True,office
house,99,2,1738115,Jacksonville,1.0,17616,1,17616,False,best
house,99,3,1704351,Beardstown,1.0,5951,1,5951,False,
house,99,4,1770889,South Jacksonville,1.0,3302,2,3302,False,
house,99,5,1766339,Rushville,1.0,3005,2,3005,False,
house,99,6,1751154,Mount Sterling,1.0,2006,2,2006,False,
house,99,7,1778201,Virginia,1.0,1514,2,1514,False,
house,99,8,1702505,Ashland,1.0,1218,2,1218,False,
house,99,9,1710877,Camp Point,1.0,1121,2,1121,False,
house,99,10,1748307,Mendon,1.0,872,2,872,False,
house,99,11,1714767,Clayton,1.0,639,2,639,False,
house,99,12,1777044,Ursa,1.0,609,2,609,False,
house,99,13,1712450,Chandlerville,1.0,527,2,527,False,
house,99,14,1712528,Chapin,1.0,475,2,475,False,
house,99,15,1701946,Arenzville,1.0,367,2,367,False,
house,99,16,1715261,Coatsburg,1.0,150,2,150,False,
house,99,17,1716054,Concord,1.0,150,2,150,False,
house,99,18,1708953,Browning,1.0,117,2,117,False,
house,99,19,1750790,Mound Station,1.0,117,2,117,False,
house,99,20,1715846,Columbus,1.0,114,2,114,False,
house,99,21,1777720,Versailles,0.2278,446,2,102,False,
house,99,22,1745369,Lynnville,1.0,96,2,96,False,
house,99,23,1764174,Ripley,1.0,53,2,53,False,
house,99,24,1730159,Golden,0.0297,648,2,19,False,
house,100,1,1730094,Godfrey,0.8497,17825,1,15146,False,best
house,100,2,1738414,Jerseyville,1.0,8337,1,8337,True,office
house,100,3,1760222,Pittsfield,1.0,4206,2,4206,False,
house,100,4,1711462,Carrollton,1.0,2485,2,2485,False,
house,100,5,1781256,White Hall,1.0,2295,2,2295,False,
house,100,6,1708264,Brighton,1.0,2221,2,2221,False,
house,100,7,1709577,Bunker Hill,1.0,1630,2,1630,False,
house,100,8,1765481,Roodhouse,1.0,1578,2,1578,False,
house,100,9,1782270,Winchester,1.0,1574,2,1574,False,
house,100,10,1703948,Barry,1.0,1303,2,1303,False,
house,100,11,1705599,Bethalto,0.1301,9310,2,1211,False,
house,100,12,1779358,Waverly,1.0,1194,2,1194,False,
house,100,13,1731771,Griggsville,1.0,1097,2,1097,False,
house,100,14,1731368,Greenfield,1.0,1059,2,1059,False,
house,100,15,1758265,Payson,1.0,1025,2,1025,False,
house,100,16,1760534,Pleasant Hill,1.0,924,2,924,False,
house,100,17,1748424,Meredosia,1.0,826,2,826,False,
house,100,18,1732850,Hardin,1.0,801,2,801,False,
house,100,19,1730653,Grafton,1.0,626,2,626,False,
house,100,20,1706899,Bluffs,1.0,618,2,618,False,
house,100,21,1727663,Franklin,1.0,610,2,610,False,
house,100,22,1757329,Palmyra,1.0,605,2,605,False,
house,100,23,1751479,Murrayville,1.0,567,2,567,False,
house,100,24,1743133,Liberty,1.0,543,2,543,False,
house,100,25,1723776,Elsah,1.0,519,2,519,False,
house,100,26,1769563,Shipman,1.0,511,2,511,False,
house,100,27,1783336,Woodson,1.0,498,2,498,False,
house,100,28,1701114,Alton,0.0159,25676,2,408,False,
house,100,29,1736516,Hull,1.0,392,2,392,False,
house,100,30,1748138,Medora,1.0,379,2,379,False,
house,100,31,1777720,Versailles,0.7722,446,2,344,False,
house,100,32,1752311,New Canton,1.0,334,2,334,False,
house,100,33,1759156,Perry,1.0,314,2,314,False,
house,100,34,1738856,Kampsville,1.0,310,2,310,False,
house,100,35,1738869,Kane,1.0,296,2,296,False,
house,100,36,1751882,Nebo,1.0,282,2,282,False,
house,100,37,1760339,Plainville,1.0,271,2,271,False,
house,100,38,1746331,Manchester,1.0,265,2,265,False,
house,100,39,1749477,Milton,1.0,214,2,214,False,
house,100,40,1700997,Alsey,1.0,195,2,195,False,
house,100,41,1739922,Kinderhook,1.0,189,2,189,False,
house,100,42,1749802,Modesto,1.0,182,2,182,False,
house,100,43,1726012,Fieldon,1.0,176,2,176,False,
house,100,44,1764811,Rockbridge,1.0,175,2,175,False,
house,100,45,1704247,Baylis,1.0,172,2,172,False,
house,100,46,1704117,Batchtown,1.0,170,2,170,False,
house,100,47,1713165,Chesterfield,1.0,170,2,170,False,
house,100,48,1766196,Royal Lakes,1.0,167,2,167,False,
house,100,49,1723022,Eldred,1.0,149,2,149,False,
house,100,50,1734423,Hettick,1.0,149,2,149,False,
house,100,51,1752805,New Salem,1.0,121,2,121,False,
house,100,52,1709148,Brussels,1.0,116,2,116,False,
house,100,53,1729496,Glasgow,1.0,113,2,113,False,
house,100,54,1758343,Pearl,1.0,103,2,103,False,
house,100,55,1751661,Naples,1.0,100,2,100,False,
house,100,56,1732395,Hamburg,1.0,99,2,99,False,
house,100,57,1725960,Fidelity,1.0,96,2,96,False,
house,100,58,1735203,Hillview,1.0,94,2,94,False,
house,100,59,1768406,Scottville,1.0,93,2,93,False,
house,100,60,1782088,Wilmington,1.0,91,2,91,False,
house,100,61,1724699,Exeter,1.0,87,2,87,False,
house,100,62,1756978,Otterville,1.0,87,2,87,False,
house,100,63,1719681,Detroit,1.0,76,2,76,False,
house,100,64,1722957,El Dara,1.0,63,2,63,False,
house,100,65,1726480,Florence,1.0,17,2,17,False,
house,100,66,1777187,Valley City,1.0,14,2,14,False,
house,101,1,1747553,Mattoon,1.0,16870,1,16870,False,best
house,101,2,1712567,Charleston,0.9652,17286,1,16684,True,office
house,101,3,1746136,Mahomet,1.0,9434,1,9434,False,
house,101,4,1736061,Hoopeston,1.0,4915,2,4915,False,
house,101,5,1776407,Tuscola,1.0,4636,2,4636,False,
house,101,6,1775614,Tolono,0.9246,3604,2,3332,False,
house,101,7,1701881,Arcola,1.0,2927,2,2927,False,
house,101,8,1777941,Villa Grove,1.0,2472,2,2472,False,
house,101,9,1702414,Arthur,1.0,2231,2,2231,False,
house,101,10,1726194,Fisher,1.0,2062,2,2062,False,
house,101,11,1759533,Philo,1.0,1392,2,1392,False,
house,101,12,1765962,Rossville,1.0,1221,2,1221,False,
house,101,13,1769875,Sidney,1.0,1208,2,1208,False,
house,101,14,1729145,Gifford,1.0,911,2,911,False,
house,101,15,1752623,Newman,1.0,778,2,778,False,
house,101,16,1761366,Potomac,1.0,689,2,689,False,
house,101,17,1706184,Bismarck,1.0,582,2,582,False,
house,101,18,1759273,Pesotum,1.0,550,2,550,False,
house,101,19,1702882,Atwood,0.4676,1116,2,522,False,
house,101,20,1762744,Rankin,1.0,495,2,495,False,
house,101,21,1710591,Camargo,1.0,452,2,452,False,
house,101,22,1766534,Sadorus,1.0,402,2,402,False,
house,101,23,1707211,Bondville,1.0,388,2,388,False,
house,101,24,1736542,Humboldt,1.0,361,2,361,False,
house,101,25,1745174,Ludlow,1.0,308,2,308,False,
house,101,26,1735281,Hindsboro,1.0,275,2,275,False,
house,101,27,1737998,Ivesdale,0.9913,265,2,263,False,
house,101,28,1701242,Alvan (Alvin),1.0,233,2,233,False,
house,101,29,1742938,Lerna,1.0,226,2,226,False,
house,101,30,1734137,Henning,1.0,210,2,210,False,
house,101,31,1728742,Garrett,1.0,122,2,122,False,
house,101,32,1744602,Longview,1.0,112,2,112,False,
house,101,33,1726662,Foosland,1.0,75,2,75,False,
house,102,1,1757628,Paris,1.0,8291,1,8291,True,office
house,102,2,1764707,Robinson,1.0,7150,1,7150,False,best
house,102,3,1742405,Lawrenceville,1.0,4164,2,4164,False,
house,102,4,1747163,Marshall,1.0,3947,2,3947,False,
house,102,5,1766950,St. Joseph,0.9734,3810,2,3709,False,
house,102,6,1728963,Georgetown,1.0,3143,2,3143,False,
house,102,7,1752844,Newton,1.0,2777,2,2777,False,
house,102,8,1773703,Sumner,1.0,2631,2,2631,False,
house,102,9,1711618,Casey,1.0,2404,2,2404,False,
house,102,10,1711774,Catlin,1.0,1983,2,1983,False,
house,102,11,1708186,Bridgeport,1.0,1800,2,1800,False,
house,102,12,1755106,Oblong,1.0,1371,2,1371,False,
house,102,13,1731524,Greenup,1.0,1365,2,1365,False,
house,102,14,1714273,Chrisman,1.0,1312,2,1312,False,
house,102,15,1757277,Palestine,1.0,1233,2,1233,False,
house,102,16,1775601,Toledo,1.0,1161,2,1161,False,
house,102,17,1747254,Martinsville,1.0,1118,2,1118,False,
house,102,18,1735814,Homer,1.0,1073,2,1073,False,
house,102,19,1719915,Dieterich,1.0,890,2,890,False,
house,102,20,1763862,Ridge Farm,1.0,787,2,787,False,
house,102,21,1754781,Oakland,1.0,739,2,739,False,
house,102,22,1755275,Ogden,0.9333,729,2,680,False,
house,102,23,1738986,Kansas,1.0,670,2,670,False,
house,102,24,1702557,Ashmore,1.0,637,2,637,False,
house,102,25,1724985,Fairmount,1.0,612,2,612,False,
house,102,26,1712567,Charleston,0.0348,17286,2,602,False,
house,102,27,1766833,St. Francisville,1.0,568,2,568,False,
house,102,28,1780281,Westfield,1.0,536,2,536,False,
house,102,29,1769836,Sidell,1.0,489,2,489,False,
house,102,30,1736841,Hutsonville,1.0,478,2,478,False,
house,102,31,1736568,Hume,1.0,325,2,325,False,
house,102,32,1726350,Flat Rock,1.0,323,2,323,False,
house,102,33,1708420,Broadlands,1.0,316,2,316,False,
house,102,34,1708524,Brocton,1.0,273,2,273,False,
house,102,35,1700880,Allerton,1.0,262,2,262,False,
house,102,36,1766800,Ste. Marie,1.0,238,2,238,False,
house,102,37,1737348,Indianola,1.0,227,2,227,False,
house,102,38,1750283,Montrose,1.0,210,2,210,False,
house,102,39,1777551,Vermilion,1.0,203,2,203,False,
house,102,40,1738427,Jewett,1.0,196,2,196,False,
house,102,41,1782010,Willow Hill,1.0,172,2,172,False,
house,102,42,1748632,Metcalf,1.0,139,2,139,False,
house,102,43,1763069,Redmon,1.0,137,2,137,False,
house,102,44,1734553,Hidalgo,1.0,111,2,111,False,
house,102,45,1773027,Stoy,1.0,108,2,108,False,
house,102,46,1766404,Russellville,1.0,98,2,98,False,
house,102,47,1781074,Wheeler,1.0,96,2,96,False,
house,102,48,1765754,Rose Hill,1.0,89,2,89,False,
house,102,49,1783765,Yale,1.0,67,2,67,False,
house,103,1,1712385,Champaign,0.6424,88302,1,56725,False,best
house,103,2,1777005,Urbana,0.6733,38336,1,25812,True,office
house,104,1,1718563,Danville,1.0,29204,1,29204,True,office
house,104,2,1762783,Rantoul,1.0,12371,1,12371,False,best
house,104,3,1767860,Savoy,1.0,8857,1,8857,False,
house,104,4,1712385,Champaign,0.3576,88302,2,31577,False,
house,104,5,1777005,Urbana,0.3267,38336,2,12524,False,
house,104,6,1780931,Westville,1.0,3167,2,3167,False,
house,104,7,1775276,Tilton,0.9987,2660,2,2657,False,
house,104,8,1755002,Oakwood,1.0,1325,2,1325,False,
house,104,9,1775107,Thomasboro,1.0,1034,2,1034,False,
house,104,10,1726233,Fithian,1.0,488,2,488,False,
house,104,11,1704689,Belgium,1.0,358,2,358,False,
house,104,12,1766157,Royal,1.0,293,2,293,False,
house,104,13,1775614,Tolono,0.0754,3604,2,272,False,
house,104,14,1751336,Muncie,1.0,157,2,157,False,
house,104,15,1766950,St. Joseph,0.0266,3810,2,101,False,
house,104,16,1755275,Ogden,0.0667,729,2,49,False,
house,105,1,1779033,Washington,0.8375,16071,1,13459,False,best
house,105,2,1761015,Pontiac,0.9839,11150,1,10970,True,office
house,105,3,1724543,Eureka,1.0,5227,1,5227,False,
house,105,4,1753234,Normal,0.2819,52736,2,14866,False,
house,105,5,1748606,Metamora,1.0,3904,2,3904,False,
house,105,6,1706613,Bloomington,0.037,78680,2,2911,False,
house,105,7,1723737,El Paso,0.9441,2756,2,2602,False,
house,105,8,1722164,East Peoria,0.1057,22484,2,2377,False,
house,105,9,1734163,Henry,1.0,2320,2,2320,False,
house,105,10,1714117,Chillicothe,0.3575,6128,2,2191,False,
house,105,11,1764590,Roanoke,1.0,1960,2,1960,False,
house,105,12,1749568,Minonk,1.0,1928,2,1928,False,
house,105,13,1740559,Lacon,1.0,1878,2,1878,False,
house,105,14,1736438,Hudson,1.0,1753,2,1753,False,
house,105,15,1773170,Streator,0.121,12500,2,1512,False,
house,105,16,1731732,Gridley,1.0,1456,2,1456,False,
house,105,17,1743094,Lexington,0.6553,2090,2,1370,False,
house,105,18,1731017,Granville,1.0,1359,2,1359,False,
house,105,19,1775653,Toluca,1.0,1340,2,1340,False,
house,105,20,1779007,Washburn,1.0,1032,2,1032,False,
house,105,21,1726311,Flanagan,1.0,1010,2,1010,False,
house,105,22,1779813,Wenona,1.0,974,2,974,False,
house,105,23,1734098,Hennepin,1.0,769,2,769,False,
house,105,24,1775718,Tonica,1.0,749,2,749,False,
house,105,25,1746981,Mark,1.0,519,2,519,False,
house,105,26,1716405,Cornell,1.0,446,2,446,False,
house,105,27,1775822,Towanda,1.0,431,2,431,False,
house,105,28,1744823,Lostant,1.0,423,2,423,False,
house,105,29,1736150,Hopewell,1.0,421,2,421,False,
house,105,30,1705261,Benson,1.0,412,2,412,False,
house,105,31,1759026,Peoria Heights,0.0656,5908,2,388,False,
house,105,32,1777395,Varna,1.0,375,2,375,False,
house,105,33,1771422,Sparland,1.0,366,2,366,False,
house,105,34,1719499,De Pue,0.2198,1633,2,359,False,
house,105,35,1768510,Secor,1.0,342,2,342,False,
house,105,36,1709681,Bureau Junction,1.0,281,2,281,False,
house,105,37,1745850,McNabb,1.0,275,2,275,False,
house,105,38,1766443,Rutland,1.0,259,2,259,False,
house,105,39,1746110,Magnolia,1.0,256,2,256,False,
house,105,40,1739038,Kappa,1.0,229,2,229,False,
house,105,41,1772221,Standard,1.0,225,2,225,False,
house,105,42,1744576,Long Point,1.0,204,2,204,False,
house,105,43,1718485,Dana,1.0,162,2,162,False,
house,105,44,1742171,La Rose,1.0,98,2,98,False,
house,105,45,1729080,Germantown Hills,0.021,3412,2,72,False,
house,105,46,1757524,Panola,1.0,47,2,47,False,
house,106,1,1773170,Streator,0.879,12500,1,10988,False,best
house,106,2,1715170,Coal City,0.9919,5705,1,5659,False,
house,106,3,1712476,Channahon,0.4113,13383,2,5504,False,
house,106,4,1779228,Watseka,1.0,4679,2,4679,True,office
house,106,5,1758239,Paxton,1.0,4450,2,4450,False,
house,106,6,1721358,Dwight,1.0,4032,2,4032,False,
house,106,7,1750491,Morris,0.2751,14163,2,3896,False,
house,106,8,1724764,Fairbury,1.0,3633,2,3633,False,
house,106,9,1729125,Gibson City,1.0,3475,2,3475,False,
house,106,10,1747150,Marseilles,0.6449,4845,2,3125,False,
house,106,11,1729275,Gilman,1.0,1738,2,1738,False,
house,106,12,1712931,Chenoa,1.0,1720,2,1720,False,
house,106,13,1719837,Diamond,0.6331,2640,2,1671,False,
house,106,14,1714936,Clifton,1.0,1352,2,1352,False,
house,106,15,1756081,Onarga,1.0,1333,2,1333,False,
house,106,16,1712710,Chatsworth,1.0,1185,2,1185,False,
house,106,17,1749048,Milford,1.0,1158,2,1158,False,
house,106,18,1728638,Gardner,0.8199,1366,2,1120,False,
house,106,19,1707770,Braidwood,0.1771,6194,2,1097,False,
house,106,20,1727026,Forrest,1.0,1041,2,1041,False,
house,106,21,1755171,Odell,1.0,1003,2,1003,False,
house,106,22,1747787,Mazon,1.0,979,2,979,False,
house,106,23,1769212,Sheldon,1.0,965,2,965,False,
house,106,24,1749607,Minooka,0.0666,12758,2,850,False,
house,106,25,1768640,Seneca,0.3486,2353,2,820,False,
house,106,26,1714468,Cissna Park,1.0,817,2,817,False,
house,106,27,1702479,Ashkum,1.0,750,2,750,False,
house,106,28,1760079,Piper City,1.0,745,2,745,False,
house,106,29,1712801,Chebanse,0.6153,1044,2,642,False,
house,106,30,1718498,Danforth,1.0,594,2,594,False,
house,106,31,1730120,Godley,1.0,566,2,566,False,
house,106,32,1717406,Crescent City,1.0,552,2,552,False,
house,106,33,1718030,Cullom,1.0,520,2,520,False,
house,106,34,1709317,Buckley,1.0,495,2,495,False,
house,106,35,1748268,Melvin,1.0,416,2,416,False,
house,106,36,1767795,Saunemin,1.0,406,2,406,False,
house,106,37,1711176,Carbon Hill,1.0,372,2,372,False,
house,106,38,1744264,Loda,1.0,356,2,356,False,
house,106,39,1764655,Roberts,1.0,345,2,345,False,
house,106,40,1747280,Martinton,1.0,334,2,334,False,
house,106,41,1762757,Ransom,1.0,308,2,308,False,
house,106,42,1704507,Beaverville,1.0,306,2,306,False,
house,106,43,1769810,Sibley,1.0,288,2,288,False,
house,106,44,1723425,Elliott,1.0,274,2,274,False,
house,106,45,1720331,Donovan,1.0,251,2,251,False,
house,106,46,1783102,Woodland,1.0,248,2,248,False,
house,106,47,1738921,Kangley,1.0,235,2,235,False,
house,106,48,1774847,Thawville,1.0,215,2,215,False,
house,106,49,1777707,Verona,1.0,208,2,208,False,
house,106,50,1779735,Wellington,1.0,206,2,206,False,
house,106,51,1761015,Pontiac,0.0161,11150,2,180,False,
house,106,52,1739441,Kempton,1.0,176,2,176,False,
house,106,53,1710916,Campus,1.0,149,2,149,False,
house,106,54,1737712,Iroquois,1.0,133,2,133,False,
house,106,55,1757576,Papineau,1.0,133,2,133,False,
house,106,56,1710292,Cabery,0.556,231,2,128,False,
house,106,57,1742912,Leonore,1.0,121,2,121,False,
house,106,58,1724062,Emington,1.0,101,2,101,False,
house,106,59,1773131,Strawn,1.0,101,2,101,False,
house,106,60,1740143,Kinsman,1.0,90,2,90,False,
house,106,61,1707640,Braceville,0.0478,724,2,35,False,
house,106,62,1763056,Reddick,0.1594,199,2,32,False,
house,107,1,1722736,Effingham,1.0,12252,1,12252,True,office
house,107,2,1774574,Taylorville,1.0,10506,1,10506,False,best
house,107,3,1757472,Pana,1.0,5199,1,5199,False,
house,107,4,1751206,Mount Zion,0.8439,6019,1,5079,False,
house,107,5,1769186,Shelbyville,1.0,4674,2,4674,False,
house,107,6,1773495,Sullivan,1.0,4413,2,4413,False,
house,107,7,1701049,Altamont,1.0,2216,2,2216,False,
house,107,8,1753169,Nokomis,1.0,2142,2,2142,False,
house,107,9,1718823,Decatur,0.0285,70522,2,2010,False,
house,107,10,1751232,Moweaqua,1.0,1764,2,1764,False,
house,107,11,1774743,Teutopolis,1.0,1618,2,1618,False,
house,107,12,1751986,Neoga,1.0,1398,2,1398,False,
house,107,13,1705612,Bethany,1.0,1255,2,1255,False,
house,107,14,1745941,Macon,1.0,1177,2,1177,False,
house,107,15,1702609,Assumption,1.0,1155,2,1155,False,
house,107,16,1706756,Blue Mound,1.0,1133,2,1133,False,
house,107,17,1782322,Windsor,1.0,1079,2,1079,False,
house,107,18,1745044,Lovington,1.0,1069,2,1069,False,
house,107,19,1782725,Witt,1.0,785,2,785,False,
house,107,20,1772650,Stewardson,1.0,721,2,721,False,
house,107,21,1779241,Watson,1.0,668,2,668,False,
house,107,22,1726116,Findlay,1.0,664,2,664,False,
house,107,23,1773040,Strasburg,1.0,531,2,531,False,
house,107,24,1717055,Cowden,1.0,515,2,515,False,
house,107,25,1775848,Tower Hill,1.0,485,2,485,False,
house,107,26,1718446,Dalton City,1.0,454,2,454,False,
house,107,27,1704598,Beecher City,1.0,428,2,428,False,
house,107,28,1734332,Herrick,1.0,358,2,358,False,
house,107,29,1769914,Sigel,1.0,329,2,329,False,
house,107,30,1715209,Coalton,1.0,317,2,317,False,
house,107,31,1728807,Gays,1.0,218,2,218,False,
house,107,32,1757043,Owaneco,1.0,209,2,209,False,
house,107,33,1769797,Shumway,1.0,188,2,188,False,
house,107,34,1755132,Oconee,1.0,141,2,141,False,
house,107,35,1700867,Allenville,1.0,132,2,132,False,
house,107,36,1755418,Ohlman,1.0,109,2,109,False,
house,107,37,1779826,Wenonah,1.0,32,2,32,False,
house,108,1,1743965,Litchfield,1.0,6605,1,6605,False,best
house,108,2,1735047,Hillsboro,1.0,5902,1,5902,False,best
house,108,3,1711202,Carlinville,1.0,5710,1,5710,False,
house,108,4,1772403,Staunton,1.0,5054,1,5054,False,
house,108,5,1702921,Auburn,1.0,4574,2,4574,False,
house,108,6,1769342,Sherman,0.9393,4673,2,4389,False,
house,108,7,1772000,Springfield,0.0367,114394,2,4198,False,
house,108,8,1712684,Chatham,0.2423,14377,2,3484,False,
house,108,9,1778149,Virden,1.0,3231,2,3231,False,
house,108,10,1729236,Gillespie,1.0,3168,2,3168,False,
house,108,11,1764486,Riverton,0.7713,3532,2,2724,False,
house,108,12,1758174,Pawnee,1.0,2678,2,2678,False,
house,108,13,1759312,Petersburg,1.0,2258,2,2258,False,
house,108,14,1751024,Mount Olive,1.0,2015,2,2015,False,
house,108,15,1702674,Athens,1.0,1977,2,1977,False,
house,108,16,1729392,Girard,1.0,1785,2,1785,False,
house,108,17,1705209,Benld,1.0,1464,2,1464,False,
house,108,18,1781854,Williamsville,1.0,1425,2,1425,False,
house,108,19,1752168,New Berlin,1.0,1381,2,1381,False,
house,108,20,1720045,Divernon,1.0,1139,2,1139,False,
house,108,21,1750543,Morrisonville,1.0,997,2,997,False,
house,108,22,1762965,Raymond,1.0,949,2,949,False,
house,108,23,1744173,Loami,1.0,812,2,812,False,
house,108,24,1760599,Pleasant Plains,1.0,808,2,808,False,
house,108,25,1771474,Spaulding,1.0,801,2,801,False,
house,108,26,1731576,Greenview,1.0,745,2,745,False,
house,108,27,1774561,Taylor Springs,1.0,724,2,724,False,
house,108,28,1725440,Farmersville,1.0,689,2,689,False,
house,108,29,1715352,Coffeen,1.0,647,2,647,False,
house,108,30,1774860,Thayer,1.0,632,2,632,False,
house,108,31,1768120,Schram City,1.0,563,2,563,False,
house,108,32,1782218,Wilsonville,1.0,536,2,536,False,
house,108,33,1718745,Dawson,1.0,519,2,519,False,
house,108,34,1774379,Tallula,1.0,434,2,434,False,
house,108,35,1737738,Irving,1.0,373,2,373,False,
house,108,36,1750920,Mount Clare,1.0,311,2,311,False,
house,108,37,1721852,East Gillespie,1.0,269,2,269,False,
house,108,38,1767873,Sawyerville,1.0,268,2,268,False,
house,108,39,1754625,Oakford,1.0,234,2,234,False,
house,108,40,1757303,Palmer,1.0,216,2,216,False,
house,108,41,1781191,White City,1.0,212,2,212,False,
house,108,42,1753039,Nilwood,1.0,201,2,201,False,
house,108,43,1741214,Lake Ka-Ho,1.0,194,2,194,False,
house,108,44,1757498,Panama,0.54,337,2,182,False,
house,108,45,1778383,Waggoner,1.0,181,2,181,False,
house,108,46,1733357,Harvel,1.0,178,2,178,False,
house,108,47,1710149,Butler,1.0,164,2,164,False,
house,108,48,1711033,Cantrall,1.0,144,2,144,False,
house,108,49,1718147,Curran,0.6719,213,2,143,False,
house,108,50,1705443,Berlin,1.0,141,2,141,False,
house,108,51,1720318,Donnellson,0.9005,153,2,138,False,
house,108,52,1772234,Standard City,1.0,135,2,135,False,
house,108,53,1720370,Dorchester,1.0,133,2,133,False,
house,108,54,1721410,Eagarville,1.0,114,2,114,False,
house,108,55,1778656,Walshville,1.0,61,2,61,False,
house,109,1,1776199,Troy,1.0,10960,1,10960,False,best
house,109,2,1734670,Highland,1.0,9991,1,9991,True,office
house,109,3,1731589,Greenville,0.7637,7083,1,5409,False,
house,109,4,1707913,Breese,1.0,4641,2,4641,False,
house,109,5,1755249,O'Fallon,0.1228,32289,2,3965,False,
house,109,6,1751700,Nashville,1.0,3105,2,3105,False,
house,109,7,1722697,Edwardsville,0.1046,26808,2,2804,False,
house,109,8,1775991,Trenton,1.0,2690,2,2690,False,
house,109,9,1703181,Aviston,1.0,2340,2,2340,False,
house,109,10,1752142,New Baden,0.5701,3428,2,1954,False,
house,109,11,1755470,Okawville,1.0,1369,2,1369,False,
house,109,12,1766859,St. Jacob,1.0,1358,2,1358,False,
house,109,13,1729041,Germantown,1.0,1324,2,1324,False,
house,109,14,1747397,Maryville,0.156,8221,2,1282,False,
house,109,15,1700555,Albers,1.0,1121,2,1121,False,
house,109,16,1783505,Worden,1.0,1096,2,1096,False,
house,109,17,1732408,Hamel,1.0,929,2,929,False,
house,109,18,1746864,Marine,1.0,912,2,912,False,
house,109,19,1744160,Livingston,1.0,763,2,763,False,
house,109,20,1760872,Pocahontas,1.0,697,2,697,False,
house,109,21,1700737,Alhambra,1.0,622,2,622,False,
house,109,22,1766989,St. Libory,0.9283,628,2,583,False,
house,109,23,1737777,Irvington,1.0,581,2,581,False,
house,109,24,1718472,Damiansville,1.0,564,2,564,False,
house,109,25,1778721,Wamac,0.5355,985,2,527,False,
house,109,26,1736347,Hoyleton,1.0,520,2,520,False,
house,109,27,1702531,Ashley,1.0,462,2,462,False,
house,109,28,1759709,Pierron,1.0,459,2,459,False,
house,109,29,1767158,St. Rose,1.0,459,2,459,False,
house,109,30,1770525,Sorento,1.0,429,2,429,False,
house,109,31,1742496,Lebanon,0.0749,4691,2,351,False,
house,109,32,1752415,New Douglas,1.0,350,2,350,False,
house,109,33,1773547,Summerfield,1.0,347,2,347,False,
house,109,34,1730978,Grantfork,1.0,341,2,341,False,
house,109,35,1729639,Glen Carbon,0.0228,13842,2,316,False,
house,109,36,1700230,Addieville,1.0,259,2,259,False,
house,109,37,1763719,Richview,1.0,238,2,238,False,
house,109,38,1712164,Centralia,0.0177,12182,2,216,False,
house,109,39,1781815,Williamson,1.0,183,2,183,False,
house,109,40,1752714,New Minden,1.0,175,2,175,False,
house,109,41,1757498,Panama,0.46,337,2,155,False,
house,109,42,1777408,Venedy,1.0,121,2,121,False,
house,109,43,1755717,Old Ripley,1.0,82,2,82,False,
house,109,44,1720318,Donnellson,0.0995,153,2,15,False,
house,110,1,1712164,Centralia,0.9635,12182,1,11737,False,best
house,110,2,1755912,Olney,1.0,8701,1,8701,False,best
house,110,3,1777317,Vandalia,1.0,7458,1,7458,False,
house,110,4,1767236,Salem,1.0,7282,1,7282,False,
house,110,5,1726454,Flora,1.0,4803,2,4803,False,
house,110,6,1711228,Carlyle,0.9906,3253,2,3222,False,
house,110,7,1731589,Greenville,0.2363,7083,2,1674,False,
house,110,8,1766794,St. Elmo,1.0,1254,2,1254,False,
house,110,9,1767444,Sandoval,1.0,1157,2,1157,False,
house,110,10,1744927,Louisville,1.0,1136,2,1136,False,
house,110,11,1712151,Central City,1.0,1098,2,1098,False,
house,110,12,1755210,Odin,1.0,935,2,935,False,
house,110,13,1704533,Beckemeyer,1.0,923,2,923,False,
house,110,14,1762627,Ramsey,1.0,911,2,911,False,
house,110,15,1714715,Clay City,1.0,847,2,847,False,
house,110,16,1740117,Kinmundy,1.0,733,2,733,False,
house,110,17,1708992,Brownstown,1.0,690,2,690,False,
house,110,18,1704000,Bartelso,1.0,635,2,635,False,
house,110,19,1753143,Noble,1.0,633,2,633,False,
house,110,20,1725375,Farina,1.0,540,2,540,False,
house,110,21,1738791,Junction City,1.0,527,2,527,False,
house,110,22,1758057,Patoka,1.0,525,2,525,False,
house,110,23,1751284,Mulberry Grove,1.0,520,2,520,False,
house,110,24,1737933,Iuka,1.0,512,2,512,False,
house,110,25,1778721,Wamac,0.4645,985,2,458,False,
house,110,26,1735398,Hoffman,1.0,439,2,439,False,
house,110,27,1739753,Keyesport,1.0,406,2,406,False,
house,110,28,1722567,Edgewood,1.0,398,2,398,False,
house,110,29,1783739,Xenia,1.0,380,2,380,False,
house,110,30,1747449,Mason,1.0,323,2,323,False,
house,110,31,1767132,St. Peter,1.0,322,2,322,False,
house,110,32,1700919,Alma,1.0,318,2,318,False,
house,110,33,1726077,Fillmore,1.0,305,2,305,False,
house,110,34,1757693,Parkersburg,1.0,186,2,186,False,
house,110,35,1739324,Kell,1.0,173,2,173,False,
house,110,36,1710448,Calhoun,1.0,164,2,164,False,
house,110,37,1714533,Claremont,1.0,161,2,161,False,
house,110,38,1736477,Huey,1.0,160,2,160,False,
house,110,39,1770213,Smithboro,1.0,154,2,154,False,
house,110,40,1777681,Vernon,1.0,103,2,103,False,
house,110,41,1737621,Iola,1.0,98,2,98,False,
house,110,42,1778604,Walnut Hill,1.0,95,2,95,False,
house,110,43,1766599,Sailor Springs,1.0,89,2,89,False,
house,110,44,1706028,Bingham,1.0,60,2,60,False,
house,111,1,1701114,Alton,0.9841,25676,1,25268,True,office
house,111,2,1730926,Granite City,0.7593,27549,1,20918,False,best
house,111,3,1783271,Wood River,1.0,10464,1,10464,False,
house,111,4,1729639,Glen Carbon,0.6635,13842,1,9184,False,
house,111,5,1705599,Bethalto,0.8699,9310,1,8099,False,
house,111,6,1721553,East Alton,1.0,5786,1,5786,False,
house,111,7,1722697,Edwardsville,0.2736,26808,2,7335,False,
house,111,8,1761067,Pontoon Beach,0.4921,5876,2,2892,False,
house,111,9,1730094,Godfrey,0.1503,17825,2,2679,False,
house,111,10,1771240,South Roxana,1.0,1891,2,1891,False,
house,111,11,1745993,Madison,0.4716,3171,2,1495,False,
house,111,12,1747397,Maryville,0.1698,8221,2,1396,False,
house,111,13,1733279,Hartford,1.0,1185,2,1185,False,
house,111,14,1766131,Roxana,0.7018,1454,2,1020,False,
house,111,15,1715599,Collinsville,0.0228,24366,2,556,False,
house,112,1,1715599,Collinsville,0.9684,24366,1,23596,True,office
house,112,2,1722697,Edwardsville,0.6218,26808,1,16669,False,best
house,112,3,1725141,Fairview Heights,0.7081,16706,1,11830,False,
house,112,4,1747397,Maryville,0.6742,8221,1,5543,False,
house,112,5,1761067,Pontoon Beach,0.5079,5876,1,2984,False,
house,112,6,1755249,O'Fallon,0.2589,32289,2,8360,False,
house,112,7,1730926,Granite City,0.2407,27549,2,6631,False,
house,112,8,1729639,Glen Carbon,0.3137,13842,2,4342,False,
house,112,9,1711644,Caseyville,0.7826,4400,2,3443,False,
house,112,10,1745993,Madison,0.3431,3171,2,1088,False,
house,112,11,1769524,Shiloh,0.066,14098,2,930,False,
house,112,12,1724933,Fairmont City,0.3336,2265,2,756,False,
house,112,13,1774119,Swansea,0.046,14386,2,662,False,
house,112,14,1766131,Roxana,0.2982,1454,2,434,False,
house,113,1,1704845,Belleville,0.8611,42404,1,36514,True,office
house,113,2,1774119,Swansea,0.954,14386,1,13724,False,best
house,113,3,1769524,Shiloh,0.8788,14098,1,12389,False,
house,113,4,1755249,O'Fallon,0.156,32289,2,5037,False,
house,113,5,1725141,Fairview Heights,0.2912,16706,2,4865,False,
house,113,6,1779085,Washington Park,0.7636,2592,2,1979,False,
house,113,7,1724933,Fairmont City,0.6664,2265,2,1509,False,
house,113,8,1777473,Venice,1.0,1498,2,1498,False,
house,113,9,1711644,Caseyville,0.2174,4400,2,957,False,
house,113,10,1708667,Brooklyn,1.0,649,2,649,False,
house,113,11,1745993,Madison,0.1852,3171,2,587,False,
house,113,12,1770252,Smithton,0.1002,4006,2,401,False,
house,113,13,1722255,East St. Louis,0.0205,18469,2,379,False,
house,114,1,1722255,East St. Louis,0.9795,18469,1,18090,False,best
house,114,2,1747423,Mascoutah,1.0,8754,1,8754,False,
house,114,3,1755249,O'Fallon,0.4623,32289,2,14927,False,
house,114,4,1704845,Belleville,0.1389,42404,2,5890,False,
house,114,5,1727806,Freeburg,1.0,4582,2,4582,False,
house,114,6,1742496,Lebanon,0.9251,4691,2,4340,False,
house,114,7,1749386,Millstadt,1.0,4071,2,4071,False,
house,114,8,1721254,Dupo,0.9188,3996,2,3672,False,
house,114,9,1770252,Smithton,0.8998,4006,2,3605,False,
house,114,10,1752116,New Athens,0.99,1955,2,1935,False,
house,114,11,1752142,New Baden,0.4299,3428,2,1474,False,
house,114,12,1715833,Columbia,0.0863,10999,2,949,False,
house,114,13,1769524,Shiloh,0.0552,14098,2,778,False,
house,114,14,1779085,Washington Park,0.2364,2592,2,613,False,
house,114,15,1721618,East Carondelet,1.0,390,2,390,False,
house,114,16,1725713,Fayetteville,1.0,302,2,302,False,
house,114,17,1767756,Sauget,1.0,141,2,141,False,
house,114,18,1766989,St. Libory,0.0717,628,2,45,False,
house,114,19,1710373,Cahokia Heights,0.9976,,2,0,True,office
house,115,1,1779150,Waterloo,1.0,11013,1,11013,False,best
house,115,2,1715833,Columbia,0.9137,10999,1,10050,False,
house,115,3,1751453,Murphysboro,0.9647,7093,1,6843,False,
house,115,4,1713139,Chester,1.0,6814,1,6814,False,
house,115,5,1721267,Du Quoin,1.0,5827,1,5827,False,
house,115,6,1759884,Pinckneyville,1.0,5066,1,5066,False,
house,115,7,1771448,Sparta,1.0,4095,2,4095,False,
house,115,8,1763043,Red Bud,1.0,3804,2,3804,True,office
house,115,9,1772468,Steeleville,1.0,1930,2,1930,False,
house,115,10,1746955,Marissa,1.0,1833,2,1833,False,
house,115,11,1777265,Valmeyer,1.0,1233,2,1233,False,
house,115,12,1759104,Percy,1.0,906,2,906,False,
house,115,13,1716613,Coulterville,1.0,834,2,834,False,
house,115,14,1775263,Tilden,1.0,750,2,750,False,
house,115,15,1781867,Willisville,1.0,579,2,579,False,
house,115,16,1703103,Ava,1.0,553,2,553,False,
house,115,17,1724608,Evansville,1.0,547,2,547,False,
house,115,18,1774444,Tamaroa,1.0,544,2,544,False,
house,115,19,1761639,Prairie du Rocher,1.0,502,2,502,False,
house,115,20,1742860,Lenzburg,1.0,468,2,468,False,
house,115,21,1733877,Hecker,0.9963,429,2,427,False,
house,115,22,1718225,Cutler,1.0,361,2,361,False,
house,115,23,1723503,Ellis Grove,1.0,328,2,328,False,
house,115,24,1721254,Dupo,0.0812,3996,2,324,False,
house,115,25,1703454,Baldwin,1.0,314,2,314,False,
house,115,26,1766287,Ruma,1.0,313,2,313,False,
house,115,27,1710773,Campbell Hill,1.0,309,2,309,False,
house,115,28,1777525,Vergennes,1.0,235,2,235,False,
house,115,29,1754586,Oakdale,1.0,199,2,199,False,
house,115,30,1762523,Radom,1.0,183,2,183,False,
house,115,31,1720890,Du Bois,1.0,175,2,175,False,
house,115,32,1730588,Gorham,1.0,173,2,173,False,
house,115,33,1766924,St. Johns,1.0,163,2,163,False,
house,115,34,1746058,Maeystown,1.0,150,2,150,False,
house,115,35,1765221,Rockwood,1.0,32,2,32,False,
house,115,36,1728170,Fults,1.0,28,2,28,False,
house,115,37,1739129,Kaskaskia,1.0,21,2,21,False,
house,115,38,1752116,New Athens,0.01,1955,2,20,False,
house,116,1,1751180,Mount Vernon,1.0,14600,1,14600,False,best
house,116,2,1750868,Mount Carmel,1.0,7015,1,7015,False,
house,116,3,1705300,Benton,1.0,6709,1,6709,True,office
house,116,4,1724816,Fairfield,1.0,4883,2,4883,False,
house,116,5,1711293,Carmi,1.0,4865,2,4865,False,
house,116,6,1714286,Christopher,1.0,2697,2,2697,False,
house,116,7,1745824,McLeansboro,1.0,2675,2,2675,False,
house,116,8,1700568,Albion,1.0,1971,2,1971,False,
house,116,9,1768705,Sesser,1.0,1888,2,1888,False,
house,116,10,1737179,Ina,1.0,1641,2,1641,False,
house,116,11,1731165,Grayville,1.0,1550,2,1550,False,
house,116,12,1779436,Wayne City,1.0,994,2,994,False,
house,116,13,1724179,Enfield,1.0,794,2,794,False,
house,116,14,1780853,West Salem,1.0,786,2,786,False,
house,116,15,1780073,West City,1.0,656,2,656,False,
house,116,16,1714455,Cisne,1.0,634,2,634,False,
house,116,17,1706964,Bluford,1.0,630,2,630,False,
house,116,18,1717783,Crossville,1.0,623,2,623,False,
house,116,19,1783206,Woodlawn,1.0,617,2,617,False,
house,116,20,1777148,Valier,1.0,554,2,554,False,
house,116,21,1753585,North City,1.0,509,2,509,False,
house,116,22,1718303,Dahlgren,1.0,504,2,504,False,
house,116,23,1720123,Dix,1.0,469,2,469,False,
house,116,24,1700815,Allendale,1.0,458,2,458,False,
house,116,25,1709330,Buckner,1.0,409,2,409,False,
house,116,26,1778708,Waltonville,1.0,408,2,408,False,
house,116,27,1707263,Bonnie,1.0,374,2,374,False,
house,116,28,1738323,Jeffersonville,1.0,355,2,355,False,
house,116,29,1704806,Belle Rive,1.0,309,2,309,False,
house,116,30,1724673,Ewing,1.0,300,2,300,False,
house,116,31,1704936,Bellmont,1.0,247,2,247,False,
house,116,32,1712164,Centralia,0.0188,12182,2,229,False,
house,116,33,1751726,Nason,1.0,199,2,199,False,
house,116,34,1707224,Bone Gap,1.0,181,2,181,False,
house,116,35,1749347,Mill Shoals,1.0,176,2,176,False,
house,116,36,1739259,Keensburg,1.0,174,2,174,False,
house,116,37,1770031,Sims,1.0,166,2,166,False,
house,116,38,1708979,Browns,1.0,139,2,139,False,
house,116,39,1771643,Springerton,1.0,101,2,101,False,
house,116,40,1750933,Mount Erie,1.0,98,2,98,False,
house,116,41,1738531,Johnsonville,1.0,72,2,72,False,
house,116,42,1730250,Golden Gate,1.0,65,2,65,False,
house,116,43,1739233,Keenes,1.0,50,2,50,False,
house,116,44,1704793,Belle Prairie City,1.0,49,2,49,False,
house,116,45,1709889,Burnt Prairie,1.0,36,2,36,False,
house,116,46,1759520,Phillipstown,1.0,34,2,34,False,
house,116,47,1745642,Macedonia,1.0,30,2,30,False,
house,117,1,1733136,Harrisburg,1.0,8219,1,8219,True,office
house,117,2,1780333,West Frankfort,1.0,7275,1,7275,False,best
house,117,3,1748645,Metropolis,1.0,5969,1,5969,False,
house,117,4,1723009,Eldorado,1.0,3743,2,3743,False,
house,117,5,1738544,Johnston City,1.0,3384,2,3384,False,
house,117,6,1746916,Marion,0.1699,16855,2,2864,False,
house,117,7,1711397,Carrier Mills,1.0,1672,2,1672,False,
house,117,8,1784155,Zeigler,1.0,1484,2,1484,False,
house,117,9,1777863,Vienna,1.0,1343,2,1343,False,
house,117,10,1753403,Norris City,1.0,1145,2,1145,False,
house,117,11,1730575,Goreville,1.0,1068,2,1068,False,
house,117,12,1766209,Royalton,1.0,1068,2,1068,False,
house,117,13,1769082,Shawneetown,1.0,1054,2,1054,False,
house,117,14,1765897,Rosiclare,1.0,980,2,980,False,
house,117,15,1764018,Ridgway,1.0,851,2,851,False,
house,117,16,1728261,Galatia,1.0,827,2,827,False,
house,117,17,1708706,Brookport,1.0,725,2,725,False,
house,117,18,1730133,Golconda,1.0,630,2,630,False,
house,117,19,1760209,Pittsburg,1.0,565,2,565,False,
house,117,20,1724348,Equality,1.0,539,2,539,False,
house,117,21,1717289,Creal Springs,1.0,505,2,505,False,
house,117,22,1775159,Thompsonville,1.0,486,2,486,False,
house,117,23,1752506,New Haven,1.0,399,2,399,False,
house,117,24,1738674,Joppa,1.0,350,2,350,False,
house,117,25,1756536,Orient,1.0,327,2,327,False,
house,117,26,1732616,Hanaford,1.0,320,2,320,False,
house,117,27,1762588,Raleigh,1.0,284,2,284,False,
house,117,28,1711826,Cave-In-Rock,1.0,228,2,228,False,
house,117,29,1772884,Stonefort,1.0,224,2,224,False,
house,117,30,1723191,Elizabethtown,1.0,220,2,220,False,
house,117,31,1718251,Cypress,1.0,217,2,217,False,
house,117,32,1756003,Omaha,1.0,209,2,209,False,
house,117,33,1709551,Buncombe,1.0,207,2,207,False,
house,117,34,1708875,Broughton,1.0,185,2,185,False,
house,117,35,1752285,New Burnside,1.0,153,2,153,False,
house,117,36,1727858,Freeman Spur,0.5095,268,2,137,False,
house,117,37,1771526,Spillertown,0.7477,181,2,135,False,
house,117,38,1755756,Old Shawneetown,1.0,113,2,113,False,
house,117,39,1722398,Eddyville,1.0,99,2,99,False,
house,117,40,1747592,Maunie,1.0,91,2,91,False,
house,117,41,1704715,Belknap,1.0,88,2,88,False,
house,117,42,1751271,Muddy,1.0,61,2,61,False,
house,117,43,1738778,Junction,1.0,56,2,56,False,
house,117,44,1770005,Simpson,1.0,44,2,44,False,
house,118,1,1711163,Carbondale,1.0,21857,1,21857,False,best
house,118,2,1746916,Marion,0.8301,16855,1,13991,True,office
house,118,3,1734358,Herrin,1.0,12352,1,12352,False,
house,118,4,1711514,Carterville,1.0,5848,1,5848,False,
house,118,5,1701543,Anna,1.0,4303,2,4303,False,
house,118,6,1710383,Cairo,1.0,1733,2,1733,False,
house,118,7,1738635,Jonesboro,1.0,1711,2,1711,False,
house,118,8,1710630,Cambria,1.0,1505,2,1505,False,
house,118,9,1717185,Crainville,1.0,1443,2,1443,False,
house,118,10,1719616,De Soto,1.0,1407,2,1407,False,
house,118,11,1715300,Cobden,1.0,1074,2,1074,False,
house,118,12,1724166,Energy,1.0,974,2,974,False,
house,118,13,1723373,Elkville,1.0,838,2,838,False,
house,118,14,1736815,Hurst,1.0,764,2,764,False,
house,118,15,1720305,Dongola,1.0,661,2,661,False,
house,118,16,1750777,Mounds,1.0,661,2,661,False,
house,118,17,1746214,Makanda,1.0,547,2,547,False,
house,118,18,1750751,Mound City,1.0,526,2,526,False,
house,118,19,1730770,Grand Tower,1.0,479,2,479,False,
house,118,20,1776615,Ullin,1.0,466,2,466,False,
house,118,21,1739077,Karnak,1.0,430,2,430,False,
house,118,22,1774457,Tamms,1.0,430,2,430,False,
house,118,23,1720565,Dowell,1.0,368,2,368,False,
house,118,24,1701205,Alto Pass,1.0,319,2,319,False,
house,118,25,1721605,East Cape Girardeau,1.0,289,2,289,False,
house,118,26,1755899,Olmsted,1.0,285,2,285,False,
house,118,27,1745525,McClure,1.0,256,2,256,False,
house,118,28,1751453,Murphysboro,0.0353,7093,2,250,False,
house,118,29,1710084,Bush,1.0,241,2,241,False,
house,118,30,1774873,Thebes,1.0,208,2,208,False,
house,118,31,1715807,Colp,1.0,168,2,168,False,
house,118,32,1762211,Pulaski,1.0,154,2,154,False,
house,118,33,1752467,New Grand Chain,1.0,150,2,150,False,
house,118,34,1727858,Freeman Spur,0.4905,268,2,131,False,
house,118,35,1749178,Mill Creek,1.0,59,2,59,False,
house,118,36,1771526,Spillertown,0.2523,181,2,46,False,
