{"type":"FeatureCollection","features":[{"type":"Feature","geometry":{"type":"Polygon","coordinates":[[[-88.8199,42.49264],[-88.89458,42.49413],[-88.94039,42.49505],[-88.94326,42.49511],[-88.95189,42.49527],[-88.97783,42.49575],[-88.97848,42.49576],[-88.9856,42.49589],[-88.99178,42.49601],[-88.99248,42.49602],[-88.99256,42.49602],[-88.99266,42.49603],[-88.99298,42.49603],[-89.00126,42.49605],[-89.00138,42.49605],[-89.01157,42.49608],[-89.01211,42.49608],[-89.01367,42.49609],[-89.0138,42.4961],[-89.02003,42.49613],[-89.02623,42.49616],[-89.03655,42.49622],[-89.04198,42.49625],[-89.0421,42.49625],[-89.0429,42.49626],[-89.04659,42.49625],[-89.0547,42.49624],[-89.05636,42.49623],[-89.05978,42.49623],[-89.06744,42.49621],[-89.06969,42.49621],[-89.07076,42.49621],[-89.07114,42.49621],[-89.07955,42.4963],[-89.09891,42.4965],[-89.09901,42.4965],[-89.11695,42.49691],[-89.12021,42.49699],[-89.12036,42.49699],[-89.12061,42.49699],[-89.12511,42.49696],[-89.12992,42.497],[-89.15715,42.49727],[-89.1649,42.49735],[-89.16673,42.49726],[-89.19787,42.49762],[-89.22627,42.49796],[-89.22828,42.49805],[-89.24697,42.49813],[-89.24791,42.4981],[-89.25076,42.49799],[-89.26263,42.49825],[-89.26267,42.49825],[-89.2909,42.49885],[-89.36156,42.50001],[-89.3658,42.50026],[-89.36603,42.50027],[-89.40142,42.50043],[-89.40143,42.50043],[-89.40995,42.5005],[-89.41921,42.50057],[-89.42099,42.50059],[-89.42257,42.50068],[-89.42393,42.50082],[-89.42516,42.50073],[-89.44398,42.50095],[-89.45507,42.50108],[-89.48346,42.50142],[-89.4843,42.50143],[-89.49261,42.50151],[-89.49322,42.50151],[-89.52254,42.50189],[-89.56384,42.50262],[-89.56441,42.50263],[-89.57429,42.5029],[-89.57898,42.50303],[-89.58164,42.5031],[-89.59478,42.50347],[-89.6,42.50367],[-89.60144,42.50363],[-89.60352,42.50356],[-89.61341,42.50394],[-89.64418,42.50452],[-89.6483,42.50458],[-89.65032,42.50461],[-89.6676,42.50496],[-89.69009,42.50519],[-89.69018,42.50519],[-89.69349,42.5051],[-89.7194,42.50525],[-89.73418,42.50533],[-89.74239,42.50538],[-89.7508,42.50536],[-89.76848,42.50532],[-89.76964,42.50532],[-89.7803,42.50535],[-89.79396,42.50547],[-89.7997,42.50542],[-89.8019,42.50544],[-89.83759,42.50554],[-89.9066,42.50573],[-89.92637,42.50579],[-89.92647,42.50579],[-89.92648,42.50579],[-89.94641,42.50568],[-89.95529,42.50563],[-89.95559,42.50563],[-89.96616,42.50593],[-89.98066,42.50634],[-89.98507,42.50646],[-89.98564,42.50643],[-89.99721,42.50676],[-89.99931,42.50691],[-90.01703,42.50713],[-90.01854,42.50728],[-90.01866,42.50729],[-90.07344,42.50827],[-90.07367,42.50828],[-90.08563,42.5082],[-90.09303,42.50816],[-90.095,42.50789],[-90.10396,42.50793],[-90.14292,42.50815],[-90.16436,42.50827],[-90.18157,42.50807],[-90.18708,42.508],[-90.19284,42.50792],[-90.20281,42.50779],[-90.20607,42.50775],[-90.20609,42.50775],[-90.22092,42.50776],[-90.22319,42.50777],[-90.25062,42.50752],[-90.25312,42.50734],[-90.26714,42.50764],[-90.26933,42.50773],[-90.27286,42.50753],[-90.30232,42.50747],[-90.30382,42.50747],[-90.3091,42.50743],[-90.36265,42.50705],[-90.36787,42.50711],[-90.36796,42.50711],[-90.37067,42.50711],[-90.38188,42.50704],[-90.4017,42.50692],[-90.40593,42.50689],[-90.42638,42.50706],[-90.43701,42.50715],[-90.43717,42.50715],[-90.47495,42.50748],[-90.47945,42.50742],[-90.48588,42.50753],[-90.49172,42.50762],[-90.53062,42.50758],[-90.53225,42.50757],[-90.54435,42.50771],[-90.5448,42.50771],[-90.55116,42.50769],[-90.55586,42.50751],[-90.56535,42.5076],[-90.56544,42.5076],[-90.58543,42.50778],[-90.58991,42.50783],[-90.60931,42.508],[-90.60981,42.50801],[-90.61067,42.50802],[-90.61303,42.50804],[-90.61459,42.50805],[-90.61773,42.50808],[-90.62492,42.50819],[-90.62971,42.50827],[-90.63479,42.50835],[-90.63903,42.50842],[-90.64284,42.50848],[-90.64786,42.50246],[-90.65593,42.4917],[-90.65593,42.49168],[-90.65653,42.4892],[-90.65633,42.4836],[-90.65403,42.4785],[-90.64673,42.4719],[-90.64305,42.46977],[-90.6409,42.46852],[-90.62433,42.4589],[-90.60633,42.45151],[-90.59042,42.44749],[-90.5853,42.44561],[-90.58213,42.44444],[-90.57074,42.4417],[-90.56797,42.44039],[-90.56525,42.43874],[-90.56044,42.4329],[-90.5588,42.42852],[-90.55817,42.42098],[-90.55755,42.41926],[-90.55502,42.41614],[-90.54807,42.41312],[-90.52731,42.40626],[-90.51752,42.40302],[-90.50683,42.39879],[-90.50667,42.39872],[-90.50013,42.39554],[-90.49577,42.39241],[-90.49033,42.38709],[-90.48715,42.38514],[-90.48462,42.38453],[-90.48015,42.38462],[-90.47728,42.38379],[-90.47412,42.38173],[-90.47381,42.38146],[-90.47027,42.37836],[-90.46767,42.37413],[-90.46479,42.36945],[-90.46262,42.36725],[-90.45272,42.3593],[-90.44632,42.35704],[-90.44387,42.35522],[-90.43055,42.33686],[-90.42924,42.33579],[-90.42536,42.33262],[-90.42135,42.33047],[-90.41903,42.32851],[-90.4184,42.32765],[-90.41653,42.32511],[-90.41594,42.3227],[-90.4162,42.32131],[-90.41712,42.31994],[-90.42007,42.31768],[-90.42105,42.31611],[-90.4203,42.31169],[-90.42045,42.30537],[-90.42396,42.29448],[-90.42433,42.29333],[-90.42691,42.29072],[-90.4306,42.28445],[-90.43073,42.28421],[-90.43088,42.27823],[-90.42572,42.26919],[-90.4241,42.26636],[-90.42238,42.26058],[-90.42218,42.2599],[-90.41933,42.25447],[-90.41631,42.25168],[-90.41522,42.25094],[-90.41047,42.24775],[-90.40065,42.23929],[-90.39588,42.23313],[-90.39487,42.22948],[-90.39475,42.22906],[-90.39111,42.22547],[-90.37513,42.21481],[-90.36514,42.21053],[-90.36041,42.20758],[-90.35696,42.20545],[-90.33817,42.20332],[-90.32827,42.20105],[-90.31777,42.19379],[-90.31733,42.19365],[-90.30689,42.19029],[-90.29844,42.18758],[-90.29615,42.18635],[-90.28217,42.17885],[-90.26908,42.1745],[-90.25546,42.17182],[-90.25013,42.17147],[-90.23492,42.16543],[-90.22424,42.16003],[-90.21611,42.15673],[-90.20948,42.15268],[-90.20742,42.14911],[-90.20637,42.1455],[-90.20536,42.13908],[-90.2014,42.13094],[-90.19734,42.12816],[-90.1947,42.12725],[-90.19045,42.12578],[-90.18747,42.12542],[-90.17097,42.1252],[-90.16753,42.12248],[-90.16289,42.11672],[-90.16188,42.11378],[-90.16149,42.10971],[-90.16116,42.10637],[-90.1615,42.09891],[-90.1634,42.08761],[-90.16803,42.07657],[-90.16836,42.07578],[-90.1659,42.06423],[-90.16555,42.06264],[-90.16538,42.05474],[-90.16529,42.05097],[-90.16448,42.04211],[-90.16345,42.04041],[-90.15883,42.03777],[-90.15422,42.03307],[-90.15158,42.03063],[-90.15092,42.02944],[-90.14973,42.02656],[-90.14911,42.02268],[-90.14861,42.02137],[-90.1481,42.02001],[-90.14378,42.01488],[-90.14117,42.00893],[-90.14013,42.00361],[-90.14006,42.00325],[-90.14061,41.996],[-90.14603,41.98814],[-90.14622,41.98133],[-90.14675,41.98065],[-90.1486,41.97827],[-90.15383,41.97412],[-90.15456,41.973],[-90.16214,41.96129],[-90.16413,41.95618],[-90.16487,41.94951],[-90.16494,41.94886],[-90.16385,41.94493],[-90.16065,41.94085],[-90.1569,41.93818],[-90.15498,41.93586],[-90.15266,41.93306],[-90.1516,41.931],[-90.15184,41.92892],[-90.1259,41.92898],[-90.12477,41.9294],[-90.11501,41.92971],[-90.10349,41.92972],[-90.09393,41.92969],[-90.03598,41.93033],[-90.01649,41.93046],[-89.98772,41.93101],[-89.97844,41.93119],[-89.97799,41.93119],[-89.94921,41.93124],[-89.86082,41.93044],[-89.84145,41.9303],[-89.76905,41.93045],[-89.74506,41.93071],[-89.68737,41.93035],[-89.68537,41.93034],[-89.66992,41.93027],[-89.64809,41.93022],[-89.64133,41.9302],[-89.62891,41.93004],[-89.62869,41.9447],[-89.62848,41.96057],[-89.6285,41.96102],[-89.61951,41.96737],[-89.61469,41.972],[-89.6024,41.97797],[-89.59512,41.98093],[-89.5933,41.98113],[-89.58875,41.98115],[-89.58868,41.98533],[-89.58873,41.98622],[-89.58521,41.98624],[-89.57884,41.98615],[-89.57881,41.98687],[-89.57621,41.98729],[-89.57564,41.99346],[-89.57573,41.99369],[-89.57567,41.99578],[-89.57503,42.02608],[-89.57433,42.0263],[-89.57002,42.02633],[-89.5678,42.02613],[-89.51444,42.0267],[-89.50983,42.02676],[-89.51013,42.01711],[-89.51101,41.9886],[-89.51242,41.94533],[-89.51292,41.93093],[-89.4557,41.93092],[-89.45207,41.93086],[-89.45139,41.93095],[-89.4493,41.93095],[-89.44534,41.93095],[-89.42697,41.93094],[-89.39753,41.93093],[-89.39699,41.94523],[-89.38933,41.94511],[-89.3844,41.94505],[-89.38505,41.94183],[-89.38806,41.93759],[-89.38916,41.93098],[-89.3645,41.93117],[-89.35313,41.93127],[-89.28241,41.9312],[-89.28102,41.96597],[-89.27989,41.98378],[-89.28014,41.98449],[-89.27994,41.99075],[-89.27992,41.99132],[-89.27878,42.02168],[-89.27852,42.02848],[-89.27834,42.02986],[-89.27628,42.02962],[-89.25199,42.02986],[-89.22628,42.03008],[-89.17194,42.03051],[-89.1716,42.01632],[-89.17154,42.01388],[-89.17132,42.0052],[-89.17099,41.99084],[-89.17072,41.97983],[-89.17064,41.97638],[-89.16732,41.97642],[-89.09409,41.97743],[-89.08945,41.97742],[-89.0794,41.97751],[-89.0651,41.97768],[-89.05539,41.9778],[-89.03931,41.97796],[-89.02038,41.97816],[-89.01014,41.97826],[-89.00064,41.97836],[-88.96144,41.97877],[-88.95466,41.97881],[-88.94189,41.97893],[-88.94188,41.97888],[-88.93626,41.97891],[-88.92673,41.97898],[-88.91665,41.97905],[-88.90781,41.97911],[-88.89747,41.97916],[-88.84883,41.97947],[-88.82928,41.97958],[-88.77313,41.9798],[-88.73964,41.97996],[-88.73683,41.97995],[-88.71473,41.98005],[-88.7148,41.98733],[-88.71487,41.99444],[-88.71498,42.00482],[-88.71464,42.00572],[-88.71482,42.01469],[-88.71484,42.01641],[-88.71512,42.01938],[-88.71539,42.04573],[-88.71544,42.05328],[-88.7156,42.06643],[-88.70513,42.06644],[-88.70048,42.06645],[-88.69172,42.06646],[-88.68386,42.06647],[-88.68012,42.06649],[-88.63697,42.06646],[-88.63142,42.06647],[-88.60293,42.06647],[-88.60196,42.06647],[-88.5909,42.06647],[-88.58833,42.06646],[-88.58834,42.11003],[-88.58842,42.12421],[-88.58866,42.15359],[-88.59328,42.15356],[-88.69568,42.15352],[-88.70558,42.15354],[-88.70547,42.24077],[-88.78396,42.24068],[-88.78854,42.24068],[-88.79884,42.2407],[-88.80339,42.24104],[-88.81286,42.24106],[-88.82199,42.24104],[-88.8218,42.24063],[-88.82198,42.24017],[-88.82201,42.23939],[-88.82216,42.23883],[-88.82222,42.23798],[-88.82221,42.23689],[-88.82216,42.23385],[-88.82216,42.23343],[-88.82708,42.23339],[-88.82708,42.23358],[-88.84175,42.23324],[-88.86122,42.23308],[-88.86122,42.23329],[-88.88086,42.23312],[-88.89938,42.23297],[-88.90497,42.23346],[-88.91033,42.2351],[-88.91303,42.2365],[-88.91765,42.23954],[-88.92035,42.23968],[-88.93273,42.23956],[-88.94099,42.23939],[-88.94098,42.23869],[-88.94096,42.23806],[-88.94056,42.22283],[-88.94037,42.21041],[-88.93994,42.18215],[-88.93993,42.1814],[-88.93973,42.15232],[-88.94299,42.15228],[-88.95021,42.15219],[-89.00815,42.15152],[-89.01781,42.1514],[-89.02231,42.15135],[-89.02325,42.15141],[-89.02342,42.16588],[-89.02389,42.17128],[-89.02392,42.17315],[-89.02611,42.17312],[-89.02858,42.17309],[-89.03282,42.17303],[-89.04261,42.1729],[-89.04503,42.17287],[-89.04748,42.17283],[-89.05236,42.17277],[-89.05673,42.1727],[-89.05722,42.17269],[-89.06701,42.17265],[-89.06693,42.16534],[-89.06822,42.16541],[-89.07407,42.16712],[-89.07549,42.16741],[-89.07672,42.16808],[-89.07709,42.16855],[-89.07851,42.16792],[-89.08664,42.16804],[-89.08723,42.16822],[-89.08757,42.16832],[-89.09126,42.16879],[-89.09125,42.16789],[-89.09598,42.16836],[-89.10098,42.16879],[-89.101,42.17243],[-89.11076,42.17237],[-89.11085,42.17602],[-89.11566,42.17598],[-89.11568,42.17963],[-89.11887,42.17897],[-89.12152,42.17914],[-89.12263,42.17839],[-89.1267,42.17811],[-89.12837,42.18023],[-89.12936,42.18085],[-89.13087,42.18504],[-89.13329,42.18697],[-89.13785,42.18807],[-89.14456,42.18592],[-89.15299,42.18288],[-89.1577,42.18039],[-89.16201,42.1788],[-89.16726,42.17931],[-89.1725,42.18106],[-89.17292,42.18272],[-89.173,42.20424],[-89.173,42.2084],[-89.16742,42.20836],[-89.13984,42.2085],[-89.13812,42.21146],[-89.13072,42.21938],[-89.13054,42.21958],[-89.12583,42.22461],[-89.13197,42.22978],[-89.13474,42.23401],[-89.13499,42.23392],[-89.13495,42.23438],[-89.13984,42.24237],[-89.14033,42.2428],[-89.14307,42.24396],[-89.14376,42.24361],[-89.14454,42.24449],[-89.14885,42.24455],[-89.15515,42.2445],[-89.15516,42.25694],[-89.14854,42.25735],[-89.14936,42.25843],[-89.15362,42.26211],[-89.15864,42.26447],[-89.16301,42.26552],[-89.17235,42.26603],[-89.17361,42.26626],[-89.17361,42.26643],[-89.17361,42.27081],[-89.17291,42.27938],[-89.17342,42.27941],[-89.17357,42.2804],[-89.17361,42.2863],[-89.17362,42.288],[-89.17363,42.28875],[-89.17365,42.29145],[-89.17365,42.29299],[-89.1737,42.29801],[-89.17373,42.30122],[-89.17374,42.30239],[-89.17377,42.30664],[-89.17379,42.30869],[-89.17381,42.31087],[-89.17381,42.31101],[-89.17383,42.3135],[-89.17384,42.31464],[-89.17389,42.32007],[-89.17391,42.32199],[-89.17393,42.32442],[-89.17086,42.32434],[-89.17021,42.32432],[-89.16828,42.32431],[-89.16671,42.32435],[-89.16591,42.32432],[-89.15528,42.3244],[-89.11652,42.32453],[-89.11633,42.32449],[-89.10543,42.32459],[-89.09705,42.32468],[-89.09701,42.32163],[-89.09693,42.31566],[-89.09304,42.3157],[-89.08708,42.31576],[-89.08058,42.31583],[-89.08011,42.31794],[-89.07729,42.32039],[-89.07757,42.32475],[-89.07113,42.32473],[-89.06518,42.32488],[-89.06159,42.32667],[-89.06108,42.32705],[-89.06006,42.32806],[-89.05924,42.33039],[-89.04617,42.3307],[-89.04625,42.33437],[-89.04687,42.33963],[-89.04635,42.33964],[-89.03912,42.33976],[-89.03582,42.3398],[-89.0316,42.33986],[-89.0288,42.33994],[-89.0288,42.34007],[-89.01774,42.34024],[-89.00846,42.34038],[-89.00592,42.34035],[-88.99691,42.33942],[-88.99585,42.33947],[-88.99132,42.34011],[-88.98712,42.34068],[-88.98491,42.34074],[-88.98302,42.34077],[-88.98119,42.3408],[-88.97962,42.34082],[-88.97545,42.34086],[-88.97411,42.34089],[-88.97353,42.34094],[-88.97321,42.34099],[-88.97269,42.3411],[-88.97217,42.34124],[-88.97186,42.34133],[-88.97119,42.34159],[-88.97053,42.34184],[-88.96903,42.3425],[-88.96772,42.34287],[-88.96443,42.34358],[-88.96434,42.32641],[-88.96442,42.31905],[-88.96469,42.31906],[-88.96478,42.31018],[-88.96484,42.30454],[-88.94197,42.30488],[-88.94062,42.30504],[-88.94051,42.31236],[-88.94041,42.31869],[-88.9406,42.31962],[-88.94022,42.32666],[-88.94024,42.33371],[-88.9403,42.34847],[-88.94024,42.36273],[-88.94025,42.36301],[-88.94044,42.37023],[-88.91036,42.37058],[-88.8913,42.3708],[-88.89068,42.3708],[-88.88185,42.37088],[-88.88154,42.37088],[-88.88059,42.37089],[-88.86615,42.37103],[-88.86128,42.37109],[-88.85154,42.37121],[-88.8508,42.37121],[-88.84581,42.37137],[-88.84172,42.37142],[-88.82218,42.37152],[-88.82208,42.38602],[-88.82169,42.41488],[-88.82141,42.42967],[-88.8199,42.49264]]]},"properties":{"district":45}},{"type":"Feature","geometry":{"type":"Polygon","coordinates":[[[-88.01827,41.80813],[-88.0286,41.80817],[-88.03351,41.80777],[-88.03363,41.80775],[-88.03849,41.80678],[-88.0467,41.80492],[-88.05267,41.804],[-88.05256,41.80116],[-88.05367,41.80093],[-88.05639,41.80093],[-88.0566,41.8003],[-88.05687,41.79799],[-88.05685,41.7973],[-88.05668,41.79357],[-88.05632,41.78865],[-88.05572,41.78612],[-88.0565,41.78604],[-88.05676,41.78628],[-88.05756,41.78639],[-88.05842,41.78648],[-88.06106,41.78673],[-88.06557,41.787],[-88.06736,41.7869],[-88.06734,41.78681],[-88.06666,41.78464],[-88.07275,41.78408],[-88.0736,41.78401],[-88.07419,41.78653],[-88.07632,41.78627],[-88.07917,41.78586],[-88.07965,41.78579],[-88.08115,41.78561],[-88.08405,41.78536],[-88.08408,41.78535],[-88.0842,41.78533],[-88.08612,41.78468],[-88.08743,41.7839],[-88.08783,41.78365],[-88.08846,41.78332],[-88.08998,41.78269],[-88.09105,41.78241],[-88.09262,41.78216],[-88.09884,41.78162],[-88.10429,41.78041],[-88.10433,41.78051],[-88.10716,41.77983],[-88.10756,41.77963],[-88.10977,41.77909],[-88.11779,41.77713],[-88.11954,41.77675],[-88.12014,41.77105],[-88.1213,41.76277],[-88.12216,41.76034],[-88.12205,41.7603],[-88.11937,41.75934],[-88.11751,41.75794],[-88.11735,41.75566],[-88.11969,41.75279],[-88.12344,41.75212],[-88.12389,41.75009],[-88.12391,41.74995],[-88.12393,41.74958],[-88.12394,41.74894],[-88.1238,41.74538],[-88.12378,41.74454],[-88.12368,41.74213],[-88.12297,41.74041],[-88.12308,41.73443],[-88.12049,41.73446],[-88.11831,41.73506],[-88.11814,41.73507],[-88.11772,41.73509],[-88.11755,41.73508],[-88.11747,41.73277],[-88.11736,41.72909],[-88.11729,41.72685],[-88.11115,41.72697],[-88.10278,41.72716],[-88.09819,41.72726],[-88.09794,41.72727],[-88.0692,41.728],[-88.06903,41.72801],[-88.06358,41.72814],[-88.06355,41.72814],[-88.06337,41.72815],[-88.06275,41.73017],[-88.06278,41.73541],[-88.06277,41.73931],[-88.06274,41.7408],[-88.0617,41.74041],[-88.05981,41.7427],[-88.0565,41.74306],[-88.05381,41.74337],[-88.05261,41.74337],[-88.04983,41.74357],[-88.0482,41.74428],[-88.0492,41.74552],[-88.04825,41.74597],[-88.04453,41.7463],[-88.04362,41.75036],[-88.04075,41.75042],[-88.03994,41.75056],[-88.03516,41.7507],[-88.03102,41.75075],[-88.03056,41.73618],[-88.03049,41.73398],[-88.03046,41.73306],[-88.03043,41.7319],[-88.03035,41.72889],[-88.03028,41.72672],[-88.03013,41.72215],[-88.02999,41.71798],[-88.02986,41.71435],[-88.02984,41.7137],[-88.02966,41.7075],[-88.02964,41.70671],[-88.02959,41.70505],[-88.02958,41.70487],[-88.02947,41.70131],[-88.02942,41.69966],[-88.02915,41.69103],[-88.02897,41.68524],[-88.02868,41.67443],[-88.02864,41.67255],[-88.02856,41.67029],[-88.02856,41.6701],[-88.02856,41.66992],[-88.02851,41.66852],[-88.02849,41.66745],[-88.02842,41.66495],[-88.02835,41.66353],[-88.02814,41.65617],[-88.02814,41.6561],[-88.02813,41.65598],[-88.02811,41.65515],[-88.028,41.65152],[-88.028,41.65145],[-88.02793,41.64877],[-88.02781,41.64515],[-88.02769,41.64151],[-88.01859,41.64167],[-88.01848,41.64167],[-88.00695,41.64188],[-88.00527,41.64191],[-88.0026,41.64195],[-87.99923,41.64202],[-87.97982,41.64255],[-87.96277,41.64283],[-87.95907,41.64291],[-87.95078,41.6431],[-87.95083,41.64254],[-87.94659,41.64262],[-87.94804,41.63951],[-87.94669,41.63953],[-87.94658,41.63697],[-87.94457,41.63699],[-87.9444,41.62881],[-87.93597,41.629],[-87.93435,41.62903],[-87.93106,41.6291],[-87.92129,41.62925],[-87.92092,41.62926],[-87.91154,41.62941],[-87.90144,41.6296],[-87.90011,41.63181],[-87.8982,41.63273],[-87.89803,41.63692],[-87.89262,41.63703],[-87.89268,41.64078],[-87.89266,41.64126],[-87.89262,41.64427],[-87.89275,41.64777],[-87.89278,41.64909],[-87.8929,41.65363],[-87.89333,41.66611],[-87.90296,41.66592],[-87.90854,41.66581],[-87.91259,41.66575],[-87.91295,41.67304],[-87.91307,41.67738],[-87.91346,41.6875],[-87.91436,41.71161],[-87.91429,41.71405],[-87.91426,41.7166],[-87.90923,41.71928],[-87.89374,41.72688],[-87.89119,41.72835],[-87.88836,41.73077],[-87.88652,41.73163],[-87.88387,41.73163],[-87.88085,41.73173],[-87.87716,41.73199],[-87.87648,41.73186],[-87.85999,41.73231],[-87.85749,41.73236],[-87.85695,41.73237],[-87.85248,41.73247],[-87.85185,41.71787],[-87.84699,41.71796],[-87.84684,41.71796],[-87.83725,41.7182],[-87.83751,41.72508],[-87.83752,41.72546],[-87.83799,41.73277],[-87.83815,41.73273],[-87.83815,41.73463],[-87.8382,41.7365],[-87.83847,41.74454],[-87.83851,41.74569],[-87.8386,41.74732],[-87.84016,41.74838],[-87.84065,41.74872],[-87.84379,41.74731],[-87.84746,41.74718],[-87.84785,41.75443],[-87.8488,41.75443],[-87.849,41.75842],[-87.8483,41.75917],[-87.84836,41.76164],[-87.84848,41.76624],[-87.85006,41.76481],[-87.85191,41.76395],[-87.85261,41.76397],[-87.85656,41.76339],[-87.86754,41.76165],[-87.86754,41.76188],[-87.87294,41.76118],[-87.87733,41.76095],[-87.88193,41.76085],[-87.88203,41.76378],[-87.88527,41.76372],[-87.88707,41.76465],[-87.88729,41.76998],[-87.88737,41.77194],[-87.88738,41.77244],[-87.8877,41.77977],[-87.88774,41.78082],[-87.88786,41.78367],[-87.89061,41.78279],[-87.89076,41.78617],[-87.89571,41.78685],[-87.89752,41.78837],[-87.89761,41.78981],[-87.89775,41.78981],[-87.89792,41.79348],[-87.89827,41.80033],[-87.89845,41.80443],[-87.89867,41.80988],[-87.89877,41.81242],[-87.89889,41.81535],[-87.89905,41.819],[-87.90444,41.81876],[-87.90424,41.81505],[-87.90372,41.81231],[-87.90371,41.81084],[-87.90434,41.80838],[-87.90636,41.80793],[-87.91178,41.80672],[-87.91202,41.80667],[-87.91767,41.8054],[-87.91768,41.80557],[-87.92571,41.80371],[-87.92723,41.80307],[-87.92675,41.79103],[-87.93003,41.7907],[-87.93189,41.79093],[-87.93182,41.78912],[-87.93635,41.78902],[-87.9363,41.78775],[-87.93607,41.78174],[-87.93603,41.7808],[-87.9359,41.77764],[-87.93586,41.77645],[-87.93578,41.77444],[-87.93668,41.77452],[-87.94101,41.77434],[-87.94399,41.77426],[-87.94665,41.77417],[-87.94893,41.77421],[-87.95169,41.77415],[-87.95516,41.77408],[-87.95494,41.76861],[-87.95508,41.76811],[-87.95491,41.7668],[-87.95491,41.76677],[-87.96641,41.76655],[-87.96767,41.76643],[-87.96916,41.7665],[-87.97433,41.76639],[-87.97433,41.76649],[-87.97444,41.77002],[-87.97453,41.77366],[-87.98425,41.77347],[-87.98906,41.77338],[-87.99395,41.77329],[-87.99395,41.77332],[-87.99418,41.78056],[-87.99428,41.78418],[-87.98705,41.78434],[-87.98716,41.78796],[-87.98479,41.78802],[-87.98501,41.79564],[-87.98668,41.79584],[-87.98682,41.79935],[-87.98684,41.79985],[-87.98701,41.80442],[-87.98707,41.80591],[-87.98718,41.80883],[-87.98719,41.8097],[-87.9872,41.80981],[-87.99019,41.80973],[-87.99045,41.80968],[-88.00224,41.80927],[-88.01108,41.80881],[-88.01827,41.80813]]]},"properties":{"district":41}},{"type":"Feature","geometry":{"type":"Polygon","coordinates":[[[-87.96932,42.26965],[-87.974,42.26966],[-87.98388,42.26967],[-87.98383,42.27329],[-87.9884,42.27332],[-87.98901,42.27101],[-87.98969,42.27074],[-87.98974,42.27191],[-87.99076,42.27298],[-87.99611,42.2702],[-87.9972,42.27238],[-88.00404,42.27374],[-88.00894,42.27442],[-88.01886,42.27523],[-88.01884,42.26978],[-88.01882,42.26435],[-88.01877,42.2589],[-88.01888,42.25634],[-88.01971,42.2552],[-88.01978,42.25514],[-88.02041,42.25472],[-88.01976,42.25386],[-88.01876,42.25244],[-88.01584,42.24855],[-88.01418,42.24699],[-88.01373,42.24665],[-88.012,42.24555],[-88.00615,42.24253],[-88.00428,42.2428],[-88.00418,42.24153],[-88.00249,42.24069],[-87.99871,42.23875],[-87.99416,42.23639],[-87.99415,42.23348],[-87.99236,42.2335],[-87.9914,42.23349],[-87.98922,42.23348],[-87.98924,42.22441],[-87.98925,42.22017],[-87.98925,42.21896],[-87.98381,42.21896],[-87.97957,42.21897],[-87.97464,42.21899],[-87.97468,42.21173],[-87.96497,42.21175],[-87.96498,42.21033],[-87.96501,42.20448],[-87.97363,42.20448],[-87.97476,42.20442],[-87.97625,42.19886],[-87.9743,42.1972],[-87.97328,42.1972],[-87.97336,42.19054],[-87.97232,42.1883],[-87.97565,42.19054],[-87.97805,42.19056],[-87.97808,42.18769],[-87.97737,42.18769],[-87.97724,42.1859],[-87.97496,42.1827],[-87.97605,42.1827],[-87.975,42.18132],[-87.97502,42.17904],[-87.98476,42.17907],[-87.98476,42.17696],[-87.98479,42.17545],[-87.98912,42.17545],[-87.99197,42.17546],[-87.99147,42.17346],[-87.99323,42.17267],[-87.99368,42.16818],[-87.98483,42.16818],[-87.98488,42.16059],[-87.98499,42.15363],[-87.98157,42.15362],[-87.97996,42.15362],[-87.96895,42.15359],[-87.96659,42.15358],[-87.96535,42.15358],[-87.96209,42.15355],[-87.96197,42.15355],[-87.95876,42.15351],[-87.9569,42.1535],[-87.95534,42.15348],[-87.95161,42.15346],[-87.94865,42.15318],[-87.94376,42.15316],[-87.93686,42.1531],[-87.93641,42.1531],[-87.93641,42.15263],[-87.93652,42.14537],[-87.93653,42.14404],[-87.93659,42.14221],[-87.93666,42.13919],[-87.9323,42.13926],[-87.92842,42.13931],[-87.92481,42.13112],[-87.92451,42.13133],[-87.91393,42.13114],[-87.91243,42.13146],[-87.91081,42.1314],[-87.90537,42.13143],[-87.90137,42.13138],[-87.90322,42.13459],[-87.90741,42.13907],[-87.9078,42.13975],[-87.91328,42.15017],[-87.91486,42.15316],[-87.91495,42.15336],[-87.91848,42.15985],[-87.91902,42.16077],[-87.91948,42.16154],[-87.91962,42.16178],[-87.92014,42.16268],[-87.9202,42.16283],[-87.92031,42.16309],[-87.92127,42.16605],[-87.92129,42.16613],[-87.92176,42.16771],[-87.92281,42.17126],[-87.92298,42.17183],[-87.92437,42.17636],[-87.92485,42.17783],[-87.92588,42.18083],[-87.92516,42.18131],[-87.92061,42.18204],[-87.92057,42.18421],[-87.91977,42.1859],[-87.91795,42.18524],[-87.91794,42.18525],[-87.91785,42.18522],[-87.91786,42.1852],[-87.91788,42.18518],[-87.91793,42.18509],[-87.91796,42.18505],[-87.91745,42.18489],[-87.91585,42.1845],[-87.9133,42.18564],[-87.91362,42.18711],[-87.90843,42.187],[-87.90641,42.18585],[-87.90637,42.18929],[-87.90628,42.19404],[-87.90628,42.19406],[-87.90878,42.19337],[-87.91482,42.19605],[-87.91597,42.20049],[-87.91596,42.20059],[-87.91592,42.2026],[-87.91592,42.20266],[-87.91586,42.20569],[-87.91586,42.20573],[-87.91582,42.20755],[-87.91581,42.20817],[-87.91701,42.20817],[-87.91557,42.21121],[-87.91821,42.21132],[-87.9183,42.21033],[-87.92077,42.21038],[-87.92083,42.21374],[-87.92209,42.21378],[-87.92204,42.21559],[-87.92554,42.21571],[-87.92547,42.22111],[-87.92546,42.22236],[-87.92543,42.22648],[-87.92525,42.24026],[-87.92515,42.24769],[-87.92513,42.24933],[-87.92509,42.2506],[-87.9251,42.2511],[-87.92505,42.25473],[-87.92497,42.26195],[-87.90546,42.2619],[-87.90545,42.26336],[-87.90466,42.2632],[-87.91157,42.27227],[-87.90952,42.27364],[-87.90534,42.27549],[-87.9053,42.27865],[-87.90529,42.28002],[-87.89692,42.28001],[-87.88564,42.27983],[-87.88561,42.28063],[-87.88565,42.28317],[-87.88565,42.28334],[-87.88565,42.28356],[-87.88563,42.28614],[-87.88617,42.28625],[-87.88657,42.28644],[-87.88669,42.28653],[-87.88634,42.28662],[-87.88563,42.28698],[-87.88566,42.28912],[-87.88707,42.29081],[-87.88688,42.29081],[-87.88571,42.29083],[-87.88567,42.29108],[-87.88555,42.29431],[-87.88537,42.29813],[-87.88548,42.2997],[-87.8854,42.30753],[-87.88527,42.30886],[-87.87763,42.30871],[-87.87701,42.30871],[-87.87635,42.30871],[-87.87552,42.30871],[-87.86254,42.30859],[-87.8576,42.30822],[-87.8549,42.30836],[-87.85473,42.3087],[-87.85248,42.30882],[-87.85245,42.31543],[-87.8522,42.31705],[-87.85252,42.31937],[-87.84661,42.31933],[-87.84216,42.31928],[-87.84164,42.31928],[-87.83299,42.31923],[-87.83299,42.32073],[-87.83503,42.3222],[-87.83147,42.32149],[-87.83177,42.32393],[-87.83193,42.32694],[-87.832,42.32835],[-87.83082,42.33133],[-87.8272,42.33743],[-87.82691,42.34123],[-87.82673,42.34365],[-87.82645,42.34732],[-87.82583,42.35549],[-87.82401,42.35691],[-87.82401,42.35701],[-87.82401,42.35705],[-87.82395,42.35982],[-87.82395,42.35987],[-87.82392,42.36149],[-87.82386,42.36186],[-87.82352,42.36418],[-87.82302,42.36449],[-87.8222,42.36452],[-87.82176,42.36433],[-87.82178,42.36263],[-87.82069,42.36151],[-87.8168,42.36159],[-87.81591,42.3642],[-87.81563,42.36673],[-87.81501,42.36936],[-87.81228,42.37419],[-87.80997,42.3774],[-87.80745,42.38256],[-87.80581,42.38366],[-87.80548,42.38456],[-87.80326,42.39048],[-87.80329,42.39188],[-87.80368,42.41379],[-87.82069,42.41382],[-87.82084,42.4138],[-87.82207,42.39912],[-87.82845,42.39916],[-87.8306,42.39917],[-87.84266,42.39915],[-87.84272,42.39565],[-87.84486,42.39565],[-87.8491,42.39566],[-87.85036,42.39566],[-87.85036,42.39384],[-87.85039,42.39195],[-87.85525,42.39197],[-87.86509,42.392],[-87.86501,42.39609],[-87.86887,42.39611],[-87.86987,42.39655],[-87.87232,42.39656],[-87.87234,42.39564],[-87.87479,42.39568],[-87.87485,42.39206],[-87.88459,42.39212],[-87.89454,42.39248],[-87.89877,42.39257],[-87.89875,42.39621],[-87.89871,42.40476],[-87.89867,42.41406],[-87.89857,42.42859],[-87.89849,42.4432],[-87.90097,42.44316],[-87.9038,42.44324],[-87.90876,42.44326],[-87.91361,42.44328],[-87.92342,42.44335],[-87.92804,42.44338],[-87.92824,42.43245],[-87.92853,42.43245],[-87.92864,42.42884],[-87.92887,42.41541],[-87.92873,42.41434],[-87.92775,42.4111],[-87.927,42.40967],[-87.9237,42.4039],[-87.92129,42.39967],[-87.91945,42.39645],[-87.91875,42.39522],[-87.9139,42.3858],[-87.91711,42.38584],[-87.92098,42.38586],[-87.92074,42.38555],[-87.92097,42.38556],[-87.9212,42.38586],[-87.92408,42.38588],[-87.92408,42.38558],[-87.92898,42.3856],[-87.92897,42.3859],[-87.94151,42.38613],[-87.9415,42.38607],[-87.94904,42.38569],[-87.94847,42.38352],[-87.94732,42.38096],[-87.94715,42.38063],[-87.94078,42.36766],[-87.94039,42.36765],[-87.93844,42.36383],[-87.9389,42.36383],[-87.93716,42.36074],[-87.93786,42.36075],[-87.93787,42.35657],[-87.93576,42.35646],[-87.93903,42.35194],[-87.94308,42.34641],[-87.94521,42.34338],[-87.94362,42.34353],[-87.93877,42.34395],[-87.92924,42.34477],[-87.92336,42.34527],[-87.92306,42.3453],[-87.92125,42.34545],[-87.91452,42.346],[-87.91454,42.34617],[-87.91328,42.34625],[-87.91014,42.34654],[-87.90923,42.34652],[-87.90626,42.34681],[-87.9055,42.33829],[-87.90406,42.32733],[-87.90784,42.32732],[-87.90718,42.32533],[-87.90627,42.32003],[-87.90489,42.31158],[-87.9059,42.31167],[-87.90944,42.31146],[-87.91477,42.30941],[-87.91991,42.30643],[-87.92086,42.30601],[-87.92106,42.30408],[-87.92193,42.30181],[-87.92472,42.29476],[-87.92492,42.29093],[-87.92771,42.29093],[-87.93478,42.29111],[-87.93352,42.28873],[-87.93765,42.28884],[-87.93674,42.28703],[-87.93682,42.28645],[-87.93707,42.28606],[-87.93739,42.28579],[-87.93743,42.28564],[-87.93744,42.28545],[-87.93721,42.28526],[-87.9367,42.28515],[-87.93629,42.28513],[-87.93595,42.28524],[-87.93572,42.28523],[-87.93545,42.28506],[-87.93551,42.28468],[-87.93574,42.28436],[-87.93617,42.28442],[-87.93575,42.2843],[-87.93565,42.28383],[-87.9354,42.28358],[-87.93505,42.28342],[-87.93439,42.28329],[-87.93391,42.28299],[-87.93378,42.28286],[-87.93354,42.2823],[-87.93415,42.28107],[-87.93589,42.27878],[-87.93625,42.27842],[-87.93632,42.27835],[-87.93631,42.27828],[-87.93649,42.27818],[-87.93666,42.27806],[-87.9369,42.27792],[-87.93678,42.27785],[-87.93714,42.27767],[-87.93768,42.27748],[-87.93842,42.27725],[-87.93867,42.27721],[-87.93927,42.27632],[-87.93974,42.27173],[-87.93911,42.27018],[-87.939,42.26953],[-87.93883,42.26918],[-87.94088,42.26914],[-87.94331,42.26901],[-87.9505,42.26953],[-87.95043,42.26924],[-87.9492,42.26366],[-87.95475,42.26469],[-87.95719,42.26385],[-87.96131,42.26436],[-87.96102,42.26596],[-87.96243,42.26695],[-87.96587,42.26709],[-87.96589,42.26965],[-87.96842,42.26932],[-87.96908,42.26932],[-87.96932,42.26965]]]},"properties":{"district":30}},{"type":"Feature","geometry":{"type":"Polygon","coordinates":[[[-89.64977,40.82005],[-89.64974,40.81271],[-89.65822,40.81278],[-89.66844,40.81285],[-89.66931,40.81283],[-89.66934,40.80812],[-89.66934,40.80768],[-89.66938,40.80548],[-89.66938,40.80467],[-89.66941,40.80189],[-89.66946,40.79824],[-89.66948,40.79489],[-89.66954,40.79104],[-89.66966,40.78343],[-89.66977,40.77513],[-89.66979,40.77494],[-89.67417,40.77616],[-89.67714,40.77705],[-89.67908,40.77762],[-89.6793,40.77769],[-89.68455,40.77924],[-89.68909,40.78006],[-89.68916,40.77671],[-89.68924,40.77193],[-89.68927,40.76953],[-89.68924,40.76454],[-89.6892,40.7628],[-89.68891,40.76154],[-89.68855,40.76017],[-89.68857,40.75844],[-89.68867,40.75589],[-89.68308,40.75476],[-89.67797,40.75463],[-89.67477,40.75457],[-89.67477,40.75444],[-89.67481,40.74441],[-89.6678,40.74242],[-89.6677,40.74507],[-89.67134,40.75184],[-89.67138,40.7545],[-89.67107,40.75449],[-89.67001,40.75447],[-89.6635,40.75436],[-89.66276,40.75435],[-89.66047,40.75433],[-89.66018,40.75433],[-89.6589,40.75422],[-89.65653,40.75431],[-89.65246,40.75426],[-89.65071,40.75328],[-89.65152,40.75021],[-89.64933,40.74851],[-89.65094,40.74712],[-89.65052,40.74704],[-89.65023,40.74715],[-89.65022,40.74706],[-89.64996,40.74487],[-89.65108,40.7435],[-89.65235,40.74339],[-89.65303,40.74224],[-89.65359,40.74079],[-89.65179,40.74034],[-89.65035,40.73962],[-89.65037,40.73812],[-89.65455,40.73795],[-89.65455,40.73741],[-89.65493,40.73748],[-89.65497,40.73699],[-89.65508,40.73652],[-89.6556,40.73523],[-89.65576,40.73473],[-89.65593,40.7337],[-89.65554,40.7336],[-89.65579,40.73179],[-89.65537,40.73151],[-89.6558,40.73142],[-89.65627,40.72874],[-89.65138,40.7288],[-89.65141,40.71796],[-89.64502,40.71803],[-89.64195,40.71806],[-89.64175,40.71807],[-89.64178,40.71574],[-89.64184,40.71069],[-89.64631,40.71089],[-89.64857,40.71072],[-89.65749,40.71094],[-89.65656,40.70566],[-89.65469,40.70091],[-89.65366,40.6994],[-89.65042,40.69143],[-89.65097,40.68993],[-89.654,40.68849],[-89.65499,40.68723],[-89.65506,40.68664],[-89.65517,40.68524],[-89.65549,40.68398],[-89.65558,40.68317],[-89.65572,40.68237],[-89.65581,40.68214],[-89.65643,40.68217],[-89.65691,40.68213],[-89.65725,40.68203],[-89.65737,40.68185],[-89.65832,40.68108],[-89.65844,40.68095],[-89.659,40.68042],[-89.65937,40.68015],[-89.66153,40.67974],[-89.66591,40.67932],[-89.66727,40.68124],[-89.67091,40.68138],[-89.67092,40.68086],[-89.67116,40.68087],[-89.67119,40.6805],[-89.67311,40.68036],[-89.67544,40.68043],[-89.67565,40.68044],[-89.67555,40.67409],[-89.67642,40.6741],[-89.68034,40.67423],[-89.68383,40.6738],[-89.68963,40.67416],[-89.69789,40.67404],[-89.70394,40.67423],[-89.7039,40.66943],[-89.70396,40.66701],[-89.6995,40.66701],[-89.69948,40.66536],[-89.70239,40.66091],[-89.70305,40.6568],[-89.70194,40.65686],[-89.70083,40.65746],[-89.701,40.6567],[-89.69932,40.65664],[-89.69935,40.65588],[-89.69962,40.65573],[-89.69903,40.65241],[-89.70052,40.65243],[-89.70381,40.65225],[-89.70511,40.65217],[-89.70469,40.64533],[-89.70552,40.64534],[-89.70867,40.64542],[-89.7135,40.64553],[-89.71347,40.6383],[-89.71962,40.63785],[-89.71829,40.63532],[-89.71825,40.63214],[-89.71747,40.63213],[-89.7174,40.62393],[-89.71522,40.62393],[-89.69936,40.62374],[-89.69498,40.62366],[-89.69332,40.6236],[-89.69314,40.62362],[-89.6926,40.6236],[-89.68906,40.62354],[-89.68046,40.62348],[-89.67095,40.62347],[-89.66142,40.62344],[-89.65551,40.62341],[-89.64237,40.62343],[-89.63721,40.62334],[-89.63592,40.62313],[-89.62874,40.62869],[-89.6247,40.6336],[-89.62419,40.63408],[-89.62268,40.63495],[-89.62158,40.63402],[-89.62138,40.63423],[-89.60809,40.65133],[-89.60808,40.65071],[-89.5987,40.65581],[-89.59781,40.65487],[-89.59767,40.65597],[-89.58923,40.66059],[-89.58893,40.66058],[-89.58872,40.66058],[-89.5792,40.66052],[-89.57799,40.66052],[-89.57393,40.66049],[-89.56663,40.66049],[-89.55717,40.66016],[-89.55553,40.65982],[-89.55545,40.65981],[-89.55405,40.65969],[-89.55107,40.65974],[-89.5505,40.65981],[-89.54946,40.65991],[-89.54653,40.65983],[-89.54583,40.65981],[-89.54499,40.65979],[-89.54188,40.65975],[-89.54137,40.65976],[-89.54133,40.65976],[-89.54109,40.65976],[-89.5395,40.65984],[-89.53571,40.66012],[-89.53442,40.66009],[-89.53169,40.66015],[-89.5289,40.66014],[-89.52764,40.66013],[-89.51565,40.66006],[-89.51364,40.66008],[-89.51272,40.66009],[-89.50963,40.66014],[-89.50255,40.66025],[-89.50185,40.66023],[-89.5014,40.66022],[-89.50114,40.66002],[-89.50029,40.65938],[-89.49946,40.65893],[-89.49744,40.65813],[-89.49277,40.657],[-89.4899,40.65565],[-89.48828,40.65381],[-89.48607,40.65178],[-89.4834,40.65048],[-89.47998,40.64961],[-89.47777,40.64937],[-89.47499,40.64953],[-89.47108,40.65066],[-89.46913,40.65088],[-89.46294,40.6493],[-89.45989,40.64735],[-89.45875,40.64666],[-89.45542,40.64523],[-89.45261,40.6438],[-89.4504,40.64187],[-89.45027,40.64099],[-89.45045,40.63841],[-89.4504,40.63488],[-89.45033,40.62182],[-89.45048,40.62129],[-89.4454,40.62103],[-89.44513,40.62102],[-89.44099,40.62086],[-89.43925,40.62087],[-89.40337,40.62208],[-89.38459,40.6223],[-89.38058,40.62234],[-89.33978,40.62282],[-89.3286,40.62262],[-89.32754,40.62256],[-89.30441,40.62177],[-89.3021,40.62176],[-89.28923,40.62228],[-89.28621,40.6224],[-89.27891,40.62272],[-89.27625,40.62273],[-89.27481,40.62259],[-89.27204,40.622],[-89.24829,40.61436],[-89.23743,40.61151],[-89.23116,40.61032],[-89.22397,40.60983],[-89.20301,40.61003],[-89.19827,40.61005],[-89.19285,40.60965],[-89.18879,40.60898],[-89.18878,40.61051],[-89.16465,40.5999],[-89.16466,40.59952],[-89.15945,40.59632],[-89.15513,40.59364],[-89.14934,40.58994],[-89.1474,40.58821],[-89.14306,40.58365],[-89.14071,40.58153],[-89.13126,40.57492],[-89.11185,40.56136],[-89.10556,40.55696],[-89.10213,40.55478],[-89.09898,40.55301],[-89.07996,40.54233],[-89.07626,40.5409],[-89.0722,40.54038],[-89.06182,40.53183],[-89.06049,40.53183],[-89.06026,40.52407],[-89.06008,40.52114],[-89.05991,40.5202],[-89.0596,40.50984],[-89.05939,40.50237],[-89.05915,40.49667],[-89.0591,40.495],[-89.05926,40.495],[-89.05898,40.48767],[-89.05884,40.48767],[-89.05086,40.48763],[-89.04907,40.48758],[-89.04798,40.48753],[-89.04486,40.48735],[-89.04059,40.4868],[-89.02866,40.48488],[-89.02868,40.4812],[-89.02877,40.48022],[-89.0306,40.47252],[-89.03138,40.46848],[-89.03116,40.4663],[-89.0306,40.46456],[-89.0275,40.45874],[-89.02365,40.45882],[-89.02048,40.45889],[-89.01982,40.45889],[-89.01566,40.45889],[-89.00778,40.45894],[-89.006,40.45893],[-89.006,40.45817],[-89.006,40.45794],[-89.00322,40.45881],[-89.00248,40.45893],[-88.99298,40.45913],[-88.99282,40.45913],[-88.98364,40.45937],[-88.98155,40.45943],[-88.97997,40.45947],[-88.97991,40.45947],[-88.97666,40.45953],[-88.97165,40.45965],[-88.97057,40.45967],[-88.96661,40.45997],[-88.96249,40.46103],[-88.96247,40.4612],[-88.95773,40.46375],[-88.95516,40.46631],[-88.95335,40.46942],[-88.95262,40.47359],[-88.95244,40.47357],[-88.95257,40.47998],[-88.94978,40.47991],[-88.94312,40.47996],[-88.94313,40.48073],[-88.92706,40.48064],[-88.92367,40.48064],[-88.92355,40.47366],[-88.92356,40.47326],[-88.92259,40.47267],[-88.9219,40.47268],[-88.90907,40.47288],[-88.9062,40.4729],[-88.90274,40.47293],[-88.90214,40.47294],[-88.90222,40.47406],[-88.90248,40.48676],[-88.90253,40.48812],[-88.91315,40.48829],[-88.9239,40.48844],[-88.93358,40.48847],[-88.93365,40.49576],[-88.93625,40.49577],[-88.93819,40.49615],[-88.93894,40.49617],[-88.94269,40.49615],[-88.94791,40.49629],[-88.95291,40.49669],[-88.95304,40.50271],[-88.9531,40.50523],[-88.9532,40.51034],[-88.9532,40.51044],[-88.95308,40.51518],[-88.95167,40.52946],[-88.95163,40.5298],[-88.9537,40.52846],[-88.95799,40.52568],[-88.95882,40.52531],[-88.95992,40.5251],[-88.96303,40.52507],[-88.96308,40.52683],[-88.9632,40.53199],[-88.96578,40.53196],[-88.97737,40.5318],[-88.97739,40.5318],[-88.98045,40.53174],[-88.98325,40.53167],[-88.98328,40.53273],[-88.98329,40.53278],[-88.9833,40.53304],[-88.98344,40.53729],[-88.98349,40.5385],[-88.9835,40.53874],[-88.9962,40.53915],[-89.00302,40.53922],[-89.0029,40.54004],[-89.00283,40.54491],[-89.0028,40.54659],[-89.00221,40.55464],[-89.00263,40.57634],[-89.00264,40.59224],[-89.00243,40.59455],[-88.99889,40.60642],[-88.99913,40.61008],[-89.00255,40.61763],[-89.00305,40.61923],[-89.00319,40.62036],[-89.00371,40.63568],[-89.00422,40.64346],[-89.00438,40.65031],[-89.00497,40.66137],[-89.00555,40.66336],[-89.00612,40.66452],[-89.00888,40.66773],[-89.01237,40.66999],[-89.02448,40.67565],[-89.02596,40.67659],[-89.02792,40.6787],[-89.02895,40.68197],[-89.02957,40.70805],[-89.03021,40.71043],[-89.03291,40.71383],[-89.0342,40.71731],[-89.03451,40.73313],[-89.03459,40.73686],[-89.04194,40.73668],[-89.04293,40.73669],[-89.04421,40.73664],[-89.06329,40.73623],[-89.06332,40.73623],[-89.07834,40.736],[-89.13238,40.73516],[-89.13463,40.73512],[-89.15578,40.73495],[-89.15722,40.73526],[-89.1573,40.73528],[-89.15959,40.73565],[-89.17644,40.73554],[-89.2582,40.72517],[-89.25971,40.72486],[-89.26131,40.72425],[-89.26311,40.72305],[-89.26308,40.72001],[-89.26301,40.71642],[-89.25885,40.71641],[-89.25881,40.71335],[-89.25924,40.71324],[-89.26045,40.7116],[-89.26039,40.70758],[-89.2639,40.70753],[-89.26492,40.70494],[-89.2676,40.70492],[-89.26766,40.70492],[-89.26756,40.69933],[-89.26947,40.6985],[-89.27247,40.69845],[-89.27244,40.69751],[-89.28389,40.69753],[-89.28394,40.70165],[-89.29224,40.70144],[-89.29226,40.70441],[-89.29172,40.70551],[-89.29311,40.70481],[-89.32988,40.7045],[-89.38736,40.70421],[-89.39234,40.70443],[-89.39245,40.70443],[-89.39735,40.70358],[-89.40697,40.70338],[-89.41149,40.70333],[-89.41616,40.7003],[-89.41861,40.69872],[-89.42049,40.69751],[-89.42459,40.69486],[-89.4257,40.69414],[-89.4316,40.69014],[-89.43125,40.68974],[-89.43249,40.68974],[-89.43524,40.68803],[-89.43728,40.68724],[-89.43866,40.68691],[-89.44107,40.68667],[-89.4453,40.68631],[-89.45484,40.68551],[-89.4596,40.68511],[-89.46091,40.68511],[-89.46261,40.68536],[-89.46354,40.68563],[-89.46471,40.6861],[-89.46605,40.68663],[-89.46813,40.68694],[-89.46846,40.68707],[-89.46942,40.68977],[-89.47407,40.68979],[-89.47398,40.69032],[-89.47407,40.69492],[-89.48293,40.69312],[-89.48362,40.69299],[-89.49221,40.69159],[-89.50058,40.69042],[-89.50192,40.69002],[-89.50282,40.68956],[-89.50284,40.69664],[-89.51353,40.6966],[-89.51286,40.69771],[-89.51772,40.69746],[-89.51776,40.69875],[-89.52178,40.6987],[-89.52185,40.70379],[-89.52156,40.70427],[-89.52046,40.70387],[-89.50762,40.70387],[-89.50768,40.71508],[-89.52501,40.71485],[-89.5291,40.71508],[-89.53301,40.71592],[-89.53995,40.71812],[-89.54706,40.72042],[-89.54641,40.72299],[-89.54661,40.72432],[-89.54888,40.72759],[-89.54957,40.72997],[-89.54946,40.73569],[-89.55026,40.73905],[-89.55166,40.74359],[-89.55343,40.74764],[-89.55521,40.75126],[-89.55597,40.75335],[-89.55659,40.76024],[-89.55893,40.75947],[-89.56429,40.75724],[-89.56483,40.75808],[-89.56633,40.75766],[-89.56647,40.75831],[-89.56903,40.76056],[-89.57237,40.7606],[-89.57236,40.75785],[-89.57475,40.75788],[-89.57475,40.75948],[-89.57661,40.7595],[-89.57658,40.76066],[-89.58292,40.76071],[-89.58285,40.7753],[-89.58329,40.7753],[-89.60144,40.77601],[-89.6026,40.77541],[-89.60261,40.77264],[-89.60261,40.77093],[-89.60208,40.76857],[-89.60262,40.76839],[-89.60374,40.76862],[-89.61457,40.76881],[-89.61591,40.7715],[-89.61649,40.77215],[-89.61461,40.77416],[-89.611,40.77554],[-89.6114,40.77734],[-89.61181,40.77883],[-89.61387,40.77978],[-89.62153,40.77981],[-89.62154,40.7772],[-89.62128,40.7762],[-89.62348,40.77626],[-89.62484,40.7764],[-89.62687,40.77625],[-89.63114,40.77631],[-89.63111,40.78383],[-89.63111,40.78459],[-89.63111,40.78586],[-89.63109,40.78849],[-89.63108,40.78962],[-89.63107,40.79067],[-89.63101,40.79781],[-89.63097,40.80173],[-89.63095,40.80388],[-89.63094,40.80485],[-89.63094,40.80559],[-89.63094,40.80569],[-89.63092,40.80731],[-89.63099,40.8131],[-89.63089,40.82048],[-89.63316,40.82049],[-89.63991,40.82113],[-89.64196,40.82113],[-89.64556,40.82014],[-89.64586,40.81998],[-89.64977,40.82005]]]},"properties":{"district":46}},{"type":"Feature","geometry":{"type":"Polygon","coordinates":[[[-88.96484,42.30454],[-88.96478,42.31018],[-88.96469,42.31906],[-88.96442,42.31905],[-88.96434,42.32641],[-88.96443,42.34358],[-88.96772,42.34287],[-88.96903,42.3425],[-88.97053,42.34184],[-88.97119,42.34159],[-88.97186,42.34133],[-88.97217,42.34124],[-88.97269,42.3411],[-88.97321,42.34099],[-88.97353,42.34094],[-88.97411,42.34089],[-88.97545,42.34086],[-88.97962,42.34082],[-88.98119,42.3408],[-88.98302,42.34077],[-88.98491,42.34074],[-88.98712,42.34068],[-88.99132,42.34011],[-88.99585,42.33947],[-88.99691,42.33942],[-89.00592,42.34035],[-89.00846,42.34038],[-89.01774,42.34024],[-89.0288,42.34007],[-89.0288,42.33994],[-89.0316,42.33986],[-89.03582,42.3398],[-89.03912,42.33976],[-89.04635,42.33964],[-89.04687,42.33963],[-89.04625,42.33437],[-89.04617,42.3307],[-89.05924,42.33039],[-89.06006,42.32806],[-89.06108,42.32705],[-89.06159,42.32667],[-89.06518,42.32488],[-89.07113,42.32473],[-89.07757,42.32475],[-89.07729,42.32039],[-89.08011,42.31794],[-89.08058,42.31583],[-89.08708,42.31576],[-89.09304,42.3157],[-89.09693,42.31566],[-89.09701,42.32163],[-89.09705,42.32468],[-89.10543,42.32459],[-89.11633,42.32449],[-89.11652,42.32453],[-89.15528,42.3244],[-89.16591,42.32432],[-89.16671,42.32435],[-89.16828,42.32431],[-89.17021,42.32432],[-89.17086,42.32434],[-89.17393,42.32442],[-89.17391,42.32199],[-89.17389,42.32007],[-89.17384,42.31464],[-89.17383,42.3135],[-89.17381,42.31101],[-89.17381,42.31087],[-89.17379,42.30869],[-89.17377,42.30664],[-89.17374,42.30239],[-89.17373,42.30122],[-89.1737,42.29801],[-89.17365,42.29299],[-89.17365,42.29145],[-89.17363,42.28875],[-89.17362,42.288],[-89.17361,42.2863],[-89.17357,42.2804],[-89.17342,42.27941],[-89.17291,42.27938],[-89.17361,42.27081],[-89.17361,42.26643],[-89.17361,42.26626],[-89.17235,42.26603],[-89.16301,42.26552],[-89.15864,42.26447],[-89.15362,42.26211],[-89.14936,42.25843],[-89.14854,42.25735],[-89.15516,42.25694],[-89.15515,42.2445],[-89.14885,42.24455],[-89.14454,42.24449],[-89.14376,42.24361],[-89.14307,42.24396],[-89.14033,42.2428],[-89.13984,42.24237],[-89.13495,42.23438],[-89.13499,42.23392],[-89.13474,42.23401],[-89.13197,42.22978],[-89.12583,42.22461],[-89.13054,42.21958],[-89.13072,42.21938],[-89.13812,42.21146],[-89.13984,42.2085],[-89.16742,42.20836],[-89.173,42.2084],[-89.173,42.20424],[-89.17292,42.18272],[-89.1725,42.18106],[-89.16726,42.17931],[-89.16201,42.1788],[-89.1577,42.18039],[-89.15299,42.18288],[-89.14456,42.18592],[-89.13785,42.18807],[-89.13329,42.18697],[-89.13087,42.18504],[-89.12936,42.18085],[-89.12837,42.18023],[-89.1267,42.17811],[-89.12263,42.17839],[-89.12152,42.17914],[-89.11887,42.17897],[-89.11568,42.17963],[-89.11566,42.17598],[-89.11085,42.17602],[-89.11076,42.17237],[-89.101,42.17243],[-89.10098,42.16879],[-89.09598,42.16836],[-89.09125,42.16789],[-89.09126,42.16879],[-89.08757,42.16832],[-89.08723,42.16822],[-89.08664,42.16804],[-89.07851,42.16792],[-89.07709,42.16855],[-89.07672,42.16808],[-89.07549,42.16741],[-89.07407,42.16712],[-89.06822,42.16541],[-89.06693,42.16534],[-89.06701,42.17265],[-89.05722,42.17269],[-89.05673,42.1727],[-89.05236,42.17277],[-89.04748,42.17283],[-89.04503,42.17287],[-89.04261,42.1729],[-89.03282,42.17303],[-89.02858,42.17309],[-89.02611,42.17312],[-89.02392,42.17315],[-89.02389,42.17128],[-89.02342,42.16588],[-89.02325,42.15141],[-89.02231,42.15135],[-89.01781,42.1514],[-89.00815,42.15152],[-88.95021,42.15219],[-88.94299,42.15228],[-88.93973,42.15232],[-88.93993,42.1814],[-88.93994,42.18215],[-88.94037,42.21041],[-88.94056,42.22283],[-88.94096,42.23806],[-88.94098,42.23869],[-88.94099,42.23939],[-88.93273,42.23956],[-88.92035,42.23968],[-88.91765,42.23954],[-88.91303,42.2365],[-88.91033,42.2351],[-88.90497,42.23346],[-88.89938,42.23297],[-88.88086,42.23312],[-88.86122,42.23329],[-88.86122,42.23308],[-88.84175,42.23324],[-88.82708,42.23358],[-88.82708,42.23339],[-88.82216,42.23343],[-88.82216,42.23385],[-88.82221,42.23689],[-88.82222,42.23798],[-88.82216,42.23883],[-88.82201,42.23939],[-88.82198,42.24017],[-88.8218,42.24063],[-88.82199,42.24104],[-88.81286,42.24106],[-88.80339,42.24104],[-88.80323,42.24789],[-88.81446,42.2479],[-88.81548,42.25102],[-88.81308,42.25056],[-88.81292,42.25519],[-88.81541,42.25518],[-88.8154,42.25869],[-88.82208,42.25959],[-88.82203,42.26036],[-88.82177,42.26729],[-88.822,42.27392],[-88.82206,42.27404],[-88.82239,42.27505],[-88.82206,42.27676],[-88.82205,42.27698],[-88.83179,42.27759],[-88.83177,42.27676],[-88.83852,42.27671],[-88.84152,42.27668],[-88.85143,42.27673],[-88.85143,42.27644],[-88.85555,42.27635],[-88.86111,42.27661],[-88.86111,42.27689],[-88.86732,42.27683],[-88.8685,42.27557],[-88.86931,42.27595],[-88.87153,42.27648],[-88.87858,42.27647],[-88.88033,42.27646],[-88.91016,42.27619],[-88.91529,42.27615],[-88.92006,42.2761],[-88.92894,42.27596],[-88.9345,42.27517],[-88.93371,42.27398],[-88.93313,42.26953],[-88.93273,42.26094],[-88.93052,42.2567],[-88.93098,42.2545],[-88.93091,42.25396],[-88.93253,42.25416],[-88.9409,42.25402],[-88.94979,42.25385],[-88.94946,42.25496],[-88.94662,42.25582],[-88.94763,42.26012],[-88.94899,42.26124],[-88.9508,42.26103],[-88.95545,42.26093],[-88.95543,42.26235],[-88.95961,42.26197],[-88.96049,42.26537],[-88.96049,42.26822],[-88.96048,42.27073],[-88.96048,42.27157],[-88.96467,42.27113],[-88.96496,42.27109],[-88.96493,42.28061],[-88.97202,42.28068],[-88.97236,42.28128],[-88.9743,42.27996],[-88.97689,42.2798],[-88.97702,42.27763],[-88.97986,42.27761],[-88.97991,42.28246],[-88.99265,42.2823],[-88.99956,42.28221],[-88.99958,42.27741],[-88.99959,42.27354],[-88.99973,42.27562],[-89.00132,42.27491],[-89.0081,42.27485],[-89.00811,42.27531],[-89.01129,42.27529],[-89.0113,42.27482],[-89.01926,42.27475],[-89.01926,42.28165],[-89.01837,42.28199],[-89.01836,42.28147],[-89.01799,42.28147],[-89.01799,42.28202],[-89.01727,42.28203],[-89.01669,42.28203],[-89.01671,42.28504],[-89.01435,42.28507],[-89.01438,42.28718],[-89.01422,42.28722],[-89.01424,42.28935],[-89.00951,42.2894],[-89.00948,42.2888],[-89.0072,42.29125],[-89.00702,42.29237],[-89.00583,42.29259],[-88.99965,42.29229],[-88.99966,42.29671],[-88.9995,42.29671],[-88.9995,42.29683],[-88.99947,42.30402],[-88.99304,42.30416],[-88.9859,42.30587],[-88.97936,42.30751],[-88.97922,42.3043],[-88.97567,42.30436],[-88.97393,42.30439],[-88.97282,42.30441],[-88.9702,42.30445],[-88.96484,42.30454]]]},"properties":{"district":34}},{"type":"Feature","geometry":{"type":"Polygon","coordinates":[[[-88.37435,42.24077],[-88.37424,42.2371],[-88.37422,42.23488],[-88.37419,42.23352],[-88.37426,42.23302],[-88.37426,42.2316],[-88.37417,42.23013],[-88.37418,42.22993],[-88.37417,42.22974],[-88.37415,42.22639],[-88.37365,42.2263],[-88.37237,42.2263],[-88.36938,42.22709],[-88.3645,42.22707],[-88.36449,42.22628],[-88.36449,42.22592],[-88.36453,42.21678],[-88.36439,42.21003],[-88.36433,42.20577],[-88.36432,42.20449],[-88.3595,42.20451],[-88.35471,42.20452],[-88.35462,42.19337],[-88.35459,42.19007],[-88.35455,42.1831],[-88.35455,42.18265],[-88.35451,42.17571],[-88.35447,42.16834],[-88.35445,42.16117],[-88.35444,42.15584],[-88.35442,42.154],[-88.3545,42.14698],[-88.35445,42.14118],[-88.35447,42.13222],[-88.35452,42.1286],[-88.35456,42.12146],[-88.35459,42.11776],[-88.35459,42.11424],[-88.35468,42.11353],[-88.35468,42.11057],[-88.35469,42.10701],[-88.3547,42.10333],[-88.35478,42.08909],[-88.35486,42.08157],[-88.35485,42.07967],[-88.35486,42.07932],[-88.35513,42.0762],[-88.35523,42.07241],[-88.35778,42.07257],[-88.36717,42.07545],[-88.37449,42.07757],[-88.37451,42.06921],[-88.37608,42.06692],[-88.38349,42.06686],[-88.38412,42.06685],[-88.38666,42.06683],[-88.39652,42.06682],[-88.39684,42.06682],[-88.40851,42.06674],[-88.40926,42.06677],[-88.40951,42.06703],[-88.41184,42.06643],[-88.41222,42.0669],[-88.41738,42.06693],[-88.42305,42.06678],[-88.42365,42.06676],[-88.42508,42.06673],[-88.43346,42.06682],[-88.44244,42.06685],[-88.4522,42.06688],[-88.46423,42.06692],[-88.46426,42.06692],[-88.47175,42.06695],[-88.48026,42.06694],[-88.48099,42.06692],[-88.48978,42.06703],[-88.48975,42.06267],[-88.48868,41.9825],[-88.48861,41.96823],[-88.48831,41.939],[-88.48829,41.93604],[-88.48824,41.93248],[-88.48802,41.92398],[-88.48835,41.89562],[-88.48837,41.89262],[-88.48852,41.88143],[-88.48389,41.88142],[-88.47254,41.8814],[-88.46623,41.88159],[-88.46427,41.88165],[-88.46129,41.88162],[-88.44831,41.8817],[-88.44426,41.88175],[-88.41438,41.88219],[-88.40948,41.88228],[-88.39474,41.88256],[-88.39038,41.88252],[-88.39284,41.88072],[-88.39254,41.87972],[-88.3961,41.87587],[-88.39652,41.87354],[-88.38763,41.87363],[-88.38701,41.8734],[-88.38645,41.87357],[-88.38418,41.87358],[-88.38314,41.87358],[-88.37778,41.87332],[-88.37777,41.87194],[-88.3754,41.87198],[-88.37556,41.86446],[-88.37208,41.86542],[-88.37144,41.86547],[-88.37126,41.86548],[-88.37069,41.86614],[-88.35796,41.87257],[-88.35514,41.87401],[-88.35492,41.87412],[-88.35453,41.87432],[-88.35285,41.87518],[-88.34847,41.87743],[-88.34746,41.87793],[-88.34165,41.88101],[-88.34121,41.88131],[-88.3404,41.88171],[-88.3404,41.88125],[-88.33454,41.88089],[-88.33057,41.88094],[-88.3209,41.88123],[-88.3209,41.88137],[-88.32089,41.88353],[-88.32558,41.8834],[-88.32557,41.88669],[-88.32513,41.8886],[-88.32626,41.88867],[-88.32629,41.89212],[-88.33096,41.89729],[-88.33185,41.89798],[-88.33238,41.89842],[-88.33993,41.90185],[-88.34283,41.90298],[-88.34683,41.90352],[-88.34709,41.90353],[-88.34855,41.90348],[-88.34969,41.90344],[-88.35134,41.90337],[-88.35932,41.90309],[-88.35941,41.90466],[-88.36001,41.90773],[-88.36016,41.91354],[-88.35474,41.91333],[-88.3545,41.91332],[-88.35423,41.91331],[-88.33999,41.91263],[-88.33999,41.91708],[-88.33999,41.91719],[-88.33999,41.91734],[-88.33036,41.91711],[-88.32016,41.91695],[-88.31753,41.91692],[-88.31527,41.91689],[-88.31355,41.91367],[-88.30778,41.91453],[-88.30687,41.91485],[-88.30473,41.91162],[-88.30364,41.91002],[-88.29968,41.90597],[-88.29279,41.89924],[-88.29227,41.89844],[-88.29168,41.8958],[-88.29017,41.89164],[-88.2898,41.89003],[-88.28929,41.8875],[-88.2919,41.88683],[-88.29221,41.88416],[-88.29058,41.88281],[-88.291,41.88215],[-88.27813,41.88244],[-88.27813,41.88229],[-88.27555,41.88232],[-88.26248,41.88269],[-88.26249,41.88289],[-88.26248,41.88493],[-88.26245,41.892],[-88.26245,41.89217],[-88.26242,41.89753],[-88.26241,41.89923],[-88.26243,41.90375],[-88.2625,41.91088],[-88.2625,41.91094],[-88.2625,41.91103],[-88.2625,41.91115],[-88.26253,41.91662],[-88.26257,41.92129],[-88.25934,41.92131],[-88.25758,41.92131],[-88.2499,41.92145],[-88.24951,41.92143],[-88.24671,41.92124],[-88.23801,41.91992],[-88.23793,41.92546],[-88.23948,41.92872],[-88.23786,41.92873],[-88.23749,41.92874],[-88.23739,41.93601],[-88.23756,41.93601],[-88.23741,41.94728],[-88.23738,41.94991],[-88.23736,41.95073],[-88.23713,41.96806],[-88.24018,41.96883],[-88.24016,41.96899],[-88.25392,41.97244],[-88.26282,41.97472],[-88.26284,41.977],[-88.26285,41.97776],[-88.26288,41.97827],[-88.26288,41.98244],[-88.26287,41.98638],[-88.26292,41.99362],[-88.26805,41.99354],[-88.27184,41.99412],[-88.27437,41.99412],[-88.27683,41.99409],[-88.27743,41.99403],[-88.28087,41.99355],[-88.28216,41.99337],[-88.28235,41.99513],[-88.28728,41.99522],[-88.28726,41.99703],[-88.29144,41.99702],[-88.29122,41.99521],[-88.29303,41.99427],[-88.29449,41.99426],[-88.2971,41.99426],[-88.29713,41.99782],[-88.29757,42.0003],[-88.2964,42.00377],[-88.2961,42.00425],[-88.28904,42.01086],[-88.28861,42.01127],[-88.28797,42.01188],[-88.28768,42.01216],[-88.29002,42.01229],[-88.29152,42.01251],[-88.30199,42.01269],[-88.30212,42.01034],[-88.30362,42.00997],[-88.30647,42.0081],[-88.31165,42.01005],[-88.31492,42.01003],[-88.31496,42.00948],[-88.31511,42.00694],[-88.31747,42.00685],[-88.32059,42.00677],[-88.32216,42.00678],[-88.3263,42.00718],[-88.33254,42.00709],[-88.33619,42.00703],[-88.33628,42.01436],[-88.33628,42.01483],[-88.33633,42.01638],[-88.33658,42.01749],[-88.33929,42.02186],[-88.33937,42.02314],[-88.339,42.02516],[-88.33806,42.03023],[-88.33805,42.03083],[-88.33813,42.0322],[-88.33619,42.03187],[-88.33609,42.0314],[-88.33201,42.03007],[-88.32523,42.02776],[-88.32239,42.02678],[-88.32251,42.02907],[-88.3203,42.02911],[-88.32029,42.0322],[-88.32041,42.03498],[-88.32289,42.03731],[-88.3145,42.03816],[-88.31188,42.03808],[-88.31188,42.03976],[-88.31683,42.04045],[-88.31687,42.04116],[-88.31696,42.04326],[-88.31675,42.04377],[-88.31564,42.0438],[-88.31428,42.04385],[-88.3119,42.04389],[-88.31191,42.04915],[-88.31164,42.05103],[-88.30778,42.0515],[-88.30554,42.05247],[-88.3041,42.0546],[-88.30454,42.0567],[-88.30408,42.05862],[-88.30229,42.05869],[-88.29437,42.05838],[-88.28661,42.0583],[-88.283,42.05852],[-88.28292,42.05854],[-88.28308,42.06166],[-88.28098,42.06461],[-88.27836,42.06548],[-88.27204,42.06615],[-88.27114,42.06611],[-88.27074,42.06681],[-88.27061,42.06681],[-88.26939,42.06682],[-88.26364,42.06687],[-88.26306,42.06688],[-88.26165,42.06861],[-88.26129,42.06932],[-88.26025,42.07151],[-88.25886,42.07834],[-88.25986,42.07845],[-88.25874,42.07895],[-88.25785,42.08695],[-88.25784,42.08813],[-88.25785,42.0887],[-88.25786,42.09353],[-88.25792,42.10448],[-88.25792,42.10458],[-88.25793,42.108],[-88.25793,42.10849],[-88.25797,42.11395],[-88.26053,42.11382],[-88.26744,42.11392],[-88.26759,42.11683],[-88.2676,42.12129],[-88.26756,42.12201],[-88.26761,42.12276],[-88.26847,42.12286],[-88.27299,42.12344],[-88.2735,42.12719],[-88.27269,42.12832],[-88.27592,42.12727],[-88.27654,42.12796],[-88.27613,42.12958],[-88.27606,42.13131],[-88.27569,42.13331],[-88.27571,42.13384],[-88.27563,42.13563],[-88.27621,42.13762],[-88.27442,42.13822],[-88.27477,42.13932],[-88.27329,42.13871],[-88.26968,42.13867],[-88.26905,42.13884],[-88.26841,42.13937],[-88.26757,42.13953],[-88.2671,42.13953],[-88.25779,42.13958],[-88.2576,42.1488],[-88.25769,42.15407],[-88.25773,42.15408],[-88.26515,42.15367],[-88.27728,42.15397],[-88.28763,42.15373],[-88.29229,42.15385],[-88.29266,42.15387],[-88.29304,42.1539],[-88.29557,42.15393],[-88.29892,42.15386],[-88.29956,42.15387],[-88.30158,42.15389],[-88.30652,42.15376],[-88.30868,42.15375],[-88.31626,42.15384],[-88.32117,42.15387],[-88.32714,42.1539],[-88.33262,42.15392],[-88.33259,42.15523],[-88.33583,42.1558],[-88.33561,42.16124],[-88.33429,42.16138],[-88.33135,42.1634],[-88.32779,42.16436],[-88.32045,42.16517],[-88.31596,42.16727],[-88.31592,42.16914],[-88.3159,42.17183],[-88.31592,42.17479],[-88.31633,42.17665],[-88.3165,42.17984],[-88.31694,42.18037],[-88.31494,42.18032],[-88.31336,42.18278],[-88.31555,42.18281],[-88.31561,42.18749],[-88.31573,42.19723],[-88.31117,42.19717],[-88.3069,42.19717],[-88.30574,42.1972],[-88.3051,42.19722],[-88.29402,42.19721],[-88.29632,42.19922],[-88.29626,42.20495],[-88.29628,42.20997],[-88.29628,42.21162],[-88.29592,42.21896],[-88.29628,42.22614],[-88.29627,42.23317],[-88.30225,42.23627],[-88.31147,42.24122],[-88.31609,42.24113],[-88.31609,42.24117],[-88.31611,42.2433],[-88.32089,42.24473],[-88.32883,42.24464],[-88.33015,42.24463],[-88.33575,42.24456],[-88.33575,42.24097],[-88.34088,42.24092],[-88.35505,42.24075],[-88.35662,42.24075],[-88.37364,42.24077],[-88.37435,42.24077]]]},"properties":{"district":33}},{"type":"Feature","geometry":{"type":"Polygon","coordinates":[[[-88.18463,41.82334],[-88.18474,41.82412],[-88.18774,41.8248],[-88.18746,41.82731],[-88.18995,41.82824],[-88.19036,41.82839],[-88.19679,41.8307],[-88.20115,41.83173],[-88.20883,41.83422],[-88.20939,41.83327],[-88.21269,41.83306],[-88.2131,41.82779],[-88.21327,41.82403],[-88.21332,41.82095],[-88.20379,41.82072],[-88.20385,41.82052],[-88.20488,41.8171],[-88.20501,41.81595],[-88.20498,41.81553],[-88.20485,41.81476],[-88.20422,41.81281],[-88.20399,41.81206],[-88.20367,41.80987],[-88.20393,41.80156],[-88.20459,41.79906],[-88.20546,41.79636],[-88.20566,41.79168],[-88.2058,41.79168],[-88.20773,41.79166],[-88.20771,41.79364],[-88.2091,41.79479],[-88.21054,41.79457],[-88.21055,41.795],[-88.21064,41.79521],[-88.21106,41.79546],[-88.21172,41.79553],[-88.21252,41.79543],[-88.21337,41.7952],[-88.21363,41.79488],[-88.21362,41.79454],[-88.21461,41.79458],[-88.2147,41.79428],[-88.21532,41.79041],[-88.21536,41.7909],[-88.21618,41.79089],[-88.21788,41.78785],[-88.21781,41.78772],[-88.21742,41.78731],[-88.21234,41.78532],[-88.2107,41.78297],[-88.21057,41.78144],[-88.20575,41.78138],[-88.20572,41.77829],[-88.20572,41.7782],[-88.20573,41.77812],[-88.20573,41.77788],[-88.20573,41.77781],[-88.20573,41.77742],[-88.20579,41.77685],[-88.20588,41.77022],[-88.20189,41.7693],[-88.19597,41.76933],[-88.19573,41.76123],[-88.1967,41.75817],[-88.19586,41.75657],[-88.1995,41.75546],[-88.20606,41.75326],[-88.20607,41.74725],[-88.20607,41.74692],[-88.20617,41.73981],[-88.2059,41.7397],[-88.20593,41.73782],[-88.206,41.73257],[-88.2062,41.73257],[-88.2063,41.72525],[-88.20604,41.72525],[-88.20511,41.7253],[-88.20011,41.72533],[-88.19863,41.72353],[-88.19666,41.71915],[-88.19607,41.71516],[-88.19454,41.71318],[-88.19441,41.70988],[-88.20591,41.70978],[-88.20582,41.70611],[-88.2058,41.70555],[-88.21049,41.70549],[-88.2122,41.70808],[-88.21388,41.70806],[-88.21481,41.70291],[-88.2148,41.70232],[-88.21471,41.69507],[-88.20658,41.6952],[-88.20526,41.69521],[-88.2052,41.69158],[-88.20513,41.68962],[-88.20508,41.68814],[-88.20489,41.68437],[-88.20473,41.68066],[-88.19096,41.68088],[-88.18557,41.68092],[-88.18183,41.68076],[-88.1793,41.68064],[-88.17438,41.6812],[-88.16648,41.68144],[-88.16618,41.68224],[-88.16624,41.68869],[-88.16624,41.68886],[-88.16448,41.68903],[-88.16233,41.69098],[-88.15313,41.69399],[-88.1524,41.69072],[-88.15094,41.69045],[-88.14683,41.69056],[-88.14455,41.69075],[-88.13851,41.69051],[-88.13777,41.69113],[-88.13604,41.69153],[-88.13593,41.69357],[-88.13249,41.69434],[-88.13052,41.69371],[-88.13073,41.70223],[-88.12544,41.70297],[-88.1268,41.70682],[-88.12708,41.70783],[-88.128,41.71111],[-88.12815,41.70893],[-88.13035,41.70887],[-88.1333,41.70835],[-88.13569,41.70851],[-88.13595,41.70903],[-88.13597,41.70952],[-88.13666,41.70928],[-88.13789,41.71328],[-88.13678,41.71416],[-88.13526,41.71507],[-88.13212,41.71969],[-88.13171,41.72005],[-88.13292,41.72141],[-88.13506,41.72104],[-88.13797,41.72204],[-88.13638,41.72491],[-88.13185,41.72605],[-88.13162,41.72652],[-88.13085,41.72654],[-88.12936,41.72657],[-88.11729,41.72685],[-88.11736,41.72909],[-88.11747,41.73277],[-88.11755,41.73508],[-88.11772,41.73509],[-88.11814,41.73507],[-88.11831,41.73506],[-88.12049,41.73446],[-88.12308,41.73443],[-88.12297,41.74041],[-88.12368,41.74213],[-88.12378,41.74454],[-88.1238,41.74538],[-88.12394,41.74894],[-88.12393,41.74958],[-88.12391,41.74995],[-88.12389,41.75009],[-88.12344,41.75212],[-88.11969,41.75279],[-88.11735,41.75566],[-88.11751,41.75794],[-88.11937,41.75934],[-88.12205,41.7603],[-88.12216,41.76034],[-88.1213,41.76277],[-88.12014,41.77105],[-88.11954,41.77675],[-88.11779,41.77713],[-88.10977,41.77909],[-88.10756,41.77963],[-88.10716,41.77983],[-88.10433,41.78051],[-88.10429,41.78041],[-88.09884,41.78162],[-88.09262,41.78216],[-88.09105,41.78241],[-88.08998,41.78269],[-88.08846,41.78332],[-88.08783,41.78365],[-88.08743,41.7839],[-88.08612,41.78468],[-88.0842,41.78533],[-88.08408,41.78535],[-88.08405,41.78536],[-88.08115,41.78561],[-88.07965,41.78579],[-88.07917,41.78586],[-88.07632,41.78627],[-88.07419,41.78653],[-88.0736,41.78401],[-88.07275,41.78408],[-88.06666,41.78464],[-88.06734,41.78681],[-88.06736,41.7869],[-88.06557,41.787],[-88.06106,41.78673],[-88.05842,41.78648],[-88.05756,41.78639],[-88.05676,41.78628],[-88.0565,41.78604],[-88.05572,41.78612],[-88.05632,41.78865],[-88.05668,41.79357],[-88.05685,41.7973],[-88.05687,41.79799],[-88.0566,41.8003],[-88.05639,41.80093],[-88.05367,41.80093],[-88.05256,41.80116],[-88.05267,41.804],[-88.0467,41.80492],[-88.03849,41.80678],[-88.03363,41.80775],[-88.03351,41.80777],[-88.0286,41.80817],[-88.01827,41.80813],[-88.01862,41.81618],[-88.01943,41.82112],[-88.01864,41.82352],[-88.01047,41.82371],[-88.01081,41.83103],[-88.01091,41.83384],[-88.01092,41.83405],[-88.01092,41.8341],[-88.01095,41.83456],[-88.01095,41.83477],[-88.01097,41.8354],[-88.00548,41.8369],[-88.00177,41.83839],[-87.99913,41.83953],[-87.99668,41.84051],[-87.99074,41.84299],[-87.99078,41.84311],[-87.99103,41.84386],[-87.99191,41.84576],[-87.99199,41.84593],[-87.99214,41.84903],[-87.99235,41.85326],[-87.99244,41.85521],[-87.99265,41.85975],[-87.99276,41.86059],[-87.99307,41.86694],[-87.98974,41.8669],[-87.98961,41.8669],[-87.98701,41.86687],[-87.98706,41.86779],[-87.98719,41.87143],[-87.98843,41.87144],[-87.98852,41.8734],[-87.98854,41.87509],[-87.98871,41.88228],[-87.98872,41.88251],[-87.98883,41.88899],[-87.98884,41.88977],[-87.98963,41.88978],[-87.99372,41.88979],[-87.99858,41.88991],[-87.99852,41.89247],[-87.99856,41.89504],[-88.00338,41.89511],[-88.00831,41.89495],[-88.00834,41.89402],[-88.01805,41.89419],[-88.01797,41.89657],[-88.01788,41.90048],[-88.02489,41.9005],[-88.02768,41.90088],[-88.02778,41.89767],[-88.03262,41.89691],[-88.03263,41.89633],[-88.03265,41.89459],[-88.03236,41.88979],[-88.03296,41.8876],[-88.03345,41.88669],[-88.03309,41.88421],[-88.03624,41.88384],[-88.03651,41.8838],[-88.03655,41.88393],[-88.04022,41.88506],[-88.04176,41.88479],[-88.04205,41.88485],[-88.04493,41.88511],[-88.05095,41.88811],[-88.05085,41.8885],[-88.05066,41.89015],[-88.05157,41.89028],[-88.05248,41.89028],[-88.05632,41.89016],[-88.06021,41.89001],[-88.06377,41.8899],[-88.06439,41.88993],[-88.07254,41.88942],[-88.08062,41.88896],[-88.08223,41.88888],[-88.08417,41.88878],[-88.08393,41.88508],[-88.08232,41.88383],[-88.08227,41.88364],[-88.08225,41.88163],[-88.08225,41.88037],[-88.08231,41.87826],[-88.08045,41.87835],[-88.08043,41.87554],[-88.0812,41.87517],[-88.08269,41.87424],[-88.08316,41.87384],[-88.08364,41.87344],[-88.08548,41.87196],[-88.08825,41.86969],[-88.08857,41.86931],[-88.09063,41.86821],[-88.092,41.86769],[-88.092,41.86716],[-88.09641,41.86618],[-88.09637,41.86338],[-88.09198,41.86345],[-88.09198,41.86012],[-88.09196,41.85717],[-88.09196,41.85347],[-88.09196,41.85316],[-88.09195,41.85163],[-88.09195,41.84902],[-88.09193,41.8462],[-88.09213,41.84544],[-88.09161,41.84429],[-88.08898,41.84435],[-88.08734,41.84439],[-88.08801,41.83779],[-88.0874,41.83658],[-88.08645,41.83659],[-88.08733,41.83566],[-88.08734,41.83316],[-88.08743,41.83245],[-88.08718,41.82978],[-88.08708,41.82979],[-88.08738,41.82233],[-88.08709,41.82233],[-88.08705,41.81503],[-88.08055,41.81503],[-88.07894,41.81344],[-88.08064,41.81108],[-88.08108,41.80779],[-88.08123,41.80753],[-88.08321,41.8066],[-88.08715,41.80568],[-88.09355,41.80573],[-88.10063,41.80583],[-88.10118,41.80584],[-88.11253,41.80624],[-88.11257,41.80603],[-88.11106,41.80574],[-88.11104,41.80531],[-88.11093,41.80203],[-88.11079,41.79926],[-88.11026,41.79644],[-88.11304,41.7963],[-88.11312,41.79581],[-88.1152,41.79425],[-88.1153,41.79417],[-88.11818,41.79203],[-88.12161,41.78948],[-88.12168,41.78943],[-88.12906,41.78411],[-88.12931,41.7857],[-88.13113,41.7857],[-88.1367,41.7858],[-88.13668,41.78593],[-88.13894,41.7858],[-88.13898,41.78679],[-88.13909,41.78815],[-88.14117,41.78795],[-88.14196,41.78963],[-88.14714,41.78943],[-88.14694,41.79304],[-88.1465,41.79387],[-88.14719,41.79393],[-88.14902,41.79407],[-88.15161,41.79428],[-88.1531,41.79442],[-88.15428,41.79451],[-88.15444,41.79453],[-88.15591,41.79466],[-88.15629,41.79468],[-88.15691,41.79155],[-88.15696,41.78586],[-88.16213,41.78563],[-88.16708,41.78425],[-88.17457,41.7821],[-88.17518,41.78193],[-88.17539,41.78187],[-88.1761,41.78303],[-88.17989,41.78574],[-88.18308,41.79027],[-88.18446,41.79124],[-88.18417,41.79238],[-88.18666,41.7937],[-88.18736,41.79444],[-88.18757,41.79555],[-88.1857,41.79699],[-88.18512,41.79841],[-88.18506,41.79841],[-88.18624,41.80171],[-88.18501,41.8051],[-88.18505,41.8051],[-88.18495,41.80559],[-88.1849,41.80559],[-88.1847,41.80671],[-88.18185,41.80711],[-88.18167,41.813],[-88.1854,41.81301],[-88.1885,41.81302],[-88.18669,41.82091],[-88.18457,41.82267],[-88.18463,41.82334]]]},"properties":{"district":21}},{"type":"Feature","geometry":{"type":"Polygon","coordinates":[[[-88.31336,42.18278],[-88.31494,42.18032],[-88.31694,42.18037],[-88.3165,42.17984],[-88.31633,42.17665],[-88.31592,42.17479],[-88.3159,42.17183],[-88.31592,42.16914],[-88.31596,42.16727],[-88.32045,42.16517],[-88.32779,42.16436],[-88.33135,42.1634],[-88.33429,42.16138],[-88.33561,42.16124],[-88.33583,42.1558],[-88.33259,42.15523],[-88.33262,42.15392],[-88.32714,42.1539],[-88.32117,42.15387],[-88.31626,42.15384],[-88.30868,42.15375],[-88.30652,42.15376],[-88.30158,42.15389],[-88.29956,42.15387],[-88.29892,42.15386],[-88.29557,42.15393],[-88.29304,42.1539],[-88.29266,42.15387],[-88.29229,42.15385],[-88.28763,42.15373],[-88.27728,42.15397],[-88.26515,42.15367],[-88.25773,42.15408],[-88.25769,42.15407],[-88.2576,42.1488],[-88.25779,42.13958],[-88.2578,42.13948],[-88.25711,42.13948],[-88.25675,42.13949],[-88.25676,42.13959],[-88.24806,42.13964],[-88.24805,42.13599],[-88.24316,42.13603],[-88.24363,42.13242],[-88.24363,42.13233],[-88.23835,42.13229],[-88.23835,42.12875],[-88.23832,42.11401],[-88.23833,42.10886],[-88.23833,42.10662],[-88.23825,42.09287],[-88.23826,42.09235],[-88.23828,42.08512],[-88.23823,42.07408],[-88.23821,42.07153],[-88.23819,42.06699],[-88.22337,42.06693],[-88.22236,42.06705],[-88.21366,42.06711],[-88.21054,42.06729],[-88.20738,42.06708],[-88.20367,42.06726],[-88.20295,42.06728],[-88.20292,42.06743],[-88.19389,42.06736],[-88.19263,42.06742],[-88.18438,42.06703],[-88.18358,42.06723],[-88.1798,42.06733],[-88.16341,42.06722],[-88.16063,42.06697],[-88.15047,42.06733],[-88.14689,42.06733],[-88.14466,42.06724],[-88.14402,42.06713],[-88.14025,42.06712],[-88.12168,42.06711],[-88.11144,42.06709],[-88.10607,42.06708],[-88.10387,42.06708],[-88.09707,42.06705],[-88.09463,42.06705],[-88.09427,42.06705],[-88.09053,42.06704],[-88.08947,42.06703],[-88.08258,42.06701],[-88.07853,42.06701],[-88.07905,42.06571],[-88.07934,42.06393],[-88.04487,42.05971],[-88.04439,42.06347],[-88.04397,42.06683],[-88.06252,42.06707],[-88.06457,42.07446],[-88.0679,42.07554],[-88.07366,42.07711],[-88.0779,42.07872],[-88.07791,42.07885],[-88.07792,42.07905],[-88.07966,42.07984],[-88.08261,42.08138],[-88.08044,42.08153],[-88.07793,42.08151],[-88.07792,42.085],[-88.07067,42.08505],[-88.06269,42.08692],[-88.0559,42.0885],[-88.05227,42.08862],[-88.05108,42.08861],[-88.04991,42.08861],[-88.04746,42.08859],[-88.04626,42.08858],[-88.04383,42.08857],[-88.04384,42.08677],[-88.04385,42.08253],[-88.04385,42.08251],[-88.04386,42.08146],[-88.04388,42.08093],[-88.04388,42.08038],[-88.04389,42.07972],[-88.0405,42.08038],[-88.03495,42.08043],[-88.03494,42.08288],[-88.03391,42.08334],[-88.03354,42.08364],[-88.03269,42.08327],[-88.03087,42.08249],[-88.03136,42.08486],[-88.03114,42.08849],[-88.02991,42.09199],[-88.02813,42.09462],[-88.02485,42.09773],[-88.02018,42.10038],[-88.0242,42.10217],[-88.0242,42.10239],[-88.02421,42.1025],[-88.0275,42.10393],[-88.02744,42.10659],[-88.03071,42.10662],[-88.03335,42.10659],[-88.03388,42.1073],[-88.03395,42.11029],[-88.0339,42.11734],[-88.03411,42.11884],[-88.03069,42.11804],[-88.02414,42.11648],[-88.02413,42.1197],[-88.02308,42.1197],[-88.02306,42.12347],[-88.02306,42.12424],[-88.02304,42.12696],[-88.02409,42.12753],[-88.02408,42.12851],[-88.02408,42.12926],[-88.02425,42.13662],[-88.02172,42.13684],[-88.0217,42.13786],[-88.02101,42.13857],[-88.02179,42.13915],[-88.02255,42.13914],[-88.03386,42.13924],[-88.03386,42.13933],[-88.03384,42.14365],[-88.03336,42.14663],[-88.0322,42.14856],[-88.02862,42.15373],[-88.02375,42.15374],[-88.02272,42.15372],[-88.01698,42.15369],[-88.01474,42.15369],[-88.01127,42.15366],[-88.00946,42.15366],[-88.00938,42.15366],[-88.00447,42.15365],[-87.98517,42.15363],[-87.98499,42.15363],[-87.98488,42.16059],[-87.98483,42.16818],[-87.99368,42.16818],[-87.99323,42.17267],[-87.99147,42.17346],[-87.99197,42.17546],[-87.98912,42.17545],[-87.98479,42.17545],[-87.98476,42.17696],[-87.98476,42.17907],[-87.97502,42.17904],[-87.975,42.18132],[-87.97605,42.1827],[-87.97496,42.1827],[-87.97724,42.1859],[-87.97737,42.18769],[-87.97808,42.18769],[-87.97805,42.19056],[-87.97565,42.19054],[-87.97232,42.1883],[-87.97336,42.19054],[-87.97328,42.1972],[-87.9743,42.1972],[-87.97625,42.19886],[-87.97476,42.20442],[-87.97363,42.20448],[-87.96501,42.20448],[-87.96498,42.21033],[-87.96497,42.21175],[-87.97468,42.21173],[-87.97464,42.21899],[-87.97957,42.21897],[-87.98381,42.21896],[-87.98925,42.21896],[-87.98925,42.22017],[-87.98924,42.22441],[-87.98922,42.23348],[-87.9914,42.23349],[-87.99236,42.2335],[-87.99415,42.23348],[-87.99416,42.23639],[-87.99871,42.23875],[-88.00249,42.24069],[-88.00418,42.24153],[-88.00428,42.2428],[-88.00615,42.24253],[-88.012,42.24555],[-88.01373,42.24665],[-88.01418,42.24699],[-88.01584,42.24855],[-88.01876,42.25244],[-88.01976,42.25386],[-88.02041,42.25472],[-88.01978,42.25514],[-88.01971,42.2552],[-88.01888,42.25634],[-88.01877,42.2589],[-88.01882,42.26435],[-88.01884,42.26978],[-88.01886,42.27523],[-88.00894,42.27442],[-88.00404,42.27374],[-87.9972,42.27238],[-87.99611,42.2702],[-87.99076,42.27298],[-87.98974,42.27191],[-87.98969,42.27074],[-87.98901,42.27101],[-87.9884,42.27332],[-87.98383,42.27329],[-87.98388,42.26967],[-87.974,42.26966],[-87.96932,42.26965],[-87.96909,42.27154],[-87.96923,42.27243],[-87.96947,42.27623],[-87.96943,42.28248],[-87.97,42.28324],[-87.97262,42.28224],[-87.97259,42.284],[-87.97014,42.28663],[-87.96331,42.28743],[-87.96221,42.2886],[-87.96544,42.29036],[-87.96653,42.29217],[-87.96618,42.29451],[-87.96625,42.29451],[-87.96889,42.29757],[-87.96945,42.29873],[-87.97194,42.29874],[-87.9719,42.30085],[-87.97256,42.30086],[-87.9739,42.30082],[-87.97391,42.30107],[-87.97375,42.30152],[-87.97373,42.30254],[-87.97372,42.30582],[-87.97249,42.3061],[-87.96009,42.30594],[-87.96237,42.30867],[-87.96334,42.31019],[-87.96372,42.31168],[-87.96362,42.31275],[-87.96073,42.32047],[-87.96347,42.32053],[-87.96365,42.32053],[-87.97855,42.32061],[-88.00456,42.32057],[-88.00452,42.3186],[-88.00453,42.31645],[-88.00449,42.31399],[-88.00448,42.3133],[-88.00447,42.3128],[-88.00445,42.31195],[-88.00434,42.31195],[-88.00436,42.31045],[-88.00433,42.30604],[-88.00429,42.30246],[-88.00425,42.29982],[-88.00424,42.2977],[-88.00422,42.29617],[-88.00465,42.29617],[-88.00501,42.29618],[-88.0071,42.29706],[-88.00916,42.29817],[-88.01897,42.29925],[-88.02379,42.29961],[-88.02647,42.2998],[-88.03229,42.30024],[-88.03252,42.29983],[-88.03817,42.29894],[-88.04322,42.29881],[-88.0432,42.30612],[-88.05103,42.30612],[-88.05288,42.30613],[-88.06285,42.30613],[-88.06428,42.30613],[-88.06542,42.30621],[-88.0688,42.30627],[-88.0722,42.30592],[-88.07591,42.30334],[-88.07636,42.303],[-88.07838,42.30462],[-88.08231,42.30541],[-88.09058,42.30325],[-88.09177,42.30355],[-88.0983,42.30514],[-88.10467,42.30534],[-88.1073,42.30586],[-88.1106,42.30932],[-88.11306,42.30967],[-88.11825,42.30809],[-88.12063,42.31022],[-88.12071,42.31706],[-88.12071,42.32845],[-88.13012,42.32852],[-88.13525,42.32848],[-88.13583,42.32848],[-88.14,42.32847],[-88.14011,42.32847],[-88.14216,42.32849],[-88.14498,42.32852],[-88.16555,42.3289],[-88.16582,42.32893],[-88.17252,42.32893],[-88.18079,42.32889],[-88.18392,42.32888],[-88.18447,42.32888],[-88.18882,42.32886],[-88.19309,42.32884],[-88.19777,42.32882],[-88.19865,42.32886],[-88.19875,42.32861],[-88.19883,42.32103],[-88.19902,42.31774],[-88.19881,42.31394],[-88.19885,42.30633],[-88.19882,42.3032],[-88.19879,42.30116],[-88.19879,42.30099],[-88.19875,42.29814],[-88.19871,42.29553],[-88.1986,42.29227],[-88.19856,42.28863],[-88.19856,42.28502],[-88.19855,42.28459],[-88.19847,42.27766],[-88.19848,42.27443],[-88.1985,42.27397],[-88.19848,42.27303],[-88.19846,42.27229],[-88.19843,42.26913],[-88.19844,42.2687],[-88.19838,42.25965],[-88.19832,42.25614],[-88.19832,42.25563],[-88.1983,42.24883],[-88.19827,42.24549],[-88.19824,42.24156],[-88.19849,42.24156],[-88.19878,42.23701],[-88.19883,42.23665],[-88.19904,42.23604],[-88.19917,42.21978],[-88.19934,42.20887],[-88.19938,42.20297],[-88.20143,42.20314],[-88.20207,42.20371],[-88.20348,42.20492],[-88.20618,42.20566],[-88.21168,42.20614],[-88.22243,42.20386],[-88.2238,42.20314],[-88.22424,42.20245],[-88.2249,42.20091],[-88.22474,42.20083],[-88.22498,42.20059],[-88.22577,42.19936],[-88.23175,42.1973],[-88.23424,42.1957],[-88.23605,42.19491],[-88.23837,42.19446],[-88.24011,42.19355],[-88.24126,42.19281],[-88.24381,42.19185],[-88.24902,42.19102],[-88.25191,42.19155],[-88.25922,42.19073],[-88.25922,42.19132],[-88.26135,42.19118],[-88.26201,42.19106],[-88.2631,42.19117],[-88.2627,42.1903],[-88.27014,42.19045],[-88.27017,42.19019],[-88.27194,42.19018],[-88.27313,42.19018],[-88.2742,42.19017],[-88.27533,42.19017],[-88.28164,42.19015],[-88.28649,42.19012],[-88.2865,42.18562],[-88.2865,42.18293],[-88.29283,42.18291],[-88.29591,42.18302],[-88.29957,42.1829],[-88.29996,42.1829],[-88.30165,42.18235],[-88.30607,42.18283],[-88.30603,42.18244],[-88.30619,42.18085],[-88.31026,42.18082],[-88.31336,42.18278]]]},"properties":{"district":26}},{"type":"Feature","geometry":{"type":"Polygon","coordinates":[[[-88.96484,42.30454],[-88.9702,42.30445],[-88.97282,42.30441],[-88.97393,42.30439],[-88.97567,42.30436],[-88.97922,42.3043],[-88.97936,42.30751],[-88.9859,42.30587],[-88.99304,42.30416],[-88.99947,42.30402],[-88.9995,42.29683],[-88.9995,42.29671],[-88.99966,42.29671],[-88.99965,42.29229],[-89.00583,42.29259],[-89.00702,42.29237],[-89.0072,42.29125],[-89.00948,42.2888],[-89.00951,42.2894],[-89.01424,42.28935],[-89.01422,42.28722],[-89.01438,42.28718],[-89.01435,42.28507],[-89.01671,42.28504],[-89.01669,42.28203],[-89.01727,42.28203],[-89.01799,42.28202],[-89.01799,42.28147],[-89.01836,42.28147],[-89.01837,42.28199],[-89.01926,42.28165],[-89.01926,42.27475],[-89.0113,42.27482],[-89.01129,42.27529],[-89.00811,42.27531],[-89.0081,42.27485],[-89.00132,42.27491],[-88.99973,42.27562],[-88.99959,42.27354],[-88.99958,42.27741],[-88.99956,42.28221],[-88.99265,42.2823],[-88.97991,42.28246],[-88.97986,42.27761],[-88.97702,42.27763],[-88.97689,42.2798],[-88.9743,42.27996],[-88.97236,42.28128],[-88.97202,42.28068],[-88.96493,42.28061],[-88.96496,42.27109],[-88.96467,42.27113],[-88.96048,42.27157],[-88.96048,42.27073],[-88.96049,42.26822],[-88.96049,42.26537],[-88.95961,42.26197],[-88.95543,42.26235],[-88.95545,42.26093],[-88.9508,42.26103],[-88.94899,42.26124],[-88.94763,42.26012],[-88.94662,42.25582],[-88.94946,42.25496],[-88.94979,42.25385],[-88.9409,42.25402],[-88.93253,42.25416],[-88.93091,42.25396],[-88.93098,42.2545],[-88.93052,42.2567],[-88.93273,42.26094],[-88.93313,42.26953],[-88.93371,42.27398],[-88.9345,42.27517],[-88.92894,42.27596],[-88.92006,42.2761],[-88.91529,42.27615],[-88.91016,42.27619],[-88.88033,42.27646],[-88.87858,42.27647],[-88.87153,42.27648],[-88.86931,42.27595],[-88.8685,42.27557],[-88.86732,42.27683],[-88.86111,42.27689],[-88.86111,42.27661],[-88.85555,42.27635],[-88.85143,42.27644],[-88.85143,42.27673],[-88.84152,42.27668],[-88.83852,42.27671],[-88.83177,42.27676],[-88.83179,42.27759],[-88.82205,42.27698],[-88.82206,42.27676],[-88.82239,42.27505],[-88.82206,42.27404],[-88.822,42.27392],[-88.82177,42.26729],[-88.82203,42.26036],[-88.82208,42.25959],[-88.8154,42.25869],[-88.81541,42.25518],[-88.81292,42.25519],[-88.81308,42.25056],[-88.81548,42.25102],[-88.81446,42.2479],[-88.80323,42.24789],[-88.80339,42.24104],[-88.79884,42.2407],[-88.78854,42.24068],[-88.78396,42.24068],[-88.70547,42.24077],[-88.70558,42.15354],[-88.69568,42.15352],[-88.59328,42.15356],[-88.58866,42.15359],[-88.58842,42.12421],[-88.58834,42.11003],[-88.58833,42.06646],[-88.5909,42.06647],[-88.60196,42.06647],[-88.60293,42.06647],[-88.63142,42.06647],[-88.63697,42.06646],[-88.68012,42.06649],[-88.68386,42.06647],[-88.69172,42.06646],[-88.70048,42.06645],[-88.70513,42.06644],[-88.7156,42.06643],[-88.71544,42.05328],[-88.71539,42.04573],[-88.71512,42.01938],[-88.71484,42.01641],[-88.71482,42.01469],[-88.71464,42.00572],[-88.71498,42.00482],[-88.71487,41.99444],[-88.7148,41.98733],[-88.71473,41.98005],[-88.71471,41.97972],[-88.71469,41.97813],[-88.71468,41.9769],[-88.71471,41.96963],[-88.71471,41.96594],[-88.71468,41.95704],[-88.7147,41.95516],[-88.71472,41.95229],[-88.71472,41.94516],[-88.71467,41.93755],[-88.71467,41.93672],[-88.71467,41.93227],[-88.71469,41.925],[-88.71471,41.91938],[-88.7147,41.91463],[-88.71472,41.90736],[-88.71471,41.90008],[-88.71466,41.8928],[-88.71482,41.86268],[-88.71487,41.84938],[-88.71491,41.83495],[-88.71503,41.82046],[-88.71512,41.80574],[-88.71516,41.80134],[-88.7152,41.79118],[-88.71523,41.77674],[-88.71529,41.76204],[-88.71533,41.75154],[-88.71534,41.74244],[-88.71539,41.7184],[-88.71372,41.71842],[-88.71364,41.71044],[-88.71349,41.69592],[-88.71253,41.63776],[-88.71244,41.63049],[-88.70637,41.63038],[-88.70279,41.63079],[-88.68959,41.63315],[-88.68969,41.63799],[-88.68075,41.63809],[-88.67522,41.63813],[-88.67447,41.63814],[-88.67016,41.63817],[-88.67013,41.63685],[-88.67009,41.63666],[-88.66105,41.63832],[-88.65276,41.63985],[-88.65086,41.6402],[-88.65088,41.64176],[-88.65093,41.64557],[-88.65101,41.64557],[-88.65103,41.64904],[-88.65105,41.65228],[-88.65106,41.65295],[-88.65107,41.6548],[-88.65109,41.65949],[-88.65149,41.6654],[-88.65154,41.66774],[-88.65171,41.67643],[-88.65174,41.67788],[-88.65208,41.70932],[-88.65182,41.71148],[-88.65173,41.71228],[-88.65217,41.71907],[-88.61249,41.71946],[-88.60362,41.71955],[-88.60193,41.71956],[-88.59243,41.71968],[-88.56119,41.71996],[-88.55732,41.72003],[-88.54782,41.72018],[-88.53746,41.72038],[-88.53608,41.72025],[-88.52758,41.72059],[-88.48967,41.72112],[-88.48919,41.72113],[-88.47253,41.72138],[-88.45161,41.72169],[-88.44916,41.72173],[-88.44381,41.72179],[-88.44353,41.72345],[-88.44353,41.72903],[-88.44365,41.74371],[-88.44379,41.75335],[-88.44377,41.75442],[-88.44342,41.75541],[-88.44227,41.7579],[-88.44222,41.75801],[-88.44192,41.75799],[-88.43661,41.75746],[-88.43376,41.75726],[-88.43194,41.75712],[-88.42874,41.75717],[-88.41413,41.75826],[-88.41115,41.75832],[-88.40842,41.75809],[-88.40809,41.75805],[-88.40648,41.76828],[-88.4066,41.7683],[-88.41493,41.7693],[-88.41489,41.77037],[-88.41257,41.7734],[-88.41158,41.77597],[-88.41122,41.77694],[-88.40723,41.78842],[-88.40673,41.78932],[-88.40429,41.792],[-88.40148,41.79377],[-88.39813,41.79504],[-88.39661,41.79559],[-88.39547,41.79581],[-88.39541,41.80541],[-88.4012,41.80846],[-88.4025,41.80984],[-88.40438,41.80983],[-88.40439,41.81056],[-88.40442,41.81327],[-88.40291,41.81329],[-88.40293,41.8217],[-88.40166,41.8241],[-88.39765,41.82799],[-88.39582,41.82763],[-88.3888,41.82823],[-88.38422,41.82633],[-88.3808,41.82548],[-88.37905,41.82511],[-88.37602,41.82447],[-88.37605,41.8293],[-88.37578,41.8444],[-88.37577,41.84573],[-88.37575,41.84813],[-88.37573,41.85141],[-88.37571,41.85354],[-88.37565,41.85882],[-88.37561,41.86141],[-88.37556,41.86446],[-88.3754,41.87198],[-88.37777,41.87194],[-88.37778,41.87332],[-88.38314,41.87358],[-88.38418,41.87358],[-88.38645,41.87357],[-88.38701,41.8734],[-88.38763,41.87363],[-88.39652,41.87354],[-88.3961,41.87587],[-88.39254,41.87972],[-88.39284,41.88072],[-88.39038,41.88252],[-88.39474,41.88256],[-88.40948,41.88228],[-88.41438,41.88219],[-88.44426,41.88175],[-88.44831,41.8817],[-88.46129,41.88162],[-88.46427,41.88165],[-88.46623,41.88159],[-88.47254,41.8814],[-88.48389,41.88142],[-88.48852,41.88143],[-88.48837,41.89262],[-88.48835,41.89562],[-88.48802,41.92398],[-88.48824,41.93248],[-88.48829,41.93604],[-88.48831,41.939],[-88.48861,41.96823],[-88.48868,41.9825],[-88.48975,42.06267],[-88.48978,42.06703],[-88.48099,42.06692],[-88.48026,42.06694],[-88.47175,42.06695],[-88.46426,42.06692],[-88.46423,42.06692],[-88.4522,42.06688],[-88.44244,42.06685],[-88.43346,42.06682],[-88.42508,42.06673],[-88.42365,42.06676],[-88.42305,42.06678],[-88.41738,42.06693],[-88.41222,42.0669],[-88.41184,42.06643],[-88.40951,42.06703],[-88.40926,42.06677],[-88.40851,42.06674],[-88.39684,42.06682],[-88.39652,42.06682],[-88.38666,42.06683],[-88.38412,42.06685],[-88.38349,42.06686],[-88.37608,42.06692],[-88.37451,42.06921],[-88.37449,42.07757],[-88.36717,42.07545],[-88.35778,42.07257],[-88.35523,42.07241],[-88.35513,42.0762],[-88.35486,42.07932],[-88.35485,42.07967],[-88.35486,42.08157],[-88.35478,42.08909],[-88.3547,42.10333],[-88.35469,42.10701],[-88.35468,42.11057],[-88.35468,42.11353],[-88.35459,42.11424],[-88.35459,42.11776],[-88.35456,42.12146],[-88.35452,42.1286],[-88.35447,42.13222],[-88.35445,42.14118],[-88.3545,42.14698],[-88.35442,42.154],[-88.35444,42.15584],[-88.35445,42.16117],[-88.35447,42.16834],[-88.35451,42.17571],[-88.35455,42.18265],[-88.35455,42.1831],[-88.35459,42.19007],[-88.35462,42.19337],[-88.35471,42.20452],[-88.3595,42.20451],[-88.36432,42.20449],[-88.36433,42.20577],[-88.36439,42.21003],[-88.36453,42.21678],[-88.36449,42.22592],[-88.36449,42.22628],[-88.3645,42.22707],[-88.36938,42.22709],[-88.37237,42.2263],[-88.37365,42.2263],[-88.37415,42.22639],[-88.37417,42.22974],[-88.37418,42.22993],[-88.37417,42.23013],[-88.37426,42.2316],[-88.37426,42.23302],[-88.37419,42.23352],[-88.37422,42.23488],[-88.37424,42.2371],[-88.37435,42.24077],[-88.37435,42.24083],[-88.37913,42.24077],[-88.38905,42.2407],[-88.3937,42.24069],[-88.39392,42.24068],[-88.39858,42.24066],[-88.3987,42.24066],[-88.40365,42.24063],[-88.41286,42.24066],[-88.41823,42.24065],[-88.42256,42.24064],[-88.43303,42.24062],[-88.47191,42.24053],[-88.49153,42.24064],[-88.50135,42.24064],[-88.51594,42.24066],[-88.51599,42.25514],[-88.5111,42.25512],[-88.51105,42.26954],[-88.51104,42.27311],[-88.51103,42.27727],[-88.51104,42.27903],[-88.5111,42.29833],[-88.51111,42.30569],[-88.5105,42.30689],[-88.50784,42.30905],[-88.50809,42.31643],[-88.51127,42.31644],[-88.51126,42.32747],[-88.4723,42.3273],[-88.46598,42.32733],[-88.45397,42.32731],[-88.45291,42.32731],[-88.45287,42.32909],[-88.45288,42.32996],[-88.45287,42.33096],[-88.4529,42.33999],[-88.4499,42.33833],[-88.44934,42.34189],[-88.44323,42.34188],[-88.44139,42.34188],[-88.43829,42.34188],[-88.43706,42.34189],[-88.43338,42.34189],[-88.4285,42.3419],[-88.42848,42.33697],[-88.42847,42.33476],[-88.42497,42.33478],[-88.41391,42.33473],[-88.41388,42.35415],[-88.41386,42.35901],[-88.40084,42.35425],[-88.39443,42.35376],[-88.38917,42.35361],[-88.3863,42.35333],[-88.38334,42.35305],[-88.38247,42.35652],[-88.37984,42.35653],[-88.37011,42.35658],[-88.37017,42.36824],[-88.37002,42.36824],[-88.37005,42.3739],[-88.36131,42.37387],[-88.35972,42.37612],[-88.35968,42.37654],[-88.35548,42.3763],[-88.3555,42.37923],[-88.35547,42.38682],[-88.35546,42.38996],[-88.35546,42.39013],[-88.3524,42.39208],[-88.35045,42.39533],[-88.34888,42.39621],[-88.34788,42.39783],[-88.34888,42.39985],[-88.3482,42.40074],[-88.34737,42.40129],[-88.34336,42.4073],[-88.34177,42.40728],[-88.3411,42.40912],[-88.34099,42.40913],[-88.3405,42.40998],[-88.34049,42.41094],[-88.34043,42.41417],[-88.34042,42.41456],[-88.32811,42.41463],[-88.30552,42.41475],[-88.30101,42.41475],[-88.30108,42.42523],[-88.30166,42.42791],[-88.30527,42.43932],[-88.30584,42.44364],[-88.30584,42.44434],[-88.3059,42.45624],[-88.30667,42.46494],[-88.30694,42.46918],[-88.30619,42.47312],[-88.30606,42.47799],[-88.30623,42.489],[-88.30575,42.49026],[-88.30425,42.49239],[-88.30299,42.49478],[-88.30469,42.49477],[-88.30902,42.49477],[-88.31144,42.49476],[-88.31208,42.49476],[-88.31247,42.49476],[-88.31588,42.49476],[-88.31657,42.49476],[-88.31762,42.49475],[-88.3225,42.49475],[-88.3348,42.49473],[-88.33491,42.49473],[-88.33909,42.49473],[-88.34396,42.49472],[-88.35519,42.4947],[-88.41311,42.49462],[-88.4174,42.49462],[-88.41844,42.49462],[-88.42251,42.49462],[-88.43199,42.49462],[-88.44689,42.49462],[-88.4614,42.49462],[-88.47162,42.49468],[-88.50691,42.49488],[-88.54035,42.49492],[-88.55022,42.49494],[-88.55982,42.49495],[-88.58987,42.49498],[-88.59628,42.49499],[-88.597,42.49499],[-88.5994,42.495],[-88.59941,42.495],[-88.6067,42.495],[-88.60737,42.49501],[-88.63865,42.49504],[-88.65836,42.49463],[-88.6708,42.49436],[-88.70738,42.49359],[-88.70742,42.49359],[-88.7218,42.49321],[-88.72742,42.49306],[-88.73652,42.49282],[-88.73711,42.49281],[-88.76536,42.49207],[-88.77659,42.49202],[-88.78668,42.49198],[-88.8199,42.49264],[-88.82141,42.42967],[-88.82169,42.41488],[-88.82208,42.38602],[-88.82218,42.37152],[-88.84172,42.37142],[-88.84581,42.37137],[-88.8508,42.37121],[-88.85154,42.37121],[-88.86128,42.37109],[-88.86615,42.37103],[-88.88059,42.37089],[-88.88154,42.37088],[-88.88185,42.37088],[-88.89068,42.3708],[-88.8913,42.3708],[-88.91036,42.37058],[-88.94044,42.37023],[-88.94025,42.36301],[-88.94024,42.36273],[-88.9403,42.34847],[-88.94024,42.33371],[-88.94022,42.32666],[-88.9406,42.31962],[-88.94041,42.31869],[-88.94051,42.31236],[-88.94062,42.30504],[-88.94197,42.30488],[-88.96484,42.30454]]]},"properties":{"district":35}},{"type":"Feature","geometry":{"type":"Polygon","coordinates":[[[-88.23684,41.27444],[-88.23657,41.26715],[-88.2364,41.26414],[-88.23877,41.2641],[-88.23869,41.25986],[-88.23887,41.25986],[-88.2399,41.25983],[-88.24282,41.2596],[-88.24359,41.25956],[-88.24427,41.25808],[-88.24523,41.25726],[-88.24588,41.25591],[-88.24566,41.24883],[-88.24056,41.24893],[-88.24049,41.24528],[-88.23573,41.245],[-88.2354,41.2308],[-88.24508,41.23063],[-88.25412,41.23043],[-88.25463,41.23071],[-88.25508,41.23035],[-88.25823,41.23038],[-88.2801,41.22989],[-88.27998,41.22378],[-88.28146,41.22261],[-88.291,41.21548],[-88.29291,41.21453],[-88.29785,41.21525],[-88.29779,41.21847],[-88.29794,41.21858],[-88.30207,41.21846],[-88.30252,41.2166],[-88.30243,41.21451],[-88.30176,41.20037],[-88.3016,41.19958],[-88.3015,41.19634],[-88.3014,41.19337],[-88.30112,41.18613],[-88.30101,41.18285],[-88.30058,41.17154],[-88.3003,41.16355],[-88.30005,41.15695],[-88.29042,41.15713],[-88.27178,41.1575],[-88.26837,41.1569],[-88.26638,41.15765],[-88.26581,41.14298],[-88.27061,41.14285],[-88.27012,41.12838],[-88.26053,41.12862],[-88.26004,41.11406],[-88.2515,41.11422],[-88.25115,41.10353],[-88.25115,41.10343],[-88.25096,41.09866],[-88.25096,41.09853],[-88.25093,41.09712],[-88.25088,41.09646],[-88.25077,41.09379],[-88.25076,41.09337],[-88.2493,41.05266],[-88.24826,41.02355],[-88.2473,40.99456],[-88.22824,40.99564],[-88.21063,40.99561],[-88.20872,40.9956],[-88.19905,40.99586],[-88.19782,40.99587],[-88.15993,40.99691],[-88.13265,40.99765],[-88.13193,40.99778],[-88.13112,40.99787],[-88.01685,40.99999],[-88.002,41.00013],[-87.92476,41.0024],[-87.92192,41.00247],[-87.92083,41.00251],[-87.91268,41.00271],[-87.91258,41.00317],[-87.91098,41.00321],[-87.91096,41.00276],[-87.90814,41.00292],[-87.90509,41.00292],[-87.90366,41.00294],[-87.81404,41.0047],[-87.81317,41.00486],[-87.81466,41.00549],[-87.82147,41.00743],[-87.82674,41.01015],[-87.82775,41.01087],[-87.83007,41.01388],[-87.83375,41.01614],[-87.84046,41.02335],[-87.84352,41.02618],[-87.84458,41.02809],[-87.84491,41.0303],[-87.84428,41.03372],[-87.84457,41.03574],[-87.84796,41.04067],[-87.84958,41.04374],[-87.85002,41.04607],[-87.84914,41.04773],[-87.84964,41.04793],[-87.84934,41.04803],[-87.84348,41.04869],[-87.8422,41.04968],[-87.84109,41.05292],[-87.83912,41.0552],[-87.83643,41.05769],[-87.83582,41.05799],[-87.83222,41.05946],[-87.83165,41.05985],[-87.83074,41.06186],[-87.83024,41.06263],[-87.8299,41.06281],[-87.82996,41.06434],[-87.82997,41.06537],[-87.83001,41.06808],[-87.83013,41.07726],[-87.83938,41.0771],[-87.83983,41.07709],[-87.84797,41.07709],[-87.84934,41.07761],[-87.84619,41.07851],[-87.84319,41.0799],[-87.84362,41.07985],[-87.84046,41.08191],[-87.83711,41.08545],[-87.83532,41.08889],[-87.83475,41.09155],[-87.83453,41.09156],[-87.83447,41.0923],[-87.83475,41.09982],[-87.835,41.10603],[-87.83526,41.10817],[-87.83533,41.10969],[-87.83544,41.11218],[-87.83599,41.11275],[-87.83545,41.11241],[-87.83629,41.13203],[-87.83631,41.13326],[-87.83608,41.13325],[-87.83622,41.13705],[-87.83654,41.14323],[-87.83707,41.14526],[-87.83821,41.14814],[-87.8367,41.14814],[-87.83485,41.14816],[-87.83635,41.14967],[-87.83669,41.15573],[-87.83669,41.1559],[-87.84005,41.15613],[-87.84288,41.16179],[-87.84179,41.16159],[-87.84086,41.16276],[-87.83682,41.1628],[-87.83698,41.17009],[-87.83714,41.17738],[-87.83733,41.18469],[-87.83743,41.18837],[-87.83752,41.19187],[-87.83752,41.19199],[-87.83783,41.20125],[-87.83803,41.20681],[-87.84292,41.20677],[-87.84763,41.20673],[-87.84879,41.20673],[-87.84984,41.20672],[-87.85119,41.20671],[-87.8671,41.20666],[-87.86736,41.21783],[-87.86646,41.22124],[-87.86631,41.22156],[-87.85863,41.2376],[-87.85833,41.2375],[-87.85209,41.2504],[-87.85247,41.2504],[-87.84541,41.26503],[-87.84561,41.26505],[-87.84192,41.27237],[-87.83085,41.29523],[-87.83049,41.29524],[-87.82334,41.31007],[-87.82196,41.31334],[-87.82028,41.32084],[-87.81887,41.32898],[-87.81521,41.34918],[-87.81474,41.35061],[-87.81261,41.35365],[-87.7861,41.37705],[-87.78163,41.38104],[-87.77969,41.38314],[-87.76837,41.39775],[-87.67034,41.39849],[-87.67057,41.42026],[-87.67057,41.42035],[-87.65762,41.4206],[-87.65155,41.42045],[-87.64666,41.42048],[-87.64061,41.42052],[-87.63875,41.42053],[-87.63587,41.42056],[-87.63543,41.42056],[-87.6334,41.42057],[-87.62987,41.42062],[-87.63006,41.42428],[-87.63015,41.426],[-87.63015,41.42605],[-87.63019,41.42694],[-87.63038,41.4303],[-87.63069,41.43511],[-87.6249,41.43518],[-87.62494,41.43868],[-87.62153,41.43887],[-87.62159,41.44247],[-87.62037,41.44248],[-87.61793,41.4425],[-87.61797,41.44634],[-87.61798,41.4479],[-87.6228,41.44786],[-87.62286,41.44973],[-87.63185,41.44963],[-87.63323,41.45635],[-87.63334,41.45689],[-87.62284,41.457],[-87.62245,41.46],[-87.62238,41.46012],[-87.62291,41.46015],[-87.6229,41.46021],[-87.62242,41.46426],[-87.62221,41.46446],[-87.62192,41.46463],[-87.62158,41.4648],[-87.6213,41.46491],[-87.62127,41.46469],[-87.62128,41.46433],[-87.61998,41.46428],[-87.61842,41.46429],[-87.62021,41.46983],[-87.61922,41.46984],[-87.61923,41.47418],[-87.61937,41.47549],[-87.61926,41.47709],[-87.61917,41.47709],[-87.61604,41.4771],[-87.61606,41.48072],[-87.61607,41.48293],[-87.61607,41.48421],[-87.61607,41.48451],[-87.6161,41.48785],[-87.6161,41.48808],[-87.61612,41.48938],[-87.61614,41.49166],[-87.61617,41.49867],[-87.61618,41.49898],[-87.61618,41.50256],[-87.61635,41.52076],[-87.61652,41.52804],[-87.61923,41.52803],[-87.61981,41.52823],[-87.61447,41.53528],[-87.61236,41.53901],[-87.61199,41.54257],[-87.62386,41.54247],[-87.62303,41.53533],[-87.62419,41.53533],[-87.62447,41.53726],[-87.63009,41.53721],[-87.62979,41.53795],[-87.6297,41.53876],[-87.63594,41.53878],[-87.637,41.53878],[-87.64072,41.53876],[-87.64566,41.53876],[-87.64925,41.53876],[-87.65228,41.53876],[-87.65359,41.53876],[-87.65507,41.53876],[-87.65507,41.53897],[-87.66271,41.53902],[-87.66257,41.5388],[-87.66033,41.53522],[-87.65673,41.52784],[-87.6591,41.52778],[-87.65986,41.52778],[-87.66234,41.52786],[-87.66477,41.52786],[-87.66476,41.52775],[-87.66475,41.52057],[-87.66958,41.52057],[-87.67446,41.52058],[-87.67443,41.51774],[-87.67441,41.51541],[-87.67439,41.51329],[-87.67436,41.50968],[-87.67434,41.5061],[-87.67433,41.50407],[-87.67904,41.50397],[-87.6792,41.50618],[-87.69816,41.50616],[-87.69831,41.50617],[-87.70028,41.50214],[-87.70184,41.49923],[-87.70324,41.4966],[-87.70592,41.49163],[-87.71299,41.49154],[-87.71294,41.4843],[-87.71612,41.48428],[-87.72214,41.4843],[-87.72239,41.4843],[-87.72239,41.48367],[-87.72215,41.47281],[-87.72238,41.47106],[-87.72234,41.46973],[-87.73206,41.46971],[-87.73219,41.46971],[-87.73904,41.46972],[-87.7423,41.46972],[-87.74777,41.46973],[-87.74827,41.46973],[-87.75496,41.46975],[-87.77097,41.46978],[-87.78059,41.46982],[-87.78345,41.46983],[-87.78604,41.46984],[-87.7873,41.46984],[-87.7903,41.46985],[-87.79997,41.46989],[-87.80817,41.46991],[-87.81934,41.46994],[-87.82325,41.46995],[-87.82908,41.46995],[-87.8339,41.46995],[-87.834,41.46995],[-87.83583,41.46995],[-87.84839,41.46996],[-87.88278,41.47001],[-87.88717,41.46992],[-87.88774,41.48402],[-87.88799,41.49134],[-87.88801,41.49203],[-87.88813,41.49502],[-87.88816,41.49598],[-87.88824,41.49829],[-87.88825,41.49852],[-87.88993,41.49844],[-87.90743,41.49829],[-87.90743,41.49842],[-87.91601,41.49832],[-87.9171,41.49831],[-87.92194,41.49833],[-87.92206,41.50188],[-87.92689,41.50184],[-87.92683,41.50002],[-87.93161,41.49933],[-87.94121,41.49913],[-87.94134,41.50308],[-87.94141,41.50527],[-87.94622,41.50521],[-87.94665,41.50521],[-87.95104,41.50514],[-87.95165,41.50513],[-87.96004,41.50496],[-87.96121,41.50493],[-87.96244,41.5049],[-87.96256,41.5049],[-87.96441,41.50488],[-87.9656,41.50589],[-87.96611,41.51218],[-87.98112,41.51188],[-87.98171,41.51187],[-87.9851,41.51183],[-87.98902,41.51176],[-87.98993,41.51175],[-87.9916,41.51172],[-87.9938,41.5132],[-88.00448,41.51329],[-88.0045,41.51382],[-88.01604,41.51359],[-88.02359,41.51342],[-88.02353,41.51097],[-88.02329,41.50376],[-88.02321,41.50065],[-88.02305,41.49656],[-88.02294,41.49298],[-88.0229,41.49199],[-88.02288,41.49141],[-88.02287,41.49125],[-88.02284,41.49045],[-88.02281,41.48982],[-88.02279,41.48932],[-88.0227,41.48644],[-88.02269,41.48614],[-88.02267,41.48566],[-88.02254,41.48206],[-88.02242,41.47846],[-88.0224,41.47801],[-88.0221,41.46766],[-88.022,41.46419],[-88.02178,41.45675],[-88.02116,41.43865],[-88.0209,41.43135],[-88.02038,41.41683],[-88.0201,41.40954],[-88.01964,41.39734],[-88.01956,41.39496],[-88.01899,41.38044],[-88.04744,41.37994],[-88.12738,41.37843],[-88.12829,41.3784],[-88.1349,41.37825],[-88.13792,41.37818],[-88.14449,41.37802],[-88.16353,41.37757],[-88.1636,41.37757],[-88.17348,41.37733],[-88.18658,41.377],[-88.18687,41.37699],[-88.19282,41.37687],[-88.1919,41.35029],[-88.19174,41.34372],[-88.19107,41.32601],[-88.19054,41.32601],[-88.1905,41.32498],[-88.19013,41.31231],[-88.18997,41.31166],[-88.18999,41.30775],[-88.18984,41.30433],[-88.1898,41.30338],[-88.18948,41.29707],[-88.18914,41.28983],[-88.1897,41.28982],[-88.20879,41.28935],[-88.20847,41.28223],[-88.20818,41.27553],[-88.20816,41.27505],[-88.21749,41.27486],[-88.21754,41.27484],[-88.2223,41.27476],[-88.23684,41.27444]]]},"properties":{"district":40}},{"type":"Feature","geometry":{"type":"Polygon","coordinates":[[[-88.44381,41.72179],[-88.44498,41.71698],[-88.44505,41.7164],[-88.44524,41.70715],[-88.44635,41.70532],[-88.44733,41.70423],[-88.44763,41.7038],[-88.44784,41.70346],[-88.44807,41.70295],[-88.44828,41.70233],[-88.4484,41.70169],[-88.44812,41.69139],[-88.44784,41.68942],[-88.44778,41.68915],[-88.44742,41.68769],[-88.44586,41.68293],[-88.44314,41.68353],[-88.42785,41.68698],[-88.42794,41.68651],[-88.42791,41.68462],[-88.42564,41.68464],[-88.42546,41.6855],[-88.42143,41.68497],[-88.42092,41.68492],[-88.41849,41.68461],[-88.41807,41.68452],[-88.41662,41.68398],[-88.41404,41.68241],[-88.41294,41.68169],[-88.41082,41.67973],[-88.41963,41.67541],[-88.41679,41.67452],[-88.41128,41.66987],[-88.41361,41.6674],[-88.4128,41.66643],[-88.4071,41.66938],[-88.40627,41.66821],[-88.40374,41.66861],[-88.40047,41.67156],[-88.3937,41.67523],[-88.38822,41.67655],[-88.38488,41.67644],[-88.38433,41.67556],[-88.38016,41.67571],[-88.37954,41.67585],[-88.37779,41.67539],[-88.37243,41.67583],[-88.37012,41.67657],[-88.37021,41.6826],[-88.36924,41.68266],[-88.3614,41.68314],[-88.36062,41.68324],[-88.35932,41.68365],[-88.35809,41.68443],[-88.35737,41.68527],[-88.35652,41.68719],[-88.3548,41.68687],[-88.3541,41.6866],[-88.35361,41.68613],[-88.35222,41.68671],[-88.35061,41.68876],[-88.34829,41.69621],[-88.34839,41.69928],[-88.34953,41.70059],[-88.34657,41.70046],[-88.34638,41.70045],[-88.3457,41.70046],[-88.34507,41.69813],[-88.34324,41.69795],[-88.34314,41.69327],[-88.33291,41.69336],[-88.33249,41.69242],[-88.32695,41.69387],[-88.32523,41.69453],[-88.31588,41.69967],[-88.31459,41.69836],[-88.31422,41.69755],[-88.31404,41.69036],[-88.3139,41.69037],[-88.31187,41.69053],[-88.3098,41.69069],[-88.30921,41.69075],[-88.30921,41.69197],[-88.30692,41.69202],[-88.30689,41.69098],[-88.30606,41.69105],[-88.30234,41.69141],[-88.29537,41.692],[-88.29515,41.69202],[-88.29344,41.69217],[-88.29331,41.69218],[-88.28882,41.69256],[-88.28285,41.69307],[-88.28271,41.69308],[-88.28009,41.69333],[-88.2761,41.69374],[-88.27546,41.69381],[-88.27534,41.69382],[-88.26422,41.69527],[-88.26081,41.69584],[-88.26027,41.69595],[-88.24715,41.69879],[-88.24681,41.69887],[-88.2427,41.69985],[-88.24171,41.70022],[-88.23747,41.70202],[-88.23495,41.70351],[-88.23464,41.70198],[-88.23441,41.69474],[-88.22951,41.69483],[-88.22676,41.69488],[-88.22465,41.69492],[-88.21864,41.69501],[-88.21471,41.69507],[-88.2148,41.70232],[-88.21481,41.70291],[-88.21388,41.70806],[-88.2122,41.70808],[-88.21049,41.70549],[-88.2058,41.70555],[-88.20582,41.70611],[-88.20591,41.70978],[-88.19441,41.70988],[-88.19454,41.71318],[-88.19607,41.71516],[-88.19666,41.71915],[-88.19863,41.72353],[-88.20011,41.72533],[-88.20511,41.7253],[-88.20604,41.72525],[-88.2063,41.72525],[-88.2062,41.73257],[-88.206,41.73257],[-88.20593,41.73782],[-88.2059,41.7397],[-88.20617,41.73981],[-88.20607,41.74692],[-88.20607,41.74725],[-88.20606,41.75326],[-88.1995,41.75546],[-88.19586,41.75657],[-88.1967,41.75817],[-88.19573,41.76123],[-88.19597,41.76933],[-88.20189,41.7693],[-88.20588,41.77022],[-88.20579,41.77685],[-88.20573,41.77742],[-88.20573,41.77781],[-88.20573,41.77788],[-88.20573,41.77812],[-88.20572,41.7782],[-88.20572,41.77829],[-88.20575,41.78138],[-88.21057,41.78144],[-88.22134,41.78142],[-88.22201,41.78145],[-88.22517,41.78148],[-88.23092,41.78149],[-88.2315,41.78147],[-88.23166,41.78147],[-88.23203,41.77666],[-88.24111,41.77531],[-88.24229,41.77513],[-88.24244,41.77467],[-88.24756,41.77346],[-88.2544,41.77244],[-88.26226,41.77129],[-88.26225,41.77017],[-88.26219,41.76599],[-88.26217,41.76467],[-88.26701,41.76416],[-88.26826,41.76405],[-88.27134,41.76368],[-88.27187,41.7634],[-88.27187,41.7633],[-88.27181,41.75884],[-88.27528,41.75778],[-88.27623,41.75907],[-88.27671,41.76078],[-88.28153,41.76069],[-88.28645,41.7606],[-88.28645,41.75787],[-88.29125,41.7581],[-88.29116,41.75401],[-88.29115,41.75096],[-88.29115,41.75077],[-88.29114,41.74898],[-88.29109,41.74598],[-88.29065,41.74405],[-88.29424,41.74398],[-88.29418,41.73906],[-88.29829,41.73586],[-88.30073,41.73579],[-88.30078,41.73816],[-88.3021,41.73828],[-88.3057,41.73862],[-88.31274,41.73927],[-88.31295,41.7376],[-88.32084,41.73816],[-88.32662,41.73812],[-88.3291,41.73808],[-88.33083,41.73807],[-88.33149,41.738],[-88.32983,41.74123],[-88.32934,41.74293],[-88.32777,41.74454],[-88.32949,41.74523],[-88.33112,41.74424],[-88.33375,41.74537],[-88.33592,41.74634],[-88.3371,41.74716],[-88.33768,41.7475],[-88.33915,41.74749],[-88.3415,41.74744],[-88.34155,41.74954],[-88.34155,41.75062],[-88.34155,41.75106],[-88.34157,41.75225],[-88.34257,41.75223],[-88.34259,41.75771],[-88.34244,41.76008],[-88.3481,41.76054],[-88.34961,41.76065],[-88.35918,41.76053],[-88.3592,41.7639],[-88.35931,41.76441],[-88.35934,41.77003],[-88.36053,41.77002],[-88.36054,41.77327],[-88.35932,41.77327],[-88.3594,41.78101],[-88.35945,41.78833],[-88.35922,41.791],[-88.35927,41.79176],[-88.34976,41.79215],[-88.34979,41.79494],[-88.34996,41.79494],[-88.34996,41.79536],[-88.34979,41.79537],[-88.35041,41.80469],[-88.35003,41.80764],[-88.34938,41.81026],[-88.34673,41.81023],[-88.34041,41.81055],[-88.3403,41.81892],[-88.34041,41.81892],[-88.34028,41.82017],[-88.34017,41.82867],[-88.3401,41.83536],[-88.34008,41.83684],[-88.34007,41.84167],[-88.32875,41.84188],[-88.32776,41.84179],[-88.32486,41.84235],[-88.32228,41.84185],[-88.31875,41.84176],[-88.30954,41.8413],[-88.30913,41.84282],[-88.30904,41.84432],[-88.30829,41.84474],[-88.30806,41.84712],[-88.30812,41.85461],[-88.30958,41.85519],[-88.31021,41.85605],[-88.31041,41.85783],[-88.31015,41.86004],[-88.31019,41.86194],[-88.31022,41.86412],[-88.3102,41.86505],[-88.30735,41.87555],[-88.30492,41.87913],[-88.30387,41.88172],[-88.30385,41.88175],[-88.29979,41.88184],[-88.29976,41.88188],[-88.291,41.88215],[-88.29058,41.88281],[-88.29221,41.88416],[-88.2919,41.88683],[-88.28929,41.8875],[-88.2898,41.89003],[-88.29017,41.89164],[-88.29168,41.8958],[-88.29227,41.89844],[-88.29279,41.89924],[-88.29968,41.90597],[-88.30364,41.91002],[-88.30473,41.91162],[-88.30687,41.91485],[-88.30778,41.91453],[-88.31355,41.91367],[-88.31527,41.91689],[-88.31753,41.91692],[-88.32016,41.91695],[-88.33036,41.91711],[-88.33999,41.91734],[-88.33999,41.91719],[-88.33999,41.91708],[-88.33999,41.91263],[-88.35423,41.91331],[-88.3545,41.91332],[-88.35474,41.91333],[-88.36016,41.91354],[-88.36001,41.90773],[-88.35941,41.90466],[-88.35932,41.90309],[-88.35134,41.90337],[-88.34969,41.90344],[-88.34855,41.90348],[-88.34709,41.90353],[-88.34683,41.90352],[-88.34283,41.90298],[-88.33993,41.90185],[-88.33238,41.89842],[-88.33185,41.89798],[-88.33096,41.89729],[-88.32629,41.89212],[-88.32626,41.88867],[-88.32513,41.8886],[-88.32557,41.88669],[-88.32558,41.8834],[-88.32089,41.88353],[-88.3209,41.88137],[-88.3209,41.88123],[-88.33057,41.88094],[-88.33454,41.88089],[-88.3404,41.88125],[-88.3404,41.88171],[-88.34121,41.88131],[-88.34165,41.88101],[-88.34746,41.87793],[-88.34847,41.87743],[-88.35285,41.87518],[-88.35453,41.87432],[-88.35492,41.87412],[-88.35514,41.87401],[-88.35796,41.87257],[-88.37069,41.86614],[-88.37126,41.86548],[-88.37144,41.86547],[-88.37208,41.86542],[-88.37556,41.86446],[-88.37561,41.86141],[-88.37565,41.85882],[-88.37571,41.85354],[-88.37573,41.85141],[-88.37575,41.84813],[-88.37577,41.84573],[-88.37578,41.8444],[-88.37605,41.8293],[-88.37602,41.82447],[-88.37905,41.82511],[-88.3808,41.82548],[-88.38422,41.82633],[-88.3888,41.82823],[-88.39582,41.82763],[-88.39765,41.82799],[-88.40166,41.8241],[-88.40293,41.8217],[-88.40291,41.81329],[-88.40442,41.81327],[-88.40439,41.81056],[-88.40438,41.80983],[-88.4025,41.80984],[-88.4012,41.80846],[-88.39541,41.80541],[-88.39547,41.79581],[-88.39661,41.79559],[-88.39813,41.79504],[-88.40148,41.79377],[-88.40429,41.792],[-88.40673,41.78932],[-88.40723,41.78842],[-88.41122,41.77694],[-88.41158,41.77597],[-88.41257,41.7734],[-88.41489,41.77037],[-88.41493,41.7693],[-88.4066,41.7683],[-88.40648,41.76828],[-88.40809,41.75805],[-88.40842,41.75809],[-88.41115,41.75832],[-88.41413,41.75826],[-88.42874,41.75717],[-88.43194,41.75712],[-88.43376,41.75726],[-88.43661,41.75746],[-88.44192,41.75799],[-88.44222,41.75801],[-88.44227,41.7579],[-88.44342,41.75541],[-88.44377,41.75442],[-88.44379,41.75335],[-88.44365,41.74371],[-88.44353,41.72903],[-88.44353,41.72345],[-88.44381,41.72179]]]},"properties":{"district":42}},{"type":"Feature","geometry":{"type":"Polygon","coordinates":[[[-89.62158,40.63402],[-89.62255,40.63327],[-89.62022,40.63286],[-89.61682,40.63084],[-89.61338,40.62992],[-89.61367,40.62952],[-89.6079,40.62913],[-89.60786,40.6205],[-89.60786,40.62026],[-89.60784,40.61512],[-89.60783,40.61263],[-89.60784,40.61176],[-89.60783,40.6101],[-89.60782,40.60757],[-89.6078,40.60413],[-89.60774,40.59698],[-89.60771,40.59354],[-89.60761,40.58333],[-89.60754,40.56788],[-89.60745,40.56328],[-89.60744,40.56276],[-89.60724,40.55246],[-89.6072,40.54855],[-89.60719,40.54598],[-89.60677,40.54041],[-89.60675,40.53861],[-89.60663,40.5271],[-89.60711,40.52382],[-89.60688,40.50959],[-89.60644,40.49513],[-89.60623,40.48198],[-89.60641,40.48052],[-89.60622,40.46578],[-89.60646,40.46019],[-89.6053,40.42241],[-89.60485,40.40052],[-89.6047,40.39316],[-89.60436,40.37851],[-89.60369,40.34939],[-89.60358,40.34547],[-89.60298,40.32027],[-89.60298,40.32013],[-89.60283,40.31282],[-89.60739,40.31281],[-89.60742,40.30917],[-89.6119,40.30914],[-89.61189,40.3055],[-89.60924,40.30553],[-89.60919,40.30402],[-89.60695,40.30329],[-89.60689,40.2981],[-89.60253,40.29812],[-89.60146,40.23918],[-89.60142,40.23575],[-89.60139,40.23292],[-89.60101,40.21841],[-89.6036,40.21838],[-89.60291,40.17927],[-89.60282,40.17538],[-89.60211,40.14303],[-89.60197,40.13572],[-89.60169,40.12238],[-89.6016,40.11738],[-89.60134,40.10361],[-89.60118,40.09595],[-89.60112,40.09228],[-89.5975,40.09231],[-89.59551,40.09232],[-89.59334,40.09233],[-89.58836,40.09235],[-89.57913,40.09242],[-89.57874,40.04878],[-89.57943,40.04877],[-89.57939,40.04509],[-89.57935,40.04157],[-89.57925,40.03429],[-89.57894,40.01221],[-89.57856,39.99067],[-89.57829,39.97613],[-89.52822,39.97648],[-89.52782,39.97648],[-89.52618,39.97651],[-89.52169,39.97651],[-89.50325,39.97664],[-89.50303,39.97663],[-89.50032,39.97666],[-89.48874,39.97673],[-89.48383,39.97673],[-89.48376,39.96925],[-89.48372,39.96221],[-89.48351,39.94049],[-89.4835,39.93315],[-89.48325,39.90414],[-89.48319,39.89681],[-89.48304,39.87504],[-89.46261,39.87506],[-89.44423,39.87494],[-89.44444,39.83921],[-89.44441,39.83888],[-89.44466,39.78819],[-89.42098,39.78808],[-89.39697,39.78786],[-89.36885,39.7875],[-89.36815,39.78749],[-89.36842,39.77188],[-89.36782,39.76804],[-89.36084,39.768],[-89.3596,39.76488],[-89.36003,39.76752],[-89.35811,39.77064],[-89.35591,39.7706],[-89.35414,39.77209],[-89.35267,39.76962],[-89.35002,39.76964],[-89.34549,39.76728],[-89.34294,39.76661],[-89.34159,39.76693],[-89.33405,39.76486],[-89.33155,39.76456],[-89.32916,39.76358],[-89.3271,39.76451],[-89.3273,39.76616],[-89.32531,39.76618],[-89.32522,39.76733],[-89.3286,39.76757],[-89.32915,39.7688],[-89.32792,39.76969],[-89.32563,39.77005],[-89.32234,39.77186],[-89.32056,39.77182],[-89.31777,39.77079],[-89.3155,39.77193],[-89.31455,39.77117],[-89.31258,39.7713],[-89.31045,39.77217],[-89.30784,39.77436],[-89.30312,39.77581],[-89.30044,39.77841],[-89.30143,39.77977],[-89.30009,39.78125],[-89.29963,39.7828],[-89.29829,39.7833],[-89.29971,39.78454],[-89.29842,39.78662],[-89.29695,39.7895],[-89.29412,39.79018],[-89.29309,39.78955],[-89.29155,39.79009],[-89.29261,39.79227],[-89.2921,39.79275],[-89.2893,39.79195],[-89.28659,39.79275],[-89.28544,39.79387],[-89.28339,39.79385],[-89.28268,39.79461],[-89.28368,39.79576],[-89.28177,39.79661],[-89.28117,39.79901],[-89.27954,39.79892],[-89.27853,39.80007],[-89.27641,39.79914],[-89.27209,39.80113],[-89.27142,39.80289],[-89.26933,39.80416],[-89.26537,39.80642],[-89.26459,39.80428],[-89.26254,39.80439],[-89.25975,39.80678],[-89.25997,39.808],[-89.25717,39.80981],[-89.25672,39.81312],[-89.25528,39.81472],[-89.25396,39.81665],[-89.25233,39.8204],[-89.25191,39.82256],[-89.24855,39.82574],[-89.24623,39.82595],[-89.24512,39.82455],[-89.24284,39.82315],[-89.24009,39.82314],[-89.2403,39.82184],[-89.23825,39.82106],[-89.23621,39.82181],[-89.23714,39.81993],[-89.2355,39.81886],[-89.23618,39.81756],[-89.23465,39.81735],[-89.23428,39.81627],[-89.23164,39.81604],[-89.23424,39.81515],[-89.23418,39.81309],[-89.22985,39.81358],[-89.22825,39.81321],[-89.22526,39.81495],[-89.22352,39.81465],[-89.22017,39.81291],[-89.21747,39.81322],[-89.21747,39.81367],[-89.21746,39.83649],[-89.16993,39.83667],[-89.16792,39.83661],[-89.16356,39.83602],[-89.1444,39.8317],[-89.14255,39.8314],[-89.14255,39.83171],[-89.14027,39.83148],[-89.1041,39.8314],[-89.10405,39.83112],[-89.08677,39.83119],[-89.08354,39.83141],[-89.07574,39.83277],[-89.0603,39.83548],[-89.05255,39.83661],[-89.04795,39.83741],[-89.04797,39.83794],[-89.05042,39.83802],[-89.0486,39.83933],[-89.04695,39.84123],[-89.0461,39.84298],[-89.04568,39.846],[-89.04563,39.85333],[-89.04523,39.85871],[-89.04416,39.86056],[-89.04337,39.86173],[-89.02887,39.87538],[-89.01074,39.87555],[-89.01035,39.86858],[-89.01035,39.86719],[-89.01032,39.86495],[-89.0103,39.86273],[-89.01029,39.86209],[-89.01027,39.85996],[-89.01027,39.85986],[-89.00517,39.85888],[-89.00337,39.85788],[-89.00139,39.86087],[-88.99978,39.85931],[-88.99796,39.85907],[-88.99797,39.86032],[-88.99224,39.86141],[-88.99218,39.86542],[-88.99083,39.86512],[-88.98824,39.8652],[-88.98705,39.86522],[-88.97506,39.86571],[-88.97291,39.86562],[-88.97294,39.86999],[-88.97299,39.87625],[-88.96437,39.87651],[-88.96437,39.8764],[-88.96155,39.87644],[-88.96077,39.8774],[-88.96088,39.88274],[-88.96038,39.88752],[-88.96213,39.8875],[-88.9645,39.88779],[-88.96452,39.89108],[-88.96456,39.89838],[-88.96087,39.8984],[-88.95529,39.89856],[-88.95532,39.90265],[-88.95545,39.90815],[-88.95525,39.90817],[-88.95063,39.9083],[-88.95059,39.9083],[-88.95059,39.90854],[-88.95042,39.90855],[-88.93665,39.90901],[-88.92654,39.90932],[-88.91778,39.90961],[-88.91778,39.90936],[-88.91772,39.90715],[-88.91763,39.89918],[-88.91762,39.89853],[-88.91752,39.89239],[-88.91271,39.89323],[-88.91158,39.89305],[-88.90968,39.89264],[-88.90758,39.89264],[-88.898,39.89278],[-88.898,39.89291],[-88.89329,39.89296],[-88.88386,39.89312],[-88.88384,39.88564],[-88.87898,39.8857],[-88.87889,39.88209],[-88.87908,39.88034],[-88.87948,39.87864],[-88.87954,39.87705],[-88.87915,39.87412],[-88.87898,39.86393],[-88.8788,39.86322],[-88.87866,39.86291],[-88.8786,39.86263],[-88.87795,39.85635],[-88.87824,39.854],[-88.8782,39.85381],[-88.87849,39.85127],[-88.87827,39.84913],[-88.88123,39.84907],[-88.8811,39.84543],[-88.88717,39.84521],[-88.88837,39.84448],[-88.88808,39.8345],[-88.87853,39.83458],[-88.87827,39.82125],[-88.87825,39.82003],[-88.88282,39.81996],[-88.88456,39.81993],[-88.88754,39.81997],[-88.88881,39.82002],[-88.89003,39.81957],[-88.89117,39.81996],[-88.89232,39.81994],[-88.89393,39.81985],[-88.89709,39.81981],[-88.89708,39.81946],[-88.90656,39.81983],[-88.90773,39.8199],[-88.90769,39.81434],[-88.90728,39.81246],[-88.91192,39.81241],[-88.91588,39.81271],[-88.91569,39.80852],[-88.92033,39.8085],[-88.92048,39.81254],[-88.92498,39.81264],[-88.92529,39.81944],[-88.92664,39.81934],[-88.93503,39.81915],[-88.93493,39.81591],[-88.93494,39.81334],[-88.93627,39.81505],[-88.94263,39.81606],[-88.94477,39.81753],[-88.94782,39.81813],[-88.94961,39.81899],[-88.94833,39.8158],[-88.95168,39.81613],[-88.9516,39.81709],[-88.95415,39.81835],[-88.9545,39.81932],[-88.95821,39.81903],[-88.95863,39.81818],[-88.96059,39.81815],[-88.96139,39.81813],[-88.96252,39.81716],[-88.96237,39.81667],[-88.9618,39.81589],[-88.96111,39.81565],[-88.9616,39.81488],[-88.96276,39.81602],[-88.96343,39.81739],[-88.96381,39.81882],[-88.96668,39.81477],[-88.96696,39.81426],[-88.9671,39.81409],[-88.96697,39.81409],[-88.968,39.81268],[-88.96928,39.8108],[-88.97221,39.80616],[-88.97207,39.80382],[-88.97301,39.80382],[-88.97447,39.79827],[-88.97497,39.79646],[-88.9769,39.78925],[-88.9742,39.78927],[-88.97185,39.78931],[-88.94362,39.78989],[-88.94277,39.78978],[-88.93858,39.79006],[-88.92516,39.79033],[-88.9153,39.79058],[-88.91234,39.79063],[-88.90199,39.79074],[-88.89798,39.79081],[-88.88944,39.79094],[-88.88944,39.79139],[-88.88839,39.79096],[-88.88239,39.79103],[-88.87647,39.7911],[-88.87248,39.79114],[-88.87108,39.79145],[-88.87102,39.79116],[-88.86818,39.79118],[-88.86324,39.79122],[-88.85228,39.79131],[-88.83066,39.79157],[-88.82122,39.79166],[-88.80168,39.79181],[-88.79272,39.79187],[-88.78765,39.79194],[-88.78726,39.79207],[-88.78673,39.79254],[-88.78502,39.79213],[-88.78346,39.79196],[-88.77785,39.79196],[-88.75866,39.79207],[-88.74567,39.79215],[-88.73984,39.79217],[-88.72022,39.79225],[-88.70789,39.79226],[-88.70429,39.79224],[-88.70133,39.79224],[-88.70044,39.79224],[-88.63881,39.79224],[-88.61344,39.79218],[-88.60403,39.79218],[-88.5993,39.79215],[-88.58752,39.79213],[-88.5851,39.79213],[-88.51902,39.79194],[-88.49205,39.79188],[-88.47318,39.79184],[-88.46258,39.79182],[-88.46233,39.79182],[-88.46232,39.79376],[-88.46226,39.80703],[-88.46225,39.80895],[-88.46224,39.81361],[-88.46221,39.87909],[-88.46225,39.8894],[-88.46227,39.89377],[-88.46248,39.93764],[-88.46251,39.94308],[-88.46256,39.94422],[-88.46257,39.9443],[-88.46253,39.95241],[-88.46265,39.96709],[-88.46302,40.05503],[-88.46327,40.11679],[-88.46329,40.11995],[-88.46336,40.1285],[-88.46327,40.13503],[-88.46323,40.14145],[-88.46317,40.1422],[-88.46327,40.14831],[-88.46334,40.17107],[-88.46355,40.22327],[-88.46072,40.22332],[-88.46049,40.26735],[-88.46042,40.28193],[-88.46027,40.31099],[-88.46038,40.34025],[-88.45996,40.39885],[-88.4598,40.41693],[-88.45954,40.44272],[-88.45944,40.45347],[-88.45923,40.48624],[-88.45926,40.53004],[-88.45927,40.53694],[-88.45932,40.56589],[-88.45935,40.57357],[-88.45939,40.60289],[-88.45947,40.61735],[-88.45955,40.67246],[-88.46701,40.67237],[-88.57539,40.67074],[-88.58234,40.67073],[-88.58343,40.71415],[-88.67939,40.71273],[-88.67917,40.69817],[-88.69851,40.69802],[-88.75014,40.69747],[-88.76385,40.67524],[-88.76389,40.67517],[-88.76824,40.66812],[-88.77093,40.66375],[-88.77421,40.65842],[-88.77418,40.64689],[-88.77103,40.64689],[-88.77103,40.64511],[-88.77409,40.6451],[-88.77408,40.63973],[-88.77498,40.63974],[-88.77526,40.63974],[-88.77824,40.63976],[-88.78387,40.63972],[-88.78564,40.63975],[-88.78947,40.63975],[-88.78997,40.63931],[-88.79711,40.63321],[-88.80601,40.62698],[-88.80668,40.62702],[-88.80791,40.62706],[-88.80788,40.62619],[-88.85542,40.59315],[-88.85535,40.59304],[-88.85511,40.57533],[-88.86486,40.5755],[-88.86482,40.56947],[-88.86479,40.5605],[-88.88412,40.56077],[-88.88401,40.5462],[-88.90311,40.54642],[-88.90308,40.53907],[-88.90302,40.53182],[-88.9028,40.51732],[-88.9027,40.51004],[-88.91233,40.50995],[-88.92435,40.50986],[-88.92437,40.5104],[-88.94193,40.51039],[-88.95196,40.51038],[-88.9532,40.51034],[-88.9531,40.50523],[-88.95304,40.50271],[-88.95291,40.49669],[-88.94791,40.49629],[-88.94269,40.49615],[-88.93894,40.49617],[-88.93819,40.49615],[-88.93625,40.49577],[-88.93365,40.49576],[-88.93358,40.48847],[-88.9239,40.48844],[-88.91315,40.48829],[-88.90253,40.48812],[-88.90248,40.48676],[-88.90222,40.47406],[-88.90214,40.47294],[-88.90274,40.47293],[-88.9062,40.4729],[-88.90907,40.47288],[-88.9219,40.47268],[-88.92259,40.47267],[-88.92356,40.47326],[-88.92355,40.47366],[-88.92367,40.48064],[-88.92706,40.48064],[-88.94313,40.48073],[-88.94312,40.47996],[-88.94978,40.47991],[-88.95257,40.47998],[-88.95244,40.47357],[-88.95262,40.47359],[-88.95335,40.46942],[-88.95516,40.46631],[-88.95773,40.46375],[-88.96247,40.4612],[-88.96249,40.46103],[-88.96661,40.45997],[-88.97057,40.45967],[-88.97165,40.45965],[-88.97666,40.45953],[-88.97991,40.45947],[-88.97997,40.45947],[-88.98155,40.45943],[-88.98364,40.45937],[-88.99282,40.45913],[-88.99298,40.45913],[-89.00248,40.45893],[-89.00322,40.45881],[-89.006,40.45794],[-89.006,40.45817],[-89.006,40.45893],[-89.00778,40.45894],[-89.01566,40.45889],[-89.01982,40.45889],[-89.02048,40.45889],[-89.02365,40.45882],[-89.0275,40.45874],[-89.0306,40.46456],[-89.03116,40.4663],[-89.03138,40.46848],[-89.0306,40.47252],[-89.02877,40.48022],[-89.02868,40.4812],[-89.02866,40.48488],[-89.04059,40.4868],[-89.04486,40.48735],[-89.04798,40.48753],[-89.04907,40.48758],[-89.05086,40.48763],[-89.05884,40.48767],[-89.05898,40.48767],[-89.05926,40.495],[-89.0591,40.495],[-89.05915,40.49667],[-89.05939,40.50237],[-89.0596,40.50984],[-89.05991,40.5202],[-89.06008,40.52114],[-89.06026,40.52407],[-89.06049,40.53183],[-89.06182,40.53183],[-89.0722,40.54038],[-89.07626,40.5409],[-89.07996,40.54233],[-89.09898,40.55301],[-89.10213,40.55478],[-89.10556,40.55696],[-89.11185,40.56136],[-89.13126,40.57492],[-89.14071,40.58153],[-89.14306,40.58365],[-89.1474,40.58821],[-89.14934,40.58994],[-89.15513,40.59364],[-89.15945,40.59632],[-89.16466,40.59952],[-89.16465,40.5999],[-89.18878,40.61051],[-89.18879,40.60898],[-89.19285,40.60965],[-89.19827,40.61005],[-89.20301,40.61003],[-89.22397,40.60983],[-89.23116,40.61032],[-89.23743,40.61151],[-89.24829,40.61436],[-89.27204,40.622],[-89.27481,40.62259],[-89.27625,40.62273],[-89.27891,40.62272],[-89.28621,40.6224],[-89.28923,40.62228],[-89.3021,40.62176],[-89.30441,40.62177],[-89.32754,40.62256],[-89.3286,40.62262],[-89.33978,40.62282],[-89.38058,40.62234],[-89.38459,40.6223],[-89.40337,40.62208],[-89.43925,40.62087],[-89.44099,40.62086],[-89.44513,40.62102],[-89.4454,40.62103],[-89.45048,40.62129],[-89.45033,40.62182],[-89.4504,40.63488],[-89.45045,40.63841],[-89.45027,40.64099],[-89.4504,40.64187],[-89.45261,40.6438],[-89.45542,40.64523],[-89.45875,40.64666],[-89.45989,40.64735],[-89.46294,40.6493],[-89.46913,40.65088],[-89.47108,40.65066],[-89.47499,40.64953],[-89.47777,40.64937],[-89.47998,40.64961],[-89.4834,40.65048],[-89.48607,40.65178],[-89.48828,40.65381],[-89.4899,40.65565],[-89.49277,40.657],[-89.49744,40.65813],[-89.49946,40.65893],[-89.50029,40.65938],[-89.50114,40.66002],[-89.5014,40.66022],[-89.50185,40.66023],[-89.50255,40.66025],[-89.50963,40.66014],[-89.51272,40.66009],[-89.51364,40.66008],[-89.51565,40.66006],[-89.52764,40.66013],[-89.5289,40.66014],[-89.53169,40.66015],[-89.53442,40.66009],[-89.53571,40.66012],[-89.5395,40.65984],[-89.54109,40.65976],[-89.54133,40.65976],[-89.54137,40.65976],[-89.54188,40.65975],[-89.54499,40.65979],[-89.54583,40.65981],[-89.54653,40.65983],[-89.54946,40.65991],[-89.5505,40.65981],[-89.55107,40.65974],[-89.55405,40.65969],[-89.55545,40.65981],[-89.55553,40.65982],[-89.55717,40.66016],[-89.56663,40.66049],[-89.57393,40.66049],[-89.57799,40.66052],[-89.5792,40.66052],[-89.58872,40.66058],[-89.58893,40.66058],[-89.58923,40.66059],[-89.59767,40.65597],[-89.59781,40.65487],[-89.5987,40.65581],[-89.60808,40.65071],[-89.60809,40.65133],[-89.62138,40.63423],[-89.62158,40.63402]]]},"properties":{"district":44}},{"type":"Feature","geometry":{"type":"Polygon","coordinates":[[[-89.97379,38.86196],[-89.97388,38.84772],[-89.97193,38.84609],[-89.9688,38.84506],[-89.96698,38.8434],[-89.96559,38.84108],[-89.96335,38.83898],[-89.9671,38.83265],[-89.92803,38.83208],[-89.92821,38.81448],[-89.92824,38.81203],[-89.92824,38.81187],[-89.92858,38.80627],[-89.92794,38.80603],[-89.92846,38.79377],[-89.92838,38.79303],[-89.92838,38.78792],[-89.9284,38.78131],[-89.92841,38.78129],[-89.92848,38.7811],[-89.92853,38.774],[-89.92855,38.77129],[-89.92857,38.76764],[-89.92867,38.75206],[-89.92871,38.74503],[-89.93326,38.74503],[-89.94714,38.74496],[-89.94714,38.74315],[-89.94707,38.74203],[-89.94736,38.7397],[-89.94742,38.73816],[-89.94303,38.73805],[-89.94032,38.73798],[-89.93783,38.73791],[-89.93755,38.73791],[-89.93491,38.73786],[-89.93516,38.73715],[-89.93516,38.73299],[-89.93515,38.73099],[-89.93776,38.73059],[-89.94072,38.73008],[-89.94189,38.72973],[-89.94697,38.72781],[-89.94741,38.7273],[-89.9484,38.72674],[-89.95262,38.72364],[-89.95283,38.72318],[-89.95323,38.72319],[-89.95351,38.72281],[-89.95391,38.72218],[-89.95491,38.72047],[-89.95518,38.72006],[-89.9565,38.71897],[-89.9565,38.7188],[-89.95662,38.71568],[-89.95881,38.70818],[-89.95886,38.708],[-89.95659,38.70835],[-89.9469,38.70983],[-89.94722,38.70946],[-89.94713,38.69882],[-89.9477,38.69815],[-89.95261,38.69832],[-89.95643,38.69841],[-89.95665,38.69849],[-89.95666,38.69854],[-89.95738,38.69842],[-89.95462,38.69401],[-89.95192,38.69288],[-89.95288,38.69152],[-89.95327,38.68989],[-89.95349,38.68945],[-89.95348,38.68799],[-89.95199,38.68601],[-89.95074,38.68108],[-89.95053,38.67909],[-89.95111,38.67764],[-89.95291,38.6761],[-89.9492,38.67546],[-89.94515,38.67339],[-89.94418,38.67232],[-89.94127,38.67164],[-89.93817,38.67173],[-89.93667,38.67037],[-89.93526,38.67033],[-89.93163,38.66889],[-89.9287,38.66881],[-89.92888,38.65771],[-89.9284,38.65771],[-89.92861,38.65008],[-89.92878,38.64958],[-89.92881,38.63273],[-89.92921,38.63282],[-89.92926,38.63245],[-89.92893,38.63081],[-89.92831,38.62949],[-89.9283,38.62437],[-89.9282,38.62278],[-89.9256,38.62427],[-89.92366,38.62519],[-89.92116,38.6273],[-89.92114,38.62903],[-89.91357,38.62912],[-89.91141,38.6274],[-89.9107,38.62718],[-89.9108,38.61794],[-89.91082,38.61518],[-89.91083,38.61423],[-89.90965,38.61423],[-89.8933,38.61413],[-89.89239,38.61413],[-89.8924,38.61321],[-89.89241,38.61245],[-89.89244,38.60661],[-89.89246,38.60432],[-89.89246,38.6039],[-89.89247,38.60323],[-89.89248,38.59931],[-89.88734,38.59924],[-89.88326,38.59931],[-89.87399,38.5994],[-89.87401,38.60268],[-89.87404,38.60634],[-89.87406,38.60857],[-89.87408,38.61043],[-89.86942,38.61022],[-89.86943,38.60642],[-89.86943,38.60611],[-89.87016,38.60615],[-89.87019,38.60584],[-89.86976,38.60579],[-89.86851,38.60496],[-89.86768,38.60487],[-89.86731,38.60459],[-89.86557,38.60454],[-89.86555,38.60519],[-89.86477,38.60516],[-89.86472,38.60473],[-89.86484,38.59866],[-89.86943,38.59885],[-89.86943,38.59246],[-89.86772,38.5924],[-89.86487,38.59506],[-89.8617,38.59494],[-89.86482,38.59303],[-89.8649,38.59142],[-89.86416,38.59135],[-89.85356,38.59087],[-89.85317,38.59028],[-89.84981,38.59081],[-89.84627,38.59166],[-89.83561,38.59413],[-89.83344,38.59435],[-89.83272,38.59437],[-89.829,38.59434],[-89.8279,38.5945],[-89.82796,38.59676],[-89.8258,38.5967],[-89.82131,38.59768],[-89.8206,38.5984],[-89.8235,38.59834],[-89.82352,38.59998],[-89.8245,38.59984],[-89.82788,38.60111],[-89.82786,38.6052],[-89.82553,38.60517],[-89.82561,38.60879],[-89.82786,38.60881],[-89.82776,38.61199],[-89.82768,38.61209],[-89.82767,38.61241],[-89.82146,38.61238],[-89.82036,38.61237],[-89.81978,38.61236],[-89.81924,38.61611],[-89.8186,38.6161],[-89.8186,38.61986],[-89.81568,38.61725],[-89.81338,38.61734],[-89.81412,38.61845],[-89.81235,38.61908],[-89.80757,38.61902],[-89.80755,38.62119],[-89.80753,38.62596],[-89.80883,38.65573],[-89.79031,38.65557],[-89.79018,38.65133],[-89.7882,38.65285],[-89.78485,38.65393],[-89.78276,38.65411],[-89.77831,38.65419],[-89.77748,38.65547],[-89.76085,38.65529],[-89.76084,38.61194],[-89.77977,38.61195],[-89.77985,38.60376],[-89.77981,38.59907],[-89.77983,38.5938],[-89.77978,38.58299],[-89.76141,38.58279],[-89.76148,38.56822],[-89.75217,38.56815],[-89.7501,38.56835],[-89.74677,38.56818],[-89.7056,38.56791],[-89.70545,38.55819],[-89.70529,38.54602],[-89.70526,38.54363],[-89.70515,38.53506],[-89.70511,38.53041],[-89.70506,38.5241],[-89.70506,38.5238],[-89.70503,38.51886],[-89.705,38.51492],[-89.70497,38.50948],[-89.70459,38.48028],[-89.70424,38.41578],[-89.70422,38.40756],[-89.70414,38.39944],[-89.70414,38.39756],[-89.70413,38.39278],[-89.721,38.39291],[-89.72213,38.3925],[-89.72242,38.39204],[-89.72259,38.37415],[-89.72376,38.3729],[-89.72267,38.36912],[-89.72264,38.36597],[-89.72261,38.3617],[-89.72249,38.34295],[-89.74098,38.3433],[-89.74866,38.34345],[-89.76017,38.34362],[-89.76018,38.33882],[-89.76083,38.33615],[-89.76028,38.33422],[-89.76044,38.32201],[-89.76032,38.32113],[-89.76078,38.3062],[-89.70752,38.3055],[-89.70372,38.30562],[-89.70372,38.3055],[-89.68913,38.30569],[-89.68754,38.3054],[-89.68713,38.30571],[-89.61737,38.30645],[-89.61166,38.30648],[-89.59315,38.30657],[-89.5517,38.30567],[-89.54207,38.30549],[-89.53337,38.30527],[-89.4776,38.30361],[-89.4389,38.30287],[-89.38068,38.30263],[-89.37156,38.3025],[-89.25776,38.30212],[-89.20416,38.30191],[-89.18266,38.30158],[-89.17745,38.30144],[-89.14626,38.30053],[-89.14626,38.30059],[-89.14613,38.30775],[-89.14565,38.33674],[-89.1455,38.3582],[-89.1455,38.35844],[-89.14547,38.38713],[-89.14547,38.38744],[-89.14527,38.4232],[-89.1449,38.44496],[-89.14476,38.45235],[-89.14456,38.4637],[-89.14445,38.4705],[-89.14439,38.47388],[-89.13988,38.47391],[-89.07013,38.47424],[-89.06513,38.47421],[-89.05773,38.47417],[-89.05177,38.47414],[-89.04249,38.47405],[-89.03772,38.47401],[-89.03315,38.47396],[-89.02148,38.47435],[-88.9793,38.47551],[-88.96915,38.47577],[-88.9653,38.47586],[-88.95993,38.47598],[-88.94847,38.47629],[-88.92243,38.47697],[-88.90716,38.47677],[-88.90391,38.47673],[-88.89426,38.47661],[-88.84753,38.47611],[-88.81057,38.47577],[-88.81033,38.47577],[-88.81,38.50508],[-88.80981,38.52023],[-88.80637,38.51948],[-88.80475,38.51939],[-88.73313,38.51896],[-88.71793,38.5208],[-88.71167,38.52112],[-88.70383,38.52059],[-88.69904,38.51983],[-88.69887,38.53329],[-88.69875,38.56219],[-88.69875,38.56225],[-88.69846,38.60606],[-88.58453,38.60731],[-88.58453,38.60714],[-88.56411,38.60697],[-88.48906,38.60492],[-88.47018,38.60431],[-88.41981,38.60288],[-88.41968,38.60288],[-88.38285,38.6024],[-88.36418,38.60249],[-88.36418,38.60224],[-88.25746,38.59914],[-88.25746,38.59949],[-88.25398,38.5995],[-88.24088,38.59952],[-88.22243,38.59862],[-88.14819,38.59799],[-88.1478,38.56904],[-88.1477,38.56903],[-88.09511,38.56948],[-88.05695,38.56989],[-88.05386,38.56996],[-88.03849,38.57046],[-88.03323,38.57047],[-88.02397,38.57055],[-88.01027,38.57047],[-88.0038,38.57043],[-87.98018,38.57001],[-87.97593,38.57],[-87.97592,38.57017],[-87.95467,38.57023],[-87.95301,38.57014],[-87.91229,38.5701],[-87.91032,38.57479],[-87.91028,38.57493],[-87.90949,38.65832],[-87.90939,38.67304],[-87.90915,38.71367],[-87.90901,38.72466],[-87.90896,38.73204],[-87.90896,38.7323],[-87.90889,38.74682],[-87.90872,38.76169],[-87.90871,38.76238],[-87.9087,38.76351],[-87.90854,38.77634],[-87.90811,38.85011],[-87.94592,38.85015],[-87.94992,38.85025],[-87.99279,38.84973],[-88.02334,38.84987],[-88.02334,38.84973],[-88.02361,38.84972],[-88.03241,38.8498],[-88.03587,38.84983],[-88.05689,38.84936],[-88.07588,38.849],[-88.09411,38.8485],[-88.09461,38.84849],[-88.11805,38.84777],[-88.1184,38.84776],[-88.15026,38.84695],[-88.24427,38.84741],[-88.24906,38.84743],[-88.25858,38.84753],[-88.27189,38.84798],[-88.27238,38.848],[-88.27682,38.84814],[-88.2772,38.84815],[-88.35154,38.85154],[-88.36176,38.85212],[-88.36183,38.86708],[-88.3618,38.89589],[-88.36178,38.89854],[-88.36174,38.90741],[-88.36174,38.91085],[-88.36183,38.9182],[-88.36188,38.92128],[-88.36193,38.9246],[-88.36193,38.92619],[-88.36206,38.93888],[-88.36207,38.93968],[-88.36223,38.95215],[-88.36235,38.96416],[-88.36236,38.96451],[-88.36255,38.98239],[-88.36275,38.99761],[-88.36275,38.9978],[-88.36278,39.00123],[-88.46842,39.00105],[-88.50618,39.00172],[-88.51397,39.00214],[-88.54412,39.00284],[-88.57806,39.00275],[-88.62066,39.00324],[-88.62504,39.00303],[-88.65342,39.0029],[-88.65854,39.00287],[-88.67211,39.00273],[-88.69234,39.00255],[-88.80009,38.99903],[-88.80615,38.99892],[-88.80594,39.02636],[-88.80594,39.02661],[-88.80579,39.07165],[-88.80569,39.08614],[-88.80569,39.08634],[-88.80562,39.12988],[-88.80567,39.14529],[-88.80575,39.16805],[-88.8055,39.17264],[-88.80532,39.21626],[-88.80594,39.21638],[-88.81938,39.21637],[-88.83355,39.21637],[-88.83679,39.21655],[-88.83744,39.21637],[-88.85847,39.21643],[-88.89888,39.21649],[-88.90363,39.21651],[-88.91748,39.21655],[-88.97783,39.2161],[-88.99168,39.21594],[-89.01026,39.21567],[-89.02129,39.21585],[-89.02571,39.21572],[-89.02677,39.21547],[-89.03519,39.21561],[-89.05752,39.21604],[-89.08214,39.21662],[-89.10079,39.21699],[-89.13941,39.21724],[-89.13946,39.21777],[-89.14076,39.21789],[-89.22289,39.21751],[-89.23145,39.21749],[-89.24978,39.21746],[-89.25051,39.21751],[-89.26944,39.21759],[-89.26942,39.20292],[-89.2881,39.20311],[-89.28809,39.20661],[-89.30719,39.20667],[-89.30717,39.21037],[-89.32095,39.21021],[-89.32625,39.21017],[-89.33499,39.20999],[-89.33693,39.2091],[-89.34245,39.20796],[-89.35093,39.20563],[-89.35427,39.20534],[-89.35433,39.20532],[-89.35644,39.20449],[-89.3572,39.20388],[-89.35861,39.20348],[-89.35905,39.20318],[-89.35921,39.20257],[-89.36366,39.20256],[-89.36403,39.20195],[-89.36393,39.19532],[-89.36365,39.19505],[-89.36361,39.17312],[-89.36302,39.1207],[-89.36308,39.12031],[-89.36268,39.0965],[-89.36264,39.09623],[-89.36239,39.07419],[-89.36229,39.06638],[-89.36201,39.04386],[-89.36198,39.04219],[-89.36179,39.02772],[-89.36896,39.02773],[-89.38972,39.02783],[-89.39882,39.02785],[-89.46863,39.02778],[-89.47335,39.02777],[-89.47605,39.02778],[-89.47808,39.02779],[-89.48273,39.02784],[-89.4874,39.02788],[-89.52121,39.02817],[-89.52876,39.02819],[-89.52939,39.02821],[-89.53862,39.02823],[-89.53968,39.02824],[-89.56156,39.02831],[-89.58028,39.02837],[-89.58634,39.02833],[-89.58611,39.0029],[-89.58609,38.99946],[-89.61408,38.99931],[-89.63926,38.99913],[-89.66568,38.99905],[-89.69855,38.99898],[-89.70791,38.99895],[-89.70924,38.99895],[-89.74958,38.99878],[-89.7551,38.99876],[-89.76462,38.99863],[-89.77377,38.99847],[-89.78279,38.99848],[-89.79111,38.99849],[-89.80236,38.99842],[-89.81047,38.99836],[-89.81296,38.99833],[-89.82138,38.9984],[-89.86622,38.99858],[-89.89775,38.99869],[-89.92252,38.99875],[-89.92698,38.99877],[-89.92699,38.98808],[-89.92702,38.97032],[-89.92702,38.96641],[-89.92702,38.963],[-89.92722,38.94196],[-89.92725,38.93789],[-89.92738,38.92688],[-89.92734,38.92585],[-89.92711,38.92575],[-89.92757,38.92527],[-89.92742,38.92267],[-89.92738,38.9225],[-89.92741,38.91952],[-89.92741,38.91231],[-89.92752,38.89494],[-89.9276,38.86133],[-89.93752,38.86185],[-89.93872,38.86155],[-89.94702,38.86181],[-89.95967,38.86178],[-89.95971,38.86537],[-89.96177,38.86184],[-89.96449,38.86172],[-89.97379,38.86196]]]},"properties":{"district":55}},{"type":"Feature","geometry":{"type":"Polygon","coordinates":[[[-88.02769,41.64151],[-88.0274,41.63067],[-88.02737,41.62947],[-88.02715,41.62396],[-88.02708,41.62286],[-88.02701,41.62233],[-88.02696,41.61968],[-88.02699,41.61923],[-88.02702,41.6183],[-88.02697,41.61667],[-88.0269,41.61609],[-88.02682,41.61241],[-88.02658,41.60513],[-88.02655,41.60315],[-88.02643,41.6012],[-88.02642,41.60081],[-88.02642,41.60066],[-88.02631,41.59778],[-88.02816,41.59774],[-88.03106,41.59766],[-88.03114,41.59554],[-88.03296,41.59576],[-88.03386,41.593],[-88.03585,41.59268],[-88.03622,41.59026],[-88.02607,41.59056],[-88.02579,41.5833],[-88.02577,41.58241],[-88.02576,41.58207],[-88.02574,41.58144],[-88.02565,41.57793],[-88.02562,41.57693],[-88.02561,41.57657],[-88.02552,41.57419],[-88.02549,41.57235],[-88.02538,41.56877],[-88.02526,41.56512],[-88.02526,41.56507],[-88.02515,41.56145],[-88.02504,41.55838],[-88.02493,41.55419],[-88.02471,41.54726],[-88.02463,41.54505],[-88.02446,41.54001],[-88.02443,41.5391],[-88.02439,41.53762],[-88.02427,41.53323],[-88.02417,41.53003],[-88.02417,41.52998],[-88.02416,41.52984],[-88.02415,41.52966],[-88.02395,41.52302],[-88.02391,41.52199],[-88.0236,41.51366],[-88.02359,41.51342],[-88.01604,41.51359],[-88.0045,41.51382],[-88.00448,41.51329],[-87.9938,41.5132],[-87.9916,41.51172],[-87.98993,41.51175],[-87.98902,41.51176],[-87.9851,41.51183],[-87.98171,41.51187],[-87.98112,41.51188],[-87.96611,41.51218],[-87.9656,41.50589],[-87.96441,41.50488],[-87.96256,41.5049],[-87.96244,41.5049],[-87.96121,41.50493],[-87.96004,41.50496],[-87.95165,41.50513],[-87.95104,41.50514],[-87.94665,41.50521],[-87.94622,41.50521],[-87.94141,41.50527],[-87.94134,41.50308],[-87.94121,41.49913],[-87.93161,41.49933],[-87.92683,41.50002],[-87.92689,41.50184],[-87.92206,41.50188],[-87.92194,41.49833],[-87.9171,41.49831],[-87.91601,41.49832],[-87.90743,41.49842],[-87.90743,41.49829],[-87.88993,41.49844],[-87.88825,41.49852],[-87.88824,41.49829],[-87.88816,41.49598],[-87.88813,41.49502],[-87.88801,41.49203],[-87.88799,41.49134],[-87.88774,41.48402],[-87.88717,41.46992],[-87.88278,41.47001],[-87.84839,41.46996],[-87.83583,41.46995],[-87.834,41.46995],[-87.8339,41.46995],[-87.82908,41.46995],[-87.82325,41.46995],[-87.81934,41.46994],[-87.80817,41.46991],[-87.79997,41.46989],[-87.7903,41.46985],[-87.7873,41.46984],[-87.78604,41.46984],[-87.78345,41.46983],[-87.78059,41.46982],[-87.77097,41.46978],[-87.75496,41.46975],[-87.74827,41.46973],[-87.74777,41.46973],[-87.7423,41.46972],[-87.73904,41.46972],[-87.73219,41.46971],[-87.73206,41.46971],[-87.72234,41.46973],[-87.72238,41.47106],[-87.72215,41.47281],[-87.72239,41.48367],[-87.72239,41.4843],[-87.72214,41.4843],[-87.71612,41.48428],[-87.71294,41.4843],[-87.71299,41.49154],[-87.70592,41.49163],[-87.70324,41.4966],[-87.70184,41.49923],[-87.70028,41.50214],[-87.69831,41.50617],[-87.69816,41.50616],[-87.69432,41.51349],[-87.69372,41.5135],[-87.69384,41.51413],[-87.68633,41.52801],[-87.68649,41.52801],[-87.69389,41.52799],[-87.71329,41.52794],[-87.71329,41.52914],[-87.71334,41.53606],[-87.71338,41.53929],[-87.71338,41.54009],[-87.71338,41.54165],[-87.71339,41.5425],[-87.71343,41.54613],[-87.71345,41.54796],[-87.71347,41.54975],[-87.71328,41.54973],[-87.70852,41.54973],[-87.70813,41.55059],[-87.70406,41.55095],[-87.7038,41.54975],[-87.69853,41.54983],[-87.69901,41.55716],[-87.6942,41.55717],[-87.68941,41.55718],[-87.68945,41.56443],[-87.68501,41.5643],[-87.68445,41.56803],[-87.6811,41.56812],[-87.68003,41.56812],[-87.67994,41.57062],[-87.67999,41.5708],[-87.67987,41.57177],[-87.67502,41.57173],[-87.67492,41.57201],[-87.67506,41.57854],[-87.67601,41.57893],[-87.67587,41.57903],[-87.67605,41.57913],[-87.67763,41.58001],[-87.67993,41.58224],[-87.68084,41.58405],[-87.68114,41.58624],[-87.6848,41.5863],[-87.68844,41.58628],[-87.69447,41.58625],[-87.70659,41.58621],[-87.71008,41.58621],[-87.71385,41.58619],[-87.71386,41.58727],[-87.71387,41.58783],[-87.71388,41.58926],[-87.71389,41.58982],[-87.71392,41.59348],[-87.71393,41.59444],[-87.71394,41.595],[-87.71396,41.59528],[-87.71405,41.59572],[-87.71416,41.59603],[-87.71488,41.5971],[-87.71612,41.59614],[-87.71608,41.59649],[-87.71682,41.59592],[-87.71676,41.59634],[-87.72447,41.59058],[-87.72676,41.58989],[-87.72809,41.58957],[-87.7296,41.58928],[-87.73108,41.58904],[-87.73513,41.58891],[-87.73599,41.58889],[-87.73599,41.58865],[-87.74604,41.58852],[-87.74701,41.5885],[-87.74762,41.58849],[-87.74756,41.58646],[-87.74813,41.58543],[-87.74807,41.58305],[-87.75059,41.58304],[-87.75075,41.58109],[-87.75528,41.58104],[-87.75548,41.57847],[-87.75541,41.57831],[-87.75521,41.57764],[-87.75513,41.57549],[-87.75509,41.57374],[-87.75835,41.57368],[-87.75991,41.57365],[-87.76485,41.57356],[-87.76967,41.57347],[-87.77454,41.57338],[-87.77475,41.57923],[-87.77708,41.57845],[-87.78103,41.57898],[-87.78329,41.57903],[-87.78449,41.57897],[-87.78454,41.58055],[-87.78678,41.58051],[-87.7893,41.58048],[-87.79346,41.58047],[-87.79366,41.58775],[-87.79909,41.58769],[-87.79981,41.58767],[-87.80141,41.58549],[-87.80274,41.5856],[-87.80319,41.58031],[-87.80296,41.57297],[-87.8127,41.57288],[-87.81241,41.5632],[-87.81226,41.55829],[-87.81714,41.55822],[-87.81794,41.5582],[-87.82556,41.55812],[-87.83172,41.55803],[-87.83201,41.5671],[-87.83083,41.56864],[-87.83219,41.57122],[-87.83223,41.57257],[-87.83245,41.57983],[-87.83257,41.58383],[-87.83271,41.58782],[-87.83271,41.58787],[-87.83276,41.58916],[-87.83281,41.59047],[-87.83281,41.59049],[-87.83281,41.59056],[-87.83281,41.59058],[-87.83282,41.59064],[-87.83282,41.59067],[-87.83282,41.59075],[-87.83296,41.59437],[-87.83306,41.59641],[-87.83325,41.60169],[-87.83571,41.60166],[-87.84043,41.60159],[-87.84573,41.60147],[-87.84666,41.60148],[-87.84796,41.60145],[-87.84786,41.59894],[-87.84766,41.59417],[-87.84737,41.58682],[-87.85237,41.58674],[-87.8572,41.58666],[-87.86026,41.5866],[-87.86143,41.58657],[-87.87173,41.5864],[-87.8814,41.58627],[-87.88348,41.58625],[-87.88382,41.58625],[-87.88422,41.58624],[-87.88927,41.58618],[-87.89105,41.58616],[-87.89119,41.59158],[-87.89145,41.60067],[-87.89506,41.6006],[-87.90106,41.60048],[-87.90781,41.60036],[-87.91046,41.6003],[-87.91079,41.60758],[-87.911,41.6149],[-87.92163,41.61474],[-87.93055,41.61458],[-87.93106,41.6291],[-87.93435,41.62903],[-87.93597,41.629],[-87.9444,41.62881],[-87.94457,41.63699],[-87.94658,41.63697],[-87.94669,41.63953],[-87.94804,41.63951],[-87.94659,41.64262],[-87.95083,41.64254],[-87.95078,41.6431],[-87.95907,41.64291],[-87.96277,41.64283],[-87.97982,41.64255],[-87.99923,41.64202],[-88.0026,41.64195],[-88.00527,41.64191],[-88.00695,41.64188],[-88.01848,41.64167],[-88.01859,41.64167],[-88.02769,41.64151]]]},"properties":{"district":19}},{"type":"Feature","geometry":{"type":"Polygon","coordinates":[[[-87.93106,41.6291],[-87.93055,41.61458],[-87.92163,41.61474],[-87.911,41.6149],[-87.91079,41.60758],[-87.91046,41.6003],[-87.90781,41.60036],[-87.90106,41.60048],[-87.89506,41.6006],[-87.89145,41.60067],[-87.89119,41.59158],[-87.89105,41.58616],[-87.88927,41.58618],[-87.88422,41.58624],[-87.88382,41.58625],[-87.88348,41.58625],[-87.8814,41.58627],[-87.87173,41.5864],[-87.86143,41.58657],[-87.86026,41.5866],[-87.8572,41.58666],[-87.85237,41.58674],[-87.84737,41.58682],[-87.84766,41.59417],[-87.84786,41.59894],[-87.84796,41.60145],[-87.84666,41.60148],[-87.84573,41.60147],[-87.84043,41.60159],[-87.83571,41.60166],[-87.83325,41.60169],[-87.83306,41.59641],[-87.83296,41.59437],[-87.83282,41.59075],[-87.83282,41.59067],[-87.83282,41.59064],[-87.83281,41.59058],[-87.83281,41.59056],[-87.83281,41.59049],[-87.83281,41.59047],[-87.83276,41.58916],[-87.83271,41.58787],[-87.83271,41.58782],[-87.83257,41.58383],[-87.83245,41.57983],[-87.83223,41.57257],[-87.83219,41.57122],[-87.83083,41.56864],[-87.83201,41.5671],[-87.83172,41.55803],[-87.82556,41.55812],[-87.81794,41.5582],[-87.81714,41.55822],[-87.81226,41.55829],[-87.81241,41.5632],[-87.8127,41.57288],[-87.80296,41.57297],[-87.80319,41.58031],[-87.80274,41.5856],[-87.80141,41.58549],[-87.79981,41.58767],[-87.79909,41.58769],[-87.79366,41.58775],[-87.79346,41.58047],[-87.7893,41.58048],[-87.78678,41.58051],[-87.78454,41.58055],[-87.78449,41.57897],[-87.78329,41.57903],[-87.78103,41.57898],[-87.77708,41.57845],[-87.77475,41.57923],[-87.77168,41.58056],[-87.7722,41.58054],[-87.7727,41.58054],[-87.77473,41.58053],[-87.77485,41.58258],[-87.77506,41.58797],[-87.76824,41.58813],[-87.76544,41.5882],[-87.7603,41.58827],[-87.75961,41.58827],[-87.75795,41.58829],[-87.75556,41.59027],[-87.75576,41.59563],[-87.756,41.6029],[-87.75613,41.60661],[-87.75618,41.60798],[-87.75625,41.61027],[-87.75648,41.61758],[-87.74678,41.61774],[-87.7469,41.62182],[-87.74694,41.62323],[-87.74696,41.62369],[-87.74701,41.62506],[-87.74625,41.62507],[-87.74149,41.62514],[-87.73972,41.62517],[-87.73729,41.62522],[-87.73484,41.62526],[-87.73511,41.6326],[-87.73267,41.63263],[-87.72778,41.63271],[-87.71559,41.63295],[-87.71426,41.63295],[-87.70973,41.63299],[-87.70932,41.63291],[-87.70888,41.63302],[-87.70798,41.63291],[-87.70411,41.63289],[-87.70153,41.63291],[-87.69857,41.63242],[-87.69856,41.63224],[-87.69851,41.63084],[-87.69833,41.6259],[-87.69163,41.62605],[-87.6898,41.6261],[-87.6886,41.62612],[-87.68621,41.62651],[-87.67889,41.62635],[-87.67746,41.62652],[-87.676,41.62745],[-87.67663,41.62986],[-87.67667,41.63003],[-87.67907,41.63918],[-87.6795,41.64087],[-87.66506,41.64117],[-87.6628,41.64076],[-87.66121,41.64082],[-87.65758,41.64109],[-87.65664,41.64242],[-87.65642,41.64068],[-87.65624,41.63676],[-87.65619,41.63365],[-87.65634,41.6299],[-87.65605,41.62989],[-87.65102,41.62978],[-87.65034,41.62979],[-87.64917,41.62984],[-87.64145,41.62985],[-87.63231,41.62984],[-87.62084,41.62988],[-87.61721,41.6299],[-87.61721,41.63351],[-87.61722,41.63902],[-87.61722,41.64415],[-87.61723,41.64458],[-87.61723,41.65002],[-87.62133,41.65042],[-87.62063,41.65181],[-87.62169,41.65235],[-87.62205,41.65382],[-87.62171,41.65525],[-87.61888,41.65908],[-87.61902,41.66259],[-87.62195,41.66326],[-87.62209,41.66345],[-87.62223,41.66635],[-87.62244,41.67073],[-87.62252,41.67347],[-87.62266,41.67803],[-87.62272,41.67985],[-87.6228,41.68254],[-87.62285,41.68417],[-87.62289,41.68532],[-87.61805,41.68538],[-87.6168,41.68538],[-87.61692,41.68904],[-87.61327,41.6891],[-87.61338,41.69274],[-87.61347,41.69638],[-87.61834,41.69629],[-87.62321,41.69623],[-87.62323,41.69714],[-87.62331,41.69987],[-87.62342,41.70352],[-87.62327,41.70348],[-87.61854,41.70356],[-87.61859,41.70542],[-87.61864,41.70724],[-87.62352,41.70717],[-87.62359,41.71081],[-87.62365,41.71354],[-87.62355,41.71433],[-87.62288,41.71574],[-87.62276,41.71692],[-87.62356,41.71915],[-87.62373,41.7217],[-87.62394,41.72904],[-87.62416,41.7363],[-87.62858,41.73623],[-87.63272,41.73597],[-87.63405,41.73594],[-87.6351,41.73606],[-87.63501,41.7326],[-87.63865,41.73258],[-87.64352,41.73255],[-87.64361,41.73607],[-87.64378,41.74153],[-87.64621,41.7415],[-87.64737,41.73965],[-87.64742,41.74148],[-87.64864,41.74146],[-87.64985,41.74145],[-87.6498,41.73963],[-87.64975,41.73781],[-87.65339,41.73775],[-87.65704,41.7377],[-87.65825,41.73768],[-87.6582,41.73586],[-87.65699,41.73588],[-87.65688,41.73235],[-87.65678,41.7286],[-87.65734,41.72676],[-87.65722,41.72176],[-87.65781,41.72133],[-87.6577,41.72133],[-87.65761,41.71807],[-87.6575,41.71403],[-87.65976,41.714],[-87.66029,41.714],[-87.65897,41.71134],[-87.66051,41.71132],[-87.65864,41.70675],[-87.65724,41.70354],[-87.65874,41.69944],[-87.65932,41.69784],[-87.6618,41.6943],[-87.6628,41.69288],[-87.66331,41.69216],[-87.66394,41.69125],[-87.66659,41.6867],[-87.67143,41.68792],[-87.67183,41.68463],[-87.67343,41.68463],[-87.67382,41.68362],[-87.67574,41.68427],[-87.67702,41.68432],[-87.67709,41.68386],[-87.67913,41.68444],[-87.67905,41.68191],[-87.68083,41.68151],[-87.68087,41.68273],[-87.6815,41.68272],[-87.68155,41.68453],[-87.68461,41.68449],[-87.68586,41.68448],[-87.69082,41.6844],[-87.69563,41.68434],[-87.69535,41.67705],[-87.70028,41.67697],[-87.70594,41.67689],[-87.7099,41.67684],[-87.71018,41.67506],[-87.70976,41.66951],[-87.70956,41.66569],[-87.70953,41.66224],[-87.71917,41.6621],[-87.72887,41.66192],[-87.7385,41.66174],[-87.74973,41.66154],[-87.75285,41.66149],[-87.75811,41.66139],[-87.75874,41.66138],[-87.7606,41.66135],[-87.76068,41.66135],[-87.76092,41.66134],[-87.761,41.66134],[-87.76289,41.66131],[-87.76283,41.65985],[-87.76301,41.6541],[-87.75795,41.65386],[-87.75766,41.64683],[-87.77216,41.6466],[-87.77702,41.64652],[-87.78189,41.64645],[-87.79571,41.64623],[-87.79518,41.63159],[-87.80985,41.63132],[-87.81173,41.63126],[-87.81229,41.63126],[-87.81358,41.63124],[-87.8148,41.63121],[-87.81475,41.62977],[-87.81468,41.62938],[-87.81465,41.62846],[-87.81473,41.62661],[-87.8147,41.62581],[-87.81947,41.62568],[-87.8195,41.62652],[-87.82432,41.62648],[-87.82422,41.62478],[-87.83413,41.62479],[-87.83476,41.62241],[-87.83639,41.62266],[-87.83752,41.62354],[-87.83799,41.62353],[-87.84863,41.62334],[-87.84863,41.62221],[-87.85372,41.62323],[-87.85605,41.62307],[-87.8632,41.623],[-87.86983,41.62284],[-87.86908,41.62658],[-87.86943,41.63014],[-87.87296,41.63007],[-87.88613,41.62987],[-87.88701,41.62985],[-87.89236,41.62977],[-87.90144,41.6296],[-87.91154,41.62941],[-87.92092,41.62926],[-87.92129,41.62925],[-87.93106,41.6291]]]},"properties":{"district":14}},{"type":"Feature","geometry":{"type":"Polygon","coordinates":[[[-88.14514,41.96647],[-88.14529,41.95188],[-88.14602,41.95186],[-88.14715,41.95183],[-88.15499,41.95179],[-88.15508,41.94837],[-88.15509,41.94828],[-88.15528,41.94445],[-88.15459,41.94438],[-88.15464,41.94307],[-88.15502,41.94233],[-88.15502,41.94096],[-88.1555,41.941],[-88.15906,41.94124],[-88.16013,41.94132],[-88.16732,41.94186],[-88.16905,41.94207],[-88.17293,41.94281],[-88.17321,41.94145],[-88.1768,41.94257],[-88.17661,41.94364],[-88.17721,41.94372],[-88.18068,41.94389],[-88.18151,41.94389],[-88.18239,41.9479],[-88.18426,41.94788],[-88.18423,41.94992],[-88.18421,41.95121],[-88.18419,41.95137],[-88.18416,41.95616],[-88.19203,41.95844],[-88.19375,41.95874],[-88.19847,41.95849],[-88.19936,41.9585],[-88.19939,41.95809],[-88.19982,41.95708],[-88.19994,41.95621],[-88.20085,41.95561],[-88.20132,41.95457],[-88.20272,41.95426],[-88.20266,41.95366],[-88.20534,41.95368],[-88.20548,41.95297],[-88.20634,41.95115],[-88.20766,41.94831],[-88.2078,41.94793],[-88.2082,41.94684],[-88.20833,41.94538],[-88.20842,41.94385],[-88.20857,41.94063],[-88.20863,41.9397],[-88.20878,41.93569],[-88.20876,41.93288],[-88.20887,41.93288],[-88.20884,41.92195],[-88.20884,41.92142],[-88.20886,41.91533],[-88.20864,41.91386],[-88.2049,41.90749],[-88.2047,41.90684],[-88.20465,41.90645],[-88.20458,41.90619],[-88.20454,41.90605],[-88.20399,41.90606],[-88.20398,41.90599],[-88.20389,41.90599],[-88.20353,41.90599],[-88.19929,41.90595],[-88.1944,41.90551],[-88.18478,41.90474],[-88.18479,41.90515],[-88.18466,41.90514],[-88.17807,41.90461],[-88.1771,41.90191],[-88.17657,41.90034],[-88.17507,41.90037],[-88.17507,41.899],[-88.17555,41.89885],[-88.1751,41.89859],[-88.17508,41.89591],[-88.17497,41.89276],[-88.175,41.88594],[-88.17049,41.886],[-88.17006,41.87888],[-88.17575,41.8787],[-88.17565,41.87578],[-88.17531,41.87551],[-88.17531,41.87392],[-88.17521,41.87303],[-88.17527,41.87138],[-88.17784,41.87135],[-88.17797,41.87134],[-88.18087,41.87106],[-88.18225,41.8699],[-88.18446,41.86912],[-88.18979,41.86585],[-88.19002,41.86543],[-88.19005,41.86579],[-88.19042,41.8643],[-88.19055,41.86393],[-88.19278,41.86146],[-88.18566,41.85911],[-88.18188,41.85813],[-88.17689,41.85701],[-88.17565,41.8569],[-88.17564,41.84783],[-88.17052,41.84329],[-88.17086,41.8423],[-88.17089,41.84147],[-88.16848,41.83226],[-88.16826,41.83021],[-88.16838,41.8302],[-88.16988,41.82998],[-88.17213,41.82937],[-88.17363,41.82873],[-88.17521,41.82778],[-88.1776,41.82631],[-88.18121,41.82466],[-88.18463,41.82334],[-88.18457,41.82267],[-88.18669,41.82091],[-88.1885,41.81302],[-88.1854,41.81301],[-88.18167,41.813],[-88.18185,41.80711],[-88.1847,41.80671],[-88.1849,41.80559],[-88.18495,41.80559],[-88.18505,41.8051],[-88.18501,41.8051],[-88.18624,41.80171],[-88.18506,41.79841],[-88.18512,41.79841],[-88.1857,41.79699],[-88.18757,41.79555],[-88.18736,41.79444],[-88.18666,41.7937],[-88.18417,41.79238],[-88.18446,41.79124],[-88.18308,41.79027],[-88.17989,41.78574],[-88.1761,41.78303],[-88.17539,41.78187],[-88.17518,41.78193],[-88.17457,41.7821],[-88.16708,41.78425],[-88.16213,41.78563],[-88.15696,41.78586],[-88.15691,41.79155],[-88.15629,41.79468],[-88.15591,41.79466],[-88.15444,41.79453],[-88.15428,41.79451],[-88.1531,41.79442],[-88.15161,41.79428],[-88.14902,41.79407],[-88.14719,41.79393],[-88.1465,41.79387],[-88.14694,41.79304],[-88.14714,41.78943],[-88.14196,41.78963],[-88.14117,41.78795],[-88.13909,41.78815],[-88.13898,41.78679],[-88.13894,41.7858],[-88.13668,41.78593],[-88.1367,41.7858],[-88.13113,41.7857],[-88.12931,41.7857],[-88.12906,41.78411],[-88.12168,41.78943],[-88.12161,41.78948],[-88.11818,41.79203],[-88.1153,41.79417],[-88.1152,41.79425],[-88.11312,41.79581],[-88.11304,41.7963],[-88.11026,41.79644],[-88.11079,41.79926],[-88.11093,41.80203],[-88.11104,41.80531],[-88.11106,41.80574],[-88.11257,41.80603],[-88.11253,41.80624],[-88.10118,41.80584],[-88.10063,41.80583],[-88.09355,41.80573],[-88.08715,41.80568],[-88.08321,41.8066],[-88.08123,41.80753],[-88.08108,41.80779],[-88.08064,41.81108],[-88.07894,41.81344],[-88.08055,41.81503],[-88.08705,41.81503],[-88.08709,41.82233],[-88.08738,41.82233],[-88.08708,41.82979],[-88.08718,41.82978],[-88.08743,41.83245],[-88.08734,41.83316],[-88.08733,41.83566],[-88.08645,41.83659],[-88.0874,41.83658],[-88.08801,41.83779],[-88.08734,41.84439],[-88.08898,41.84435],[-88.09161,41.84429],[-88.09213,41.84544],[-88.09193,41.8462],[-88.09195,41.84902],[-88.09195,41.85163],[-88.09196,41.85316],[-88.09196,41.85347],[-88.09196,41.85717],[-88.09198,41.86012],[-88.09198,41.86345],[-88.09637,41.86338],[-88.09641,41.86618],[-88.092,41.86716],[-88.092,41.86769],[-88.09063,41.86821],[-88.08857,41.86931],[-88.08825,41.86969],[-88.08548,41.87196],[-88.08364,41.87344],[-88.08316,41.87384],[-88.08269,41.87424],[-88.0812,41.87517],[-88.08043,41.87554],[-88.08045,41.87835],[-88.08231,41.87826],[-88.08225,41.88037],[-88.08225,41.88163],[-88.08227,41.88364],[-88.08232,41.88383],[-88.08393,41.88508],[-88.08417,41.88878],[-88.08223,41.88888],[-88.08062,41.88896],[-88.07254,41.88942],[-88.06439,41.88993],[-88.06377,41.8899],[-88.06021,41.89001],[-88.05632,41.89016],[-88.05248,41.89028],[-88.05157,41.89028],[-88.05114,41.89384],[-88.0529,41.89399],[-88.05692,41.89446],[-88.05692,41.89567],[-88.06341,41.89557],[-88.06341,41.89533],[-88.06843,41.89574],[-88.07062,41.8958],[-88.07418,41.89605],[-88.07577,41.89615],[-88.07577,41.896],[-88.08221,41.89653],[-88.0877,41.89711],[-88.09202,41.89747],[-88.09644,41.89806],[-88.10114,41.89841],[-88.10195,41.89843],[-88.10195,41.89857],[-88.10195,41.8987],[-88.1018,41.90205],[-88.1018,41.90226],[-88.10162,41.90538],[-88.10159,41.90598],[-88.10118,41.90762],[-88.10103,41.91697],[-88.12056,41.9164],[-88.12056,41.91887],[-88.12056,41.92006],[-88.13044,41.91974],[-88.1303,41.92069],[-88.13036,41.92174],[-88.12763,41.92183],[-88.12625,41.92416],[-88.12817,41.92531],[-88.12924,41.92877],[-88.13058,41.92876],[-88.13071,41.92948],[-88.13032,41.93076],[-88.13194,41.9307],[-88.13196,41.93176],[-88.13255,41.93308],[-88.14012,41.93299],[-88.14325,41.93268],[-88.14545,41.93367],[-88.14557,41.93557],[-88.14021,41.93675],[-88.14028,41.93814],[-88.14026,41.93993],[-88.14014,41.93992],[-88.13019,41.93957],[-88.12564,41.9395],[-88.1205,41.93939],[-88.10109,41.93901],[-88.09642,41.93859],[-88.0963,41.93858],[-88.09533,41.93849],[-88.09371,41.93833],[-88.09133,41.93812],[-88.09009,41.93803],[-88.08821,41.93787],[-88.08734,41.93778],[-88.08616,41.93767],[-88.08617,41.94297],[-88.08052,41.94315],[-88.08058,41.94479],[-88.08058,41.94483],[-88.08062,41.94583],[-88.08065,41.94686],[-88.07655,41.94696],[-88.07159,41.94704],[-88.07035,41.94707],[-88.07024,41.94721],[-88.0696,41.94719],[-88.06471,41.94773],[-88.06182,41.94747],[-88.06182,41.94796],[-88.06174,41.9528],[-88.06169,41.95687],[-88.05105,41.95465],[-88.05084,41.9546],[-88.04977,41.95438],[-88.04481,41.95365],[-88.04171,41.95322],[-88.04058,41.95306],[-88.03856,41.95278],[-88.038,41.9527],[-88.03762,41.95263],[-88.03723,41.95253],[-88.03453,41.95148],[-88.03326,41.95097],[-88.03187,41.95039],[-88.03064,41.94992],[-88.02198,41.94637],[-88.02204,41.94838],[-88.01825,41.94833],[-88.01557,41.94863],[-88.01461,41.94832],[-88.01392,41.94865],[-88.00363,41.9489],[-88.00333,41.94877],[-88.00332,41.949],[-87.99828,41.9468],[-87.99828,41.94696],[-87.99604,41.94582],[-87.98867,41.94253],[-87.98557,41.94057],[-87.98489,41.93997],[-87.98314,41.93823],[-87.98136,41.93833],[-87.98126,41.93654],[-87.97778,41.93661],[-87.97649,41.93663],[-87.97572,41.93626],[-87.9738,41.93618],[-87.9691,41.93653],[-87.96909,41.93684],[-87.969,41.93684],[-87.96753,41.93688],[-87.96621,41.93666],[-87.96513,41.93844],[-87.96137,41.94239],[-87.9603,41.94397],[-87.95966,41.94555],[-87.95984,41.94555],[-87.9596,41.9467],[-87.95951,41.94799],[-87.95951,41.94827],[-87.95951,41.94829],[-87.9593,41.94981],[-87.9593,41.95026],[-87.95929,41.95155],[-87.95929,41.95186],[-87.95948,41.95399],[-87.95945,41.9571],[-87.95945,41.95948],[-87.95924,41.95945],[-87.95924,41.95967],[-87.95943,41.96086],[-87.95933,41.9718],[-87.95934,41.97307],[-87.95943,41.98215],[-87.95947,41.99317],[-87.96875,41.99303],[-87.97035,41.993],[-87.97659,41.99292],[-87.97885,41.99288],[-87.97954,41.99287],[-87.97941,41.99354],[-87.97917,41.99459],[-87.97885,41.99553],[-87.97867,41.99633],[-87.97918,42.00993],[-87.97919,42.01015],[-87.9792,42.01528],[-87.98153,42.01575],[-87.98581,42.01659],[-87.98582,42.01478],[-87.9887,42.01475],[-87.9893,42.01475],[-87.9893,42.01366],[-87.99333,42.01363],[-87.99665,42.01238],[-87.99731,42.01321],[-87.99977,42.01241],[-88.00099,42.01223],[-88.00097,42.01217],[-88.00318,42.01169],[-88.00349,42.01458],[-88.00662,42.01453],[-88.00824,42.01459],[-88.00899,42.01459],[-88.01873,42.01441],[-88.01867,42.00841],[-88.02858,42.00841],[-88.0313,42.00825],[-88.03851,42.00808],[-88.03842,42.00684],[-88.04131,42.00676],[-88.04136,42.0077],[-88.04192,42.00743],[-88.04261,42.00755],[-88.04363,42.00752],[-88.04382,42.00734],[-88.04359,42.0067],[-88.04587,42.00664],[-88.05505,42.00622],[-88.05274,42.00514],[-88.05283,41.99907],[-88.05426,41.99902],[-88.05572,41.99896],[-88.0557,42.00078],[-88.0594,42.00066],[-88.06057,42.00062],[-88.06055,42.00241],[-88.06402,42.00233],[-88.06546,42.00411],[-88.06619,42.00398],[-88.07039,42.00386],[-88.07035,42.0057],[-88.08008,42.00532],[-88.08011,42.00166],[-88.08739,42.00119],[-88.08992,42.00111],[-88.09003,41.99757],[-88.09004,41.99742],[-88.09003,41.99711],[-88.09019,41.99032],[-88.09059,41.99031],[-88.10087,41.98992],[-88.10675,41.9897],[-88.10985,41.98959],[-88.11002,41.98928],[-88.11021,41.98878],[-88.11038,41.98269],[-88.11854,41.98246],[-88.11884,41.9733],[-88.11967,41.97206],[-88.11981,41.97213],[-88.1228,41.97349],[-88.12311,41.97363],[-88.12499,41.97451],[-88.12522,41.97053],[-88.12522,41.97047],[-88.12525,41.96764],[-88.13036,41.96732],[-88.14514,41.96649],[-88.14514,41.96647]]]},"properties":{"district":24}},{"type":"Feature","geometry":{"type":"Polygon","coordinates":[[[-87.69816,41.50616],[-87.6792,41.50618],[-87.67904,41.50397],[-87.67433,41.50407],[-87.67434,41.5061],[-87.67436,41.50968],[-87.67439,41.51329],[-87.67441,41.51541],[-87.67443,41.51774],[-87.67446,41.52058],[-87.66958,41.52057],[-87.66475,41.52057],[-87.66476,41.52775],[-87.66477,41.52786],[-87.66234,41.52786],[-87.65986,41.52778],[-87.6591,41.52778],[-87.65673,41.52784],[-87.66033,41.53522],[-87.66257,41.5388],[-87.66271,41.53902],[-87.65507,41.53897],[-87.65507,41.53876],[-87.65359,41.53876],[-87.65228,41.53876],[-87.64925,41.53876],[-87.64566,41.53876],[-87.64072,41.53876],[-87.637,41.53878],[-87.63594,41.53878],[-87.6297,41.53876],[-87.62979,41.53795],[-87.63009,41.53721],[-87.62447,41.53726],[-87.62419,41.53533],[-87.62303,41.53533],[-87.62386,41.54247],[-87.61199,41.54257],[-87.61236,41.53901],[-87.61447,41.53528],[-87.61981,41.52823],[-87.61923,41.52803],[-87.61652,41.52804],[-87.61635,41.52076],[-87.61618,41.50256],[-87.61618,41.49898],[-87.61617,41.49867],[-87.61614,41.49166],[-87.61612,41.48938],[-87.6161,41.48808],[-87.6161,41.48785],[-87.61607,41.48451],[-87.61607,41.48421],[-87.61607,41.48293],[-87.61606,41.48072],[-87.61604,41.4771],[-87.61917,41.47709],[-87.61926,41.47709],[-87.61937,41.47549],[-87.61923,41.47418],[-87.61922,41.46984],[-87.62021,41.46983],[-87.61842,41.46429],[-87.61998,41.46428],[-87.62128,41.46433],[-87.62127,41.46469],[-87.6213,41.46491],[-87.62158,41.4648],[-87.62192,41.46463],[-87.62221,41.46446],[-87.62242,41.46426],[-87.6229,41.46021],[-87.62291,41.46015],[-87.62238,41.46012],[-87.62245,41.46],[-87.62284,41.457],[-87.63334,41.45689],[-87.63323,41.45635],[-87.63185,41.44963],[-87.62286,41.44973],[-87.6228,41.44786],[-87.61798,41.4479],[-87.61797,41.44634],[-87.61793,41.4425],[-87.62037,41.44248],[-87.62159,41.44247],[-87.62153,41.43887],[-87.62494,41.43868],[-87.6249,41.43518],[-87.63069,41.43511],[-87.63038,41.4303],[-87.63019,41.42694],[-87.63015,41.42605],[-87.63015,41.426],[-87.63006,41.42428],[-87.62987,41.42062],[-87.6334,41.42057],[-87.63543,41.42056],[-87.63587,41.42056],[-87.63875,41.42053],[-87.64061,41.42052],[-87.64666,41.42048],[-87.65155,41.42045],[-87.65762,41.4206],[-87.67057,41.42035],[-87.67057,41.42026],[-87.67034,41.39849],[-87.76837,41.39775],[-87.77969,41.38314],[-87.78163,41.38104],[-87.7861,41.37705],[-87.81261,41.35365],[-87.81474,41.35061],[-87.81521,41.34918],[-87.81887,41.32898],[-87.82028,41.32084],[-87.82196,41.31334],[-87.82334,41.31007],[-87.83049,41.29524],[-87.83085,41.29523],[-87.84192,41.27237],[-87.84561,41.26505],[-87.84541,41.26503],[-87.85247,41.2504],[-87.85209,41.2504],[-87.85833,41.2375],[-87.85863,41.2376],[-87.86631,41.22156],[-87.86646,41.22124],[-87.86736,41.21783],[-87.8671,41.20666],[-87.85119,41.20671],[-87.84984,41.20672],[-87.84879,41.20673],[-87.84763,41.20673],[-87.84292,41.20677],[-87.83803,41.20681],[-87.83783,41.20125],[-87.83752,41.19199],[-87.83752,41.19187],[-87.83743,41.18837],[-87.83733,41.18469],[-87.83714,41.17738],[-87.83698,41.17009],[-87.83682,41.1628],[-87.84086,41.16276],[-87.84179,41.16159],[-87.84288,41.16179],[-87.84005,41.15613],[-87.83669,41.1559],[-87.83669,41.15573],[-87.83635,41.14967],[-87.83485,41.14816],[-87.8367,41.14814],[-87.83821,41.14814],[-87.83707,41.14526],[-87.83654,41.14323],[-87.83622,41.13705],[-87.83608,41.13325],[-87.83576,41.13323],[-87.8356,41.13323],[-87.83337,41.13325],[-87.82965,41.1336],[-87.8267,41.13362],[-87.78316,41.13408],[-87.77933,41.13413],[-87.77834,41.13413],[-87.7783,41.13065],[-87.77824,41.11946],[-87.76845,41.11954],[-87.76187,41.11968],[-87.75614,41.12021],[-87.75205,41.12065],[-87.75006,41.12287],[-87.74416,41.12647],[-87.73928,41.1311],[-87.73285,41.13336],[-87.7302,41.13507],[-87.72683,41.13756],[-87.72414,41.14046],[-87.72362,41.14299],[-87.72392,41.14545],[-87.7226,41.14651],[-87.71789,41.14831],[-87.71355,41.14775],[-87.70986,41.14861],[-87.70725,41.15025],[-87.70489,41.15257],[-87.70103,41.15376],[-87.6993,41.15503],[-87.69709,41.15561],[-87.69747,41.15654],[-87.69376,41.15686],[-87.69464,41.15908],[-87.69602,41.1602],[-87.69811,41.16101],[-87.69899,41.16234],[-87.68887,41.16357],[-87.68644,41.16409],[-87.68201,41.16538],[-87.67251,41.168],[-87.66432,41.16995],[-87.6644,41.17157],[-87.6629,41.17158],[-87.66292,41.17266],[-87.66293,41.17286],[-87.66298,41.17577],[-87.66304,41.17886],[-87.66339,41.2007],[-87.66353,41.20798],[-87.66369,41.22257],[-87.66404,41.25176],[-87.66481,41.29682],[-87.6238,41.29716],[-87.57294,41.2976],[-87.57324,41.34117],[-87.57368,41.38423],[-87.57378,41.38484],[-87.57409,41.40667],[-87.57446,41.4357],[-87.57661,41.43567],[-87.5768,41.45024],[-87.5769,41.45751],[-87.5771,41.46999],[-87.57734,41.46999],[-87.57756,41.48709],[-87.57771,41.49864],[-87.57776,41.5027],[-87.57778,41.50625],[-87.57783,41.51354],[-87.57793,41.51516],[-87.57839,41.51722],[-87.57903,41.51887],[-87.58011,41.52081],[-87.58132,41.52302],[-87.58218,41.52564],[-87.58245,41.52852],[-87.58248,41.53099],[-87.58251,41.53331],[-87.58259,41.53886],[-87.58266,41.54643],[-87.58356,41.55181],[-87.58369,41.55747],[-87.5837,41.56473],[-87.58368,41.5722],[-87.58195,41.57782],[-87.57825,41.57778],[-87.57343,41.57787],[-87.57343,41.5782],[-87.57344,41.57926],[-87.57199,41.57925],[-87.56855,41.57925],[-87.56858,41.58652],[-87.56868,41.59663],[-87.56863,41.59663],[-87.56868,41.60099],[-87.56222,41.60101],[-87.55901,41.60101],[-87.55902,41.60321],[-87.55905,41.60813],[-87.55907,41.61196],[-87.5591,41.61542],[-87.55912,41.61916],[-87.55914,41.62087],[-87.55536,41.62088],[-87.55411,41.62088],[-87.55412,41.62269],[-87.55417,41.62996],[-87.55921,41.63],[-87.55926,41.63732],[-87.5593,41.6427],[-87.55932,41.64455],[-87.56052,41.64472],[-87.56407,41.64464],[-87.57848,41.64473],[-87.57859,41.64473],[-87.57995,41.64473],[-87.58352,41.64731],[-87.59084,41.65559],[-87.5946,41.65992],[-87.5977,41.65945],[-87.59537,41.6607],[-87.60071,41.66689],[-87.60375,41.6701],[-87.60642,41.67171],[-87.60916,41.67246],[-87.61149,41.67368],[-87.61241,41.67495],[-87.61257,41.67862],[-87.61378,41.67893],[-87.61553,41.68042],[-87.61666,41.68096],[-87.61668,41.68138],[-87.61724,41.68154],[-87.61729,41.68164],[-87.6173,41.68213],[-87.61794,41.68212],[-87.61794,41.68191],[-87.61894,41.6824],[-87.61897,41.68257],[-87.62066,41.68256],[-87.62067,41.68304],[-87.62285,41.68417],[-87.6228,41.68254],[-87.62272,41.67985],[-87.62266,41.67803],[-87.62252,41.67347],[-87.62244,41.67073],[-87.62223,41.66635],[-87.62209,41.66345],[-87.62195,41.66326],[-87.61902,41.66259],[-87.61888,41.65908],[-87.62171,41.65525],[-87.62205,41.65382],[-87.62169,41.65235],[-87.62063,41.65181],[-87.62133,41.65042],[-87.61723,41.65002],[-87.61723,41.64458],[-87.61722,41.64415],[-87.61722,41.63902],[-87.61721,41.63351],[-87.61721,41.6299],[-87.62084,41.62988],[-87.63231,41.62984],[-87.64145,41.62985],[-87.64917,41.62984],[-87.65034,41.62979],[-87.65102,41.62978],[-87.65605,41.62989],[-87.65634,41.6299],[-87.65619,41.63365],[-87.65624,41.63676],[-87.65642,41.64068],[-87.65664,41.64242],[-87.65758,41.64109],[-87.66121,41.64082],[-87.6628,41.64076],[-87.66506,41.64117],[-87.6795,41.64087],[-87.67907,41.63918],[-87.67667,41.63003],[-87.67663,41.62986],[-87.676,41.62745],[-87.67746,41.62652],[-87.67889,41.62635],[-87.68621,41.62651],[-87.6886,41.62612],[-87.6898,41.6261],[-87.69163,41.62605],[-87.69833,41.6259],[-87.69851,41.63084],[-87.69856,41.63224],[-87.69857,41.63242],[-87.70153,41.63291],[-87.70411,41.63289],[-87.70798,41.63291],[-87.70888,41.63302],[-87.70932,41.63291],[-87.70973,41.63299],[-87.71426,41.63295],[-87.71559,41.63295],[-87.72778,41.63271],[-87.73267,41.63263],[-87.73511,41.6326],[-87.73484,41.62526],[-87.73729,41.62522],[-87.73972,41.62517],[-87.74149,41.62514],[-87.74625,41.62507],[-87.74701,41.62506],[-87.74696,41.62369],[-87.74694,41.62323],[-87.7469,41.62182],[-87.74678,41.61774],[-87.75648,41.61758],[-87.75625,41.61027],[-87.75618,41.60798],[-87.75613,41.60661],[-87.756,41.6029],[-87.75576,41.59563],[-87.75556,41.59027],[-87.75795,41.58829],[-87.75961,41.58827],[-87.7603,41.58827],[-87.76544,41.5882],[-87.76824,41.58813],[-87.77506,41.58797],[-87.77485,41.58258],[-87.77473,41.58053],[-87.7727,41.58054],[-87.7722,41.58054],[-87.77168,41.58056],[-87.77475,41.57923],[-87.77454,41.57338],[-87.76967,41.57347],[-87.76485,41.57356],[-87.75991,41.57365],[-87.75835,41.57368],[-87.75509,41.57374],[-87.75513,41.57549],[-87.75521,41.57764],[-87.75541,41.57831],[-87.75548,41.57847],[-87.75528,41.58104],[-87.75075,41.58109],[-87.75059,41.58304],[-87.74807,41.58305],[-87.74813,41.58543],[-87.74756,41.58646],[-87.74762,41.58849],[-87.74701,41.5885],[-87.74604,41.58852],[-87.73599,41.58865],[-87.73599,41.58889],[-87.73513,41.58891],[-87.73108,41.58904],[-87.7296,41.58928],[-87.72809,41.58957],[-87.72676,41.58989],[-87.72447,41.59058],[-87.71676,41.59634],[-87.71682,41.59592],[-87.71608,41.59649],[-87.71612,41.59614],[-87.71488,41.5971],[-87.71416,41.59603],[-87.71405,41.59572],[-87.71396,41.59528],[-87.71394,41.595],[-87.71393,41.59444],[-87.71392,41.59348],[-87.71389,41.58982],[-87.71388,41.58926],[-87.71387,41.58783],[-87.71386,41.58727],[-87.71385,41.58619],[-87.71008,41.58621],[-87.70659,41.58621],[-87.69447,41.58625],[-87.68844,41.58628],[-87.6848,41.5863],[-87.68114,41.58624],[-87.68084,41.58405],[-87.67993,41.58224],[-87.67763,41.58001],[-87.67605,41.57913],[-87.67587,41.57903],[-87.67601,41.57893],[-87.67506,41.57854],[-87.67492,41.57201],[-87.67502,41.57173],[-87.67987,41.57177],[-87.67999,41.5708],[-87.67994,41.57062],[-87.68003,41.56812],[-87.6811,41.56812],[-87.68445,41.56803],[-87.68501,41.5643],[-87.68945,41.56443],[-87.68941,41.55718],[-87.6942,41.55717],[-87.69901,41.55716],[-87.69853,41.54983],[-87.7038,41.54975],[-87.70406,41.55095],[-87.70813,41.55059],[-87.70852,41.54973],[-87.71328,41.54973],[-87.71347,41.54975],[-87.71345,41.54796],[-87.71343,41.54613],[-87.71339,41.5425],[-87.71338,41.54165],[-87.71338,41.54009],[-87.71338,41.53929],[-87.71334,41.53606],[-87.71329,41.52914],[-87.71329,41.52794],[-87.69389,41.52799],[-87.68649,41.52801],[-87.68633,41.52801],[-87.69384,41.51413],[-87.69372,41.5135],[-87.69432,41.51349],[-87.69816,41.50616]]]},"properties":{"district":15}},{"type":"Feature","geometry":{"type":"Polygon","coordinates":[[[-88.30299,42.49478],[-88.30425,42.49239],[-88.30575,42.49026],[-88.30623,42.489],[-88.30606,42.47799],[-88.30619,42.47312],[-88.30694,42.46918],[-88.30667,42.46494],[-88.3059,42.45624],[-88.30584,42.44434],[-88.30584,42.44364],[-88.30527,42.43932],[-88.30166,42.42791],[-88.30108,42.42523],[-88.30101,42.41475],[-88.30552,42.41475],[-88.32811,42.41463],[-88.34042,42.41456],[-88.34043,42.41417],[-88.34049,42.41094],[-88.3405,42.40998],[-88.34099,42.40913],[-88.3411,42.40912],[-88.34177,42.40728],[-88.34336,42.4073],[-88.34737,42.40129],[-88.3482,42.40074],[-88.34888,42.39985],[-88.34788,42.39783],[-88.34888,42.39621],[-88.35045,42.39533],[-88.3524,42.39208],[-88.35546,42.39013],[-88.35546,42.38996],[-88.35547,42.38682],[-88.3555,42.37923],[-88.35548,42.3763],[-88.35968,42.37654],[-88.35972,42.37612],[-88.36131,42.37387],[-88.37005,42.3739],[-88.37002,42.36824],[-88.37017,42.36824],[-88.37011,42.35658],[-88.37984,42.35653],[-88.38247,42.35652],[-88.38334,42.35305],[-88.3863,42.35333],[-88.38917,42.35361],[-88.39443,42.35376],[-88.40084,42.35425],[-88.41386,42.35901],[-88.41388,42.35415],[-88.41391,42.33473],[-88.42497,42.33478],[-88.42847,42.33476],[-88.42848,42.33697],[-88.4285,42.3419],[-88.43338,42.34189],[-88.43706,42.34189],[-88.43829,42.34188],[-88.44139,42.34188],[-88.44323,42.34188],[-88.44934,42.34189],[-88.4499,42.33833],[-88.4529,42.33999],[-88.45287,42.33096],[-88.45288,42.32996],[-88.45287,42.32909],[-88.45291,42.32731],[-88.45397,42.32731],[-88.46598,42.32733],[-88.4723,42.3273],[-88.51126,42.32747],[-88.51127,42.31644],[-88.50809,42.31643],[-88.50784,42.30905],[-88.5105,42.30689],[-88.51111,42.30569],[-88.5111,42.29833],[-88.51104,42.27903],[-88.51103,42.27727],[-88.51104,42.27311],[-88.51105,42.26954],[-88.5111,42.25512],[-88.51599,42.25514],[-88.51594,42.24066],[-88.50135,42.24064],[-88.49153,42.24064],[-88.47191,42.24053],[-88.43303,42.24062],[-88.42256,42.24064],[-88.41823,42.24065],[-88.41286,42.24066],[-88.40365,42.24063],[-88.3987,42.24066],[-88.39858,42.24066],[-88.39392,42.24068],[-88.3937,42.24069],[-88.38905,42.2407],[-88.37913,42.24077],[-88.37435,42.24083],[-88.37435,42.24077],[-88.37364,42.24077],[-88.35662,42.24075],[-88.35505,42.24075],[-88.34088,42.24092],[-88.33575,42.24097],[-88.33575,42.24456],[-88.33015,42.24463],[-88.32883,42.24464],[-88.32089,42.24473],[-88.31611,42.2433],[-88.31609,42.24117],[-88.31609,42.24113],[-88.31147,42.24122],[-88.30225,42.23627],[-88.29627,42.23317],[-88.29628,42.22614],[-88.29592,42.21896],[-88.29628,42.21162],[-88.29628,42.20997],[-88.29626,42.20495],[-88.29632,42.19922],[-88.29402,42.19721],[-88.3051,42.19722],[-88.30574,42.1972],[-88.3069,42.19717],[-88.31117,42.19717],[-88.31573,42.19723],[-88.31561,42.18749],[-88.31555,42.18281],[-88.31336,42.18278],[-88.31026,42.18082],[-88.30619,42.18085],[-88.30603,42.18244],[-88.30607,42.18283],[-88.30165,42.18235],[-88.29996,42.1829],[-88.29957,42.1829],[-88.29591,42.18302],[-88.29283,42.18291],[-88.2865,42.18293],[-88.2865,42.18562],[-88.28649,42.19012],[-88.28164,42.19015],[-88.27533,42.19017],[-88.2742,42.19017],[-88.27313,42.19018],[-88.27194,42.19018],[-88.27017,42.19019],[-88.27014,42.19045],[-88.2627,42.1903],[-88.2631,42.19117],[-88.26201,42.19106],[-88.26135,42.19118],[-88.25922,42.19132],[-88.25922,42.19073],[-88.25191,42.19155],[-88.24902,42.19102],[-88.24381,42.19185],[-88.24126,42.19281],[-88.24011,42.19355],[-88.23837,42.19446],[-88.23605,42.19491],[-88.23424,42.1957],[-88.23175,42.1973],[-88.22577,42.19936],[-88.22498,42.20059],[-88.22474,42.20083],[-88.2249,42.20091],[-88.22424,42.20245],[-88.2238,42.20314],[-88.22243,42.20386],[-88.21168,42.20614],[-88.20618,42.20566],[-88.20348,42.20492],[-88.20207,42.20371],[-88.20143,42.20314],[-88.19938,42.20297],[-88.19934,42.20887],[-88.19917,42.21978],[-88.19904,42.23604],[-88.19883,42.23665],[-88.19878,42.23701],[-88.19849,42.24156],[-88.19824,42.24156],[-88.19827,42.24549],[-88.1983,42.24883],[-88.19832,42.25563],[-88.19832,42.25614],[-88.19838,42.25965],[-88.19844,42.2687],[-88.19843,42.26913],[-88.19846,42.27229],[-88.19848,42.27303],[-88.1985,42.27397],[-88.19848,42.27443],[-88.19847,42.27766],[-88.19855,42.28459],[-88.19856,42.28502],[-88.19856,42.28863],[-88.1986,42.29227],[-88.19871,42.29553],[-88.19875,42.29814],[-88.19879,42.30099],[-88.19879,42.30116],[-88.19882,42.3032],[-88.19885,42.30633],[-88.19881,42.31394],[-88.19902,42.31774],[-88.19883,42.32103],[-88.19875,42.32861],[-88.19865,42.32886],[-88.19777,42.32882],[-88.19309,42.32884],[-88.18882,42.32886],[-88.18447,42.32888],[-88.18392,42.32888],[-88.18079,42.32889],[-88.17252,42.32893],[-88.16582,42.32893],[-88.16555,42.3289],[-88.14498,42.32852],[-88.14496,42.33049],[-88.14495,42.33145],[-88.1449,42.33611],[-88.14489,42.33776],[-88.14487,42.33936],[-88.14481,42.34521],[-88.14476,42.35043],[-88.1399,42.35046],[-88.1399,42.35169],[-88.13989,42.35774],[-88.14724,42.35776],[-88.14725,42.36142],[-88.14848,42.36142],[-88.14847,42.36274],[-88.1482,42.36274],[-88.14804,42.36267],[-88.14777,42.36244],[-88.14746,42.36232],[-88.1472,42.36231],[-88.14692,42.36236],[-88.14494,42.36181],[-88.14457,42.36297],[-88.13989,42.36295],[-88.13989,42.36502],[-88.13989,42.36871],[-88.13988,42.3723],[-88.13988,42.37391],[-88.13986,42.37838],[-88.13912,42.37798],[-88.13906,42.37563],[-88.13747,42.37681],[-88.13487,42.37746],[-88.13233,42.37621],[-88.13009,42.3782],[-88.12542,42.3801],[-88.12463,42.38105],[-88.12214,42.3792],[-88.12046,42.37948],[-88.12049,42.38299],[-88.12008,42.38305],[-88.12008,42.38466],[-88.1201,42.38647],[-88.11667,42.38644],[-88.1162,42.38668],[-88.11524,42.38769],[-88.11569,42.38973],[-88.11518,42.39183],[-88.10425,42.39661],[-88.10195,42.39603],[-88.10198,42.3937],[-88.09708,42.39365],[-88.09708,42.38639],[-88.09213,42.38632],[-88.09213,42.38888],[-88.09213,42.38995],[-88.08726,42.38987],[-88.08714,42.39791],[-88.08382,42.39804],[-88.0821,42.39805],[-88.08083,42.39805],[-88.07831,42.39806],[-88.07691,42.39784],[-88.07199,42.39617],[-88.06983,42.39606],[-88.06521,42.39607],[-88.06507,42.39545],[-88.0649,42.39545],[-88.06416,42.39229],[-88.05789,42.39225],[-88.05776,42.39349],[-88.05529,42.39347],[-88.05437,42.39346],[-88.05428,42.39347],[-88.05365,42.39345],[-88.05314,42.39343],[-88.05144,42.39339],[-88.05097,42.39339],[-88.04695,42.39339],[-88.047,42.39823],[-88.04703,42.39834],[-88.047,42.40029],[-88.04683,42.40033],[-88.0462,42.40054],[-88.04575,42.40061],[-88.04426,42.40067],[-88.04327,42.40066],[-88.04324,42.40506],[-88.04201,42.40736],[-88.0432,42.40802],[-88.04088,42.40783],[-88.03668,42.40818],[-88.03608,42.40855],[-88.03567,42.40945],[-88.0362,42.41109],[-88.04081,42.41416],[-88.04046,42.41484],[-88.04571,42.41523],[-88.04569,42.41539],[-88.05105,42.41541],[-88.05128,42.41671],[-88.0525,42.41902],[-88.05287,42.41902],[-88.05284,42.42266],[-88.05173,42.42263],[-88.05172,42.42497],[-88.05283,42.42498],[-88.05341,42.42498],[-88.05894,42.42502],[-88.06009,42.42684],[-88.0612,42.42818],[-88.06253,42.42997],[-88.06244,42.43632],[-88.06258,42.43632],[-88.06255,42.44462],[-88.06254,42.4475],[-88.06247,42.45904],[-88.05259,42.45899],[-88.05284,42.45161],[-88.04772,42.45174],[-88.04772,42.45039],[-88.04279,42.4504],[-88.04282,42.44724],[-88.03791,42.44725],[-88.03264,42.4473],[-88.03261,42.44921],[-88.03019,42.44933],[-88.03012,42.45692],[-88.02711,42.4569],[-88.02741,42.45805],[-88.02734,42.45863],[-88.02038,42.45778],[-88.01839,42.4591],[-88.01526,42.45749],[-88.01717,42.46616],[-88.01787,42.46852],[-88.01792,42.47341],[-88.01791,42.47529],[-88.01791,42.4762],[-88.0179,42.47708],[-88.0179,42.47801],[-88.01789,42.47892],[-88.01814,42.48295],[-88.01896,42.48487],[-88.02388,42.4923],[-88.02505,42.49515],[-88.04978,42.49532],[-88.06206,42.49549],[-88.06894,42.49558],[-88.07772,42.4957],[-88.09421,42.49593],[-88.10099,42.49602],[-88.10147,42.49603],[-88.10221,42.49604],[-88.10851,42.49613],[-88.10958,42.49614],[-88.11153,42.49617],[-88.11528,42.49622],[-88.11811,42.49621],[-88.12384,42.4962],[-88.13847,42.49616],[-88.15014,42.49614],[-88.17687,42.49607],[-88.1871,42.49605],[-88.19848,42.49602],[-88.19858,42.49602],[-88.19939,42.49602],[-88.20017,42.49602],[-88.20658,42.49598],[-88.21145,42.49595],[-88.21405,42.49594],[-88.2169,42.49592],[-88.21886,42.49592],[-88.2237,42.4959],[-88.23135,42.49588],[-88.23789,42.49586],[-88.25009,42.49582],[-88.26172,42.49528],[-88.26538,42.49511],[-88.27169,42.49482],[-88.27459,42.49481],[-88.27742,42.49481],[-88.27997,42.49481],[-88.285,42.4948],[-88.30263,42.49478],[-88.30273,42.49478],[-88.30299,42.49478]]]},"properties":{"district":32}},{"type":"Feature","geometry":{"type":"Polygon","coordinates":[[[-89.44441,39.83888],[-89.459,39.83929],[-89.46343,39.83902],[-89.4721,39.83837],[-89.48284,39.83815],[-89.48288,39.83844],[-89.51586,39.83797],[-89.52518,39.83782],[-89.52977,39.83725],[-89.53462,39.83655],[-89.53829,39.83503],[-89.54195,39.83169],[-89.54343,39.83019],[-89.54423,39.83091],[-89.54422,39.83134],[-89.545,39.83222],[-89.54483,39.83476],[-89.54529,39.83544],[-89.54611,39.83714],[-89.54487,39.83803],[-89.54621,39.83802],[-89.54664,39.83963],[-89.54691,39.84214],[-89.5475,39.84312],[-89.54788,39.84353],[-89.54939,39.84673],[-89.54914,39.84682],[-89.55027,39.84836],[-89.5518,39.84908],[-89.5527,39.84895],[-89.55517,39.84768],[-89.5577,39.84876],[-89.55827,39.84996],[-89.55594,39.85201],[-89.55584,39.85206],[-89.5556,39.85225],[-89.55544,39.85244],[-89.55526,39.85271],[-89.55518,39.85288],[-89.55483,39.85452],[-89.55485,39.85536],[-89.55518,39.85729],[-89.5559,39.85882],[-89.55655,39.8599],[-89.55734,39.8605],[-89.5587,39.86141],[-89.56228,39.86148],[-89.56249,39.8627],[-89.55978,39.8652],[-89.55923,39.86623],[-89.55939,39.86826],[-89.56045,39.86932],[-89.56281,39.86956],[-89.56378,39.87096],[-89.56174,39.87207],[-89.56218,39.87284],[-89.56303,39.87393],[-89.56368,39.87429],[-89.56464,39.87429],[-89.57001,39.87427],[-89.57343,39.87425],[-89.59669,39.87427],[-89.59748,39.87428],[-89.60093,39.87426],[-89.6015,39.87426],[-89.60686,39.87423],[-89.60957,39.87421],[-89.61401,39.87408],[-89.61625,39.87408],[-89.61652,39.87424],[-89.63078,39.87401],[-89.63116,39.87401],[-89.63131,39.87401],[-89.6315,39.87401],[-89.6543,39.8738],[-89.66431,39.87355],[-89.68237,39.87344],[-89.70852,39.87315],[-89.71168,39.87312],[-89.71155,39.86155],[-89.71168,39.86118],[-89.71175,39.86101],[-89.71149,39.84427],[-89.7116,39.84386],[-89.71105,39.8395],[-89.71078,39.83175],[-89.71082,39.81839],[-89.71346,39.81883],[-89.71331,39.81134],[-89.71397,39.80961],[-89.71515,39.80845],[-89.71569,39.80823],[-89.7157,39.80879],[-89.71573,39.81009],[-89.71907,39.81107],[-89.72078,39.81023],[-89.72991,39.81022],[-89.72991,39.80883],[-89.73224,39.8084],[-89.73692,39.80837],[-89.7369,39.80386],[-89.73607,39.80115],[-89.7581,39.80107],[-89.75802,39.79382],[-89.75434,39.79383],[-89.75427,39.78656],[-89.75365,39.78657],[-89.74448,39.78663],[-89.74443,39.78174],[-89.74356,39.78175],[-89.73611,39.7818],[-89.73998,39.77809],[-89.74019,39.77788],[-89.74741,39.77075],[-89.7534,39.77089],[-89.76218,39.77095],[-89.76596,39.77086],[-89.77075,39.77081],[-89.77696,39.77077],[-89.77661,39.75623],[-89.77192,39.75626],[-89.77185,39.75199],[-89.77184,39.75144],[-89.7718,39.74898],[-89.77158,39.73446],[-89.77099,39.69805],[-89.76689,39.69808],[-89.76646,39.69815],[-89.76552,39.69816],[-89.76552,39.69819],[-89.76541,39.69827],[-89.76536,39.69829],[-89.76516,39.69826],[-89.76481,39.69816],[-89.76217,39.69806],[-89.76139,39.69808],[-89.74258,39.69804],[-89.72632,39.69812],[-89.72402,39.69814],[-89.72396,39.69087],[-89.72836,39.69081],[-89.72835,39.68816],[-89.72363,39.68817],[-89.72356,39.68361],[-89.71995,39.68364],[-89.71988,39.67814],[-89.71986,39.67629],[-89.71874,39.6763],[-89.71864,39.66899],[-89.71392,39.66902],[-89.71389,39.66794],[-89.70928,39.66798],[-89.71013,39.66642],[-89.70724,39.66642],[-89.71118,39.65824],[-89.70582,39.65823],[-89.70433,39.65829],[-89.70427,39.65465],[-89.69979,39.65472],[-89.69532,39.65478],[-89.69536,39.66782],[-89.69394,39.66918],[-89.69079,39.6695],[-89.68131,39.66953],[-89.68126,39.66588],[-89.67121,39.66587],[-89.66706,39.66572],[-89.66707,39.66642],[-89.66711,39.66942],[-89.66711,39.66954],[-89.66714,39.67273],[-89.66628,39.6734],[-89.66403,39.67326],[-89.66369,39.67327],[-89.66311,39.67364],[-89.66471,39.67583],[-89.66364,39.67649],[-89.65725,39.67785],[-89.65633,39.67938],[-89.65442,39.68008],[-89.65245,39.68202],[-89.65413,39.68512],[-89.64889,39.68587],[-89.647,39.68728],[-89.64503,39.69065],[-89.64327,39.69143],[-89.64246,39.69497],[-89.64153,39.69589],[-89.63923,39.69108],[-89.63551,39.69283],[-89.63355,39.69182],[-89.63287,39.6893],[-89.63074,39.6932],[-89.63103,39.69123],[-89.62807,39.69056],[-89.62614,39.6933],[-89.62261,39.69542],[-89.62175,39.69379],[-89.62179,39.69371],[-89.6218,39.69363],[-89.62181,39.69357],[-89.6218,39.69349],[-89.62179,39.69346],[-89.62196,39.69314],[-89.62186,39.693],[-89.62182,39.69297],[-89.62175,39.693],[-89.62169,39.69308],[-89.62036,39.69441],[-89.62082,39.69564],[-89.61834,39.69489],[-89.61825,39.69652],[-89.61494,39.69631],[-89.61419,39.69613],[-89.61257,39.69245],[-89.61263,39.69578],[-89.61058,39.69624],[-89.60929,39.69842],[-89.60651,39.6977],[-89.60386,39.69848],[-89.60098,39.69617],[-89.59983,39.69632],[-89.59609,39.70143],[-89.5942,39.70344],[-89.59409,39.70456],[-89.59209,39.70497],[-89.59208,39.70414],[-89.59206,39.7005],[-89.57494,39.70022],[-89.54749,39.69982],[-89.53613,39.69967],[-89.53593,39.69219],[-89.53593,39.69212],[-89.53577,39.6871],[-89.53569,39.68473],[-89.53518,39.64848],[-89.53503,39.64114],[-89.53462,39.61407],[-89.535,39.61223],[-89.53472,39.59696],[-89.53432,39.57535],[-89.47832,39.57537],[-89.47916,39.57151],[-89.47778,39.56941],[-89.47778,39.56815],[-89.45172,39.56811],[-89.44233,39.56812],[-89.4045,39.568],[-89.39005,39.56796],[-89.3858,39.56719],[-89.38581,39.56798],[-89.38601,39.58195],[-89.38602,39.58251],[-89.3953,39.58256],[-89.39532,39.58985],[-89.40457,39.58989],[-89.40469,39.59712],[-89.40481,39.60398],[-89.40506,39.61139],[-89.38652,39.61144],[-89.38625,39.61144],[-89.36758,39.61138],[-89.34512,39.6114],[-89.29816,39.61154],[-89.28879,39.61157],[-89.2514,39.61159],[-89.25126,39.61159],[-89.13852,39.61145],[-89.13912,39.65513],[-89.13939,39.66993],[-89.13994,39.69912],[-89.14053,39.72821],[-89.14011,39.72819],[-89.02748,39.7279],[-89.02776,39.7355],[-89.02799,39.7424],[-89.02884,39.78817],[-89.02837,39.7882],[-89.02843,39.80341],[-89.02877,39.81437],[-89.02881,39.81756],[-88.9992,39.81786],[-88.99599,39.81791],[-88.98838,39.81801],[-88.98743,39.81803],[-88.98176,39.81813],[-88.97757,39.81822],[-88.97713,39.81826],[-88.97453,39.81813],[-88.97239,39.8182],[-88.97002,39.81824],[-88.96522,39.81824],[-88.96481,39.81824],[-88.9671,39.81487],[-88.96677,39.81479],[-88.96668,39.81477],[-88.96381,39.81882],[-88.96343,39.81739],[-88.96276,39.81602],[-88.9616,39.81488],[-88.96111,39.81565],[-88.9618,39.81589],[-88.96237,39.81667],[-88.96252,39.81716],[-88.96139,39.81813],[-88.96059,39.81815],[-88.95863,39.81818],[-88.95821,39.81903],[-88.9545,39.81932],[-88.95415,39.81835],[-88.9516,39.81709],[-88.95168,39.81613],[-88.94833,39.8158],[-88.94961,39.81899],[-88.94782,39.81813],[-88.94477,39.81753],[-88.94263,39.81606],[-88.93627,39.81505],[-88.93494,39.81334],[-88.93493,39.81591],[-88.93503,39.81915],[-88.92664,39.81934],[-88.92529,39.81944],[-88.92498,39.81264],[-88.92048,39.81254],[-88.92033,39.8085],[-88.91569,39.80852],[-88.91588,39.81271],[-88.91192,39.81241],[-88.90728,39.81246],[-88.90769,39.81434],[-88.90773,39.8199],[-88.90656,39.81983],[-88.89708,39.81946],[-88.89709,39.81981],[-88.89393,39.81985],[-88.89232,39.81994],[-88.89117,39.81996],[-88.89003,39.81957],[-88.88881,39.82002],[-88.88754,39.81997],[-88.88456,39.81993],[-88.88282,39.81996],[-88.87825,39.82003],[-88.87827,39.82125],[-88.87853,39.83458],[-88.88808,39.8345],[-88.88837,39.84448],[-88.88717,39.84521],[-88.8811,39.84543],[-88.88123,39.84907],[-88.87827,39.84913],[-88.87849,39.85127],[-88.8782,39.85381],[-88.87824,39.854],[-88.87795,39.85635],[-88.8786,39.86263],[-88.87866,39.86291],[-88.8788,39.86322],[-88.87898,39.86393],[-88.87915,39.87412],[-88.87954,39.87705],[-88.87948,39.87864],[-88.87908,39.88034],[-88.87889,39.88209],[-88.87898,39.8857],[-88.88384,39.88564],[-88.88386,39.89312],[-88.89329,39.89296],[-88.898,39.89291],[-88.898,39.89278],[-88.90758,39.89264],[-88.90968,39.89264],[-88.91158,39.89305],[-88.91271,39.89323],[-88.91752,39.89239],[-88.91762,39.89853],[-88.91763,39.89918],[-88.91772,39.90715],[-88.91778,39.90936],[-88.91778,39.90961],[-88.92654,39.90932],[-88.93665,39.90901],[-88.95042,39.90855],[-88.95059,39.90854],[-88.95059,39.9083],[-88.95063,39.9083],[-88.95525,39.90817],[-88.95545,39.90815],[-88.95532,39.90265],[-88.95529,39.89856],[-88.96087,39.8984],[-88.96456,39.89838],[-88.96452,39.89108],[-88.9645,39.88779],[-88.96213,39.8875],[-88.96038,39.88752],[-88.96088,39.88274],[-88.96077,39.8774],[-88.96155,39.87644],[-88.96437,39.8764],[-88.96437,39.87651],[-88.97299,39.87625],[-88.97294,39.86999],[-88.97291,39.86562],[-88.97506,39.86571],[-88.98705,39.86522],[-88.98824,39.8652],[-88.99083,39.86512],[-88.99218,39.86542],[-88.99224,39.86141],[-88.99797,39.86032],[-88.99796,39.85907],[-88.99978,39.85931],[-89.00139,39.86087],[-89.00337,39.85788],[-89.00517,39.85888],[-89.01027,39.85986],[-89.01027,39.85996],[-89.01029,39.86209],[-89.0103,39.86273],[-89.01032,39.86495],[-89.01035,39.86719],[-89.01035,39.86858],[-89.01074,39.87555],[-89.02887,39.87538],[-89.04337,39.86173],[-89.04416,39.86056],[-89.04523,39.85871],[-89.04563,39.85333],[-89.04568,39.846],[-89.0461,39.84298],[-89.04695,39.84123],[-89.0486,39.83933],[-89.05042,39.83802],[-89.04797,39.83794],[-89.04795,39.83741],[-89.05255,39.83661],[-89.0603,39.83548],[-89.07574,39.83277],[-89.08354,39.83141],[-89.08677,39.83119],[-89.10405,39.83112],[-89.1041,39.8314],[-89.14027,39.83148],[-89.14255,39.83171],[-89.14255,39.8314],[-89.1444,39.8317],[-89.16356,39.83602],[-89.16792,39.83661],[-89.16993,39.83667],[-89.21746,39.83649],[-89.21747,39.81367],[-89.21747,39.81322],[-89.22017,39.81291],[-89.22352,39.81465],[-89.22526,39.81495],[-89.22825,39.81321],[-89.22985,39.81358],[-89.23418,39.81309],[-89.23424,39.81515],[-89.23164,39.81604],[-89.23428,39.81627],[-89.23465,39.81735],[-89.23618,39.81756],[-89.2355,39.81886],[-89.23714,39.81993],[-89.23621,39.82181],[-89.23825,39.82106],[-89.2403,39.82184],[-89.24009,39.82314],[-89.24284,39.82315],[-89.24512,39.82455],[-89.24623,39.82595],[-89.24855,39.82574],[-89.25191,39.82256],[-89.25233,39.8204],[-89.25396,39.81665],[-89.25528,39.81472],[-89.25672,39.81312],[-89.25717,39.80981],[-89.25997,39.808],[-89.25975,39.80678],[-89.26254,39.80439],[-89.26459,39.80428],[-89.26537,39.80642],[-89.26933,39.80416],[-89.27142,39.80289],[-89.27209,39.80113],[-89.27641,39.79914],[-89.27853,39.80007],[-89.27954,39.79892],[-89.28117,39.79901],[-89.28177,39.79661],[-89.28368,39.79576],[-89.28268,39.79461],[-89.28339,39.79385],[-89.28544,39.79387],[-89.28659,39.79275],[-89.2893,39.79195],[-89.2921,39.79275],[-89.29261,39.79227],[-89.29155,39.79009],[-89.29309,39.78955],[-89.29412,39.79018],[-89.29695,39.7895],[-89.29842,39.78662],[-89.29971,39.78454],[-89.29829,39.7833],[-89.29963,39.7828],[-89.30009,39.78125],[-89.30143,39.77977],[-89.30044,39.77841],[-89.30312,39.77581],[-89.30784,39.77436],[-89.31045,39.77217],[-89.31258,39.7713],[-89.31455,39.77117],[-89.3155,39.77193],[-89.31777,39.77079],[-89.32056,39.77182],[-89.32234,39.77186],[-89.32563,39.77005],[-89.32792,39.76969],[-89.32915,39.7688],[-89.3286,39.76757],[-89.32522,39.76733],[-89.32531,39.76618],[-89.3273,39.76616],[-89.3271,39.76451],[-89.32916,39.76358],[-89.33155,39.76456],[-89.33405,39.76486],[-89.34159,39.76693],[-89.34294,39.76661],[-89.34549,39.76728],[-89.35002,39.76964],[-89.35267,39.76962],[-89.35414,39.77209],[-89.35591,39.7706],[-89.35811,39.77064],[-89.36003,39.76752],[-89.3596,39.76488],[-89.36084,39.768],[-89.36782,39.76804],[-89.36842,39.77188],[-89.36815,39.78749],[-89.36885,39.7875],[-89.39697,39.78786],[-89.42098,39.78808],[-89.44466,39.78819],[-89.44441,39.83888]]]},"properties":{"district":48}},{"type":"Feature","geometry":{"type":"Polygon","coordinates":[[[-90.66624,41.46063],[-90.66894,41.46068],[-90.67644,41.46083],[-90.68145,41.45939],[-90.69095,41.45664],[-90.70116,41.45474],[-90.72333,41.45227],[-90.72354,41.45225],[-90.73754,41.45013],[-90.75014,41.44963],[-90.77167,41.45076],[-90.77758,41.45126],[-90.7816,41.45201],[-90.78628,41.45289],[-90.80728,41.45447],[-90.82474,41.45447],[-90.83741,41.45562],[-90.84656,41.45514],[-90.8536,41.45391],[-90.85755,41.45275],[-90.86728,41.44821],[-90.87131,41.44591],[-90.87978,41.44107],[-90.89047,41.43559],[-90.89079,41.43543],[-90.8915,41.43512],[-90.89959,41.43154],[-90.90047,41.43115],[-90.91935,41.42559],[-90.92434,41.42286],[-90.93002,41.4214],[-90.94979,41.42416],[-90.9532,41.42508],[-90.96666,41.43005],[-90.97517,41.43399],[-90.97981,41.43432],[-90.9849,41.43387],[-91.00585,41.42614],[-91.00957,41.42546],[-91.01198,41.42502],[-91.02146,41.42417],[-91.02779,41.4236],[-91.03475,41.42093],[-91.03713,41.42002],[-91.03987,41.41852],[-91.04399,41.4159],[-91.04506,41.41487],[-91.04589,41.41409],[-91.04782,41.4109],[-91.04922,41.40484],[-91.05033,41.40005],[-91.0507,41.39327],[-91.05101,41.38756],[-91.05158,41.38528],[-91.0527,41.38394],[-91.06372,41.37071],[-91.06506,41.3691],[-91.06652,41.36525],[-91.07155,41.33965],[-91.07194,41.33359],[-91.07196,41.33336],[-91.07323,41.31344],[-91.07484,41.30558],[-91.0775,41.30183],[-91.08688,41.29437],[-91.09203,41.28691],[-91.10114,41.26717],[-91.10446,41.2621],[-91.1103,41.25609],[-91.11419,41.25003],[-91.11392,41.24574],[-91.11365,41.2414],[-91.11233,41.239],[-91.1104,41.2373],[-91.10956,41.23657],[-91.10083,41.23053],[-91.09302,41.22263],[-91.08144,41.21443],[-91.07298,41.20715],[-91.0659,41.19952],[-91.06025,41.19234],[-91.05784,41.18928],[-91.05507,41.18577],[-91.04154,41.16614],[-91.03003,41.16354],[-91.02721,41.16337],[-91.01445,41.16559],[-91.01256,41.16592],[-91.00963,41.16608],[-91.00759,41.16618],[-90.99791,41.16256],[-90.99496,41.16062],[-90.99259,41.15843],[-90.98966,41.15572],[-90.9846,41.1478],[-90.98131,41.14266],[-90.97085,41.13011],[-90.9659,41.11956],[-90.96091,41.11467],[-90.95725,41.11109],[-90.95102,41.10261],[-90.94663,41.09663],[-90.94626,41.09473],[-90.94806,41.0852],[-90.94821,41.08441],[-90.94938,41.07271],[-90.94914,41.07061],[-90.94899,41.07025],[-90.94555,41.06173],[-90.94458,41.05226],[-90.94365,41.04864],[-90.94232,41.03847],[-90.94225,41.0347],[-90.94327,41.02959],[-90.94389,41.02649],[-90.94532,41.01928],[-90.94505,41.01192],[-90.94595,41.0065],[-90.94963,40.99525],[-90.9552,40.9868],[-90.95546,40.98618],[-90.95814,40.97977],[-90.95809,40.97664],[-90.95511,40.96986],[-90.95271,40.96209],[-90.95197,40.95824],[-90.95223,40.95405],[-90.95232,40.95385],[-90.95378,40.95073],[-90.96046,40.93636],[-90.96292,40.92496],[-90.96534,40.92163],[-90.96899,40.91913],[-90.97919,40.91552],[-90.98546,40.91214],[-90.9985,40.90812],[-91.00354,40.90515],[-91.00954,40.90057],[-91.01179,40.89816],[-91.01324,40.89662],[-91.0139,40.89562],[-91.02156,40.88402],[-91.02315,40.88272],[-91.02749,40.87917],[-91.02792,40.87898],[-91.03679,40.87504],[-91.0391,40.87357],[-91.04465,40.86836],[-91.04734,40.86465],[-91.05024,40.85851],[-91.05643,40.84839],[-91.05875,40.84631],[-91.06716,40.842],[-91.07752,40.83341],[-91.07833,40.83284],[-91.09007,40.82464],[-91.09123,40.82323],[-91.09299,40.82108],[-91.0935,40.81984],[-91.09669,40.81199],[-91.09685,40.81162],[-91.09721,40.80886],[-91.09765,40.80557],[-91.09703,40.80247],[-91.09461,40.79763],[-91.09264,40.79369],[-91.09226,40.79291],[-91.09125,40.78672],[-91.09167,40.78028],[-91.0917,40.77971],[-91.09361,40.77431],[-91.09613,40.76713],[-91.0981,40.76323],[-91.10249,40.75708],[-91.10549,40.75385],[-91.1082,40.75094],[-91.11042,40.74553],[-91.11425,40.73086],[-91.11573,40.72517],[-91.11516,40.7219],[-91.11447,40.72062],[-91.11388,40.71953],[-91.11109,40.70828],[-91.11093,40.70326],[-91.11194,40.69702],[-91.11243,40.69628],[-91.11541,40.69183],[-91.11963,40.67589],[-91.12082,40.67278],[-91.12242,40.67068],[-91.12393,40.66915],[-91.13805,40.66089],[-91.15429,40.6536],[-91.15914,40.65118],[-91.18543,40.63807],[-91.18698,40.6373],[-91.19551,40.63637],[-91.19791,40.63611],[-91.21844,40.63844],[-91.22819,40.63842],[-91.24785,40.63839],[-91.25307,40.63796],[-91.25611,40.6372],[-91.25825,40.63667],[-91.26495,40.63389],[-91.27617,40.63224],[-91.29703,40.62811],[-91.30652,40.62623],[-91.33972,40.61349],[-91.34127,40.61284],[-91.34873,40.6097],[-91.35399,40.60655],[-91.35485,40.60586],[-91.35987,40.60181],[-91.36467,40.59539],[-91.36961,40.58879],[-91.37425,40.58259],[-91.37975,40.57445],[-91.38205,40.57286],[-91.38819,40.56863],[-91.40148,40.55946],[-91.40524,40.55464],[-91.40633,40.55193],[-91.40637,40.55183],[-91.40685,40.54756],[-91.4062,40.5427],[-91.40412,40.53913],[-91.40072,40.53679],[-91.39447,40.53454],[-91.38807,40.53307],[-91.38453,40.53095],[-91.38186,40.52825],[-91.37762,40.52305],[-91.36906,40.51253],[-91.36852,40.51159],[-91.36788,40.51048],[-91.36691,40.50772],[-91.36421,40.50004],[-91.36368,40.49421],[-91.36374,40.49312],[-91.36391,40.49012],[-91.36491,40.48417],[-91.36755,40.47623],[-91.36807,40.47464],[-91.37195,40.46761],[-91.37369,40.46447],[-91.37395,40.46399],[-91.37814,40.45639],[-91.37991,40.45211],[-91.38147,40.44604],[-91.38177,40.44256],[-91.38127,40.43812],[-91.38096,40.4354],[-91.37954,40.43153],[-91.37773,40.42662],[-91.37762,40.42634],[-91.37372,40.41789],[-91.37245,40.41148],[-91.37249,40.40726],[-91.37252,40.4044],[-91.37255,40.4012],[-91.37292,40.39911],[-91.37575,40.39188],[-91.37671,40.39109],[-91.37676,40.39104],[-91.37842,40.38967],[-91.38196,40.38763],[-91.38836,40.38493],[-91.3901,40.38457],[-91.39223,40.38412],[-91.397,40.38313],[-91.41301,40.38228],[-91.41569,40.38138],[-91.41942,40.37826],[-91.42206,40.37597],[-91.42663,40.37199],[-91.42944,40.37039],[-91.43311,40.36897],[-91.43934,40.36657],[-91.44483,40.36317],[-91.44631,40.36182],[-91.44783,40.35913],[-91.45224,40.35367],[-91.45666,40.34864],[-91.46214,40.34241],[-91.4666,40.33446],[-91.4669,40.33328],[-91.46966,40.32241],[-91.47183,40.31734],[-91.48608,40.29343],[-91.48987,40.28605],[-91.4908,40.2835],[-91.49148,40.28164],[-91.49273,40.27822],[-91.49306,40.27526],[-91.49289,40.26992],[-91.49052,40.26481],[-91.48997,40.26234],[-91.49052,40.2595],[-91.49618,40.25049],[-91.49726,40.24876],[-91.4981,40.24742],[-91.50085,40.24572],[-91.50323,40.24347],[-91.50583,40.23884],[-91.5065,40.2363],[-91.50597,40.23431],[-91.50429,40.23171],[-91.50428,40.2243],[-91.50695,40.21555],[-91.50727,40.20934],[-91.50666,40.20476],[-91.50504,40.19993],[-91.50448,40.19826],[-91.50549,40.19561],[-91.50955,40.19134],[-91.51107,40.18879],[-91.51297,40.18106],[-91.51308,40.17854],[-91.51196,40.17044],[-91.50822,40.15767],[-91.50832,40.15633],[-91.51159,40.14927],[-91.51175,40.14709],[-91.5113,40.14112],[-91.51032,40.12799],[-91.51016,40.12709],[-91.49196,40.12705],[-91.41731,40.12603],[-91.41786,40.11126],[-91.3662,40.11055],[-91.33778,40.11027],[-91.33719,40.11026],[-91.2996,40.10985],[-91.26098,40.10998],[-91.2604,40.1099],[-91.20277,40.10919],[-91.147,40.10769],[-91.02891,40.10664],[-91.02634,40.10659],[-91.02259,40.10651],[-91.01933,40.10646],[-91.01757,40.10643],[-91.00887,40.10625],[-90.91347,40.10453],[-90.91347,40.10446],[-90.83378,40.10509],[-90.79625,40.1059],[-90.7687,40.10516],[-90.7194,40.10424],[-90.69601,40.10397],[-90.69586,40.10379],[-90.68118,40.10347],[-90.68017,40.12505],[-90.67885,40.19041],[-90.66033,40.19062],[-90.56559,40.19082],[-90.46231,40.18899],[-90.46,40.18885],[-90.45192,40.1888],[-90.4515,40.1888],[-90.44238,40.18872],[-90.42312,40.18854],[-90.33752,40.18774],[-90.33809,40.16399],[-90.33788,40.16331],[-90.33814,40.15128],[-90.33832,40.14341],[-90.33819,40.13556],[-90.3437,40.13065],[-90.34729,40.12652],[-90.34884,40.1256],[-90.35452,40.12422],[-90.35366,40.12245],[-90.35244,40.12215],[-90.35,40.12318],[-90.35059,40.12222],[-90.35002,40.11864],[-90.34881,40.11793],[-90.34544,40.11841],[-90.34389,40.11805],[-90.3424,40.11676],[-90.342,40.11779],[-90.34069,40.11788],[-90.33931,40.1191],[-90.33875,40.12123],[-90.33696,40.1225],[-90.33575,40.12238],[-90.33505,40.12103],[-90.33526,40.11941],[-90.33337,40.11814],[-90.33348,40.12026],[-90.32901,40.12021],[-90.32846,40.11927],[-90.32654,40.11882],[-90.32275,40.11702],[-90.31929,40.11713],[-90.31477,40.11571],[-90.31382,40.11477],[-90.31392,40.11292],[-90.31544,40.1117],[-90.31419,40.1101],[-90.31383,40.10701],[-90.31259,40.10627],[-90.31322,40.1043],[-90.31279,40.10315],[-90.31088,40.10144],[-90.31082,40.1006],[-90.30908,40.09825],[-90.30706,40.09694],[-90.30661,40.09266],[-90.30489,40.09355],[-90.30331,40.09281],[-90.30241,40.08862],[-90.30305,40.08463],[-90.30104,40.08353],[-90.3012,40.08293],[-90.30446,40.08182],[-90.30499,40.07791],[-90.30209,40.07599],[-90.30111,40.07617],[-90.29984,40.07643],[-90.29804,40.07567],[-90.29657,40.07347],[-90.29388,40.07178],[-90.2925,40.06969],[-90.29059,40.06889],[-90.2917,40.0655],[-90.29324,40.0645],[-90.29229,40.06349],[-90.29012,40.06425],[-90.28784,40.06378],[-90.28691,40.06206],[-90.28842,40.06049],[-90.28886,40.05873],[-90.2879,40.05795],[-90.28556,40.05782],[-90.28573,40.05574],[-90.28449,40.05547],[-90.28162,40.05655],[-90.27615,40.05667],[-90.27342,40.05469],[-90.27235,40.05492],[-90.27025,40.05753],[-90.26955,40.06121],[-90.26882,40.0616],[-90.26583,40.06214],[-90.26468,40.06112],[-90.26119,40.06153],[-90.26038,40.05925],[-90.25668,40.05892],[-90.25399,40.05709],[-90.25233,40.05716],[-90.25055,40.05822],[-90.249,40.05795],[-90.24731,40.05658],[-90.24719,40.05865],[-90.24491,40.061],[-90.24341,40.06093],[-90.24441,40.05929],[-90.24356,40.05789],[-90.23919,40.0581],[-90.23578,40.06095],[-90.2341,40.0609],[-90.23577,40.05829],[-90.23531,40.0578],[-90.23194,40.05696],[-90.22993,40.05697],[-90.22906,40.05589],[-90.22929,40.05414],[-90.22791,40.05155],[-90.22671,40.05211],[-90.22681,40.05408],[-90.22543,40.05497],[-90.22272,40.05507],[-90.21944,40.054],[-90.21811,40.05126],[-90.21634,40.05149],[-90.21597,40.05417],[-90.21465,40.05553],[-90.21608,40.05634],[-90.21332,40.05922],[-90.21172,40.05883],[-90.21211,40.05608],[-90.21149,40.05531],[-90.20974,40.05651],[-90.20859,40.05965],[-90.20676,40.06024],[-90.20597,40.05953],[-90.20685,40.05678],[-90.20684,40.05538],[-90.2049,40.05435],[-90.20364,40.05291],[-90.20158,40.05403],[-90.1999,40.05396],[-90.19786,40.05341],[-90.19467,40.05377],[-90.19493,40.05622],[-90.19242,40.05732],[-90.19213,40.05999],[-90.18958,40.06006],[-90.18879,40.06119],[-90.1863,40.06165],[-90.1865,40.06302],[-90.18932,40.06476],[-90.18948,40.06545],[-90.18785,40.06576],[-90.18605,40.06441],[-90.18466,40.0646],[-90.1842,40.06663],[-90.18266,40.06699],[-90.18167,40.06614],[-90.18316,40.06325],[-90.18289,40.06258],[-90.17967,40.06386],[-90.17791,40.0632],[-90.17734,40.061],[-90.17647,40.06014],[-90.17337,40.06045],[-90.17239,40.06168],[-90.17027,40.06163],[-90.1694,40.05968],[-90.16766,40.06081],[-90.16231,40.06092],[-90.16057,40.06083],[-90.15998,40.06302],[-90.1581,40.06273],[-90.15635,40.06122],[-90.15409,40.06624],[-90.15189,40.0662],[-90.1497,40.06518],[-90.15026,40.06759],[-90.14827,40.06752],[-90.14487,40.06666],[-90.14303,40.06446],[-90.14108,40.06437],[-90.13981,40.0659],[-90.13826,40.06599],[-90.13811,40.06468],[-90.13917,40.06333],[-90.13484,40.06225],[-90.13384,40.06495],[-90.13208,40.06648],[-90.13299,40.06853],[-90.13008,40.06884],[-90.13036,40.07084],[-90.12886,40.07266],[-90.12877,40.0739],[-90.12713,40.07516],[-90.12675,40.07662],[-90.12502,40.07741],[-90.12265,40.07749],[-90.1216,40.07653],[-90.11897,40.07783],[-90.11601,40.07866],[-90.11618,40.08075],[-90.11422,40.07996],[-90.11293,40.081],[-90.11001,40.07823],[-90.10863,40.07951],[-90.10656,40.07807],[-90.10495,40.07841],[-90.10433,40.08034],[-90.10257,40.08023],[-90.10151,40.07795],[-90.09915,40.07785],[-90.09543,40.08106],[-90.09365,40.0805],[-90.09625,40.0778],[-90.09441,40.0771],[-90.09286,40.07811],[-90.09122,40.08056],[-90.0894,40.0807],[-90.08762,40.07982],[-90.08753,40.08132],[-90.08852,40.08292],[-90.08799,40.084],[-90.08518,40.08218],[-90.08121,40.08008],[-90.08006,40.08093],[-90.08006,40.08314],[-90.08114,40.08492],[-90.0802,40.08577],[-90.07813,40.08532],[-90.07774,40.08599],[-90.07935,40.08725],[-90.07421,40.09022],[-90.07022,40.08999],[-90.07004,40.09108],[-90.07156,40.09269],[-90.07179,40.09393],[-90.06989,40.0941],[-90.06714,40.09329],[-90.06573,40.09336],[-90.06517,40.09484],[-90.06581,40.09693],[-90.06466,40.10015],[-90.06288,40.10084],[-90.05946,40.10025],[-90.05618,40.10034],[-90.05299,40.09913],[-90.05113,40.09964],[-90.05123,40.10234],[-90.0506,40.10342],[-90.04889,40.1052],[-90.04344,40.10881],[-90.04101,40.10904],[-90.03931,40.1073],[-90.03921,40.10257],[-90.0374,40.10341],[-90.03503,40.10821],[-90.03166,40.11074],[-90.03095,40.10871],[-90.0323,40.10609],[-90.03187,40.10549],[-90.02645,40.10542],[-90.02357,40.10472],[-90.0202,40.10565],[-90.01986,40.10462],[-90.02078,40.10359],[-90.01861,40.10324],[-90.0177,40.10211],[-90.01608,40.10214],[-90.01521,40.10302],[-90.01374,40.10269],[-90.01286,40.10084],[-90.01172,40.10101],[-90.01144,40.10291],[-90.01055,40.10389],[-90.00802,40.10334],[-90.00586,40.1045],[-90.00607,40.1076],[-90.00492,40.10899],[-90.00331,40.10926],[-90.00302,40.10638],[-90.00199,40.10362],[-89.99982,40.10333],[-89.99975,40.10809],[-89.9979,40.11071],[-89.99759,40.11277],[-89.9963,40.11248],[-89.99508,40.11085],[-89.99509,40.10891],[-89.99393,40.10801],[-89.99259,40.10914],[-89.99342,40.11083],[-89.99219,40.11192],[-89.98582,40.11195],[-89.98317,40.11339],[-89.98266,40.11537],[-89.98351,40.11615],[-89.98759,40.11653],[-89.9887,40.11838],[-89.98795,40.11965],[-89.98795,40.12161],[-89.98873,40.12303],[-89.9877,40.12395],[-89.98649,40.12279],[-89.9848,40.1232],[-89.98451,40.12432],[-89.98666,40.12755],[-89.98665,40.12901],[-89.98493,40.12933],[-89.98173,40.12826],[-89.97869,40.12505],[-89.97604,40.12676],[-89.97395,40.12713],[-89.97348,40.12841],[-89.97582,40.12905],[-89.97668,40.13037],[-89.97524,40.13149],[-89.97277,40.13211],[-89.97155,40.13295],[-89.97189,40.13433],[-89.97399,40.13459],[-89.9746,40.13571],[-89.97257,40.13761],[-89.97062,40.13754],[-89.96971,40.13817],[-89.97112,40.14087],[-89.97049,40.14208],[-89.96736,40.14259],[-89.96619,40.14307],[-89.96308,40.14305],[-89.96303,40.14024],[-89.96203,40.13882],[-89.96024,40.1388],[-89.95887,40.13436],[-89.95808,40.13454],[-89.9569,40.13689],[-89.95415,40.13662],[-89.95274,40.13426],[-89.95262,40.13273],[-89.95148,40.13205],[-89.95062,40.13546],[-89.94884,40.13534],[-89.94869,40.1323],[-89.94818,40.13109],[-89.94614,40.13026],[-89.94485,40.1312],[-89.9449,40.1337],[-89.94255,40.13377],[-89.94204,40.13155],[-89.93717,40.13201],[-89.93664,40.13369],[-89.94016,40.13496],[-89.94158,40.13675],[-89.93859,40.1371],[-89.93467,40.13778],[-89.93223,40.13726],[-89.93103,40.13758],[-89.92861,40.13984],[-89.92606,40.13995],[-89.92485,40.13822],[-89.92501,40.13638],[-89.92364,40.13592],[-89.92294,40.13814],[-89.92078,40.13848],[-89.9199,40.13626],[-89.91769,40.13563],[-89.91628,40.13353],[-89.90963,40.13177],[-89.90755,40.13161],[-89.90635,40.13337],[-89.90911,40.1353],[-89.9084,40.13779],[-89.90666,40.13656],[-89.90582,40.13515],[-89.90371,40.13404],[-89.90185,40.13222],[-89.89997,40.12888],[-89.89812,40.1278],[-89.89629,40.12908],[-89.89177,40.13054],[-89.88979,40.13023],[-89.88725,40.12849],[-89.88496,40.12821],[-89.88409,40.12919],[-89.8841,40.13166],[-89.88584,40.13454],[-89.88195,40.13635],[-89.88077,40.13558],[-89.88123,40.13401],[-89.8789,40.13358],[-89.87747,40.13389],[-89.87511,40.13653],[-89.87255,40.13741],[-89.87056,40.13668],[-89.86753,40.13273],[-89.86825,40.12972],[-89.86733,40.12876],[-89.86437,40.12788],[-89.86328,40.12807],[-89.86041,40.12995],[-89.85809,40.12906],[-89.85476,40.13016],[-89.85211,40.12999],[-89.84735,40.12761],[-89.84326,40.12637],[-89.84207,40.12706],[-89.8415,40.1298],[-89.84074,40.13063],[-89.83811,40.13034],[-89.83711,40.12934],[-89.83721,40.12767],[-89.83524,40.12697],[-89.83398,40.12441],[-89.83124,40.12377],[-89.83075,40.12505],[-89.82897,40.12568],[-89.82719,40.12567],[-89.82499,40.1229],[-89.82387,40.12146],[-89.82394,40.12293],[-89.82219,40.12348],[-89.82013,40.12282],[-89.81894,40.12535],[-89.8147,40.1244],[-89.81324,40.12214],[-89.81008,40.12121],[-89.80873,40.1216],[-89.8107,40.1238],[-89.80956,40.12459],[-89.80683,40.12489],[-89.806,40.12398],[-89.80343,40.12477],[-89.80259,40.12365],[-89.7996,40.12528],[-89.79726,40.12543],[-89.79437,40.1238],[-89.79129,40.1264],[-89.7922,40.12857],[-89.78952,40.12865],[-89.78805,40.13006],[-89.78557,40.12926],[-89.78284,40.12919],[-89.78214,40.12712],[-89.78035,40.12707],[-89.77838,40.12852],[-89.77476,40.12941],[-89.77461,40.13173],[-89.77342,40.13223],[-89.77248,40.13061],[-89.77077,40.13019],[-89.77001,40.12852],[-89.76838,40.12924],[-89.76521,40.12912],[-89.76289,40.12814],[-89.76121,40.12973],[-89.75807,40.12749],[-89.75556,40.12756],[-89.75421,40.12667],[-89.75103,40.12756],[-89.7492,40.12685],[-89.74603,40.12949],[-89.74391,40.12845],[-89.74148,40.12979],[-89.74237,40.13146],[-89.73941,40.13161],[-89.7377,40.13288],[-89.73569,40.13226],[-89.73405,40.13275],[-89.73413,40.13417],[-89.73574,40.13463],[-89.73407,40.13767],[-89.73134,40.13737],[-89.73003,40.13562],[-89.72978,40.13701],[-89.72792,40.13878],[-89.72898,40.14111],[-89.72739,40.14265],[-89.72192,40.14236],[-89.72225,40.14088],[-89.71915,40.14033],[-89.71671,40.14192],[-89.71559,40.14354],[-89.7118,40.14308],[-89.71178,40.14591],[-89.70857,40.14695],[-89.70759,40.14568],[-89.70756,40.14279],[-89.70483,40.14298],[-89.70433,40.14063],[-89.70156,40.1413],[-89.7007,40.14198],[-89.69706,40.14219],[-89.69554,40.1409],[-89.69434,40.14091],[-89.69327,40.14223],[-89.69205,40.14256],[-89.69165,40.14492],[-89.68841,40.14556],[-89.68668,40.14679],[-89.68695,40.14932],[-89.68504,40.15044],[-89.68445,40.15216],[-89.68594,40.15365],[-89.68381,40.15501],[-89.68251,40.15203],[-89.68061,40.15127],[-89.68176,40.15356],[-89.68001,40.15547],[-89.67608,40.15422],[-89.67281,40.1537],[-89.67087,40.15415],[-89.66896,40.16066],[-89.66523,40.16001],[-89.66161,40.15811],[-89.66068,40.15603],[-89.65834,40.15592],[-89.65652,40.157],[-89.6532,40.15607],[-89.65129,40.15489],[-89.65027,40.15719],[-89.64833,40.15703],[-89.64773,40.15478],[-89.64639,40.1536],[-89.63826,40.15487],[-89.6382,40.15299],[-89.63661,40.1522],[-89.63452,40.15357],[-89.63315,40.15209],[-89.63219,40.14867],[-89.62921,40.14932],[-89.628,40.14882],[-89.62805,40.1469],[-89.6268,40.14591],[-89.62748,40.144],[-89.62387,40.14317],[-89.62175,40.14107],[-89.62056,40.13888],[-89.62029,40.13622],[-89.6174,40.13579],[-89.61376,40.13458],[-89.61266,40.13246],[-89.60914,40.12921],[-89.61089,40.12856],[-89.61089,40.12733],[-89.60565,40.12617],[-89.6064,40.12362],[-89.60592,40.12275],[-89.60327,40.12143],[-89.60169,40.12238],[-89.60197,40.13572],[-89.60211,40.14303],[-89.60282,40.17538],[-89.60291,40.17927],[-89.6036,40.21838],[-89.60101,40.21841],[-89.60139,40.23292],[-89.60142,40.23575],[-89.60146,40.23918],[-89.60253,40.29812],[-89.60689,40.2981],[-89.60695,40.30329],[-89.60919,40.30402],[-89.60924,40.30553],[-89.61189,40.3055],[-89.6119,40.30914],[-89.60742,40.30917],[-89.60739,40.31281],[-89.60283,40.31282],[-89.60298,40.32013],[-89.60298,40.32027],[-89.60358,40.34547],[-89.60369,40.34939],[-89.60436,40.37851],[-89.6047,40.39316],[-89.60485,40.40052],[-89.6053,40.42241],[-89.60646,40.46019],[-89.60622,40.46578],[-89.60641,40.48052],[-89.60623,40.48198],[-89.60644,40.49513],[-89.60688,40.50959],[-89.60711,40.52382],[-89.60663,40.5271],[-89.60675,40.53861],[-89.60677,40.54041],[-89.60719,40.54598],[-89.6072,40.54855],[-89.60724,40.55246],[-89.60744,40.56276],[-89.60745,40.56328],[-89.60754,40.56788],[-89.60761,40.58333],[-89.60771,40.59354],[-89.60774,40.59698],[-89.6078,40.60413],[-89.60782,40.60757],[-89.60783,40.6101],[-89.60784,40.61176],[-89.60783,40.61263],[-89.60784,40.61512],[-89.60786,40.62026],[-89.60786,40.6205],[-89.6079,40.62913],[-89.61367,40.62952],[-89.61338,40.62992],[-89.61682,40.63084],[-89.62022,40.63286],[-89.62255,40.63327],[-89.62158,40.63402],[-89.62268,40.63495],[-89.62419,40.63408],[-89.6247,40.6336],[-89.62874,40.62869],[-89.63592,40.62313],[-89.63721,40.62334],[-89.64237,40.62343],[-89.65551,40.62341],[-89.66142,40.62344],[-89.67095,40.62347],[-89.68046,40.62348],[-89.68906,40.62354],[-89.6926,40.6236],[-89.69314,40.62362],[-89.69332,40.6236],[-89.69498,40.62366],[-89.69936,40.62374],[-89.71522,40.62393],[-89.7174,40.62393],[-89.71747,40.63213],[-89.71825,40.63214],[-89.71829,40.63532],[-89.71962,40.63785],[-89.71347,40.6383],[-89.7135,40.64553],[-89.70867,40.64542],[-89.70552,40.64534],[-89.70469,40.64533],[-89.70511,40.65217],[-89.70381,40.65225],[-89.70052,40.65243],[-89.69903,40.65241],[-89.69962,40.65573],[-89.69935,40.65588],[-89.69932,40.65664],[-89.701,40.6567],[-89.70083,40.65746],[-89.70194,40.65686],[-89.70305,40.6568],[-89.70239,40.66091],[-89.69948,40.66536],[-89.6995,40.66701],[-89.70396,40.66701],[-89.7039,40.66943],[-89.70394,40.67423],[-89.69789,40.67404],[-89.68963,40.67416],[-89.68383,40.6738],[-89.68034,40.67423],[-89.67642,40.6741],[-89.67555,40.67409],[-89.67565,40.68044],[-89.67544,40.68043],[-89.67311,40.68036],[-89.67119,40.6805],[-89.67116,40.68087],[-89.67092,40.68086],[-89.67091,40.68138],[-89.66727,40.68124],[-89.66591,40.67932],[-89.66153,40.67974],[-89.65937,40.68015],[-89.659,40.68042],[-89.65844,40.68095],[-89.65832,40.68108],[-89.65737,40.68185],[-89.65725,40.68203],[-89.65691,40.68213],[-89.65643,40.68217],[-89.65581,40.68214],[-89.65572,40.68237],[-89.65558,40.68317],[-89.65549,40.68398],[-89.65517,40.68524],[-89.65506,40.68664],[-89.65499,40.68723],[-89.654,40.68849],[-89.65097,40.68993],[-89.65042,40.69143],[-89.65366,40.6994],[-89.65469,40.70091],[-89.65656,40.70566],[-89.65749,40.71094],[-89.64857,40.71072],[-89.64631,40.71089],[-89.64184,40.71069],[-89.64178,40.71574],[-89.64175,40.71807],[-89.64195,40.71806],[-89.64502,40.71803],[-89.65141,40.71796],[-89.65138,40.7288],[-89.65627,40.72874],[-89.6558,40.73142],[-89.65537,40.73151],[-89.65579,40.73179],[-89.65554,40.7336],[-89.65593,40.7337],[-89.65576,40.73473],[-89.6556,40.73523],[-89.65508,40.73652],[-89.65497,40.73699],[-89.65493,40.73748],[-89.65455,40.73741],[-89.65455,40.73795],[-89.65037,40.73812],[-89.65035,40.73962],[-89.65179,40.74034],[-89.65359,40.74079],[-89.65303,40.74224],[-89.65235,40.74339],[-89.65108,40.7435],[-89.64996,40.74487],[-89.65022,40.74706],[-89.65023,40.74715],[-89.65052,40.74704],[-89.65094,40.74712],[-89.64933,40.74851],[-89.65152,40.75021],[-89.65071,40.75328],[-89.65246,40.75426],[-89.65653,40.75431],[-89.6589,40.75422],[-89.66018,40.75433],[-89.66047,40.75433],[-89.66276,40.75435],[-89.6635,40.75436],[-89.67001,40.75447],[-89.67107,40.75449],[-89.67138,40.7545],[-89.67134,40.75184],[-89.6677,40.74507],[-89.6678,40.74242],[-89.67481,40.74441],[-89.67477,40.75444],[-89.67477,40.75457],[-89.67797,40.75463],[-89.68308,40.75476],[-89.68867,40.75589],[-89.68857,40.75844],[-89.68855,40.76017],[-89.68891,40.76154],[-89.6892,40.7628],[-89.68924,40.76454],[-89.68927,40.76953],[-89.68924,40.77193],[-89.68916,40.77671],[-89.68909,40.78006],[-89.68455,40.77924],[-89.6793,40.77769],[-89.67908,40.77762],[-89.67714,40.77705],[-89.67417,40.77616],[-89.66979,40.77494],[-89.66977,40.77513],[-89.66966,40.78343],[-89.66954,40.79104],[-89.66948,40.79489],[-89.66946,40.79824],[-89.66941,40.80189],[-89.66938,40.80467],[-89.66938,40.80548],[-89.66934,40.80768],[-89.66934,40.80812],[-89.66931,40.81283],[-89.66844,40.81285],[-89.65822,40.81278],[-89.64974,40.81271],[-89.64977,40.82005],[-89.6497,40.82612],[-89.64968,40.82671],[-89.64969,40.82724],[-89.67874,40.82772],[-89.67872,40.82859],[-89.68173,40.82858],[-89.68205,40.83131],[-89.68439,40.83127],[-89.68778,40.83123],[-89.68844,40.8313],[-89.68912,40.83137],[-89.68937,40.8314],[-89.69426,40.83102],[-89.69515,40.83174],[-89.69669,40.83274],[-89.69812,40.83482],[-89.70304,40.84206],[-89.73673,40.84241],[-89.75425,40.84234],[-89.75555,40.84195],[-89.7554,40.87307],[-89.7554,40.87777],[-89.75538,40.87902],[-89.75528,40.8865],[-89.755,40.92287],[-89.76473,40.92293],[-89.76609,40.923],[-89.76732,40.92302],[-89.76731,40.93761],[-89.75978,40.93749],[-89.75975,40.94113],[-89.75571,40.94106],[-89.7557,40.94242],[-89.75701,40.94255],[-89.75694,40.94477],[-89.75667,40.94658],[-89.75505,40.95212],[-89.75482,40.9533],[-89.75462,40.97394],[-89.75402,41.03205],[-89.75393,41.06147],[-89.75401,41.07601],[-89.75382,41.09068],[-89.75374,41.11952],[-89.75388,41.13387],[-89.75382,41.14123],[-89.75385,41.14767],[-89.75366,41.18066],[-89.7536,41.21866],[-89.7531,41.21986],[-89.75358,41.22087],[-89.75366,41.23403],[-89.76185,41.2341],[-89.81069,41.23433],[-89.85324,41.23438],[-89.85762,41.23448],[-89.8575,41.23851],[-89.85755,41.25642],[-89.85719,41.27287],[-89.85703,41.27826],[-89.85679,41.30016],[-89.85667,41.31014],[-89.85662,41.32096],[-89.85662,41.32097],[-89.85676,41.32854],[-89.85689,41.38657],[-89.85689,41.38691],[-89.85689,41.39324],[-89.85689,41.39347],[-89.8569,41.40151],[-89.85691,41.40884],[-89.85691,41.40923],[-89.90953,41.40912],[-89.91437,41.40913],[-89.91473,41.40905],[-89.91732,41.40911],[-89.91746,41.40911],[-89.96631,41.40968],[-89.97232,41.4096],[-89.97631,41.40963],[-89.98061,41.40967],[-89.98204,41.40968],[-89.99205,41.40973],[-90.01399,41.40993],[-90.01584,41.40995],[-90.0174,41.40994],[-90.02028,41.40994],[-90.06814,41.41047],[-90.08648,41.41079],[-90.16211,41.41139],[-90.20188,41.41172],[-90.20193,41.41172],[-90.20197,41.44097],[-90.20205,41.44771],[-90.20205,41.46428],[-90.20209,41.47724],[-90.20211,41.47854],[-90.20209,41.4845],[-90.20209,41.49908],[-90.20206,41.51088],[-90.20334,41.53928],[-90.20343,41.53927],[-90.2104,41.53896],[-90.21674,41.53792],[-90.22142,41.53625],[-90.22341,41.53451],[-90.22417,41.53142],[-90.22584,41.52992],[-90.22848,41.52925],[-90.23154,41.52904],[-90.23516,41.52741],[-90.24166,41.52483],[-90.24565,41.52432],[-90.25012,41.52275],[-90.25407,41.52253],[-90.26052,41.52153],[-90.26832,41.52213],[-90.27585,41.52085],[-90.27932,41.52033],[-90.28922,41.52033],[-90.29409,41.51881],[-90.29751,41.51814],[-90.30268,41.51809],[-90.30472,41.51779],[-90.30643,41.51679],[-90.31209,41.51059],[-90.31418,41.50958],[-90.31506,41.5092],[-90.31788,41.50876],[-90.31951,41.5097],[-90.31969,41.50725],[-90.31986,41.50178],[-90.31981,41.49839],[-90.31982,41.49812],[-90.31979,41.49181],[-90.31959,41.47656],[-90.31959,41.47641],[-90.31959,41.47633],[-90.3195,41.46824],[-90.31946,41.46193],[-90.31928,41.44031],[-90.31922,41.43399],[-90.3192,41.42573],[-90.31922,41.41119],[-90.31923,41.41113],[-90.31942,41.3388],[-90.31949,41.3243],[-90.31995,41.26613],[-90.32018,41.2372],[-90.32202,41.23722],[-90.32256,41.19491],[-90.32259,41.19485],[-90.32273,41.18387],[-90.32274,41.18375],[-90.3228,41.18023],[-90.32281,41.17887],[-90.32289,41.17339],[-90.32288,41.17298],[-90.323,41.16597],[-90.32299,41.1657],[-90.32318,41.1512],[-90.32339,41.13687],[-90.32347,41.12969],[-90.32363,41.11529],[-90.32366,41.11173],[-90.32369,41.10777],[-90.32399,41.0785],[-90.32412,41.06387],[-90.3244,41.04259],[-90.32442,41.04132],[-90.3248,41.01962],[-90.32483,41.01802],[-90.32502,41.00825],[-90.32505,41.00642],[-90.32507,41.00562],[-90.32507,41.00543],[-90.32545,40.98649],[-90.32563,40.98583],[-90.32569,40.98143],[-90.32583,40.97647],[-90.288,40.97615],[-90.25931,40.97602],[-90.2498,40.97605],[-90.21131,40.97587],[-90.21182,40.94712],[-90.21193,40.93958],[-90.2126,40.90276],[-90.21277,40.8885],[-90.26736,40.88861],[-90.32741,40.88884],[-90.32749,40.88884],[-90.33225,40.88887],[-90.44176,40.88906],[-90.44181,40.88578],[-90.44209,40.86729],[-90.44246,40.8637],[-90.44227,40.86006],[-90.4426,40.82945],[-90.44289,40.80156],[-90.44323,40.78029],[-90.44408,40.72939],[-90.44434,40.71487],[-90.44434,40.71486],[-90.44482,40.67758],[-90.44497,40.66419],[-90.44497,40.66405],[-90.44497,40.66397],[-90.44497,40.66392],[-90.44501,40.66057],[-90.4454,40.64227],[-90.44545,40.6355],[-90.44563,40.62764],[-90.44563,40.62744],[-90.4459,40.61345],[-90.44636,40.5841],[-90.44688,40.53984],[-90.44725,40.50337],[-90.44737,40.4911],[-90.44748,40.48136],[-90.44746,40.45206],[-90.46587,40.45252],[-90.56116,40.45526],[-90.61477,40.45498],[-90.61586,40.4551],[-90.61775,40.45588],[-90.62267,40.45834],[-90.62362,40.45855],[-90.62821,40.4586],[-90.638,40.4586],[-90.64271,40.4586],[-90.64325,40.4586],[-90.64886,40.4586],[-90.65443,40.4586],[-90.65555,40.4562],[-90.65606,40.45487],[-90.65614,40.45119],[-90.65623,40.44791],[-90.65955,40.44792],[-90.66111,40.44792],[-90.66742,40.44794],[-90.67072,40.44794],[-90.67506,40.44796],[-90.67578,40.44779],[-90.67977,40.44772],[-90.68064,40.44771],[-90.68996,40.44771],[-90.69416,40.44771],[-90.69982,40.44784],[-90.6996,40.45382],[-90.7048,40.45234],[-90.70477,40.45313],[-90.70589,40.45289],[-90.706,40.45412],[-90.70524,40.45491],[-90.7048,40.45536],[-90.71448,40.45565],[-90.71715,40.45563],[-90.71935,40.45565],[-90.74478,40.45587],[-90.75292,40.45596],[-90.77189,40.45614],[-90.77315,40.45617],[-90.77332,40.45613],[-90.77368,40.45613],[-90.77437,40.45613],[-90.77666,40.45612],[-90.7784,40.45612],[-90.7784,40.45614],[-90.77941,40.45614],[-90.78001,40.45613],[-90.78108,40.45613],[-90.78144,40.45613],[-90.78198,40.45613],[-90.78289,40.45613],[-90.78365,40.45612],[-90.78378,40.45612],[-90.78496,40.45612],[-90.78597,40.45612],[-90.78805,40.45611],[-90.78937,40.45611],[-90.79022,40.45611],[-90.7905,40.45611],[-90.79105,40.45611],[-90.79107,40.45612],[-90.79092,40.46955],[-90.79088,40.47084],[-90.791,40.47116],[-90.79078,40.48729],[-90.79067,40.49635],[-90.79063,40.50063],[-90.79057,40.50825],[-90.79052,40.51545],[-90.79018,40.54526],[-90.73269,40.54426],[-90.73257,40.54428],[-90.67396,40.54319],[-90.67369,40.55049],[-90.67367,40.55207],[-90.67366,40.55501],[-90.67363,40.56152],[-90.67363,40.56245],[-90.67356,40.576],[-90.67372,40.57724],[-90.67368,40.58952],[-90.6732,40.6315],[-90.67256,40.68616],[-90.67272,40.68994],[-90.67222,40.71032],[-90.67226,40.71075],[-90.67189,40.71137],[-90.67181,40.71403],[-90.67169,40.71793],[-90.67402,40.71796],[-90.67399,40.72561],[-90.67376,40.7341],[-90.67358,40.76151],[-90.67273,40.80509],[-90.67261,40.81256],[-90.67161,40.88569],[-90.67139,40.88702],[-90.67147,40.88748],[-90.6716,40.88862],[-90.67153,40.89246],[-90.67141,40.89907],[-90.67114,40.91413],[-90.6711,40.91646],[-90.67102,40.92099],[-90.67101,40.92151],[-90.67071,40.9363],[-90.6696,40.98023],[-90.66771,41.06759],[-90.66736,41.09728],[-90.66712,41.11131],[-90.66635,41.15498],[-90.64186,41.15446],[-90.63742,41.15439],[-90.62689,41.15413],[-90.62588,41.15435],[-90.57244,41.15242],[-90.56311,41.15199],[-90.55662,41.15166],[-90.54851,41.15127],[-90.54821,41.16968],[-90.54792,41.19269],[-90.54744,41.20122],[-90.54778,41.20259],[-90.5468,41.23969],[-90.55227,41.23971],[-90.55191,41.25368],[-90.54995,41.32712],[-90.54954,41.37021],[-90.55941,41.37074],[-90.57811,41.37085],[-90.58759,41.37098],[-90.58732,41.39267],[-90.58708,41.40725],[-90.58702,41.41234],[-90.58699,41.41424],[-90.60598,41.41454],[-90.61556,41.41474],[-90.62896,41.41503],[-90.63784,41.41548],[-90.66767,41.41569],[-90.66659,41.42651],[-90.66621,41.4594],[-90.66624,41.46063]]]},"properties":{"district":47}},{"type":"Feature","geometry":{"type":"Polygon","coordinates":[[[-88.25429,41.52072],[-88.25406,41.51404],[-88.25377,41.50625],[-88.25296,41.48458],[-88.25278,41.47886],[-88.25269,41.47609],[-88.25258,41.47365],[-88.25223,41.46307],[-88.25222,41.46275],[-88.25197,41.45566],[-88.25167,41.4481],[-88.25164,41.44736],[-88.25131,41.43773],[-88.25124,41.43498],[-88.25119,41.43384],[-88.25112,41.43122],[-88.25099,41.42839],[-88.25095,41.42632],[-88.25092,41.42551],[-88.2509,41.4246],[-88.25075,41.42088],[-88.25071,41.4191],[-88.25044,41.41345],[-88.25014,41.40558],[-88.2501,41.40468],[-88.2501,41.40455],[-88.24966,41.39045],[-88.24961,41.3885],[-88.24958,41.38757],[-88.24951,41.38535],[-88.24923,41.37674],[-88.24919,41.37569],[-88.24846,41.34674],[-88.24802,41.3322],[-88.24738,41.30318],[-88.24722,41.29652],[-88.24721,41.29584],[-88.24711,41.29234],[-88.2471,41.29196],[-88.24709,41.29144],[-88.24699,41.28858],[-88.24676,41.28083],[-88.24664,41.27779],[-88.24662,41.27686],[-88.24653,41.27424],[-88.24652,41.27412],[-88.24649,41.27259],[-88.24631,41.26752],[-88.24392,41.26697],[-88.24121,41.27425],[-88.23684,41.27444],[-88.2223,41.27476],[-88.21754,41.27484],[-88.21749,41.27486],[-88.20816,41.27505],[-88.20818,41.27553],[-88.20847,41.28223],[-88.20879,41.28935],[-88.1897,41.28982],[-88.18914,41.28983],[-88.18948,41.29707],[-88.1898,41.30338],[-88.18984,41.30433],[-88.18999,41.30775],[-88.18997,41.31166],[-88.19013,41.31231],[-88.1905,41.32498],[-88.19054,41.32601],[-88.19107,41.32601],[-88.19174,41.34372],[-88.1919,41.35029],[-88.19282,41.37687],[-88.18687,41.37699],[-88.18658,41.377],[-88.17348,41.37733],[-88.1636,41.37757],[-88.16353,41.37757],[-88.14449,41.37802],[-88.13792,41.37818],[-88.1349,41.37825],[-88.12829,41.3784],[-88.12738,41.37843],[-88.04744,41.37994],[-88.01899,41.38044],[-88.01956,41.39496],[-88.01964,41.39734],[-88.0201,41.40954],[-88.02038,41.41683],[-88.0209,41.43135],[-88.02116,41.43865],[-88.02178,41.45675],[-88.022,41.46419],[-88.0221,41.46766],[-88.0224,41.47801],[-88.02242,41.47846],[-88.02254,41.48206],[-88.02267,41.48566],[-88.02269,41.48614],[-88.0227,41.48644],[-88.02279,41.48932],[-88.02281,41.48982],[-88.02284,41.49045],[-88.02287,41.49125],[-88.02288,41.49141],[-88.0229,41.49199],[-88.02294,41.49298],[-88.02305,41.49656],[-88.02321,41.50065],[-88.02329,41.50376],[-88.02353,41.51097],[-88.02359,41.51342],[-88.0236,41.51366],[-88.02391,41.52199],[-88.02395,41.52302],[-88.02415,41.52966],[-88.02416,41.52984],[-88.02417,41.52998],[-88.02417,41.53003],[-88.02427,41.53323],[-88.02439,41.53762],[-88.02443,41.5391],[-88.02446,41.54001],[-88.02463,41.54505],[-88.02471,41.54726],[-88.02493,41.55419],[-88.02504,41.55838],[-88.02515,41.56145],[-88.02526,41.56507],[-88.02526,41.56512],[-88.02538,41.56877],[-88.02549,41.57235],[-88.02552,41.57419],[-88.02561,41.57657],[-88.02562,41.57693],[-88.02565,41.57793],[-88.02574,41.58144],[-88.02576,41.58207],[-88.02577,41.58241],[-88.02579,41.5833],[-88.02607,41.59056],[-88.03622,41.59026],[-88.03585,41.59268],[-88.03386,41.593],[-88.03296,41.59576],[-88.03114,41.59554],[-88.03106,41.59766],[-88.02816,41.59774],[-88.02631,41.59778],[-88.02642,41.60066],[-88.02642,41.60081],[-88.02643,41.6012],[-88.02655,41.60315],[-88.02658,41.60513],[-88.02682,41.61241],[-88.0269,41.61609],[-88.02697,41.61667],[-88.02702,41.6183],[-88.02699,41.61923],[-88.02696,41.61968],[-88.02701,41.62233],[-88.02708,41.62286],[-88.02715,41.62396],[-88.02737,41.62947],[-88.0274,41.63067],[-88.02769,41.64151],[-88.02781,41.64515],[-88.02793,41.64877],[-88.028,41.65145],[-88.028,41.65152],[-88.02811,41.65515],[-88.02813,41.65598],[-88.02814,41.6561],[-88.02814,41.65617],[-88.02835,41.66353],[-88.02842,41.66495],[-88.02849,41.66745],[-88.02851,41.66852],[-88.02856,41.66992],[-88.02856,41.6701],[-88.02856,41.67029],[-88.02864,41.67255],[-88.02868,41.67443],[-88.02897,41.68524],[-88.02915,41.69103],[-88.02942,41.69966],[-88.02947,41.70131],[-88.02958,41.70487],[-88.02959,41.70505],[-88.02964,41.70671],[-88.02966,41.7075],[-88.02984,41.7137],[-88.02986,41.71435],[-88.02999,41.71798],[-88.03013,41.72215],[-88.03028,41.72672],[-88.03035,41.72889],[-88.03043,41.7319],[-88.03046,41.73306],[-88.03049,41.73398],[-88.03056,41.73618],[-88.03102,41.75075],[-88.03516,41.7507],[-88.03994,41.75056],[-88.04075,41.75042],[-88.04362,41.75036],[-88.04453,41.7463],[-88.04825,41.74597],[-88.0492,41.74552],[-88.0482,41.74428],[-88.04983,41.74357],[-88.05261,41.74337],[-88.05381,41.74337],[-88.0565,41.74306],[-88.05981,41.7427],[-88.0617,41.74041],[-88.06274,41.7408],[-88.06277,41.73931],[-88.06278,41.73541],[-88.06275,41.73017],[-88.06337,41.72815],[-88.06355,41.72814],[-88.06358,41.72814],[-88.06903,41.72801],[-88.0692,41.728],[-88.09794,41.72727],[-88.09819,41.72726],[-88.10278,41.72716],[-88.11115,41.72697],[-88.11729,41.72685],[-88.12936,41.72657],[-88.13085,41.72654],[-88.13162,41.72652],[-88.13185,41.72605],[-88.13638,41.72491],[-88.13797,41.72204],[-88.13506,41.72104],[-88.13292,41.72141],[-88.13171,41.72005],[-88.13212,41.71969],[-88.13526,41.71507],[-88.13678,41.71416],[-88.13789,41.71328],[-88.13666,41.70928],[-88.13597,41.70952],[-88.13595,41.70903],[-88.13569,41.70851],[-88.1333,41.70835],[-88.13035,41.70887],[-88.12815,41.70893],[-88.128,41.71111],[-88.12708,41.70783],[-88.1268,41.70682],[-88.12544,41.70297],[-88.12539,41.70283],[-88.10866,41.70493],[-88.10844,41.70361],[-88.10702,41.70211],[-88.10831,41.69926],[-88.10982,41.69586],[-88.10966,41.69002],[-88.10225,41.69023],[-88.09638,41.69044],[-88.08731,41.69076],[-88.08293,41.69087],[-88.08226,41.68425],[-88.07986,41.68413],[-88.07891,41.68209],[-88.08036,41.68059],[-88.07932,41.67938],[-88.08669,41.67554],[-88.09548,41.6707],[-88.10093,41.66785],[-88.11053,41.66288],[-88.11283,41.66169],[-88.12491,41.65557],[-88.12491,41.65545],[-88.13141,41.65297],[-88.13454,41.65146],[-88.1453,41.64548],[-88.14529,41.64525],[-88.14529,41.64504],[-88.14515,41.64048],[-88.14509,41.63843],[-88.14481,41.63106],[-88.14201,41.63059],[-88.13679,41.63123],[-88.13565,41.63029],[-88.1352,41.63049],[-88.13457,41.63128],[-88.12423,41.63168],[-88.12401,41.63169],[-88.124,41.6315],[-88.12396,41.63017],[-88.12377,41.62424],[-88.12362,41.62128],[-88.12359,41.62063],[-88.12354,41.61911],[-88.12322,41.60974],[-88.12298,41.60283],[-88.12296,41.60246],[-88.12271,41.59525],[-88.11793,41.59539],[-88.11767,41.5954],[-88.11757,41.5954],[-88.11305,41.59552],[-88.11279,41.58827],[-88.11268,41.58827],[-88.11231,41.58101],[-88.11163,41.56777],[-88.11128,41.5642],[-88.10245,41.56429],[-88.09628,41.56434],[-88.09609,41.56147],[-88.09418,41.56151],[-88.09429,41.55973],[-88.08981,41.55981],[-88.08939,41.55259],[-88.08808,41.55262],[-88.08699,41.54903],[-88.09445,41.54876],[-88.09439,41.54702],[-88.09426,41.5434],[-88.0942,41.54157],[-88.09415,41.53989],[-88.09642,41.53973],[-88.09637,41.53789],[-88.09408,41.53793],[-88.09398,41.53254],[-88.10119,41.53235],[-88.10716,41.53218],[-88.11553,41.53195],[-88.11576,41.5374],[-88.11754,41.53733],[-88.12523,41.53715],[-88.13294,41.53699],[-88.13501,41.53693],[-88.14112,41.53678],[-88.14131,41.53677],[-88.14544,41.53669],[-88.1503,41.5366],[-88.15109,41.53659],[-88.15253,41.53657],[-88.1606,41.53645],[-88.16623,41.53642],[-88.16681,41.53642],[-88.16939,41.5364],[-88.17987,41.53629],[-88.1801,41.53629],[-88.18125,41.53628],[-88.18955,41.53617],[-88.19438,41.53612],[-88.19921,41.53606],[-88.19896,41.52923],[-88.19866,41.52155],[-88.21242,41.5214],[-88.2144,41.52139],[-88.21794,41.52134],[-88.22277,41.5213],[-88.22886,41.52123],[-88.23584,41.52115],[-88.24445,41.52104],[-88.24538,41.52092],[-88.24602,41.52094],[-88.25429,41.52072]]]},"properties":{"district":43}},{"type":"Feature","geometry":{"type":"Polygon","coordinates":[[[-90.371,41.57843],[-90.3712,41.57333],[-90.37127,41.57193],[-90.37144,41.55983],[-90.35726,41.55985],[-90.35708,41.55512],[-90.3569,41.54897],[-90.35688,41.54173],[-90.34701,41.5416],[-90.34177,41.5416],[-90.34063,41.54159],[-90.32203,41.54173],[-90.31786,41.54156],[-90.31787,41.54151],[-90.31764,41.53497],[-90.31763,41.53441],[-90.31787,41.53039],[-90.31787,41.51985],[-90.31787,41.51246],[-90.31788,41.50876],[-90.31506,41.5092],[-90.31418,41.50958],[-90.31209,41.51059],[-90.30643,41.51679],[-90.30472,41.51779],[-90.30268,41.51809],[-90.29751,41.51814],[-90.29409,41.51881],[-90.28922,41.52033],[-90.27932,41.52033],[-90.27585,41.52085],[-90.26832,41.52213],[-90.26052,41.52153],[-90.25407,41.52253],[-90.25012,41.52275],[-90.24565,41.52432],[-90.24166,41.52483],[-90.23516,41.52741],[-90.23154,41.52904],[-90.22848,41.52925],[-90.22584,41.52992],[-90.22417,41.53142],[-90.22341,41.53451],[-90.22142,41.53625],[-90.21674,41.53792],[-90.2104,41.53896],[-90.20343,41.53927],[-90.20334,41.53928],[-90.20206,41.51088],[-90.20209,41.49908],[-90.20209,41.4845],[-90.20211,41.47854],[-90.20209,41.47724],[-90.20205,41.46428],[-90.20205,41.44771],[-90.20197,41.44097],[-90.20193,41.41172],[-90.20188,41.41172],[-90.16211,41.41139],[-90.08648,41.41079],[-90.06814,41.41047],[-90.02028,41.40994],[-90.0174,41.40994],[-90.01584,41.40995],[-90.01399,41.40993],[-89.99205,41.40973],[-89.98204,41.40968],[-89.98061,41.40967],[-89.97631,41.40963],[-89.97232,41.4096],[-89.96631,41.40968],[-89.91746,41.40911],[-89.91732,41.40911],[-89.91473,41.40905],[-89.91437,41.40913],[-89.90953,41.40912],[-89.85691,41.40923],[-89.85691,41.40884],[-89.8569,41.40151],[-89.85689,41.39347],[-89.85689,41.39324],[-89.85689,41.38691],[-89.85689,41.38657],[-89.85676,41.32854],[-89.85662,41.32097],[-89.85662,41.32096],[-89.85667,41.31014],[-89.85679,41.30016],[-89.85703,41.27826],[-89.85719,41.27287],[-89.85755,41.25642],[-89.8575,41.23851],[-89.85762,41.23448],[-89.85324,41.23438],[-89.81069,41.23433],[-89.76185,41.2341],[-89.75366,41.23403],[-89.75358,41.22087],[-89.7531,41.21986],[-89.7536,41.21866],[-89.75366,41.18066],[-89.75385,41.14767],[-89.75382,41.14123],[-89.75388,41.13387],[-89.75374,41.11952],[-89.75382,41.09068],[-89.75401,41.07601],[-89.75393,41.06147],[-89.75402,41.03205],[-89.75462,40.97394],[-89.75482,40.9533],[-89.75505,40.95212],[-89.75667,40.94658],[-89.75694,40.94477],[-89.75701,40.94255],[-89.7557,40.94242],[-89.75571,40.94106],[-89.75975,40.94113],[-89.75978,40.93749],[-89.76731,40.93761],[-89.76732,40.92302],[-89.76609,40.923],[-89.76473,40.92293],[-89.755,40.92287],[-89.75528,40.8865],[-89.75538,40.87902],[-89.7554,40.87777],[-89.7554,40.87307],[-89.75555,40.84195],[-89.75425,40.84234],[-89.73673,40.84241],[-89.70304,40.84206],[-89.69812,40.83482],[-89.69669,40.83274],[-89.69515,40.83174],[-89.69426,40.83102],[-89.68937,40.8314],[-89.68912,40.83137],[-89.68844,40.8313],[-89.68778,40.83123],[-89.68439,40.83127],[-89.68205,40.83131],[-89.68173,40.82858],[-89.67872,40.82859],[-89.67874,40.82772],[-89.64969,40.82724],[-89.64968,40.82671],[-89.6497,40.82612],[-89.64977,40.82005],[-89.64586,40.81998],[-89.64556,40.82014],[-89.64196,40.82113],[-89.63991,40.82113],[-89.63316,40.82049],[-89.63089,40.82048],[-89.63099,40.8131],[-89.63092,40.80731],[-89.63094,40.80569],[-89.63094,40.80559],[-89.63094,40.80485],[-89.63095,40.80388],[-89.63097,40.80173],[-89.63101,40.79781],[-89.63107,40.79067],[-89.63108,40.78962],[-89.63109,40.78849],[-89.63111,40.78586],[-89.63111,40.78459],[-89.63111,40.78383],[-89.63114,40.77631],[-89.62687,40.77625],[-89.62484,40.7764],[-89.62348,40.77626],[-89.62128,40.7762],[-89.62154,40.7772],[-89.62153,40.77981],[-89.61387,40.77978],[-89.61181,40.77883],[-89.6114,40.77734],[-89.611,40.77554],[-89.61461,40.77416],[-89.61649,40.77215],[-89.61591,40.7715],[-89.61457,40.76881],[-89.60374,40.76862],[-89.60262,40.76839],[-89.60208,40.76857],[-89.60261,40.77093],[-89.60261,40.77264],[-89.6026,40.77541],[-89.60144,40.77601],[-89.58329,40.7753],[-89.58285,40.7753],[-89.58292,40.76071],[-89.57658,40.76066],[-89.57661,40.7595],[-89.57475,40.75948],[-89.57475,40.75788],[-89.57236,40.75785],[-89.57237,40.7606],[-89.56903,40.76056],[-89.56647,40.75831],[-89.56633,40.75766],[-89.56483,40.75808],[-89.56429,40.75724],[-89.55893,40.75947],[-89.55659,40.76024],[-89.55597,40.75335],[-89.55521,40.75126],[-89.55343,40.74764],[-89.54103,40.74763],[-89.51739,40.74759],[-89.51266,40.74758],[-89.50915,40.74759],[-89.50312,40.74762],[-89.4693,40.74762],[-89.46708,40.74759],[-89.46703,40.75055],[-89.4621,40.75076],[-89.46219,40.75312],[-89.45308,40.75295],[-89.45317,40.7571],[-89.44684,40.7573],[-89.44709,40.76568],[-89.4471,40.76597],[-89.44711,40.76691],[-89.44241,40.76695],[-89.44221,40.77171],[-89.44223,40.77198],[-89.44412,40.77155],[-89.44685,40.77094],[-89.44716,40.77303],[-89.44712,40.77501],[-89.44708,40.775],[-89.44647,40.79114],[-89.44724,40.79126],[-89.4469,40.79126],[-89.44714,40.79676],[-89.4494,40.79884],[-89.45167,40.80203],[-89.45243,40.80613],[-89.45437,40.80815],[-89.45639,40.81114],[-89.46165,40.81277],[-89.46492,40.81298],[-89.4665,40.81368],[-89.46681,40.81442],[-89.46677,40.82036],[-89.46652,40.82994],[-89.46671,40.83493],[-89.48382,40.83488],[-89.50326,40.83485],[-89.50351,40.8492],[-89.52241,40.8491],[-89.52811,40.84762],[-89.52768,40.8492],[-89.52659,40.85319],[-89.52483,40.85406],[-89.52398,40.85672],[-89.51483,40.86202],[-89.51045,40.86525],[-89.50608,40.86734],[-89.50329,40.86941],[-89.50285,40.86999],[-89.49876,40.87406],[-89.49811,40.87493],[-89.49692,40.87671],[-89.49604,40.87805],[-89.49567,40.87873],[-89.49235,40.88636],[-89.49175,40.88975],[-89.49114,40.89433],[-89.48864,40.89878],[-89.48633,40.89943],[-89.48396,40.90219],[-89.48052,40.90773],[-89.47908,40.90931],[-89.47559,40.91206],[-89.47395,40.91565],[-89.47362,40.91961],[-89.47252,40.92121],[-89.46505,40.92553],[-89.46401,40.92661],[-89.4712,40.92695],[-89.47652,40.92683],[-89.4787,40.92679],[-89.47784,40.92723],[-89.4779,40.9273],[-89.47853,40.92742],[-89.48008,40.92679],[-89.48242,40.92663],[-89.48615,40.92663],[-89.48618,40.92233],[-89.48772,40.92237],[-89.48771,40.92531],[-89.48937,40.92514],[-89.49334,40.92464],[-89.49734,40.92417],[-89.49694,40.92226],[-89.49826,40.92225],[-89.50371,40.92217],[-89.50468,40.92216],[-89.50541,40.92215],[-89.52345,40.92221],[-89.52453,40.92231],[-89.52453,40.92641],[-89.52452,40.93228],[-89.52452,40.93244],[-89.52439,40.97312],[-89.52467,41.06047],[-89.52471,41.07513],[-89.52474,41.08252],[-89.5246,41.14866],[-89.52451,41.18544],[-89.52453,41.20711],[-89.52455,41.23395],[-89.50972,41.23386],[-89.51002,41.27035],[-89.50536,41.27028],[-89.50509,41.27697],[-89.5013,41.27756],[-89.49614,41.27754],[-89.49435,41.27753],[-89.45574,41.27718],[-89.40031,41.27678],[-89.39475,41.27674],[-89.39329,41.27681],[-89.39317,41.28483],[-89.39276,41.31573],[-89.39344,41.31598],[-89.3934,41.31605],[-89.39272,41.31728],[-89.3927,41.32043],[-89.37479,41.32043],[-89.37352,41.32043],[-89.35425,41.32047],[-89.34902,41.32047],[-89.33514,41.32049],[-89.32839,41.3205],[-89.32068,41.32309],[-89.31592,41.32396],[-89.31759,41.32422],[-89.31683,41.32659],[-89.31534,41.32959],[-89.31603,41.33334],[-89.31603,41.33389],[-89.3184,41.33446],[-89.3184,41.33492],[-89.3193,41.33491],[-89.31974,41.33554],[-89.31986,41.34057],[-89.32065,41.34356],[-89.3208,41.34452],[-89.32088,41.34936],[-89.32186,41.34938],[-89.32561,41.34936],[-89.32576,41.3635],[-89.32567,41.36929],[-89.32568,41.37845],[-89.32569,41.38268],[-89.32571,41.38731],[-89.32572,41.38865],[-89.32571,41.39303],[-89.3257,41.40783],[-89.27751,41.40781],[-89.25818,41.40778],[-89.25814,41.40778],[-89.24675,41.40784],[-89.23887,41.40787],[-89.23872,41.40788],[-89.22199,41.40794],[-89.21942,41.40796],[-89.20056,41.40827],[-89.19594,41.40834],[-89.1806,41.40851],[-89.1653,41.40843],[-89.16492,41.38388],[-89.16484,41.37929],[-89.16478,41.37404],[-89.16468,41.36691],[-89.15668,41.36702],[-89.1551,41.36704],[-89.15426,41.36705],[-89.11523,41.3676],[-89.11437,41.36761],[-89.11261,41.36763],[-89.11067,41.36766],[-89.10966,41.36775],[-89.10915,41.36738],[-89.10851,41.36773],[-89.10616,41.36776],[-89.09658,41.36783],[-89.08872,41.36793],[-89.08189,41.36806],[-89.06897,41.36815],[-89.06764,41.36816],[-89.06128,41.36774],[-89.05132,41.36779],[-89.04839,41.36782],[-89.02727,41.36788],[-89.01016,41.36754],[-88.99586,41.36761],[-88.99089,41.36767],[-88.97174,41.36776],[-88.93337,41.36734],[-88.92289,41.36744],[-88.8765,41.36814],[-88.87463,41.36797],[-88.87315,41.36807],[-88.86535,41.36819],[-88.8574,41.36822],[-88.85541,41.36823],[-88.84955,41.36832],[-88.84883,41.36839],[-88.84835,41.36839],[-88.8462,41.36837],[-88.84546,41.36829],[-88.84552,41.37087],[-88.84561,41.37414],[-88.84552,41.37509],[-88.84546,41.38648],[-88.84545,41.38979],[-88.84533,41.43751],[-88.84531,41.45583],[-88.83562,41.45603],[-88.82138,41.4563],[-88.81607,41.45607],[-88.81618,41.47062],[-88.81595,41.50006],[-88.81573,41.51431],[-88.81653,41.52842],[-88.8168,41.53537],[-88.81687,41.54416],[-88.81736,41.57326],[-88.81759,41.5877],[-88.80577,41.58767],[-88.80084,41.5881],[-88.79845,41.58864],[-88.79266,41.59109],[-88.76262,41.60912],[-88.76986,41.60916],[-88.77039,41.63098],[-88.7801,41.63105],[-88.78094,41.6947],[-88.78099,41.69669],[-88.78116,41.70495],[-88.77623,41.70374],[-88.7766,41.71794],[-88.77234,41.71795],[-88.77233,41.7249],[-88.77352,41.72518],[-88.77378,41.76146],[-88.77384,41.77599],[-88.77385,41.77825],[-88.77383,41.79052],[-88.77347,41.80544],[-88.77327,41.82725],[-88.77332,41.84905],[-88.77333,41.86365],[-88.77505,41.86363],[-88.75755,41.89279],[-88.75503,41.89698],[-88.7535,41.89952],[-88.7535,41.90287],[-88.76194,41.90373],[-88.7642,41.90381],[-88.76657,41.90372],[-88.77331,41.903],[-88.77416,41.90288],[-88.77373,41.90744],[-88.77401,41.91459],[-88.77401,41.9183],[-88.77304,41.92187],[-88.77673,41.92186],[-88.79198,41.92178],[-88.79256,41.92271],[-88.79254,41.92987],[-88.79257,41.93],[-88.79256,41.93309],[-88.79738,41.9332],[-88.79737,41.93329],[-88.79726,41.94357],[-88.79723,41.96031],[-88.7962,41.96275],[-88.79523,41.96368],[-88.79303,41.96482],[-88.79061,41.96527],[-88.77312,41.96525],[-88.77313,41.97271],[-88.76334,41.97267],[-88.75837,41.97176],[-88.7364,41.97159],[-88.73626,41.97231],[-88.73645,41.97732],[-88.73683,41.97995],[-88.73964,41.97996],[-88.77313,41.9798],[-88.82928,41.97958],[-88.84883,41.97947],[-88.89747,41.97916],[-88.90781,41.97911],[-88.91665,41.97905],[-88.92673,41.97898],[-88.93626,41.97891],[-88.94188,41.97888],[-88.94189,41.97893],[-88.95466,41.97881],[-88.96144,41.97877],[-89.00064,41.97836],[-89.01014,41.97826],[-89.02038,41.97816],[-89.03931,41.97796],[-89.05539,41.9778],[-89.0651,41.97768],[-89.0794,41.97751],[-89.08945,41.97742],[-89.09409,41.97743],[-89.16732,41.97642],[-89.17064,41.97638],[-89.17072,41.97983],[-89.17099,41.99084],[-89.17132,42.0052],[-89.17154,42.01388],[-89.1716,42.01632],[-89.17194,42.03051],[-89.22628,42.03008],[-89.25199,42.02986],[-89.27628,42.02962],[-89.27834,42.02986],[-89.27852,42.02848],[-89.27878,42.02168],[-89.27992,41.99132],[-89.27994,41.99075],[-89.28014,41.98449],[-89.27989,41.98378],[-89.28102,41.96597],[-89.28241,41.9312],[-89.35313,41.93127],[-89.3645,41.93117],[-89.38916,41.93098],[-89.38806,41.93759],[-89.38505,41.94183],[-89.3844,41.94505],[-89.38933,41.94511],[-89.39699,41.94523],[-89.39753,41.93093],[-89.42697,41.93094],[-89.44534,41.93095],[-89.4493,41.93095],[-89.45139,41.93095],[-89.45207,41.93086],[-89.4557,41.93092],[-89.51292,41.93093],[-89.51242,41.94533],[-89.51101,41.9886],[-89.51013,42.01711],[-89.50983,42.02676],[-89.51444,42.0267],[-89.5678,42.02613],[-89.57002,42.02633],[-89.57433,42.0263],[-89.57503,42.02608],[-89.57567,41.99578],[-89.57573,41.99369],[-89.57564,41.99346],[-89.57621,41.98729],[-89.57881,41.98687],[-89.57884,41.98615],[-89.58521,41.98624],[-89.58873,41.98622],[-89.58868,41.98533],[-89.58875,41.98115],[-89.5933,41.98113],[-89.59512,41.98093],[-89.6024,41.97797],[-89.61469,41.972],[-89.61951,41.96737],[-89.6285,41.96102],[-89.62848,41.96057],[-89.62869,41.9447],[-89.62891,41.93004],[-89.64133,41.9302],[-89.64809,41.93022],[-89.66992,41.93027],[-89.68537,41.93034],[-89.68737,41.93035],[-89.74506,41.93071],[-89.76905,41.93045],[-89.84145,41.9303],[-89.86082,41.93044],[-89.94921,41.93124],[-89.97799,41.93119],[-89.97844,41.93119],[-89.98772,41.93101],[-90.01649,41.93046],[-90.03598,41.93033],[-90.09393,41.92969],[-90.10349,41.92972],[-90.11501,41.92971],[-90.12477,41.9294],[-90.1259,41.92898],[-90.15184,41.92892],[-90.15336,41.91559],[-90.15351,41.90967],[-90.15358,41.90661],[-90.15399,41.90561],[-90.15702,41.89802],[-90.16506,41.88378],[-90.16638,41.88183],[-90.16786,41.87965],[-90.16874,41.87835],[-90.17004,41.87644],[-90.17151,41.87091],[-90.1724,41.86755],[-90.17247,41.86726],[-90.17276,41.86615],[-90.17281,41.86463],[-90.17301,41.8574],[-90.17489,41.85393],[-90.17505,41.85363],[-90.17906,41.84795],[-90.18035,41.84613],[-90.1814,41.84465],[-90.18179,41.84354],[-90.1819,41.84322],[-90.18333,41.83786],[-90.18334,41.83785],[-90.18376,41.83624],[-90.18397,41.83307],[-90.18172,41.8226],[-90.18064,41.81198],[-90.18095,41.80935],[-90.18197,41.80707],[-90.18797,41.80316],[-90.20847,41.79761],[-90.20949,41.79734],[-90.21012,41.79717],[-90.21689,41.79534],[-90.22226,41.79313],[-90.24238,41.78296],[-90.24666,41.7808],[-90.24863,41.77981],[-90.25862,41.7753],[-90.26329,41.77211],[-90.27863,41.76736],[-90.27971,41.76658],[-90.30278,41.75003],[-90.31071,41.74221],[-90.31522,41.73426],[-90.31636,41.72888],[-90.31767,41.72269],[-90.31742,41.71833],[-90.31332,41.70949],[-90.31289,41.70753],[-90.31277,41.70243],[-90.31319,41.69965],[-90.31343,41.69808],[-90.31469,41.69483],[-90.31731,41.69167],[-90.31992,41.68972],[-90.33022,41.68395],[-90.33248,41.68215],[-90.33386,41.6804],[-90.33452,41.67956],[-90.33586,41.67045],[-90.3367,41.66471],[-90.33673,41.66453],[-90.33978,41.65657],[-90.34015,41.6556],[-90.34345,41.64696],[-90.34333,41.64086],[-90.34094,41.61434],[-90.34068,41.6114],[-90.33953,41.59863],[-90.33989,41.59718],[-90.34107,41.59246],[-90.34153,41.59063],[-90.34323,41.58783],[-90.35189,41.58443],[-90.35614,41.58277],[-90.36413,41.57963],[-90.36467,41.57954],[-90.371,41.57843]]]},"properties":{"district":37}},{"type":"Feature","geometry":{"type":"Polygon","coordinates":[[[-89.97379,38.86196],[-89.97391,38.86726],[-89.97809,38.86758],[-89.97851,38.87014],[-89.97856,38.87665],[-89.98653,38.8767],[-89.99238,38.87669],[-90.00406,38.87665],[-90.01094,38.8768],[-90.01118,38.8859],[-90.0114,38.89135],[-90.02055,38.89162],[-90.02069,38.89895],[-90.02072,38.90633],[-90.02628,38.90643],[-90.02711,38.90645],[-90.03009,38.90653],[-90.03835,38.90662],[-90.03838,38.90824],[-90.04061,38.90823],[-90.04062,38.90973],[-90.04063,38.91002],[-90.04082,38.91827],[-90.04095,38.92388],[-90.04589,38.92384],[-90.0507,38.9238],[-90.05542,38.92376],[-90.05721,38.92397],[-90.06133,38.92384],[-90.06597,38.92377],[-90.06856,38.92375],[-90.06917,38.92375],[-90.07043,38.92373],[-90.07683,38.92394],[-90.0835,38.92354],[-90.08948,38.9235],[-90.09037,38.9235],[-90.09077,38.92302],[-90.09086,38.92349],[-90.09687,38.92342],[-90.09862,38.92338],[-90.10358,38.92332],[-90.10398,38.92331],[-90.10553,38.92383],[-90.10509,38.92497],[-90.10408,38.92651],[-90.1135,38.92681],[-90.11358,38.92681],[-90.11831,38.92672],[-90.11836,38.92307],[-90.1198,38.92316],[-90.12625,38.92302],[-90.12703,38.92301],[-90.1327,38.92288],[-90.13745,38.92372],[-90.13743,38.93009],[-90.14227,38.93],[-90.14242,38.9264],[-90.14713,38.92641],[-90.14713,38.92624],[-90.14713,38.92509],[-90.14959,38.9251],[-90.15078,38.92642],[-90.15174,38.92942],[-90.15216,38.93077],[-90.15248,38.93177],[-90.1526,38.93214],[-90.1531,38.9331],[-90.15346,38.93356],[-90.15426,38.93434],[-90.15718,38.93709],[-90.16971,38.93691],[-90.17169,38.93937],[-90.17485,38.94195],[-90.17814,38.94388],[-90.17786,38.94439],[-90.17953,38.94509],[-90.18114,38.95087],[-90.1908,38.95091],[-90.19086,38.95843],[-90.19092,38.95875],[-90.21511,38.95866],[-90.21479,38.95698],[-90.21496,38.94754],[-90.21437,38.94607],[-90.21376,38.9453],[-90.21384,38.94358],[-90.21017,38.93822],[-90.20678,38.93562],[-90.20542,38.93438],[-90.20567,38.92567],[-90.20597,38.91511],[-90.21475,38.91497],[-90.21626,38.9146],[-90.21703,38.90301],[-90.21352,38.90045],[-90.20922,38.89699],[-90.19761,38.88765],[-90.19521,38.88675],[-90.19266,38.88649],[-90.19031,38.88625],[-90.18691,38.88505],[-90.16641,38.87635],[-90.15151,38.86715],[-90.14062,38.86206],[-90.13188,38.85797],[-90.12102,38.8529],[-90.11333,38.84931],[-90.10941,38.84355],[-90.10911,38.83745],[-90.11008,38.83357],[-90.11471,38.81505],[-90.11771,38.80575],[-90.12311,38.79805],[-90.14671,38.78305],[-90.16641,38.77265],[-90.16671,38.77227],[-90.17131,38.76655],[-90.17511,38.76025],[-90.17631,38.75445],[-90.18341,38.74685],[-90.18361,38.74675],[-90.19131,38.74295],[-90.20521,38.73215],[-90.20991,38.72605],[-90.21141,38.72135],[-90.21191,38.71795],[-90.21201,38.71175],[-90.20921,38.70275],[-90.20222,38.69347],[-90.20221,38.69345],[-90.19736,38.68936],[-90.19216,38.68972],[-90.18926,38.68977],[-90.18947,38.68894],[-90.18571,38.68896],[-90.18576,38.68982],[-90.17834,38.68906],[-90.17403,38.68832],[-90.17158,38.68766],[-90.17,38.69161],[-90.16693,38.69359],[-90.16692,38.69261],[-90.16691,38.69188],[-90.15705,38.69198],[-90.15702,38.6921],[-90.15692,38.69208],[-90.15651,38.692],[-90.15645,38.6922],[-90.15478,38.6919],[-90.15471,38.69214],[-90.15411,38.69201],[-90.15407,38.69214],[-90.15353,38.69203],[-90.15348,38.69219],[-90.15235,38.69203],[-90.15176,38.69218],[-90.14916,38.69225],[-90.1486,38.69225],[-90.14837,38.68835],[-90.14842,38.68789],[-90.14842,38.68768],[-90.14841,38.68735],[-90.14833,38.6852],[-90.14815,38.67839],[-90.14742,38.67551],[-90.14744,38.67545],[-90.14736,38.67376],[-90.14731,38.67245],[-90.14701,38.67105],[-90.14701,38.66789],[-90.14714,38.66187],[-90.14733,38.66024],[-90.14639,38.66023],[-90.11751,38.65992],[-90.11286,38.65988],[-90.11275,38.65988],[-90.09288,38.65954],[-90.09237,38.65938],[-90.09134,38.65948],[-90.08893,38.65944],[-90.088,38.65942],[-90.08536,38.65936],[-90.0826,38.65929],[-90.08048,38.65924],[-90.08011,38.65923],[-90.07991,38.64535],[-90.07991,38.64446],[-90.07991,38.64205],[-90.0798,38.63694],[-90.07451,38.63699],[-90.05965,38.63691],[-90.05719,38.6369],[-90.06364,38.63263],[-90.06586,38.63059],[-90.06685,38.62879],[-90.0672,38.6227],[-90.06039,38.62247],[-90.06027,38.61894],[-90.05796,38.61887],[-90.05658,38.61872],[-90.05332,38.61795],[-90.04582,38.61452],[-90.04343,38.61339],[-90.03698,38.61038],[-90.0369,38.60926],[-90.03688,38.6075],[-90.03659,38.59857],[-90.0366,38.59519],[-90.01331,38.59386],[-90.01271,38.59376],[-90.00911,38.59319],[-90.00689,38.59294],[-90.00616,38.59208],[-90.00618,38.5905],[-90.00455,38.5905],[-90.00448,38.58932],[-90.00393,38.58876],[-90.0035,38.58904],[-90.00349,38.58673],[-90.00221,38.58679],[-89.99713,38.58605],[-89.99413,38.58561],[-89.98484,38.58554],[-89.98482,38.57873],[-89.98479,38.57103],[-89.97713,38.57098],[-89.97563,38.57097],[-89.97234,38.57093],[-89.96858,38.57087],[-89.96606,38.57082],[-89.96483,38.56778],[-89.96459,38.56699],[-89.96448,38.56595],[-89.95953,38.56596],[-89.95741,38.56605],[-89.95685,38.56604],[-89.95342,38.56627],[-89.95257,38.56708],[-89.95264,38.57071],[-89.94976,38.57068],[-89.94728,38.57062],[-89.94298,38.57048],[-89.94277,38.57048],[-89.9398,38.57052],[-89.93834,38.57058],[-89.93815,38.55925],[-89.93763,38.55924],[-89.9375,38.5557],[-89.9363,38.55574],[-89.93629,38.55527],[-89.93629,38.55411],[-89.93577,38.55389],[-89.93576,38.55263],[-89.93577,38.55244],[-89.93472,38.55245],[-89.93472,38.55322],[-89.92901,38.55326],[-89.92906,38.55884],[-89.92908,38.57056],[-89.929,38.57621],[-89.92898,38.57954],[-89.93274,38.57985],[-89.93575,38.58408],[-89.93763,38.58459],[-89.94001,38.58775],[-89.93989,38.59069],[-89.93825,38.59238],[-89.93853,38.59396],[-89.93852,38.59462],[-89.94753,38.59655],[-89.94755,38.59668],[-89.94755,38.60699],[-89.94755,38.60707],[-89.94757,38.61431],[-89.94497,38.6143],[-89.9446,38.6143],[-89.93965,38.61428],[-89.93816,38.61428],[-89.93654,38.61344],[-89.93626,38.61405],[-89.93452,38.61444],[-89.93511,38.61517],[-89.93334,38.6182],[-89.9288,38.62137],[-89.9283,38.62263],[-89.92823,38.62263],[-89.9282,38.62278],[-89.9283,38.62437],[-89.92831,38.62949],[-89.92893,38.63081],[-89.92926,38.63245],[-89.92921,38.63282],[-89.92881,38.63273],[-89.92878,38.64958],[-89.92861,38.65008],[-89.9284,38.65771],[-89.92888,38.65771],[-89.9287,38.66881],[-89.93163,38.66889],[-89.93526,38.67033],[-89.93667,38.67037],[-89.93817,38.67173],[-89.94127,38.67164],[-89.94418,38.67232],[-89.94515,38.67339],[-89.9492,38.67546],[-89.95291,38.6761],[-89.95111,38.67764],[-89.95053,38.67909],[-89.95074,38.68108],[-89.95199,38.68601],[-89.95348,38.68799],[-89.95349,38.68945],[-89.95327,38.68989],[-89.95288,38.69152],[-89.95192,38.69288],[-89.95462,38.69401],[-89.95738,38.69842],[-89.95666,38.69854],[-89.95665,38.69849],[-89.95643,38.69841],[-89.95261,38.69832],[-89.9477,38.69815],[-89.94713,38.69882],[-89.94722,38.70946],[-89.9469,38.70983],[-89.95659,38.70835],[-89.95886,38.708],[-89.95881,38.70818],[-89.95662,38.71568],[-89.9565,38.7188],[-89.9565,38.71897],[-89.95518,38.72006],[-89.95491,38.72047],[-89.95391,38.72218],[-89.95351,38.72281],[-89.95323,38.72319],[-89.95283,38.72318],[-89.95262,38.72364],[-89.9484,38.72674],[-89.94741,38.7273],[-89.94697,38.72781],[-89.94189,38.72973],[-89.94072,38.73008],[-89.93776,38.73059],[-89.93515,38.73099],[-89.93516,38.73299],[-89.93516,38.73715],[-89.93491,38.73786],[-89.93755,38.73791],[-89.93783,38.73791],[-89.94032,38.73798],[-89.94303,38.73805],[-89.94742,38.73816],[-89.94736,38.7397],[-89.94707,38.74203],[-89.94714,38.74315],[-89.94714,38.74496],[-89.93326,38.74503],[-89.92871,38.74503],[-89.92867,38.75206],[-89.92857,38.76764],[-89.92855,38.77129],[-89.92853,38.774],[-89.92848,38.7811],[-89.92841,38.78129],[-89.9284,38.78131],[-89.92838,38.78792],[-89.92838,38.79303],[-89.92846,38.79377],[-89.92794,38.80603],[-89.92858,38.80627],[-89.92824,38.81187],[-89.92824,38.81203],[-89.92821,38.81448],[-89.92803,38.83208],[-89.9671,38.83265],[-89.96335,38.83898],[-89.96559,38.84108],[-89.96698,38.8434],[-89.9688,38.84506],[-89.97193,38.84609],[-89.97388,38.84772],[-89.97379,38.86196]]]},"properties":{"district":56}},{"type":"Feature","geometry":{"type":"Polygon","coordinates":[[[-91.51016,40.12709],[-91.50924,40.12188],[-91.5085,40.1187],[-91.50725,40.11341],[-91.50601,40.10813],[-91.50326,40.09901],[-91.50082,40.09096],[-91.49766,40.07826],[-91.49728,40.07705],[-91.49536,40.07095],[-91.49105,40.06082],[-91.48961,40.05744],[-91.49488,40.03645],[-91.49318,40.03346],[-91.48813,40.02458],[-91.48806,40.02445],[-91.48735,40.0232],[-91.48406,40.01933],[-91.4773,40.00899],[-91.46925,39.99533],[-91.46729,39.99063],[-91.46668,39.98725],[-91.46531,39.984],[-91.46368,39.98185],[-91.45953,39.97989],[-91.45885,39.97901],[-91.45465,39.97131],[-91.44981,39.96528],[-91.44724,39.9595],[-91.44156,39.9513],[-91.43709,39.94642],[-91.43548,39.94528],[-91.42905,39.94074],[-91.42578,39.93777],[-91.42412,39.93574],[-91.42192,39.93308],[-91.42183,39.93297],[-91.42007,39.92923],[-91.41936,39.92772],[-91.41881,39.92213],[-91.41988,39.91653],[-91.42088,39.91487],[-91.42776,39.90878],[-91.42896,39.90773],[-91.44351,39.89358],[-91.44692,39.88303],[-91.44784,39.87795],[-91.44638,39.87039],[-91.44045,39.8561],[-91.43707,39.84796],[-91.43605,39.84551],[-91.43292,39.84055],[-91.42952,39.8378],[-91.41451,39.82998],[-91.40622,39.82647],[-91.39785,39.82112],[-91.38577,39.81555],[-91.37797,39.81127],[-91.37515,39.80886],[-91.36895,39.80156],[-91.36797,39.8004],[-91.36344,39.7928],[-91.36157,39.78755],[-91.36174,39.78508],[-91.36301,39.78275],[-91.36485,39.77939],[-91.36569,39.77491],[-91.36574,39.77262],[-91.36591,39.76496],[-91.36512,39.75872],[-91.36605,39.75596],[-91.36741,39.75388],[-91.36995,39.74504],[-91.37001,39.73252],[-91.36783,39.72915],[-91.36775,39.72903],[-91.35403,39.71645],[-91.35275,39.71528],[-91.34888,39.71223],[-91.3453,39.7094],[-91.3316,39.70043],[-91.33072,39.69993],[-91.31781,39.69259],[-91.30668,39.68488],[-91.30535,39.68396],[-91.30248,39.67963],[-91.29379,39.67477],[-91.28333,39.67013],[-91.27614,39.66576],[-91.26771,39.65788],[-91.26676,39.65699],[-91.26609,39.65614],[-91.26047,39.64902],[-91.25647,39.64623],[-91.24878,39.64088],[-91.24591,39.63731],[-91.24356,39.63306],[-91.24122,39.63007],[-91.22932,39.62085],[-91.22333,39.6176],[-91.21664,39.61512],[-91.18592,39.60512],[-91.18194,39.60268],[-91.17801,39.5982],[-91.17465,39.59331],[-91.17423,39.59198],[-91.17164,39.5819],[-91.16982,39.56956],[-91.16842,39.56493],[-91.16662,39.56254],[-91.16363,39.55857],[-91.15861,39.55305],[-91.15363,39.54825],[-91.14922,39.54623],[-91.14827,39.5458],[-91.12664,39.54223],[-91.11588,39.54124],[-91.1143,39.5411],[-91.10031,39.53869],[-91.0982,39.53603],[-91.09287,39.52928],[-91.08629,39.51714],[-91.07977,39.50773],[-91.07841,39.50624],[-91.07531,39.50285],[-91.0643,39.49464],[-91.06308,39.48134],[-91.06241,39.47412],[-91.05944,39.46886],[-91.05306,39.46212],[-91.05033,39.4596],[-91.04737,39.45686],[-91.04734,39.45683],[-91.03827,39.44844],[-91.03552,39.44661],[-91.02999,39.44293],[-91.02753,39.4413],[-91.02434,39.43918],[-91.02361,39.43869],[-91.01195,39.43266],[-91.00369,39.4276],[-90.99379,39.42296],[-90.98302,39.42046],[-90.97762,39.41829],[-90.97246,39.41414],[-90.96748,39.41195],[-90.95746,39.409],[-90.94969,39.40773],[-90.9483,39.4075],[-90.94077,39.40398],[-90.93902,39.40274],[-90.93742,39.4008],[-90.93678,39.39949],[-90.93573,39.39733],[-90.93401,39.39213],[-90.92874,39.38754],[-90.9246,39.38514],[-90.92098,39.38369],[-90.91852,39.38301],[-90.91466,39.38196],[-90.91272,39.38162],[-90.908,39.38081],[-90.90486,39.3794],[-90.9029,39.37753],[-90.90266,39.37537],[-90.90009,39.37235],[-90.89575,39.3689],[-90.89378,39.36734],[-90.89083,39.36599],[-90.85911,39.35137],[-90.8475,39.34527],[-90.84011,39.34044],[-90.82131,39.32366],[-90.81685,39.3205],[-90.79935,39.31309],[-90.79346,39.3095],[-90.7918,39.30712],[-90.79169,39.30696],[-90.79067,39.30291],[-90.78379,39.29716],[-90.77567,39.29281],[-90.77389,39.29054],[-90.76765,39.28003],[-90.7516,39.26543],[-90.74888,39.26413],[-90.73909,39.26189],[-90.73398,39.2591],[-90.72996,39.25589],[-90.72698,39.25117],[-90.72348,39.23918],[-90.72159,39.23273],[-90.72119,39.23018],[-90.72161,39.22622],[-90.72183,39.22411],[-90.71823,39.21632],[-90.71711,39.21391],[-90.7166,39.21041],[-90.71668,39.20672],[-90.71743,39.20279],[-90.7174,39.19741],[-90.71591,39.19147],[-90.71437,39.18531],[-90.71048,39.17637],[-90.70995,39.17292],[-90.70915,39.15511],[-90.7079,39.15086],[-90.70517,39.14315],[-90.70292,39.13875],[-90.70046,39.13544],[-90.69494,39.12968],[-90.68605,39.11779],[-90.68523,39.11553],[-90.68452,39.11357],[-90.68109,39.10059],[-90.68199,39.09007],[-90.68274,39.08835],[-90.70042,39.07179],[-90.70119,39.07041],[-90.7012,39.07032],[-90.70128,39.06993],[-90.70214,39.06557],[-90.71254,39.05706],[-90.71358,39.05557],[-90.71363,39.05398],[-90.71158,39.0468],[-90.70788,39.04226],[-90.70059,39.02907],[-90.6924,39.01666],[-90.69,39.01217],[-90.68984,39.01154],[-90.68881,39.00734],[-90.68772,39.00537],[-90.68498,39.00176],[-90.68368,39.00005],[-90.68207,38.99878],[-90.6809,38.99669],[-90.67819,38.99185],[-90.6764,38.9841],[-90.67642,38.96725],[-90.67642,38.96581],[-90.67595,38.96214],[-90.67397,38.95802],[-90.66923,38.94818],[-90.66718,38.94036],[-90.66342,38.93555],[-90.66343,38.93422],[-90.66347,38.92738],[-90.64729,38.9121],[-90.6359,38.90394],[-90.62848,38.89162],[-90.62512,38.88865],[-90.59535,38.87505],[-90.5862,38.87045],[-90.58339,38.86903],[-90.57672,38.86834],[-90.56656,38.86885],[-90.56463,38.86919],[-90.55569,38.87079],[-90.54587,38.87401],[-90.54403,38.87505],[-90.53112,38.88708],[-90.51696,38.89882],[-90.50745,38.90277],[-90.50012,38.91041],[-90.48697,38.92598],[-90.48272,38.93471],[-90.48345,38.94044],[-90.48334,38.94213],[-90.48242,38.94446],[-90.47212,38.95884],[-90.46778,38.96181],[-90.46241,38.96432],[-90.45081,38.96776],[-90.45079,38.96776],[-90.44008,38.96736],[-90.43374,38.96553],[-90.42473,38.96379],[-90.41311,38.96333],[-90.40637,38.96255],[-90.39582,38.96004],[-90.38577,38.95641],[-90.38313,38.95545],[-90.3649,38.94817],[-90.36165,38.94687],[-90.34644,38.94079],[-90.33353,38.93349],[-90.32418,38.92983],[-90.32358,38.92965],[-90.31757,38.92791],[-90.30945,38.92412],[-90.30611,38.92353],[-90.29871,38.9234],[-90.29475,38.92357],[-90.28371,38.92405],[-90.27747,38.92372],[-90.27571,38.92345],[-90.26987,38.92256],[-90.26279,38.92034],[-90.25699,38.92076],[-90.25403,38.92049],[-90.25025,38.91934],[-90.2417,38.91483],[-90.23034,38.91086],[-90.22304,38.90739],[-90.21703,38.90301],[-90.21626,38.9146],[-90.21475,38.91497],[-90.20597,38.91511],[-90.20567,38.92567],[-90.20542,38.93438],[-90.20678,38.93562],[-90.21017,38.93822],[-90.21384,38.94358],[-90.21376,38.9453],[-90.21437,38.94607],[-90.21496,38.94754],[-90.21479,38.95698],[-90.21511,38.95866],[-90.19092,38.95875],[-90.19086,38.95843],[-90.1908,38.95091],[-90.18114,38.95087],[-90.17953,38.94509],[-90.17786,38.94439],[-90.17814,38.94388],[-90.17485,38.94195],[-90.17169,38.93937],[-90.16971,38.93691],[-90.15718,38.93709],[-90.15426,38.93434],[-90.15346,38.93356],[-90.1531,38.9331],[-90.1526,38.93214],[-90.15248,38.93177],[-90.15216,38.93077],[-90.15174,38.92942],[-90.15078,38.92642],[-90.14959,38.9251],[-90.14713,38.92509],[-90.14713,38.92624],[-90.14713,38.92641],[-90.14242,38.9264],[-90.14227,38.93],[-90.13743,38.93009],[-90.13745,38.92372],[-90.1327,38.92288],[-90.12703,38.92301],[-90.12625,38.92302],[-90.1198,38.92316],[-90.11836,38.92307],[-90.11831,38.92672],[-90.11358,38.92681],[-90.1135,38.92681],[-90.10408,38.92651],[-90.10509,38.92497],[-90.10553,38.92383],[-90.10398,38.92331],[-90.10358,38.92332],[-90.09862,38.92338],[-90.09687,38.92342],[-90.09086,38.92349],[-90.09077,38.92302],[-90.09037,38.9235],[-90.08948,38.9235],[-90.0835,38.92354],[-90.07683,38.92394],[-90.07043,38.92373],[-90.06917,38.92375],[-90.06856,38.92375],[-90.06597,38.92377],[-90.06133,38.92384],[-90.05721,38.92397],[-90.05542,38.92376],[-90.0507,38.9238],[-90.04589,38.92384],[-90.04095,38.92388],[-90.04082,38.91827],[-90.04063,38.91002],[-90.04062,38.90973],[-90.04061,38.90823],[-90.03838,38.90824],[-90.03835,38.90662],[-90.03009,38.90653],[-90.02711,38.90645],[-90.02628,38.90643],[-90.02072,38.90633],[-90.02069,38.89895],[-90.02055,38.89162],[-90.0114,38.89135],[-90.01118,38.8859],[-90.01094,38.8768],[-90.00406,38.87665],[-89.99238,38.87669],[-89.98653,38.8767],[-89.97856,38.87665],[-89.97851,38.87014],[-89.97809,38.86758],[-89.97391,38.86726],[-89.97379,38.86196],[-89.96449,38.86172],[-89.96177,38.86184],[-89.95971,38.86537],[-89.95967,38.86178],[-89.94702,38.86181],[-89.93872,38.86155],[-89.93752,38.86185],[-89.9276,38.86133],[-89.92752,38.89494],[-89.92741,38.91231],[-89.92741,38.91952],[-89.92738,38.9225],[-89.92742,38.92267],[-89.92757,38.92527],[-89.92711,38.92575],[-89.92734,38.92585],[-89.92738,38.92688],[-89.92725,38.93789],[-89.92722,38.94196],[-89.92702,38.963],[-89.92702,38.96641],[-89.92702,38.97032],[-89.92699,38.98808],[-89.92698,38.99877],[-89.92252,38.99875],[-89.92286,39.05665],[-89.92295,39.07114],[-89.92305,39.08563],[-89.92313,39.10019],[-89.92326,39.12905],[-89.92339,39.15815],[-89.9235,39.17221],[-89.9235,39.17247],[-89.9234,39.18214],[-89.92371,39.20205],[-89.9241,39.25856],[-89.92413,39.34746],[-89.92467,39.34745],[-89.92475,39.37754],[-89.92507,39.39935],[-89.9252,39.40582],[-89.92519,39.41647],[-89.92535,39.43479],[-89.92585,39.49282],[-89.92575,39.50758],[-89.92593,39.51116],[-89.92604,39.5221],[-89.92395,39.55868],[-89.93498,39.58744],[-89.94046,39.60209],[-89.94309,39.60914],[-89.96259,39.65994],[-89.96811,39.67443],[-89.97085,39.68166],[-89.97651,39.6963],[-89.98474,39.71808],[-89.98496,39.73717],[-89.98499,39.73976],[-89.98524,39.75947],[-89.98553,39.78124],[-89.98556,39.78536],[-89.99354,39.78539],[-89.99407,39.82182],[-89.99414,39.82904],[-89.99439,39.8581],[-89.9944,39.87286],[-89.99448,39.8858],[-89.99449,39.88709],[-89.99449,39.89033],[-89.99451,39.90193],[-89.99453,39.90984],[-89.99456,39.91692],[-89.9946,39.9237],[-89.99464,39.93095],[-89.9948,39.95994],[-89.9948,39.96378],[-89.9948,39.96496],[-89.99484,39.99617],[-89.99487,40.01066],[-89.99497,40.01724],[-89.99492,40.0251],[-89.99495,40.03481],[-89.99504,40.0396],[-89.99498,40.04665],[-89.99477,40.07187],[-89.99509,40.10891],[-89.99508,40.11085],[-89.9963,40.11248],[-89.99759,40.11277],[-89.9979,40.11071],[-89.99975,40.10809],[-89.99982,40.10333],[-90.00199,40.10362],[-90.00302,40.10638],[-90.00331,40.10926],[-90.00492,40.10899],[-90.00607,40.1076],[-90.00586,40.1045],[-90.00802,40.10334],[-90.01055,40.10389],[-90.01144,40.10291],[-90.01172,40.10101],[-90.01286,40.10084],[-90.01374,40.10269],[-90.01521,40.10302],[-90.01608,40.10214],[-90.0177,40.10211],[-90.01861,40.10324],[-90.02078,40.10359],[-90.01986,40.10462],[-90.0202,40.10565],[-90.02357,40.10472],[-90.02645,40.10542],[-90.03187,40.10549],[-90.0323,40.10609],[-90.03095,40.10871],[-90.03166,40.11074],[-90.03503,40.10821],[-90.0374,40.10341],[-90.03921,40.10257],[-90.03931,40.1073],[-90.04101,40.10904],[-90.04344,40.10881],[-90.04889,40.1052],[-90.0506,40.10342],[-90.05123,40.10234],[-90.05113,40.09964],[-90.05299,40.09913],[-90.05618,40.10034],[-90.05946,40.10025],[-90.06288,40.10084],[-90.06466,40.10015],[-90.06581,40.09693],[-90.06517,40.09484],[-90.06573,40.09336],[-90.06714,40.09329],[-90.06989,40.0941],[-90.07179,40.09393],[-90.07156,40.09269],[-90.07004,40.09108],[-90.07022,40.08999],[-90.07421,40.09022],[-90.07935,40.08725],[-90.07774,40.08599],[-90.07813,40.08532],[-90.0802,40.08577],[-90.08114,40.08492],[-90.08006,40.08314],[-90.08006,40.08093],[-90.08121,40.08008],[-90.08518,40.08218],[-90.08799,40.084],[-90.08852,40.08292],[-90.08753,40.08132],[-90.08762,40.07982],[-90.0894,40.0807],[-90.09122,40.08056],[-90.09286,40.07811],[-90.09441,40.0771],[-90.09625,40.0778],[-90.09365,40.0805],[-90.09543,40.08106],[-90.09915,40.07785],[-90.10151,40.07795],[-90.10257,40.08023],[-90.10433,40.08034],[-90.10495,40.07841],[-90.10656,40.07807],[-90.10863,40.07951],[-90.11001,40.07823],[-90.11293,40.081],[-90.11422,40.07996],[-90.11618,40.08075],[-90.11601,40.07866],[-90.11897,40.07783],[-90.1216,40.07653],[-90.12265,40.07749],[-90.12502,40.07741],[-90.12675,40.07662],[-90.12713,40.07516],[-90.12877,40.0739],[-90.12886,40.07266],[-90.13036,40.07084],[-90.13008,40.06884],[-90.13299,40.06853],[-90.13208,40.06648],[-90.13384,40.06495],[-90.13484,40.06225],[-90.13917,40.06333],[-90.13811,40.06468],[-90.13826,40.06599],[-90.13981,40.0659],[-90.14108,40.06437],[-90.14303,40.06446],[-90.14487,40.06666],[-90.14827,40.06752],[-90.15026,40.06759],[-90.1497,40.06518],[-90.15189,40.0662],[-90.15409,40.06624],[-90.15635,40.06122],[-90.1581,40.06273],[-90.15998,40.06302],[-90.16057,40.06083],[-90.16231,40.06092],[-90.16766,40.06081],[-90.1694,40.05968],[-90.17027,40.06163],[-90.17239,40.06168],[-90.17337,40.06045],[-90.17647,40.06014],[-90.17734,40.061],[-90.17791,40.0632],[-90.17967,40.06386],[-90.18289,40.06258],[-90.18316,40.06325],[-90.18167,40.06614],[-90.18266,40.06699],[-90.1842,40.06663],[-90.18466,40.0646],[-90.18605,40.06441],[-90.18785,40.06576],[-90.18948,40.06545],[-90.18932,40.06476],[-90.1865,40.06302],[-90.1863,40.06165],[-90.18879,40.06119],[-90.18958,40.06006],[-90.19213,40.05999],[-90.19242,40.05732],[-90.19493,40.05622],[-90.19467,40.05377],[-90.19786,40.05341],[-90.1999,40.05396],[-90.20158,40.05403],[-90.20364,40.05291],[-90.2049,40.05435],[-90.20684,40.05538],[-90.20685,40.05678],[-90.20597,40.05953],[-90.20676,40.06024],[-90.20859,40.05965],[-90.20974,40.05651],[-90.21149,40.05531],[-90.21211,40.05608],[-90.21172,40.05883],[-90.21332,40.05922],[-90.21608,40.05634],[-90.21465,40.05553],[-90.21597,40.05417],[-90.21634,40.05149],[-90.21811,40.05126],[-90.21944,40.054],[-90.22272,40.05507],[-90.22543,40.05497],[-90.22681,40.05408],[-90.22671,40.05211],[-90.22791,40.05155],[-90.22929,40.05414],[-90.22906,40.05589],[-90.22993,40.05697],[-90.23194,40.05696],[-90.23531,40.0578],[-90.23577,40.05829],[-90.2341,40.0609],[-90.23578,40.06095],[-90.23919,40.0581],[-90.24356,40.05789],[-90.24441,40.05929],[-90.24341,40.06093],[-90.24491,40.061],[-90.24719,40.05865],[-90.24731,40.05658],[-90.249,40.05795],[-90.25055,40.05822],[-90.25233,40.05716],[-90.25399,40.05709],[-90.25668,40.05892],[-90.26038,40.05925],[-90.26119,40.06153],[-90.26468,40.06112],[-90.26583,40.06214],[-90.26882,40.0616],[-90.26955,40.06121],[-90.27025,40.05753],[-90.27235,40.05492],[-90.27342,40.05469],[-90.27615,40.05667],[-90.28162,40.05655],[-90.28449,40.05547],[-90.28573,40.05574],[-90.28556,40.05782],[-90.2879,40.05795],[-90.28886,40.05873],[-90.28842,40.06049],[-90.28691,40.06206],[-90.28784,40.06378],[-90.29012,40.06425],[-90.29229,40.06349],[-90.29324,40.0645],[-90.2917,40.0655],[-90.29059,40.06889],[-90.2925,40.06969],[-90.29388,40.07178],[-90.29657,40.07347],[-90.29804,40.07567],[-90.29984,40.07643],[-90.30111,40.07617],[-90.30209,40.07599],[-90.30499,40.07791],[-90.30446,40.08182],[-90.3012,40.08293],[-90.30104,40.08353],[-90.30305,40.08463],[-90.30241,40.08862],[-90.30331,40.09281],[-90.30489,40.09355],[-90.30661,40.09266],[-90.30706,40.09694],[-90.30908,40.09825],[-90.31082,40.1006],[-90.31088,40.10144],[-90.31279,40.10315],[-90.31322,40.1043],[-90.31259,40.10627],[-90.31383,40.10701],[-90.31419,40.1101],[-90.31544,40.1117],[-90.31392,40.11292],[-90.31382,40.11477],[-90.31477,40.11571],[-90.31929,40.11713],[-90.32275,40.11702],[-90.32654,40.11882],[-90.32846,40.11927],[-90.32901,40.12021],[-90.33348,40.12026],[-90.33337,40.11814],[-90.33526,40.11941],[-90.33505,40.12103],[-90.33575,40.12238],[-90.33696,40.1225],[-90.33875,40.12123],[-90.33931,40.1191],[-90.34069,40.11788],[-90.342,40.11779],[-90.3424,40.11676],[-90.34389,40.11805],[-90.34544,40.11841],[-90.34881,40.11793],[-90.35002,40.11864],[-90.35059,40.12222],[-90.35,40.12318],[-90.35244,40.12215],[-90.35366,40.12245],[-90.35452,40.12422],[-90.34884,40.1256],[-90.34729,40.12652],[-90.3437,40.13065],[-90.33819,40.13556],[-90.33832,40.14341],[-90.33814,40.15128],[-90.33788,40.16331],[-90.33809,40.16399],[-90.33752,40.18774],[-90.42312,40.18854],[-90.44238,40.18872],[-90.4515,40.1888],[-90.45192,40.1888],[-90.46,40.18885],[-90.46231,40.18899],[-90.56559,40.19082],[-90.66033,40.19062],[-90.67885,40.19041],[-90.68017,40.12505],[-90.68118,40.10347],[-90.69586,40.10379],[-90.69601,40.10397],[-90.7194,40.10424],[-90.7687,40.10516],[-90.79625,40.1059],[-90.83378,40.10509],[-90.91347,40.10446],[-90.91347,40.10453],[-91.00887,40.10625],[-91.01757,40.10643],[-91.01933,40.10646],[-91.02259,40.10651],[-91.02634,40.10659],[-91.02891,40.10664],[-91.147,40.10769],[-91.20277,40.10919],[-91.2604,40.1099],[-91.26098,40.10998],[-91.2996,40.10985],[-91.33719,40.11026],[-91.33778,40.11027],[-91.3662,40.11055],[-91.41786,40.11126],[-91.41731,40.12603],[-91.49196,40.12705],[-91.51016,40.12709]]]},"properties":{"district":50}},{"type":"Feature","geometry":{"type":"Polygon","coordinates":[[[-89.99509,40.10891],[-89.99477,40.07187],[-89.99498,40.04665],[-89.99504,40.0396],[-89.99495,40.03481],[-89.99492,40.0251],[-89.99497,40.01724],[-89.99487,40.01066],[-89.99484,39.99617],[-89.9948,39.96496],[-89.9948,39.96378],[-89.9948,39.95994],[-89.99464,39.93095],[-89.9946,39.9237],[-89.99456,39.91692],[-89.99453,39.90984],[-89.99451,39.90193],[-89.99449,39.89033],[-89.99449,39.88709],[-89.99448,39.8858],[-89.9944,39.87286],[-89.99439,39.8581],[-89.99414,39.82904],[-89.99407,39.82182],[-89.99354,39.78539],[-89.98556,39.78536],[-89.98553,39.78124],[-89.98524,39.75947],[-89.98499,39.73976],[-89.98496,39.73717],[-89.98474,39.71808],[-89.97651,39.6963],[-89.97085,39.68166],[-89.96811,39.67443],[-89.96259,39.65994],[-89.94309,39.60914],[-89.94046,39.60209],[-89.93498,39.58744],[-89.92395,39.55868],[-89.92604,39.5221],[-89.92593,39.51116],[-89.92575,39.50758],[-89.92585,39.49282],[-89.92535,39.43479],[-89.92519,39.41647],[-89.9252,39.40582],[-89.92507,39.39935],[-89.92475,39.37754],[-89.92467,39.34745],[-89.92413,39.34746],[-89.9241,39.25856],[-89.92371,39.20205],[-89.9234,39.18214],[-89.9235,39.17247],[-89.9235,39.17221],[-89.92339,39.15815],[-89.92326,39.12905],[-89.92313,39.10019],[-89.92305,39.08563],[-89.92295,39.07114],[-89.92286,39.05665],[-89.92252,38.99875],[-89.89775,38.99869],[-89.86622,38.99858],[-89.82138,38.9984],[-89.81296,38.99833],[-89.81047,38.99836],[-89.80236,38.99842],[-89.79111,38.99849],[-89.78279,38.99848],[-89.77377,38.99847],[-89.76462,38.99863],[-89.7551,38.99876],[-89.74958,38.99878],[-89.70924,38.99895],[-89.70791,38.99895],[-89.69855,38.99898],[-89.66568,38.99905],[-89.63926,38.99913],[-89.61408,38.99931],[-89.58609,38.99946],[-89.58611,39.0029],[-89.58634,39.02833],[-89.58028,39.02837],[-89.56156,39.02831],[-89.53968,39.02824],[-89.53862,39.02823],[-89.52939,39.02821],[-89.52876,39.02819],[-89.52121,39.02817],[-89.4874,39.02788],[-89.48273,39.02784],[-89.47808,39.02779],[-89.47605,39.02778],[-89.47335,39.02777],[-89.46863,39.02778],[-89.39882,39.02785],[-89.38972,39.02783],[-89.36896,39.02773],[-89.36179,39.02772],[-89.36198,39.04219],[-89.36201,39.04386],[-89.36229,39.06638],[-89.36239,39.07419],[-89.36264,39.09623],[-89.36268,39.0965],[-89.36308,39.12031],[-89.36302,39.1207],[-89.36361,39.17312],[-89.36365,39.19505],[-89.36393,39.19532],[-89.36403,39.20195],[-89.36366,39.20256],[-89.35921,39.20257],[-89.35905,39.20318],[-89.35861,39.20348],[-89.3572,39.20388],[-89.35644,39.20449],[-89.35433,39.20532],[-89.35427,39.20534],[-89.35093,39.20563],[-89.34245,39.20796],[-89.33693,39.2091],[-89.33499,39.20999],[-89.32625,39.21017],[-89.32095,39.21021],[-89.30717,39.21037],[-89.30719,39.20667],[-89.28809,39.20661],[-89.2881,39.20311],[-89.26942,39.20292],[-89.26944,39.21759],[-89.25051,39.21751],[-89.24978,39.21746],[-89.23145,39.21749],[-89.22289,39.21751],[-89.14076,39.21789],[-89.13946,39.21777],[-89.13941,39.21724],[-89.10079,39.21699],[-89.08214,39.21662],[-89.05752,39.21604],[-89.03519,39.21561],[-89.02677,39.21547],[-89.02571,39.21572],[-89.02129,39.21585],[-89.01026,39.21567],[-88.99168,39.21594],[-88.97783,39.2161],[-88.91748,39.21655],[-88.90363,39.21651],[-88.89888,39.21649],[-88.85847,39.21643],[-88.83744,39.21637],[-88.83679,39.21655],[-88.83355,39.21637],[-88.81938,39.21637],[-88.80594,39.21638],[-88.80532,39.21626],[-88.8055,39.17264],[-88.80575,39.16805],[-88.80567,39.14529],[-88.80562,39.12988],[-88.80569,39.08634],[-88.80569,39.08614],[-88.80579,39.07165],[-88.80594,39.02661],[-88.80594,39.02636],[-88.80615,38.99892],[-88.80009,38.99903],[-88.69234,39.00255],[-88.67211,39.00273],[-88.65854,39.00287],[-88.65342,39.0029],[-88.62504,39.00303],[-88.62066,39.00324],[-88.57806,39.00275],[-88.54412,39.00284],[-88.51397,39.00214],[-88.50618,39.00172],[-88.46842,39.00105],[-88.46839,39.01565],[-88.46836,39.03076],[-88.46827,39.04422],[-88.46811,39.04536],[-88.46775,39.07309],[-88.46755,39.08938],[-88.41745,39.08953],[-88.41681,39.10407],[-88.41658,39.14979],[-88.41661,39.16162],[-88.41622,39.17131],[-88.43362,39.17137],[-88.43373,39.21486],[-88.43372,39.2222],[-88.43382,39.23636],[-88.43382,39.23985],[-88.43397,39.27287],[-88.37823,39.27274],[-88.37841,39.35971],[-88.37805,39.36081],[-88.37829,39.36119],[-88.37839,39.37413],[-88.43416,39.37439],[-88.45317,39.37364],[-88.47083,39.37452],[-88.47071,39.38545],[-88.47068,39.38775],[-88.47063,39.39617],[-88.47054,39.41078],[-88.47035,39.43263],[-88.4705,39.44704],[-88.47058,39.46071],[-88.47058,39.46133],[-88.47059,39.46338],[-88.47067,39.47471],[-88.47104,39.52041],[-88.47132,39.56159],[-88.47132,39.5623],[-88.47132,39.56337],[-88.47132,39.56396],[-88.47142,39.57521],[-88.47146,39.57837],[-88.47152,39.58575],[-88.47172,39.60165],[-88.47178,39.60784],[-88.47181,39.61514],[-88.4719,39.63325],[-88.48616,39.63329],[-88.48615,39.65137],[-88.49085,39.65132],[-88.49128,39.69535],[-88.49131,39.69535],[-88.49137,39.71713],[-88.49137,39.7174],[-88.49156,39.73939],[-88.49205,39.79188],[-88.51902,39.79194],[-88.5851,39.79213],[-88.58752,39.79213],[-88.5993,39.79215],[-88.60403,39.79218],[-88.61344,39.79218],[-88.63881,39.79224],[-88.70044,39.79224],[-88.70133,39.79224],[-88.70429,39.79224],[-88.70789,39.79226],[-88.72022,39.79225],[-88.73984,39.79217],[-88.74567,39.79215],[-88.75866,39.79207],[-88.77785,39.79196],[-88.78346,39.79196],[-88.78502,39.79213],[-88.78673,39.79254],[-88.78726,39.79207],[-88.78765,39.79194],[-88.79272,39.79187],[-88.80168,39.79181],[-88.82122,39.79166],[-88.83066,39.79157],[-88.85228,39.79131],[-88.86324,39.79122],[-88.86818,39.79118],[-88.87102,39.79116],[-88.87108,39.79145],[-88.87248,39.79114],[-88.87647,39.7911],[-88.88239,39.79103],[-88.88839,39.79096],[-88.88944,39.79139],[-88.88944,39.79094],[-88.89798,39.79081],[-88.90199,39.79074],[-88.91234,39.79063],[-88.9153,39.79058],[-88.92516,39.79033],[-88.93858,39.79006],[-88.94277,39.78978],[-88.94362,39.78989],[-88.97185,39.78931],[-88.9742,39.78927],[-88.9769,39.78925],[-88.97497,39.79646],[-88.97447,39.79827],[-88.97301,39.80382],[-88.97207,39.80382],[-88.97221,39.80616],[-88.96928,39.8108],[-88.968,39.81268],[-88.96697,39.81409],[-88.9671,39.81409],[-88.96696,39.81426],[-88.96668,39.81477],[-88.96677,39.81479],[-88.9671,39.81487],[-88.96481,39.81824],[-88.96522,39.81824],[-88.97002,39.81824],[-88.97239,39.8182],[-88.97453,39.81813],[-88.97713,39.81826],[-88.97757,39.81822],[-88.98176,39.81813],[-88.98743,39.81803],[-88.98838,39.81801],[-88.99599,39.81791],[-88.9992,39.81786],[-89.02881,39.81756],[-89.02877,39.81437],[-89.02843,39.80341],[-89.02837,39.7882],[-89.02884,39.78817],[-89.02799,39.7424],[-89.02776,39.7355],[-89.02748,39.7279],[-89.14011,39.72819],[-89.14053,39.72821],[-89.13994,39.69912],[-89.13939,39.66993],[-89.13912,39.65513],[-89.13852,39.61145],[-89.25126,39.61159],[-89.2514,39.61159],[-89.28879,39.61157],[-89.29816,39.61154],[-89.34512,39.6114],[-89.36758,39.61138],[-89.38625,39.61144],[-89.38652,39.61144],[-89.40506,39.61139],[-89.40481,39.60398],[-89.40469,39.59712],[-89.40457,39.58989],[-89.39532,39.58985],[-89.3953,39.58256],[-89.38602,39.58251],[-89.38601,39.58195],[-89.38581,39.56798],[-89.3858,39.56719],[-89.39005,39.56796],[-89.4045,39.568],[-89.44233,39.56812],[-89.45172,39.56811],[-89.47778,39.56815],[-89.47778,39.56941],[-89.47916,39.57151],[-89.47832,39.57537],[-89.53432,39.57535],[-89.53472,39.59696],[-89.535,39.61223],[-89.53462,39.61407],[-89.53503,39.64114],[-89.53518,39.64848],[-89.53569,39.68473],[-89.53577,39.6871],[-89.53593,39.69212],[-89.53593,39.69219],[-89.53613,39.69967],[-89.54749,39.69982],[-89.57494,39.70022],[-89.59206,39.7005],[-89.59208,39.70414],[-89.59209,39.70497],[-89.59409,39.70456],[-89.5942,39.70344],[-89.59609,39.70143],[-89.59983,39.69632],[-89.60098,39.69617],[-89.60386,39.69848],[-89.60651,39.6977],[-89.60929,39.69842],[-89.61058,39.69624],[-89.61263,39.69578],[-89.61257,39.69245],[-89.61419,39.69613],[-89.61494,39.69631],[-89.61825,39.69652],[-89.61834,39.69489],[-89.62082,39.69564],[-89.62036,39.69441],[-89.62169,39.69308],[-89.62175,39.693],[-89.62182,39.69297],[-89.62186,39.693],[-89.62196,39.69314],[-89.62179,39.69346],[-89.6218,39.69349],[-89.62181,39.69357],[-89.6218,39.69363],[-89.62179,39.69371],[-89.62175,39.69379],[-89.62261,39.69542],[-89.62614,39.6933],[-89.62807,39.69056],[-89.63103,39.69123],[-89.63074,39.6932],[-89.63287,39.6893],[-89.63355,39.69182],[-89.63551,39.69283],[-89.63923,39.69108],[-89.64153,39.69589],[-89.64246,39.69497],[-89.64327,39.69143],[-89.64503,39.69065],[-89.647,39.68728],[-89.64889,39.68587],[-89.65413,39.68512],[-89.65245,39.68202],[-89.65442,39.68008],[-89.65633,39.67938],[-89.65725,39.67785],[-89.66364,39.67649],[-89.66471,39.67583],[-89.66311,39.67364],[-89.66369,39.67327],[-89.66403,39.67326],[-89.66628,39.6734],[-89.66714,39.67273],[-89.66711,39.66954],[-89.66711,39.66942],[-89.66707,39.66642],[-89.66706,39.66572],[-89.67121,39.66587],[-89.68126,39.66588],[-89.68131,39.66953],[-89.69079,39.6695],[-89.69394,39.66918],[-89.69536,39.66782],[-89.69532,39.65478],[-89.69979,39.65472],[-89.70427,39.65465],[-89.70433,39.65829],[-89.70582,39.65823],[-89.71118,39.65824],[-89.70724,39.66642],[-89.71013,39.66642],[-89.70928,39.66798],[-89.71389,39.66794],[-89.71392,39.66902],[-89.71864,39.66899],[-89.71874,39.6763],[-89.71986,39.67629],[-89.71988,39.67814],[-89.71995,39.68364],[-89.72356,39.68361],[-89.72363,39.68817],[-89.72835,39.68816],[-89.72836,39.69081],[-89.72396,39.69087],[-89.72402,39.69814],[-89.72632,39.69812],[-89.74258,39.69804],[-89.76139,39.69808],[-89.76217,39.69806],[-89.76481,39.69816],[-89.76516,39.69826],[-89.76536,39.69829],[-89.76541,39.69827],[-89.76552,39.69819],[-89.76552,39.69816],[-89.76646,39.69815],[-89.76689,39.69808],[-89.77099,39.69805],[-89.77158,39.73446],[-89.7718,39.74898],[-89.77184,39.75144],[-89.77185,39.75199],[-89.77192,39.75626],[-89.77661,39.75623],[-89.77696,39.77077],[-89.77075,39.77081],[-89.76596,39.77086],[-89.76218,39.77095],[-89.7534,39.77089],[-89.74741,39.77075],[-89.74019,39.77788],[-89.73998,39.77809],[-89.73611,39.7818],[-89.74356,39.78175],[-89.74443,39.78174],[-89.74448,39.78663],[-89.75365,39.78657],[-89.75427,39.78656],[-89.75434,39.79383],[-89.75802,39.79382],[-89.7581,39.80107],[-89.73607,39.80115],[-89.7369,39.80386],[-89.73692,39.80837],[-89.73224,39.8084],[-89.72991,39.80883],[-89.72991,39.81022],[-89.72078,39.81023],[-89.71907,39.81107],[-89.71573,39.81009],[-89.7157,39.80879],[-89.71569,39.80823],[-89.71515,39.80845],[-89.71397,39.80961],[-89.71331,39.81134],[-89.71346,39.81883],[-89.71082,39.81839],[-89.71078,39.83175],[-89.71105,39.8395],[-89.7116,39.84386],[-89.71149,39.84427],[-89.71175,39.86101],[-89.71168,39.86118],[-89.71155,39.86155],[-89.71168,39.87312],[-89.70852,39.87315],[-89.68237,39.87344],[-89.66431,39.87355],[-89.6543,39.8738],[-89.6315,39.87401],[-89.63131,39.87401],[-89.63116,39.87401],[-89.63078,39.87401],[-89.61652,39.87424],[-89.61625,39.87408],[-89.61401,39.87408],[-89.60957,39.87421],[-89.60686,39.87423],[-89.6015,39.87426],[-89.60093,39.87426],[-89.59748,39.87428],[-89.59669,39.87427],[-89.57343,39.87425],[-89.57001,39.87427],[-89.56464,39.87429],[-89.56368,39.87429],[-89.56303,39.87393],[-89.56218,39.87284],[-89.56174,39.87207],[-89.56378,39.87096],[-89.56281,39.86956],[-89.56045,39.86932],[-89.55939,39.86826],[-89.55923,39.86623],[-89.55978,39.8652],[-89.56249,39.8627],[-89.56228,39.86148],[-89.5587,39.86141],[-89.55734,39.8605],[-89.55655,39.8599],[-89.5559,39.85882],[-89.55518,39.85729],[-89.55485,39.85536],[-89.55483,39.85452],[-89.55518,39.85288],[-89.55526,39.85271],[-89.55544,39.85244],[-89.5556,39.85225],[-89.55584,39.85206],[-89.55594,39.85201],[-89.55827,39.84996],[-89.5577,39.84876],[-89.55517,39.84768],[-89.5527,39.84895],[-89.5518,39.84908],[-89.55027,39.84836],[-89.54914,39.84682],[-89.54939,39.84673],[-89.54788,39.84353],[-89.5475,39.84312],[-89.54691,39.84214],[-89.54664,39.83963],[-89.54621,39.83802],[-89.54487,39.83803],[-89.54611,39.83714],[-89.54529,39.83544],[-89.54483,39.83476],[-89.545,39.83222],[-89.54422,39.83134],[-89.54423,39.83091],[-89.54343,39.83019],[-89.54195,39.83169],[-89.53829,39.83503],[-89.53462,39.83655],[-89.52977,39.83725],[-89.52518,39.83782],[-89.51586,39.83797],[-89.48288,39.83844],[-89.48284,39.83815],[-89.4721,39.83837],[-89.46343,39.83902],[-89.459,39.83929],[-89.44441,39.83888],[-89.44444,39.83921],[-89.44423,39.87494],[-89.46261,39.87506],[-89.48304,39.87504],[-89.48319,39.89681],[-89.48325,39.90414],[-89.4835,39.93315],[-89.48351,39.94049],[-89.48372,39.96221],[-89.48376,39.96925],[-89.48383,39.97673],[-89.48874,39.97673],[-89.50032,39.97666],[-89.50303,39.97663],[-89.50325,39.97664],[-89.52169,39.97651],[-89.52618,39.97651],[-89.52782,39.97648],[-89.52822,39.97648],[-89.57829,39.97613],[-89.57856,39.99067],[-89.57894,40.01221],[-89.57925,40.03429],[-89.57935,40.04157],[-89.57939,40.04509],[-89.57943,40.04877],[-89.57874,40.04878],[-89.57913,40.09242],[-89.58836,40.09235],[-89.59334,40.09233],[-89.59551,40.09232],[-89.5975,40.09231],[-89.60112,40.09228],[-89.60118,40.09595],[-89.60134,40.10361],[-89.6016,40.11738],[-89.60169,40.12238],[-89.60327,40.12143],[-89.60592,40.12275],[-89.6064,40.12362],[-89.60565,40.12617],[-89.61089,40.12733],[-89.61089,40.12856],[-89.60914,40.12921],[-89.61266,40.13246],[-89.61376,40.13458],[-89.6174,40.13579],[-89.62029,40.13622],[-89.62056,40.13888],[-89.62175,40.14107],[-89.62387,40.14317],[-89.62748,40.144],[-89.6268,40.14591],[-89.62805,40.1469],[-89.628,40.14882],[-89.62921,40.14932],[-89.63219,40.14867],[-89.63315,40.15209],[-89.63452,40.15357],[-89.63661,40.1522],[-89.6382,40.15299],[-89.63826,40.15487],[-89.64639,40.1536],[-89.64773,40.15478],[-89.64833,40.15703],[-89.65027,40.15719],[-89.65129,40.15489],[-89.6532,40.15607],[-89.65652,40.157],[-89.65834,40.15592],[-89.66068,40.15603],[-89.66161,40.15811],[-89.66523,40.16001],[-89.66896,40.16066],[-89.67087,40.15415],[-89.67281,40.1537],[-89.67608,40.15422],[-89.68001,40.15547],[-89.68176,40.15356],[-89.68061,40.15127],[-89.68251,40.15203],[-89.68381,40.15501],[-89.68594,40.15365],[-89.68445,40.15216],[-89.68504,40.15044],[-89.68695,40.14932],[-89.68668,40.14679],[-89.68841,40.14556],[-89.69165,40.14492],[-89.69205,40.14256],[-89.69327,40.14223],[-89.69434,40.14091],[-89.69554,40.1409],[-89.69706,40.14219],[-89.7007,40.14198],[-89.70156,40.1413],[-89.70433,40.14063],[-89.70483,40.14298],[-89.70756,40.14279],[-89.70759,40.14568],[-89.70857,40.14695],[-89.71178,40.14591],[-89.7118,40.14308],[-89.71559,40.14354],[-89.71671,40.14192],[-89.71915,40.14033],[-89.72225,40.14088],[-89.72192,40.14236],[-89.72739,40.14265],[-89.72898,40.14111],[-89.72792,40.13878],[-89.72978,40.13701],[-89.73003,40.13562],[-89.73134,40.13737],[-89.73407,40.13767],[-89.73574,40.13463],[-89.73413,40.13417],[-89.73405,40.13275],[-89.73569,40.13226],[-89.7377,40.13288],[-89.73941,40.13161],[-89.74237,40.13146],[-89.74148,40.12979],[-89.74391,40.12845],[-89.74603,40.12949],[-89.7492,40.12685],[-89.75103,40.12756],[-89.75421,40.12667],[-89.75556,40.12756],[-89.75807,40.12749],[-89.76121,40.12973],[-89.76289,40.12814],[-89.76521,40.12912],[-89.76838,40.12924],[-89.77001,40.12852],[-89.77077,40.13019],[-89.77248,40.13061],[-89.77342,40.13223],[-89.77461,40.13173],[-89.77476,40.12941],[-89.77838,40.12852],[-89.78035,40.12707],[-89.78214,40.12712],[-89.78284,40.12919],[-89.78557,40.12926],[-89.78805,40.13006],[-89.78952,40.12865],[-89.7922,40.12857],[-89.79129,40.1264],[-89.79437,40.1238],[-89.79726,40.12543],[-89.7996,40.12528],[-89.80259,40.12365],[-89.80343,40.12477],[-89.806,40.12398],[-89.80683,40.12489],[-89.80956,40.12459],[-89.8107,40.1238],[-89.80873,40.1216],[-89.81008,40.12121],[-89.81324,40.12214],[-89.8147,40.1244],[-89.81894,40.12535],[-89.82013,40.12282],[-89.82219,40.12348],[-89.82394,40.12293],[-89.82387,40.12146],[-89.82499,40.1229],[-89.82719,40.12567],[-89.82897,40.12568],[-89.83075,40.12505],[-89.83124,40.12377],[-89.83398,40.12441],[-89.83524,40.12697],[-89.83721,40.12767],[-89.83711,40.12934],[-89.83811,40.13034],[-89.84074,40.13063],[-89.8415,40.1298],[-89.84207,40.12706],[-89.84326,40.12637],[-89.84735,40.12761],[-89.85211,40.12999],[-89.85476,40.13016],[-89.85809,40.12906],[-89.86041,40.12995],[-89.86328,40.12807],[-89.86437,40.12788],[-89.86733,40.12876],[-89.86825,40.12972],[-89.86753,40.13273],[-89.87056,40.13668],[-89.87255,40.13741],[-89.87511,40.13653],[-89.87747,40.13389],[-89.8789,40.13358],[-89.88123,40.13401],[-89.88077,40.13558],[-89.88195,40.13635],[-89.88584,40.13454],[-89.8841,40.13166],[-89.88409,40.12919],[-89.88496,40.12821],[-89.88725,40.12849],[-89.88979,40.13023],[-89.89177,40.13054],[-89.89629,40.12908],[-89.89812,40.1278],[-89.89997,40.12888],[-89.90185,40.13222],[-89.90371,40.13404],[-89.90582,40.13515],[-89.90666,40.13656],[-89.9084,40.13779],[-89.90911,40.1353],[-89.90635,40.13337],[-89.90755,40.13161],[-89.90963,40.13177],[-89.91628,40.13353],[-89.91769,40.13563],[-89.9199,40.13626],[-89.92078,40.13848],[-89.92294,40.13814],[-89.92364,40.13592],[-89.92501,40.13638],[-89.92485,40.13822],[-89.92606,40.13995],[-89.92861,40.13984],[-89.93103,40.13758],[-89.93223,40.13726],[-89.93467,40.13778],[-89.93859,40.1371],[-89.94158,40.13675],[-89.94016,40.13496],[-89.93664,40.13369],[-89.93717,40.13201],[-89.94204,40.13155],[-89.94255,40.13377],[-89.9449,40.1337],[-89.94485,40.1312],[-89.94614,40.13026],[-89.94818,40.13109],[-89.94869,40.1323],[-89.94884,40.13534],[-89.95062,40.13546],[-89.95148,40.13205],[-89.95262,40.13273],[-89.95274,40.13426],[-89.95415,40.13662],[-89.9569,40.13689],[-89.95808,40.13454],[-89.95887,40.13436],[-89.96024,40.1388],[-89.96203,40.13882],[-89.96303,40.14024],[-89.96308,40.14305],[-89.96619,40.14307],[-89.96736,40.14259],[-89.97049,40.14208],[-89.97112,40.14087],[-89.96971,40.13817],[-89.97062,40.13754],[-89.97257,40.13761],[-89.9746,40.13571],[-89.97399,40.13459],[-89.97189,40.13433],[-89.97155,40.13295],[-89.97277,40.13211],[-89.97524,40.13149],[-89.97668,40.13037],[-89.97582,40.12905],[-89.97348,40.12841],[-89.97395,40.12713],[-89.97604,40.12676],[-89.97869,40.12505],[-89.98173,40.12826],[-89.98493,40.12933],[-89.98665,40.12901],[-89.98666,40.12755],[-89.98451,40.12432],[-89.9848,40.1232],[-89.98649,40.12279],[-89.9877,40.12395],[-89.98873,40.12303],[-89.98795,40.12161],[-89.98795,40.11965],[-89.9887,40.11838],[-89.98759,40.11653],[-89.98351,40.11615],[-89.98266,40.11537],[-89.98317,40.11339],[-89.98582,40.11195],[-89.99219,40.11192],[-89.99342,40.11083],[-89.99259,40.10914],[-89.99393,40.10801],[-89.99509,40.10891]]]},"properties":{"district":54}},{"type":"Feature","geometry":{"type":"Polygon","coordinates":[[[-90.66624,41.46063],[-90.66621,41.4594],[-90.66659,41.42651],[-90.66767,41.41569],[-90.63784,41.41548],[-90.62896,41.41503],[-90.61556,41.41474],[-90.60598,41.41454],[-90.58699,41.41424],[-90.58702,41.41234],[-90.58708,41.40725],[-90.58732,41.39267],[-90.58759,41.37098],[-90.57811,41.37085],[-90.55941,41.37074],[-90.54954,41.37021],[-90.54995,41.32712],[-90.55191,41.25368],[-90.55227,41.23971],[-90.5468,41.23969],[-90.54778,41.20259],[-90.54744,41.20122],[-90.54792,41.19269],[-90.54821,41.16968],[-90.54851,41.15127],[-90.55662,41.15166],[-90.56311,41.15199],[-90.57244,41.15242],[-90.62588,41.15435],[-90.62689,41.15413],[-90.63742,41.15439],[-90.64186,41.15446],[-90.66635,41.15498],[-90.66712,41.11131],[-90.66736,41.09728],[-90.66771,41.06759],[-90.6696,40.98023],[-90.67071,40.9363],[-90.67101,40.92151],[-90.67102,40.92099],[-90.6711,40.91646],[-90.67114,40.91413],[-90.67141,40.89907],[-90.67153,40.89246],[-90.6716,40.88862],[-90.67147,40.88748],[-90.67139,40.88702],[-90.67161,40.88569],[-90.67261,40.81256],[-90.67273,40.80509],[-90.67358,40.76151],[-90.67376,40.7341],[-90.67399,40.72561],[-90.67402,40.71796],[-90.67169,40.71793],[-90.67181,40.71403],[-90.67189,40.71137],[-90.67226,40.71075],[-90.67222,40.71032],[-90.67272,40.68994],[-90.67256,40.68616],[-90.6732,40.6315],[-90.67368,40.58952],[-90.67372,40.57724],[-90.67356,40.576],[-90.67363,40.56245],[-90.67363,40.56152],[-90.67366,40.55501],[-90.67367,40.55207],[-90.67369,40.55049],[-90.67396,40.54319],[-90.73257,40.54428],[-90.73269,40.54426],[-90.79018,40.54526],[-90.79052,40.51545],[-90.79057,40.50825],[-90.79063,40.50063],[-90.79067,40.49635],[-90.79078,40.48729],[-90.791,40.47116],[-90.79088,40.47084],[-90.79092,40.46955],[-90.79107,40.45612],[-90.79105,40.45611],[-90.7905,40.45611],[-90.79022,40.45611],[-90.78937,40.45611],[-90.78805,40.45611],[-90.78597,40.45612],[-90.78496,40.45612],[-90.78378,40.45612],[-90.78365,40.45612],[-90.78289,40.45613],[-90.78198,40.45613],[-90.78144,40.45613],[-90.78108,40.45613],[-90.78001,40.45613],[-90.77941,40.45614],[-90.7784,40.45614],[-90.7784,40.45612],[-90.77666,40.45612],[-90.77437,40.45613],[-90.77368,40.45613],[-90.77332,40.45613],[-90.77315,40.45617],[-90.77189,40.45614],[-90.75292,40.45596],[-90.74478,40.45587],[-90.71935,40.45565],[-90.71715,40.45563],[-90.71448,40.45565],[-90.7048,40.45536],[-90.70524,40.45491],[-90.706,40.45412],[-90.70589,40.45289],[-90.70477,40.45313],[-90.7048,40.45234],[-90.6996,40.45382],[-90.69982,40.44784],[-90.69416,40.44771],[-90.68996,40.44771],[-90.68064,40.44771],[-90.67977,40.44772],[-90.67578,40.44779],[-90.67506,40.44796],[-90.67072,40.44794],[-90.66742,40.44794],[-90.66111,40.44792],[-90.65955,40.44792],[-90.65623,40.44791],[-90.65614,40.45119],[-90.65606,40.45487],[-90.65555,40.4562],[-90.65443,40.4586],[-90.64886,40.4586],[-90.64325,40.4586],[-90.64271,40.4586],[-90.638,40.4586],[-90.62821,40.4586],[-90.62362,40.45855],[-90.62267,40.45834],[-90.61775,40.45588],[-90.61586,40.4551],[-90.61477,40.45498],[-90.56116,40.45526],[-90.46587,40.45252],[-90.44746,40.45206],[-90.44748,40.48136],[-90.44737,40.4911],[-90.44725,40.50337],[-90.44688,40.53984],[-90.44636,40.5841],[-90.4459,40.61345],[-90.44563,40.62744],[-90.44563,40.62764],[-90.44545,40.6355],[-90.4454,40.64227],[-90.44501,40.66057],[-90.44497,40.66392],[-90.44497,40.66397],[-90.44497,40.66405],[-90.44497,40.66419],[-90.44482,40.67758],[-90.44434,40.71486],[-90.44434,40.71487],[-90.44408,40.72939],[-90.44323,40.78029],[-90.44289,40.80156],[-90.4426,40.82945],[-90.44227,40.86006],[-90.44246,40.8637],[-90.44209,40.86729],[-90.44181,40.88578],[-90.44176,40.88906],[-90.33225,40.88887],[-90.32749,40.88884],[-90.32741,40.88884],[-90.26736,40.88861],[-90.21277,40.8885],[-90.2126,40.90276],[-90.21193,40.93958],[-90.21182,40.94712],[-90.21131,40.97587],[-90.2498,40.97605],[-90.25931,40.97602],[-90.288,40.97615],[-90.32583,40.97647],[-90.32569,40.98143],[-90.32563,40.98583],[-90.32545,40.98649],[-90.32507,41.00543],[-90.32507,41.00562],[-90.32505,41.00642],[-90.32502,41.00825],[-90.32483,41.01802],[-90.3248,41.01962],[-90.32442,41.04132],[-90.3244,41.04259],[-90.32412,41.06387],[-90.32399,41.0785],[-90.32369,41.10777],[-90.32366,41.11173],[-90.32363,41.11529],[-90.32347,41.12969],[-90.32339,41.13687],[-90.32318,41.1512],[-90.32299,41.1657],[-90.323,41.16597],[-90.32288,41.17298],[-90.32289,41.17339],[-90.32281,41.17887],[-90.3228,41.18023],[-90.32274,41.18375],[-90.32273,41.18387],[-90.32259,41.19485],[-90.32256,41.19491],[-90.32202,41.23722],[-90.32018,41.2372],[-90.31995,41.26613],[-90.31949,41.3243],[-90.31942,41.3388],[-90.31923,41.41113],[-90.31922,41.41119],[-90.3192,41.42573],[-90.31922,41.43399],[-90.31928,41.44031],[-90.31946,41.46193],[-90.3195,41.46824],[-90.31959,41.47633],[-90.31959,41.47641],[-90.31959,41.47656],[-90.31979,41.49181],[-90.31982,41.49812],[-90.31981,41.49839],[-90.31986,41.50178],[-90.31969,41.50725],[-90.31951,41.5097],[-90.31788,41.50876],[-90.31787,41.51246],[-90.31787,41.51985],[-90.31787,41.53039],[-90.31763,41.53441],[-90.31764,41.53497],[-90.31787,41.54151],[-90.31786,41.54156],[-90.32203,41.54173],[-90.34063,41.54159],[-90.34177,41.5416],[-90.34701,41.5416],[-90.35688,41.54173],[-90.3569,41.54897],[-90.35708,41.55512],[-90.35726,41.55985],[-90.37144,41.55983],[-90.37127,41.57193],[-90.3712,41.57333],[-90.371,41.57843],[-90.37878,41.57708],[-90.38133,41.57663],[-90.39793,41.57223],[-90.40573,41.56862],[-90.41283,41.56533],[-90.41299,41.56521],[-90.41583,41.56293],[-90.41989,41.55742],[-90.42223,41.55423],[-90.42453,41.55299],[-90.42517,41.55265],[-90.42723,41.55153],[-90.43273,41.54953],[-90.4339,41.54843],[-90.43843,41.54413],[-90.44358,41.53807],[-90.44523,41.53613],[-90.46143,41.52353],[-90.47433,41.51973],[-90.47529,41.51964],[-90.48949,41.51828],[-90.48993,41.51823],[-90.50063,41.51803],[-90.50361,41.51839],[-90.51313,41.51953],[-90.51319,41.51955],[-90.5325,41.52479],[-90.53303,41.52493],[-90.53723,41.52557],[-90.54093,41.52613],[-90.55493,41.52439],[-90.55623,41.52423],[-90.56629,41.51811],[-90.56724,41.51753],[-90.57114,41.51633],[-90.58041,41.51531],[-90.58161,41.51518],[-90.58204,41.51513],[-90.59104,41.51283],[-90.59435,41.51141],[-90.59524,41.51103],[-90.60214,41.50603],[-90.60424,41.49703],[-90.60573,41.49457],[-90.60594,41.49423],[-90.60861,41.49228],[-90.61854,41.48503],[-90.63067,41.47957],[-90.63254,41.47873],[-90.64024,41.47333],[-90.65024,41.46503],[-90.65584,41.46213],[-90.66624,41.46063]]]},"properties":{"district":36}},{"type":"Feature","geometry":{"type":"Polygon","coordinates":[[[-87.61893,41.90011],[-87.62023,41.90007],[-87.62189,41.90005],[-87.62186,41.89885],[-87.62186,41.89842],[-87.6241,41.89839],[-87.62413,41.89921],[-87.62826,41.89914],[-87.62825,41.89847],[-87.6282,41.89668],[-87.62815,41.89488],[-87.62813,41.89407],[-87.62809,41.89247],[-87.62807,41.89167],[-87.628,41.88751],[-87.62794,41.88575],[-87.62451,41.88575],[-87.62445,41.88447],[-87.62285,41.88428],[-87.6229,41.88085],[-87.62301,41.88084],[-87.62327,41.87559],[-87.62273,41.87318],[-87.62256,41.87103],[-87.62117,41.86758],[-87.62097,41.86759],[-87.61967,41.86459],[-87.61792,41.85796],[-87.61888,41.85792],[-87.61968,41.85789],[-87.61916,41.85691],[-87.6191,41.85556],[-87.61904,41.853],[-87.61894,41.85086],[-87.61901,41.85021],[-87.61774,41.84818],[-87.61804,41.84788],[-87.61886,41.84571],[-87.61767,41.84572],[-87.61747,41.83842],[-87.61731,41.83113],[-87.61739,41.8304],[-87.61726,41.82383],[-87.6167,41.82265],[-87.6129,41.82268],[-87.61376,41.81848],[-87.61394,41.81758],[-87.61656,41.81754],[-87.61653,41.81664],[-87.61648,41.81483],[-87.61669,41.81301],[-87.61969,41.81297],[-87.61964,41.81115],[-87.61959,41.80934],[-87.61815,41.80936],[-87.61685,41.80938],[-87.6168,41.80756],[-87.61676,41.80574],[-87.61671,41.80392],[-87.61645,41.80392],[-87.61653,41.8021],[-87.61611,41.8021],[-87.61607,41.79847],[-87.61598,41.7948],[-87.61589,41.79117],[-87.6158,41.78752],[-87.61576,41.7857],[-87.61092,41.78579],[-87.60604,41.78587],[-87.60606,41.78713],[-87.60122,41.78718],[-87.60119,41.78593],[-87.60115,41.78411],[-87.59953,41.78413],[-87.59948,41.78231],[-87.59787,41.78232],[-87.59782,41.7805],[-87.5962,41.78052],[-87.59612,41.77688],[-87.59608,41.77506],[-87.59295,41.77508],[-87.59291,41.77327],[-87.59222,41.77328],[-87.59117,41.77329],[-87.59108,41.76964],[-87.59099,41.76602],[-87.59094,41.7642],[-87.5909,41.76237],[-87.59085,41.76055],[-87.5908,41.75872],[-87.58837,41.75874],[-87.58614,41.75876],[-87.58574,41.75877],[-87.58573,41.75838],[-87.58358,41.7584],[-87.58103,41.75836],[-87.58104,41.75882],[-87.57614,41.75888],[-87.57125,41.75893],[-87.57118,41.7553],[-87.57111,41.75167],[-87.57108,41.74985],[-87.56742,41.7499],[-87.56739,41.74808],[-87.56734,41.74445],[-87.56612,41.74446],[-87.56126,41.74453],[-87.55641,41.74459],[-87.55638,41.74277],[-87.55635,41.74096],[-87.55756,41.74094],[-87.55753,41.73912],[-87.56118,41.73908],[-87.56605,41.73901],[-87.56603,41.73743],[-87.5657,41.7372],[-87.566,41.73719],[-87.56591,41.73354],[-87.57199,41.73346],[-87.57259,41.73345],[-87.57254,41.73163],[-87.5725,41.7298],[-87.57553,41.72976],[-87.57549,41.72794],[-87.57545,41.72612],[-87.57538,41.72347],[-87.57535,41.72247],[-87.57047,41.72253],[-87.56995,41.72254],[-87.56536,41.72259],[-87.56472,41.7226],[-87.5566,41.7227],[-87.54568,41.72282],[-87.54292,41.72286],[-87.53892,41.72291],[-87.53654,41.72294],[-87.53529,41.7214],[-87.53529,41.71955],[-87.53528,41.71197],[-87.53529,41.70822],[-87.53529,41.70639],[-87.53954,41.7064],[-87.53952,41.70458],[-87.54011,41.70458],[-87.54009,41.70095],[-87.54008,41.69731],[-87.5401,41.69549],[-87.54011,41.69186],[-87.54132,41.69186],[-87.54129,41.6828],[-87.54012,41.6828],[-87.53766,41.68277],[-87.53765,41.68095],[-87.53188,41.68093],[-87.53062,41.68326],[-87.53041,41.68465],[-87.53035,41.69183],[-87.52463,41.6918],[-87.52456,41.69904],[-87.52454,41.70087],[-87.52445,41.70268],[-87.52416,41.70831],[-87.52823,41.71088],[-87.5266,41.71223],[-87.52902,41.71538],[-87.52521,41.71755],[-87.52462,41.72352],[-87.52925,41.73276],[-87.52927,41.73286],[-87.53106,41.74807],[-87.54326,41.752],[-87.54442,41.75466],[-87.54449,41.75482],[-87.54075,41.75726],[-87.54388,41.75997],[-87.54752,41.75854],[-87.55005,41.75931],[-87.5542,41.76058],[-87.55533,41.76147],[-87.55599,41.76199],[-87.55753,41.76321],[-87.55797,41.76355],[-87.55945,41.76472],[-87.55978,41.76497],[-87.56045,41.76551],[-87.56047,41.76552],[-87.56044,41.76634],[-87.56036,41.76845],[-87.5604,41.76848],[-87.56341,41.77116],[-87.56614,41.77359],[-87.56669,41.77408],[-87.57286,41.77934],[-87.57279,41.77956],[-87.57251,41.78044],[-87.57241,41.78074],[-87.5723,41.78106],[-87.57422,41.78266],[-87.57635,41.78603],[-87.5764,41.78616],[-87.57729,41.78826],[-87.57736,41.78841],[-87.57737,41.78845],[-87.57787,41.7896],[-87.5795,41.79343],[-87.57625,41.79503],[-87.57621,41.79516],[-87.5758,41.79629],[-87.57692,41.79694],[-87.58016,41.79883],[-87.58082,41.80062],[-87.58082,41.80064],[-87.58087,41.80075],[-87.58151,41.80251],[-87.58204,41.80395],[-87.58219,41.80436],[-87.58367,41.80618],[-87.58698,41.81022],[-87.58779,41.81122],[-87.59246,41.81694],[-87.59943,41.82546],[-87.60055,41.82683],[-87.60239,41.83063],[-87.60273,41.83135],[-87.60621,41.83854],[-87.60637,41.83887],[-87.60794,41.84211],[-87.6091,41.84452],[-87.60945,41.84523],[-87.60945,41.84525],[-87.61018,41.84987],[-87.6105,41.85191],[-87.60782,41.85278],[-87.60652,41.8532],[-87.60585,41.86685],[-87.6139,41.86846],[-87.61526,41.86874],[-87.61625,41.86893],[-87.61631,41.87189],[-87.61634,41.87328],[-87.61651,41.88091],[-87.61654,41.8824],[-87.61318,41.8836],[-87.6131,41.88439],[-87.61298,41.88568],[-87.61278,41.88785],[-87.6138,41.88794],[-87.61379,41.88832],[-87.61369,41.89054],[-87.61317,41.89055],[-87.61152,41.89059],[-87.61139,41.88952],[-87.60955,41.88961],[-87.60964,41.89208],[-87.60968,41.89313],[-87.60968,41.89318],[-87.60227,41.8933],[-87.60237,41.89634],[-87.61009,41.89637],[-87.61031,41.89608],[-87.61204,41.89371],[-87.61409,41.89365],[-87.61421,41.89364],[-87.61428,41.89364],[-87.61588,41.89587],[-87.61654,41.89678],[-87.61794,41.89873],[-87.61893,41.90011]]]},"properties":{"district":13}},{"type":"Feature","geometry":{"type":"Polygon","coordinates":[[[-88.15957,41.98792],[-88.16023,41.98725],[-88.16028,41.98095],[-88.16029,41.98038],[-88.15194,41.98032],[-88.15015,41.9793],[-88.15015,41.97885],[-88.15019,41.97545],[-88.15029,41.9737],[-88.1529,41.97371],[-88.158,41.97374],[-88.15802,41.97198],[-88.15802,41.97195],[-88.1581,41.96633],[-88.15487,41.96636],[-88.15266,41.96631],[-88.15164,41.96637],[-88.15,41.96638],[-88.14514,41.96647],[-88.14514,41.96649],[-88.13036,41.96732],[-88.12525,41.96764],[-88.12522,41.97047],[-88.12522,41.97053],[-88.12499,41.97451],[-88.12311,41.97363],[-88.1228,41.97349],[-88.11981,41.97213],[-88.11967,41.97206],[-88.11884,41.9733],[-88.11854,41.98246],[-88.11038,41.98269],[-88.11021,41.98878],[-88.11002,41.98928],[-88.10985,41.98959],[-88.10675,41.9897],[-88.10087,41.98992],[-88.09059,41.99031],[-88.09019,41.99032],[-88.09003,41.99711],[-88.09004,41.99742],[-88.09003,41.99757],[-88.08992,42.00111],[-88.08739,42.00119],[-88.08011,42.00166],[-88.08008,42.00532],[-88.07035,42.0057],[-88.07039,42.00386],[-88.06619,42.00398],[-88.06546,42.00411],[-88.06402,42.00233],[-88.06055,42.00241],[-88.06057,42.00062],[-88.0594,42.00066],[-88.0557,42.00078],[-88.05572,41.99896],[-88.05426,41.99902],[-88.05283,41.99907],[-88.05274,42.00514],[-88.05505,42.00622],[-88.04587,42.00664],[-88.04359,42.0067],[-88.04382,42.00734],[-88.04363,42.00752],[-88.04261,42.00755],[-88.04192,42.00743],[-88.04136,42.0077],[-88.04131,42.00676],[-88.03842,42.00684],[-88.03851,42.00808],[-88.0313,42.00825],[-88.02858,42.00841],[-88.01867,42.00841],[-88.01873,42.01441],[-88.00899,42.01459],[-88.00824,42.01459],[-88.00662,42.01453],[-88.00349,42.01458],[-88.00318,42.01169],[-88.00097,42.01217],[-88.00099,42.01223],[-87.99977,42.01241],[-87.99731,42.01321],[-87.99665,42.01238],[-87.99333,42.01363],[-87.9893,42.01366],[-87.9893,42.01475],[-87.9887,42.01475],[-87.98582,42.01478],[-87.98581,42.01659],[-87.98153,42.01575],[-87.9792,42.01528],[-87.97919,42.01015],[-87.97918,42.00993],[-87.97867,41.99633],[-87.97885,41.99553],[-87.97917,41.99459],[-87.97941,41.99354],[-87.97954,41.99287],[-87.97885,41.99288],[-87.97659,41.99292],[-87.97035,41.993],[-87.96875,41.99303],[-87.95947,41.99317],[-87.95923,41.99317],[-87.95289,41.99328],[-87.94717,41.99338],[-87.93995,41.99348],[-87.94003,41.99813],[-87.94007,41.99973],[-87.9401,42.00079],[-87.94025,42.00717],[-87.94025,42.00831],[-87.93555,42.00815],[-87.93467,42.00817],[-87.93356,42.00818],[-87.93132,42.00822],[-87.93049,42.00823],[-87.92056,42.00847],[-87.91872,42.00854],[-87.91377,42.0087],[-87.91291,42.00873],[-87.90889,42.00889],[-87.90771,42.00892],[-87.90608,42.00898],[-87.90333,42.00906],[-87.89997,42.00918],[-87.8942,42.00936],[-87.89279,42.00941],[-87.89182,42.00944],[-87.8906,42.00948],[-87.8906,42.00582],[-87.88474,42.00601],[-87.88453,42.00241],[-87.88454,41.99896],[-87.88453,41.99822],[-87.87469,41.9957],[-87.87426,41.99558],[-87.87316,41.99547],[-87.86585,41.99568],[-87.86177,41.99579],[-87.85944,41.99585],[-87.85844,41.99449],[-87.8597,41.99212],[-87.85902,41.99114],[-87.85585,41.98906],[-87.85461,41.98872],[-87.84653,41.98785],[-87.84645,41.98376],[-87.84643,41.98008],[-87.84648,41.97735],[-87.84648,41.97597],[-87.84649,41.97371],[-87.84398,41.97374],[-87.84337,41.97375],[-87.84155,41.97379],[-87.84155,41.9747],[-87.83663,41.97479],[-87.83663,41.97522],[-87.83661,41.97747],[-87.83658,41.97976],[-87.83657,41.98043],[-87.83662,41.98637],[-87.82333,41.98451],[-87.8234,41.98398],[-87.81949,41.98348],[-87.81683,41.98294],[-87.81683,41.98353],[-87.8168,41.9888],[-87.81674,41.99062],[-87.81672,41.99345],[-87.81669,41.99698],[-87.82141,41.99685],[-87.8214,41.99866],[-87.82135,42.00231],[-87.82132,42.00425],[-87.82132,42.00605],[-87.82112,42.00723],[-87.82125,42.01136],[-87.82187,42.01135],[-87.82185,42.01496],[-87.82183,42.01863],[-87.82325,42.01859],[-87.82325,42.02002],[-87.82294,42.02383],[-87.81995,42.02592],[-87.82117,42.0259],[-87.82112,42.02954],[-87.82358,42.02949],[-87.82603,42.02943],[-87.82601,42.03111],[-87.83455,42.03086],[-87.83455,42.03101],[-87.83576,42.03102],[-87.8358,42.02824],[-87.83945,42.02812],[-87.84066,42.02726],[-87.84066,42.02909],[-87.84553,42.02899],[-87.84551,42.03015],[-87.84548,42.03255],[-87.84546,42.03322],[-87.84545,42.03627],[-87.84058,42.03625],[-87.84054,42.03998],[-87.84051,42.04363],[-87.84049,42.04458],[-87.84047,42.04544],[-87.84048,42.04621],[-87.84045,42.04728],[-87.83221,42.04744],[-87.82963,42.04752],[-87.82746,42.05033],[-87.82568,42.05012],[-87.82574,42.0476],[-87.81638,42.04782],[-87.81643,42.04556],[-87.81526,42.04552],[-87.81493,42.04691],[-87.8124,42.04791],[-87.80676,42.04805],[-87.8082,42.05133],[-87.81183,42.05518],[-87.81527,42.0551],[-87.81566,42.05509],[-87.81965,42.055],[-87.82558,42.05488],[-87.82865,42.05481],[-87.82965,42.05595],[-87.82942,42.06163],[-87.82936,42.06208],[-87.8295,42.06377],[-87.8294,42.06574],[-87.83552,42.06577],[-87.83815,42.06578],[-87.83994,42.06579],[-87.84681,42.06582],[-87.8489,42.06583],[-87.84983,42.06679],[-87.85066,42.06767],[-87.85239,42.0694],[-87.85255,42.06957],[-87.85452,42.07153],[-87.85581,42.07154],[-87.85583,42.07021],[-87.85568,42.06959],[-87.85728,42.06953],[-87.85866,42.06961],[-87.8595,42.0696],[-87.86148,42.0695],[-87.86164,42.06952],[-87.86352,42.06757],[-87.86381,42.06726],[-87.86524,42.0659],[-87.86728,42.0659],[-87.8675,42.0659],[-87.86765,42.0659],[-87.87644,42.06595],[-87.88725,42.066],[-87.88838,42.066],[-87.89182,42.06602],[-87.90051,42.06606],[-87.90072,42.06606],[-87.9007,42.05748],[-87.90067,42.05547],[-87.90026,42.05404],[-87.90913,42.05374],[-87.90913,42.05324],[-87.90935,42.05324],[-87.90996,42.05307],[-87.91027,42.05372],[-87.91134,42.05214],[-87.91144,42.05199],[-87.91265,42.05029],[-87.91733,42.04948],[-87.92118,42.04871],[-87.92112,42.0443],[-87.9211,42.04353],[-87.921,42.03751],[-87.92703,42.03733],[-87.93087,42.03735],[-87.93649,42.03738],[-87.9407,42.03739],[-87.94156,42.03739],[-87.95053,42.03722],[-87.95588,42.03711],[-87.9606,42.03702],[-87.96024,42.0356],[-87.96008,42.03401],[-87.96008,42.03363],[-87.95994,42.02575],[-87.95993,42.02516],[-87.96597,42.02964],[-87.96949,42.03227],[-87.96984,42.03253],[-87.97111,42.03348],[-87.97154,42.0338],[-87.97623,42.03688],[-87.97894,42.03824],[-87.97996,42.03901],[-87.9838,42.04077],[-87.99562,42.04624],[-88.00676,42.05117],[-88.007,42.05127],[-88.00654,42.05128],[-88.00878,42.0523],[-88.0173,42.05565],[-88.02103,42.05658],[-88.02854,42.0577],[-88.02853,42.05787],[-88.03047,42.05808],[-88.03047,42.05794],[-88.03481,42.05847],[-88.03529,42.05853],[-88.04487,42.05971],[-88.07934,42.06393],[-88.07955,42.06113],[-88.07958,42.05808],[-88.07961,42.05565],[-88.07969,42.04944],[-88.07969,42.04919],[-88.07973,42.04511],[-88.0798,42.04],[-88.07981,42.03879],[-88.07981,42.03842],[-88.07998,42.03465],[-88.08473,42.03443],[-88.08672,42.03443],[-88.0879,42.0349],[-88.08858,42.03413],[-88.08769,42.03355],[-88.08698,42.0334],[-88.08594,42.03345],[-88.08595,42.03165],[-88.08595,42.03121],[-88.09179,42.03102],[-88.09156,42.02684],[-88.09278,42.0268],[-88.09771,42.02663],[-88.09957,42.02656],[-88.09969,42.02656],[-88.10484,42.02639],[-88.10994,42.0262],[-88.11916,42.02584],[-88.11917,42.01844],[-88.12178,42.01888],[-88.12891,42.01818],[-88.12891,42.01811],[-88.12891,42.01793],[-88.12893,42.01449],[-88.12893,42.01143],[-88.12893,42.01078],[-88.12906,42.00917],[-88.1301,42.00748],[-88.12798,42.00563],[-88.128,42.00347],[-88.12901,42.00344],[-88.12936,41.99611],[-88.13541,41.9959],[-88.13851,41.99569],[-88.13852,41.99212],[-88.1449,41.99209],[-88.1451,41.98824],[-88.14711,41.9882],[-88.14935,41.98817],[-88.15957,41.98792]]]},"properties":{"district":28}},{"type":"Feature","geometry":{"type":"Polygon","coordinates":[[[-87.96659,42.15358],[-87.96764,42.15306],[-87.9657,42.15071],[-87.96566,42.14916],[-87.96676,42.14917],[-87.96679,42.14758],[-87.96663,42.14713],[-87.96736,42.14684],[-87.96682,42.14581],[-87.96576,42.14266],[-87.9633,42.14132],[-87.95853,42.14162],[-87.95854,42.14132],[-87.95859,42.1389],[-87.95876,42.13766],[-87.95977,42.1369],[-87.96065,42.13637],[-87.96095,42.1359],[-87.96102,42.13396],[-87.96102,42.13392],[-87.96102,42.13367],[-87.96102,42.13355],[-87.96102,42.13239],[-87.96103,42.13062],[-87.961,42.12815],[-87.96112,42.12674],[-87.96102,42.12444],[-87.95621,42.1244],[-87.955,42.12439],[-87.95138,42.12436],[-87.95135,42.11894],[-87.95127,42.11723],[-87.95128,42.11653],[-87.94652,42.11653],[-87.94646,42.10983],[-87.94646,42.10971],[-87.94229,42.10966],[-87.94161,42.10739],[-87.93678,42.1075],[-87.93678,42.10978],[-87.93678,42.10993],[-87.93012,42.1099],[-87.93012,42.10976],[-87.92888,42.10975],[-87.9271,42.10906],[-87.92709,42.10719],[-87.92708,42.10433],[-87.92224,42.10429],[-87.92225,42.10247],[-87.91739,42.10245],[-87.91739,42.10065],[-87.91577,42.09991],[-87.91305,42.09518],[-87.90804,42.09516],[-87.90864,42.0942],[-87.90762,42.09183],[-87.90883,42.09153],[-87.90783,42.08971],[-87.9077,42.08793],[-87.90772,42.08064],[-87.90771,42.07983],[-87.90771,42.07293],[-87.90772,42.06707],[-87.90773,42.0661],[-87.9009,42.06606],[-87.90072,42.06606],[-87.90051,42.06606],[-87.89182,42.06602],[-87.88838,42.066],[-87.88725,42.066],[-87.87644,42.06595],[-87.86765,42.0659],[-87.8675,42.0659],[-87.86728,42.0659],[-87.86597,42.0818],[-87.86621,42.08288],[-87.86637,42.08462],[-87.86711,42.08734],[-87.86816,42.09128],[-87.86814,42.10666],[-87.86706,42.10627],[-87.86523,42.10586],[-87.86392,42.10576],[-87.86177,42.10575],[-87.85879,42.10574],[-87.85877,42.10756],[-87.85679,42.10755],[-87.85582,42.10755],[-87.85483,42.10755],[-87.85378,42.10755],[-87.85371,42.11661],[-87.84886,42.1166],[-87.84032,42.11654],[-87.83908,42.11654],[-87.83905,42.11929],[-87.83463,42.1193],[-87.83356,42.11943],[-87.83359,42.1165],[-87.8324,42.1165],[-87.83179,42.11648],[-87.82934,42.11647],[-87.82392,42.11645],[-87.82347,42.11645],[-87.82074,42.11644],[-87.81971,42.11644],[-87.81949,42.11644],[-87.81689,42.11642],[-87.81679,42.11642],[-87.81214,42.12135],[-87.81129,42.12008],[-87.80708,42.11642],[-87.80566,42.11511],[-87.80428,42.11353],[-87.80156,42.11016],[-87.79916,42.10691],[-87.79899,42.10538],[-87.79837,42.09776],[-87.79831,42.09702],[-87.80392,42.0972],[-87.80467,42.09649],[-87.8051,42.09591],[-87.80571,42.09445],[-87.80648,42.09288],[-87.80532,42.09012],[-87.8024,42.0873],[-87.80038,42.08729],[-87.80035,42.089],[-87.79805,42.08835],[-87.79812,42.08726],[-87.79822,42.08577],[-87.79997,42.08573],[-87.80017,42.08003],[-87.79845,42.08001],[-87.79078,42.07994],[-87.78097,42.07983],[-87.77775,42.0798],[-87.77125,42.0797],[-87.76467,42.07958],[-87.75663,42.0795],[-87.75179,42.07944],[-87.75166,42.08488],[-87.75163,42.08669],[-87.7517,42.0936],[-87.75155,42.09395],[-87.75646,42.094],[-87.75636,42.09753],[-87.75642,42.10129],[-87.75636,42.10483],[-87.76115,42.10518],[-87.76104,42.10863],[-87.76169,42.10851],[-87.76596,42.10873],[-87.77071,42.10863],[-87.77042,42.11827],[-87.77167,42.11864],[-87.77204,42.11973],[-87.77038,42.11974],[-87.77036,42.12004],[-87.769,42.11974],[-87.76072,42.11976],[-87.75859,42.11969],[-87.75616,42.11947],[-87.75301,42.11965],[-87.75301,42.1196],[-87.75301,42.11953],[-87.75274,42.11953],[-87.75274,42.11965],[-87.7513,42.11952],[-87.74592,42.11944],[-87.74565,42.11911],[-87.74515,42.11934],[-87.74498,42.11943],[-87.74445,42.11934],[-87.74154,42.11963],[-87.74173,42.12419],[-87.74169,42.12827],[-87.74956,42.13909],[-87.75017,42.13992],[-87.7548,42.14629],[-87.75914,42.15225],[-87.76135,42.15529],[-87.76802,42.16587],[-87.76821,42.16615],[-87.76856,42.16671],[-87.7688,42.1671],[-87.777,42.17608],[-87.77863,42.17826],[-87.78407,42.18553],[-87.78732,42.18988],[-87.79179,42.19585],[-87.7959,42.20135],[-87.79684,42.20367],[-87.79689,42.20374],[-87.80176,42.21054],[-87.80177,42.21055],[-87.80179,42.21059],[-87.80288,42.213],[-87.80504,42.21774],[-87.80723,42.22258],[-87.80741,42.22298],[-87.80833,42.2242],[-87.81151,42.22845],[-87.81155,42.2286],[-87.81197,42.23051],[-87.81227,42.23182],[-87.81516,42.2397],[-87.81613,42.24235],[-87.81648,42.24331],[-87.81959,42.25179],[-87.82571,42.2624],[-87.82805,42.26855],[-87.82857,42.26992],[-87.83274,42.29117],[-87.83347,42.29489],[-87.83383,42.29676],[-87.83459,42.30061],[-87.83477,42.30152],[-87.83362,42.30483],[-87.83284,42.30706],[-87.83285,42.30786],[-87.83286,42.30885],[-87.83276,42.30896],[-87.8318,42.31003],[-87.83039,42.31225],[-87.83096,42.3173],[-87.83147,42.32149],[-87.83503,42.3222],[-87.83299,42.32073],[-87.83299,42.31923],[-87.84164,42.31928],[-87.84216,42.31928],[-87.84661,42.31933],[-87.85252,42.31937],[-87.8522,42.31705],[-87.85245,42.31543],[-87.85248,42.30882],[-87.85473,42.3087],[-87.8549,42.30836],[-87.8576,42.30822],[-87.86254,42.30859],[-87.87552,42.30871],[-87.87635,42.30871],[-87.87701,42.30871],[-87.87763,42.30871],[-87.88527,42.30886],[-87.8854,42.30753],[-87.88548,42.2997],[-87.88537,42.29813],[-87.88555,42.29431],[-87.88567,42.29108],[-87.88571,42.29083],[-87.88688,42.29081],[-87.88707,42.29081],[-87.88566,42.28912],[-87.88563,42.28698],[-87.88634,42.28662],[-87.88669,42.28653],[-87.88657,42.28644],[-87.88617,42.28625],[-87.88563,42.28614],[-87.88565,42.28356],[-87.88565,42.28334],[-87.88565,42.28317],[-87.88561,42.28063],[-87.88564,42.27983],[-87.89692,42.28001],[-87.90529,42.28002],[-87.9053,42.27865],[-87.90534,42.27549],[-87.90952,42.27364],[-87.91157,42.27227],[-87.90466,42.2632],[-87.90545,42.26336],[-87.90546,42.2619],[-87.92497,42.26195],[-87.92505,42.25473],[-87.9251,42.2511],[-87.92509,42.2506],[-87.92513,42.24933],[-87.92515,42.24769],[-87.92525,42.24026],[-87.92543,42.22648],[-87.92546,42.22236],[-87.92547,42.22111],[-87.92554,42.21571],[-87.92204,42.21559],[-87.92209,42.21378],[-87.92083,42.21374],[-87.92077,42.21038],[-87.9183,42.21033],[-87.91821,42.21132],[-87.91557,42.21121],[-87.91701,42.20817],[-87.91581,42.20817],[-87.91582,42.20755],[-87.91586,42.20573],[-87.91586,42.20569],[-87.91592,42.20266],[-87.91592,42.2026],[-87.91596,42.20059],[-87.91597,42.20049],[-87.91482,42.19605],[-87.90878,42.19337],[-87.90628,42.19406],[-87.90628,42.19404],[-87.90637,42.18929],[-87.90641,42.18585],[-87.90843,42.187],[-87.91362,42.18711],[-87.9133,42.18564],[-87.91585,42.1845],[-87.91745,42.18489],[-87.91796,42.18505],[-87.91793,42.18509],[-87.91788,42.18518],[-87.91786,42.1852],[-87.91785,42.18522],[-87.91794,42.18525],[-87.91795,42.18524],[-87.91977,42.1859],[-87.92057,42.18421],[-87.92061,42.18204],[-87.92516,42.18131],[-87.92588,42.18083],[-87.92485,42.17783],[-87.92437,42.17636],[-87.92298,42.17183],[-87.92281,42.17126],[-87.92176,42.16771],[-87.92129,42.16613],[-87.92127,42.16605],[-87.92031,42.16309],[-87.9202,42.16283],[-87.92014,42.16268],[-87.91962,42.16178],[-87.91948,42.16154],[-87.91902,42.16077],[-87.91848,42.15985],[-87.91495,42.15336],[-87.91486,42.15316],[-87.91328,42.15017],[-87.9078,42.13975],[-87.90741,42.13907],[-87.90322,42.13459],[-87.90137,42.13138],[-87.90537,42.13143],[-87.91081,42.1314],[-87.91243,42.13146],[-87.91393,42.13114],[-87.92451,42.13133],[-87.92481,42.13112],[-87.92842,42.13931],[-87.9323,42.13926],[-87.93666,42.13919],[-87.93659,42.14221],[-87.93653,42.14404],[-87.93652,42.14537],[-87.93641,42.15263],[-87.93641,42.1531],[-87.93686,42.1531],[-87.94376,42.15316],[-87.94865,42.15318],[-87.95161,42.15346],[-87.95534,42.15348],[-87.9569,42.1535],[-87.95876,42.15351],[-87.96197,42.15355],[-87.96209,42.15355],[-87.96535,42.15358],[-87.96659,42.15358]]]},"properties":{"district":29}},{"type":"Feature","geometry":{"type":"Polygon","coordinates":[[[-88.291,41.88215],[-88.29976,41.88188],[-88.29979,41.88184],[-88.30385,41.88175],[-88.30387,41.88172],[-88.30492,41.87913],[-88.30735,41.87555],[-88.3102,41.86505],[-88.31022,41.86412],[-88.31019,41.86194],[-88.31015,41.86004],[-88.31041,41.85783],[-88.31021,41.85605],[-88.30958,41.85519],[-88.30812,41.85461],[-88.30806,41.84712],[-88.30829,41.84474],[-88.30904,41.84432],[-88.30913,41.84282],[-88.30954,41.8413],[-88.31875,41.84176],[-88.32228,41.84185],[-88.32486,41.84235],[-88.32776,41.84179],[-88.32875,41.84188],[-88.34007,41.84167],[-88.34008,41.83684],[-88.3401,41.83536],[-88.34017,41.82867],[-88.34028,41.82017],[-88.34041,41.81892],[-88.3403,41.81892],[-88.34041,41.81055],[-88.34673,41.81023],[-88.34938,41.81026],[-88.35003,41.80764],[-88.35041,41.80469],[-88.34979,41.79537],[-88.34996,41.79536],[-88.34996,41.79494],[-88.34979,41.79494],[-88.34976,41.79215],[-88.35927,41.79176],[-88.35922,41.791],[-88.35945,41.78833],[-88.3594,41.78101],[-88.35932,41.77327],[-88.36054,41.77327],[-88.36053,41.77002],[-88.35934,41.77003],[-88.35931,41.76441],[-88.3592,41.7639],[-88.35918,41.76053],[-88.34961,41.76065],[-88.3481,41.76054],[-88.34244,41.76008],[-88.34259,41.75771],[-88.34257,41.75223],[-88.34157,41.75225],[-88.34155,41.75106],[-88.34155,41.75062],[-88.34155,41.74954],[-88.3415,41.74744],[-88.33915,41.74749],[-88.33768,41.7475],[-88.3371,41.74716],[-88.33592,41.74634],[-88.33375,41.74537],[-88.33112,41.74424],[-88.32949,41.74523],[-88.32777,41.74454],[-88.32934,41.74293],[-88.32983,41.74123],[-88.33149,41.738],[-88.33083,41.73807],[-88.3291,41.73808],[-88.32662,41.73812],[-88.32084,41.73816],[-88.31295,41.7376],[-88.31274,41.73927],[-88.3057,41.73862],[-88.3021,41.73828],[-88.30078,41.73816],[-88.30073,41.73579],[-88.29829,41.73586],[-88.29418,41.73906],[-88.29424,41.74398],[-88.29065,41.74405],[-88.29109,41.74598],[-88.29114,41.74898],[-88.29115,41.75077],[-88.29115,41.75096],[-88.29116,41.75401],[-88.29125,41.7581],[-88.28645,41.75787],[-88.28645,41.7606],[-88.28153,41.76069],[-88.27671,41.76078],[-88.27623,41.75907],[-88.27528,41.75778],[-88.27181,41.75884],[-88.27187,41.7633],[-88.27187,41.7634],[-88.27134,41.76368],[-88.26826,41.76405],[-88.26701,41.76416],[-88.26217,41.76467],[-88.26219,41.76599],[-88.26225,41.77017],[-88.26226,41.77129],[-88.2544,41.77244],[-88.24756,41.77346],[-88.24244,41.77467],[-88.24229,41.77513],[-88.24111,41.77531],[-88.23203,41.77666],[-88.23166,41.78147],[-88.2315,41.78147],[-88.23092,41.78149],[-88.22517,41.78148],[-88.22201,41.78145],[-88.22134,41.78142],[-88.21057,41.78144],[-88.2107,41.78297],[-88.21234,41.78532],[-88.21742,41.78731],[-88.21781,41.78772],[-88.21788,41.78785],[-88.21618,41.79089],[-88.21536,41.7909],[-88.21532,41.79041],[-88.2147,41.79428],[-88.21461,41.79458],[-88.21362,41.79454],[-88.21363,41.79488],[-88.21337,41.7952],[-88.21252,41.79543],[-88.21172,41.79553],[-88.21106,41.79546],[-88.21064,41.79521],[-88.21055,41.795],[-88.21054,41.79457],[-88.2091,41.79479],[-88.20771,41.79364],[-88.20773,41.79166],[-88.2058,41.79168],[-88.20566,41.79168],[-88.20546,41.79636],[-88.20459,41.79906],[-88.20393,41.80156],[-88.20367,41.80987],[-88.20399,41.81206],[-88.20422,41.81281],[-88.20485,41.81476],[-88.20498,41.81553],[-88.20501,41.81595],[-88.20488,41.8171],[-88.20385,41.82052],[-88.20379,41.82072],[-88.21332,41.82095],[-88.21327,41.82403],[-88.2131,41.82779],[-88.21269,41.83306],[-88.20939,41.83327],[-88.20883,41.83422],[-88.20115,41.83173],[-88.19679,41.8307],[-88.19036,41.82839],[-88.18995,41.82824],[-88.18746,41.82731],[-88.18774,41.8248],[-88.18474,41.82412],[-88.18463,41.82334],[-88.18121,41.82466],[-88.1776,41.82631],[-88.17521,41.82778],[-88.17363,41.82873],[-88.17213,41.82937],[-88.16988,41.82998],[-88.16838,41.8302],[-88.16826,41.83021],[-88.16848,41.83226],[-88.17089,41.84147],[-88.17086,41.8423],[-88.17052,41.84329],[-88.17564,41.84783],[-88.17565,41.8569],[-88.17689,41.85701],[-88.18188,41.85813],[-88.18566,41.85911],[-88.19278,41.86146],[-88.19055,41.86393],[-88.19042,41.8643],[-88.19005,41.86579],[-88.19002,41.86543],[-88.18979,41.86585],[-88.18446,41.86912],[-88.18225,41.8699],[-88.18087,41.87106],[-88.17797,41.87134],[-88.17784,41.87135],[-88.17527,41.87138],[-88.17521,41.87303],[-88.17531,41.87392],[-88.17531,41.87551],[-88.17565,41.87578],[-88.17575,41.8787],[-88.17006,41.87888],[-88.17049,41.886],[-88.175,41.88594],[-88.17497,41.89276],[-88.17508,41.89591],[-88.1751,41.89859],[-88.17555,41.89885],[-88.17507,41.899],[-88.17507,41.90037],[-88.17657,41.90034],[-88.1771,41.90191],[-88.17807,41.90461],[-88.18466,41.90514],[-88.18479,41.90515],[-88.18478,41.90474],[-88.1944,41.90551],[-88.19929,41.90595],[-88.20353,41.90599],[-88.20389,41.90599],[-88.20398,41.90599],[-88.20399,41.90606],[-88.20454,41.90605],[-88.20458,41.90619],[-88.20465,41.90645],[-88.2047,41.90684],[-88.2049,41.90749],[-88.20864,41.91386],[-88.20886,41.91533],[-88.20884,41.92142],[-88.20884,41.92195],[-88.20887,41.93288],[-88.20876,41.93288],[-88.20878,41.93569],[-88.20863,41.9397],[-88.20857,41.94063],[-88.20842,41.94385],[-88.20833,41.94538],[-88.2082,41.94684],[-88.2078,41.94793],[-88.20766,41.94831],[-88.20634,41.95115],[-88.20548,41.95297],[-88.20534,41.95368],[-88.20266,41.95366],[-88.20272,41.95426],[-88.20132,41.95457],[-88.20085,41.95561],[-88.19994,41.95621],[-88.19982,41.95708],[-88.19939,41.95809],[-88.19936,41.9585],[-88.19847,41.95849],[-88.19375,41.95874],[-88.19203,41.95844],[-88.18416,41.95616],[-88.18419,41.95137],[-88.18421,41.95121],[-88.18423,41.94992],[-88.18426,41.94788],[-88.18239,41.9479],[-88.18151,41.94389],[-88.18068,41.94389],[-88.17721,41.94372],[-88.17661,41.94364],[-88.1768,41.94257],[-88.17321,41.94145],[-88.17293,41.94281],[-88.16905,41.94207],[-88.16732,41.94186],[-88.16013,41.94132],[-88.15906,41.94124],[-88.1555,41.941],[-88.15502,41.94096],[-88.15502,41.94233],[-88.15464,41.94307],[-88.15459,41.94438],[-88.15528,41.94445],[-88.15509,41.94828],[-88.15508,41.94837],[-88.15499,41.95179],[-88.14715,41.95183],[-88.14602,41.95186],[-88.14529,41.95188],[-88.14514,41.96647],[-88.15,41.96638],[-88.15164,41.96637],[-88.15266,41.96631],[-88.15487,41.96636],[-88.1581,41.96633],[-88.15802,41.97195],[-88.15802,41.97198],[-88.158,41.97374],[-88.1529,41.97371],[-88.15029,41.9737],[-88.15019,41.97545],[-88.15015,41.97885],[-88.15015,41.9793],[-88.15194,41.98032],[-88.16029,41.98038],[-88.16028,41.98095],[-88.16023,41.98725],[-88.15957,41.98792],[-88.15958,41.98792],[-88.15948,41.98929],[-88.1599,41.98934],[-88.17401,41.99108],[-88.17409,41.99109],[-88.17419,41.99402],[-88.17418,41.99504],[-88.17425,42.00133],[-88.17549,42.00165],[-88.17861,42.00236],[-88.18383,42.00354],[-88.18391,42.00356],[-88.1839,42.00594],[-88.18665,42.00583],[-88.18548,42.00763],[-88.18463,42.00973],[-88.18412,42.01065],[-88.1834,42.01347],[-88.18517,42.01383],[-88.18801,42.0149],[-88.18882,42.01522],[-88.18882,42.01684],[-88.1927,42.01671],[-88.19477,42.0175],[-88.19398,42.0197],[-88.19472,42.02022],[-88.19703,42.02029],[-88.19831,42.02056],[-88.19829,42.02315],[-88.19996,42.02223],[-88.20295,42.02225],[-88.20294,42.01917],[-88.20313,42.01426],[-88.20319,42.01299],[-88.2032,42.01178],[-88.20731,42.01228],[-88.20971,42.01042],[-88.21187,42.01123],[-88.21327,42.01178],[-88.21729,42.01286],[-88.21818,42.01335],[-88.2197,42.01456],[-88.22073,42.01495],[-88.22489,42.01504],[-88.22542,42.01509],[-88.22582,42.01514],[-88.23114,42.0171],[-88.23618,42.01827],[-88.23666,42.01838],[-88.24454,42.01998],[-88.25199,42.02386],[-88.25988,42.02793],[-88.26334,42.02909],[-88.26332,42.02664],[-88.26323,42.02279],[-88.26865,42.02278],[-88.27354,42.02276],[-88.2757,42.0228],[-88.27638,42.02493],[-88.27922,42.02968],[-88.28275,42.02909],[-88.28269,42.0275],[-88.28263,42.02493],[-88.28292,42.02401],[-88.28709,42.02411],[-88.29,42.02314],[-88.28999,42.02235],[-88.30131,42.02251],[-88.30718,42.02267],[-88.31207,42.02348],[-88.31225,42.02275],[-88.31304,42.02087],[-88.31394,42.01857],[-88.3146,42.01377],[-88.31488,42.01052],[-88.31492,42.01003],[-88.31165,42.01005],[-88.30647,42.0081],[-88.30362,42.00997],[-88.30212,42.01034],[-88.30199,42.01269],[-88.29152,42.01251],[-88.29002,42.01229],[-88.28768,42.01216],[-88.28797,42.01188],[-88.28861,42.01127],[-88.28904,42.01086],[-88.2961,42.00425],[-88.2964,42.00377],[-88.29757,42.0003],[-88.29713,41.99782],[-88.2971,41.99426],[-88.29449,41.99426],[-88.29303,41.99427],[-88.29122,41.99521],[-88.29144,41.99702],[-88.28726,41.99703],[-88.28728,41.99522],[-88.28235,41.99513],[-88.28216,41.99337],[-88.28087,41.99355],[-88.27743,41.99403],[-88.27683,41.99409],[-88.27437,41.99412],[-88.27184,41.99412],[-88.26805,41.99354],[-88.26292,41.99362],[-88.26287,41.98638],[-88.26288,41.98244],[-88.26288,41.97827],[-88.26285,41.97776],[-88.26284,41.977],[-88.26282,41.97472],[-88.25392,41.97244],[-88.24016,41.96899],[-88.24018,41.96883],[-88.23713,41.96806],[-88.23736,41.95073],[-88.23738,41.94991],[-88.23741,41.94728],[-88.23756,41.93601],[-88.23739,41.93601],[-88.23749,41.92874],[-88.23786,41.92873],[-88.23948,41.92872],[-88.23793,41.92546],[-88.23801,41.91992],[-88.24671,41.92124],[-88.24951,41.92143],[-88.2499,41.92145],[-88.25758,41.92131],[-88.25934,41.92131],[-88.26257,41.92129],[-88.26253,41.91662],[-88.2625,41.91115],[-88.2625,41.91103],[-88.2625,41.91094],[-88.2625,41.91088],[-88.26243,41.90375],[-88.26241,41.89923],[-88.26242,41.89753],[-88.26245,41.89217],[-88.26245,41.892],[-88.26248,41.88493],[-88.26249,41.88289],[-88.26248,41.88269],[-88.27555,41.88232],[-88.27813,41.88229],[-88.27813,41.88244],[-88.291,41.88215]]]},"properties":{"district":25}},{"type":"Feature","geometry":{"type":"Polygon","coordinates":[[[-87.70109,41.96851],[-87.7036,41.96849],[-87.7036,41.96848],[-87.70353,41.96667],[-87.70347,41.96474],[-87.70336,41.96122],[-87.70213,41.96123],[-87.70091,41.96123],[-87.69969,41.96124],[-87.69848,41.96125],[-87.69479,41.96127],[-87.69445,41.95399],[-87.69207,41.95401],[-87.69088,41.95401],[-87.69068,41.95036],[-87.68836,41.95038],[-87.68826,41.94673],[-87.68815,41.9431],[-87.68573,41.94313],[-87.68506,41.9404],[-87.68322,41.94042],[-87.6832,41.93951],[-87.67835,41.93957],[-87.67824,41.93593],[-87.67354,41.93599],[-87.67335,41.93599],[-87.66853,41.93605],[-87.66612,41.93608],[-87.66608,41.93517],[-87.66605,41.93426],[-87.66598,41.93244],[-87.66586,41.92881],[-87.6658,41.927],[-87.66577,41.92518],[-87.66333,41.92522],[-87.65845,41.92529],[-87.65361,41.92538],[-87.65286,41.92539],[-87.65118,41.92542],[-87.65112,41.9236],[-87.651,41.91996],[-87.64979,41.91998],[-87.64972,41.91816],[-87.64913,41.91817],[-87.64906,41.91601],[-87.64958,41.91381],[-87.64836,41.91383],[-87.64716,41.91385],[-87.64352,41.9139],[-87.64349,41.91281],[-87.64343,41.91102],[-87.64306,41.91104],[-87.64101,41.91101],[-87.63859,41.91104],[-87.6376,41.91034],[-87.63752,41.90762],[-87.63718,41.90762],[-87.63715,41.90666],[-87.63712,41.90569],[-87.63702,41.90381],[-87.63744,41.9038],[-87.63726,41.89894],[-87.63715,41.89555],[-87.63713,41.89475],[-87.63415,41.89479],[-87.62972,41.89485],[-87.62815,41.89488],[-87.6282,41.89668],[-87.62825,41.89847],[-87.62826,41.89914],[-87.62413,41.89921],[-87.6241,41.89839],[-87.62186,41.89842],[-87.62186,41.89885],[-87.62189,41.90005],[-87.62023,41.90007],[-87.61893,41.90011],[-87.61985,41.90139],[-87.62121,41.90167],[-87.62265,41.90196],[-87.62294,41.90202],[-87.62305,41.90223],[-87.62342,41.90298],[-87.6238,41.90373],[-87.62405,41.90423],[-87.62413,41.90457],[-87.62449,41.90605],[-87.62471,41.907],[-87.62476,41.90721],[-87.62496,41.90804],[-87.62532,41.90953],[-87.62554,41.91047],[-87.62466,41.91097],[-87.62448,41.91107],[-87.62404,41.91132],[-87.62068,41.91321],[-87.62144,41.91367],[-87.62711,41.91706],[-87.6275,41.91865],[-87.62753,41.91878],[-87.62938,41.92655],[-87.63092,41.93301],[-87.63095,41.93313],[-87.6319,41.93686],[-87.63192,41.93693],[-87.63328,41.94229],[-87.6333,41.94238],[-87.63383,41.9432],[-87.63722,41.94843],[-87.63742,41.94873],[-87.64074,41.95385],[-87.64083,41.95487],[-87.64419,41.95466],[-87.64533,41.95709],[-87.64597,41.95908],[-87.64608,41.96015],[-87.64609,41.96066],[-87.64617,41.96154],[-87.64623,41.96199],[-87.64683,41.96192],[-87.64991,41.96184],[-87.65475,41.96178],[-87.65472,41.96111],[-87.65303,41.95845],[-87.64982,41.95849],[-87.6498,41.95784],[-87.64978,41.95737],[-87.64975,41.95612],[-87.6497,41.95456],[-87.64965,41.95275],[-87.64962,41.9512],[-87.64954,41.94912],[-87.65438,41.94904],[-87.65921,41.94897],[-87.66407,41.94889],[-87.66528,41.94887],[-87.66769,41.94883],[-87.6674,41.95066],[-87.66752,41.95431],[-87.66759,41.95614],[-87.6691,41.95613],[-87.66905,41.95429],[-87.67379,41.95423],[-87.67384,41.95607],[-87.67429,41.95696],[-87.67737,41.95783],[-87.67887,41.95781],[-87.68078,41.95778],[-87.68315,41.9614],[-87.68383,41.96139],[-87.685,41.96319],[-87.68752,41.96315],[-87.68758,41.96489],[-87.68818,41.96488],[-87.68821,41.96575],[-87.68883,41.96607],[-87.68882,41.96574],[-87.69128,41.96616],[-87.69128,41.96627],[-87.69373,41.96625],[-87.69746,41.96621],[-87.69871,41.9662],[-87.70109,41.96851]]]},"properties":{"district":6}},{"type":"Feature","geometry":{"type":"Polygon","coordinates":[[[-87.68812,42.00991],[-87.68812,42.01046],[-87.68605,42.01055],[-87.68604,42.01],[-87.68232,42.01016],[-87.68229,42.01006],[-87.68148,42.01007],[-87.68104,42.00886],[-87.68038,42.00887],[-87.67965,42.00585],[-87.67571,42.00592],[-87.67528,42.00653],[-87.67523,42.0053],[-87.67521,41.99799],[-87.67489,41.99435],[-87.6747,41.99076],[-87.67003,41.9908],[-87.6698,41.98805],[-87.66509,41.9881],[-87.66504,41.98667],[-87.66504,41.98635],[-87.66498,41.98453],[-87.66896,41.98445],[-87.66876,41.98349],[-87.67302,41.98342],[-87.67305,41.98465],[-87.67464,41.98463],[-87.67461,41.98336],[-87.67484,41.98332],[-87.67952,41.98307],[-87.67954,41.98194],[-87.68422,41.9796],[-87.68845,41.97772],[-87.68922,41.97771],[-87.68945,41.98317],[-87.68955,41.98681],[-87.69442,41.98678],[-87.69563,41.98678],[-87.69569,41.9886],[-87.69691,41.98859],[-87.69934,41.98858],[-87.6994,41.99044],[-87.70425,41.99042],[-87.70737,41.9904],[-87.70539,41.98863],[-87.70293,41.98716],[-87.69982,41.98494],[-87.69922,41.98493],[-87.69798,41.98426],[-87.69795,41.98313],[-87.69673,41.98313],[-87.69427,41.98223],[-87.69424,41.98132],[-87.69345,41.98132],[-87.69337,41.98041],[-87.69907,41.98038],[-87.69904,41.97947],[-87.69901,41.97856],[-87.69895,41.97673],[-87.69892,41.97582],[-87.70475,41.97578],[-87.70411,41.97365],[-87.70311,41.97089],[-87.70109,41.96851],[-87.69871,41.9662],[-87.69746,41.96621],[-87.69373,41.96625],[-87.69128,41.96627],[-87.69128,41.96616],[-87.68882,41.96574],[-87.68883,41.96607],[-87.68821,41.96575],[-87.68818,41.96488],[-87.68758,41.96489],[-87.68752,41.96315],[-87.685,41.96319],[-87.68383,41.96139],[-87.68315,41.9614],[-87.68078,41.95778],[-87.67887,41.95781],[-87.67737,41.95783],[-87.67429,41.95696],[-87.67384,41.95607],[-87.67379,41.95423],[-87.66905,41.95429],[-87.6691,41.95613],[-87.66759,41.95614],[-87.66752,41.95431],[-87.6674,41.95066],[-87.66769,41.94883],[-87.66528,41.94887],[-87.66407,41.94889],[-87.65921,41.94897],[-87.65438,41.94904],[-87.64954,41.94912],[-87.64962,41.9512],[-87.64965,41.95275],[-87.6497,41.95456],[-87.64975,41.95612],[-87.64978,41.95737],[-87.6498,41.95784],[-87.64982,41.95849],[-87.65303,41.95845],[-87.65472,41.96111],[-87.65475,41.96178],[-87.64991,41.96184],[-87.64683,41.96192],[-87.64623,41.96199],[-87.64617,41.96154],[-87.64609,41.96066],[-87.64608,41.96015],[-87.64597,41.95908],[-87.64533,41.95709],[-87.64419,41.95466],[-87.64083,41.95487],[-87.64083,41.95489],[-87.64145,41.96169],[-87.63774,41.96226],[-87.63595,41.96142],[-87.63593,41.96141],[-87.63148,41.96348],[-87.63242,41.96529],[-87.6392,41.96621],[-87.64365,41.96981],[-87.64398,41.97008],[-87.64508,41.97098],[-87.64564,41.97143],[-87.64902,41.97704],[-87.64991,41.97852],[-87.65029,41.97951],[-87.65034,41.97964],[-87.65201,41.9839],[-87.65365,41.98808],[-87.65396,41.98889],[-87.654,41.98898],[-87.6542,41.99014],[-87.65421,41.9902],[-87.65422,41.99023],[-87.65437,41.99109],[-87.65459,41.99237],[-87.65467,41.99281],[-87.65477,41.9934],[-87.65491,41.99417],[-87.65531,41.99643],[-87.65563,41.99823],[-87.65598,42.00023],[-87.6563,42.00204],[-87.6568,42.00385],[-87.6569,42.00422],[-87.65766,42.00697],[-87.65833,42.00802],[-87.66108,42.01235],[-87.66133,42.01286],[-87.66236,42.01506],[-87.66336,42.0172],[-87.66434,42.01928],[-87.66593,42.02264],[-87.66615,42.02313],[-87.67115,42.02304],[-87.67188,42.02299],[-87.67188,42.02252],[-87.67424,42.02254],[-87.67308,42.02118],[-87.67311,42.01939],[-87.67331,42.01939],[-87.67339,42.01938],[-87.67685,42.01941],[-87.68045,42.01945],[-87.68465,42.01949],[-87.69017,42.01953],[-87.6902,42.01744],[-87.6902,42.01682],[-87.69025,42.01228],[-87.69019,42.00982],[-87.68812,42.00991]]]},"properties":{"district":7}},{"type":"Feature","geometry":{"type":"Polygon","coordinates":[[[-87.75941,41.86568],[-87.76799,41.86555],[-87.7729,41.86548],[-87.77414,41.86546],[-87.77408,41.86364],[-87.77531,41.86362],[-87.77899,41.86357],[-87.78391,41.8635],[-87.7888,41.86342],[-87.79125,41.86337],[-87.79631,41.86329],[-87.80153,41.8632],[-87.80414,41.86315],[-87.80394,41.85774],[-87.80384,41.85388],[-87.80375,41.85159],[-87.80379,41.85037],[-87.80808,41.85029],[-87.81709,41.85015],[-87.82305,41.85002],[-87.82732,41.84996],[-87.82945,41.84991],[-87.83287,41.85091],[-87.83283,41.84984],[-87.83263,41.8426],[-87.84234,41.84253],[-87.84483,41.84494],[-87.84992,41.84494],[-87.85246,41.84591],[-87.8529,41.84606],[-87.85417,41.84464],[-87.85695,41.84375],[-87.85781,41.84301],[-87.86198,41.84418],[-87.86485,41.84451],[-87.86527,41.84407],[-87.86525,41.84383],[-87.86538,41.84383],[-87.86548,41.84383],[-87.86626,41.84383],[-87.86628,41.84441],[-87.86855,41.84437],[-87.86843,41.8417],[-87.86814,41.83443],[-87.86805,41.83259],[-87.8679,41.82896],[-87.86785,41.82531],[-87.86466,41.82543],[-87.8644,41.81993],[-87.86464,41.81785],[-87.86443,41.81736],[-87.86452,41.81705],[-87.86656,41.81665],[-87.86492,41.81246],[-87.86554,41.81244],[-87.86542,41.80905],[-87.86527,41.80516],[-87.86683,41.80513],[-87.86668,41.80148],[-87.8666,41.79965],[-87.86652,41.79783],[-87.8664,41.7947],[-87.86639,41.79427],[-87.86638,41.79372],[-87.86753,41.79234],[-87.86876,41.79231],[-87.86868,41.79047],[-87.86847,41.785],[-87.86816,41.77855],[-87.85857,41.78286],[-87.85802,41.76884],[-87.85286,41.7689],[-87.85217,41.76856],[-87.84981,41.76745],[-87.85261,41.76397],[-87.85191,41.76395],[-87.85006,41.76481],[-87.84848,41.76624],[-87.84836,41.76164],[-87.8483,41.75917],[-87.849,41.75842],[-87.8488,41.75443],[-87.84785,41.75443],[-87.84746,41.74718],[-87.84379,41.74731],[-87.84406,41.75451],[-87.8409,41.75463],[-87.84091,41.75701],[-87.83892,41.75736],[-87.83902,41.7599],[-87.83916,41.76207],[-87.83804,41.76189],[-87.83669,41.7619],[-87.82532,41.76217],[-87.81974,41.7623],[-87.81951,41.75681],[-87.8192,41.74951],[-87.81912,41.74763],[-87.81909,41.7468],[-87.81898,41.74396],[-87.81892,41.74222],[-87.81406,41.74232],[-87.81403,41.7414],[-87.81399,41.74049],[-87.80909,41.74046],[-87.80671,41.74064],[-87.80656,41.73699],[-87.80413,41.73704],[-87.80405,41.73521],[-87.7992,41.73532],[-87.79845,41.73533],[-87.79433,41.73541],[-87.79318,41.73726],[-87.79326,41.73908],[-87.78961,41.73915],[-87.78969,41.74097],[-87.78726,41.74102],[-87.77997,41.74115],[-87.76945,41.74134],[-87.76876,41.74135],[-87.76053,41.74149],[-87.76067,41.74515],[-87.75338,41.74528],[-87.75216,41.7453],[-87.75095,41.74532],[-87.75108,41.74898],[-87.74136,41.74915],[-87.74142,41.75099],[-87.7415,41.75329],[-87.73221,41.75317],[-87.73233,41.7533],[-87.73237,41.75497],[-87.72218,41.75509],[-87.72219,41.75684],[-87.71232,41.75691],[-87.71233,41.75719],[-87.71254,41.76424],[-87.71265,41.76785],[-87.71272,41.77152],[-87.71255,41.77152],[-87.71264,41.77517],[-87.71273,41.77883],[-87.7129,41.77883],[-87.71305,41.78246],[-87.71312,41.78609],[-87.71331,41.78975],[-87.7134,41.79336],[-87.71347,41.79521],[-87.7135,41.79702],[-87.71469,41.79701],[-87.71652,41.79698],[-87.71658,41.79881],[-87.72204,41.79873],[-87.7221,41.80057],[-87.72315,41.80055],[-87.72337,41.80055],[-87.72337,41.80036],[-87.72821,41.79831],[-87.72817,41.79683],[-87.73062,41.79681],[-87.73184,41.79679],[-87.73306,41.79661],[-87.73427,41.79615],[-87.73549,41.79576],[-87.73549,41.7956],[-87.73786,41.79529],[-87.73803,41.79946],[-87.75264,41.79722],[-87.76241,41.7957],[-87.76715,41.79498],[-87.76725,41.79497],[-87.77212,41.79422],[-87.77454,41.79384],[-87.77576,41.79366],[-87.77818,41.79328],[-87.77934,41.79302],[-87.77948,41.79609],[-87.78192,41.79604],[-87.78203,41.79967],[-87.78569,41.79964],[-87.78813,41.7996],[-87.79038,41.79956],[-87.79186,41.79949],[-87.79421,41.79946],[-87.79544,41.79943],[-87.79686,41.79955],[-87.80209,41.79785],[-87.80174,41.79856],[-87.80179,41.7993],[-87.80374,41.79922],[-87.80539,41.79928],[-87.80666,41.79923],[-87.80767,41.79913],[-87.8169,41.79892],[-87.81726,41.79893],[-87.82637,41.79864],[-87.82674,41.79852],[-87.82977,41.79858],[-87.82979,41.79692],[-87.82971,41.7966],[-87.83165,41.79718],[-87.83345,41.79864],[-87.83416,41.79834],[-87.84011,41.79852],[-87.83993,41.80564],[-87.84002,41.80875],[-87.84019,41.81293],[-87.84508,41.81284],[-87.84632,41.81282],[-87.84997,41.81275],[-87.85016,41.81274],[-87.85241,41.8127],[-87.85953,41.8127],[-87.85976,41.81264],[-87.85983,41.81438],[-87.8599,41.81624],[-87.85999,41.81844],[-87.86005,41.82006],[-87.86098,41.82003],[-87.86105,41.82185],[-87.8612,41.82549],[-87.86136,41.82914],[-87.86144,41.83096],[-87.86158,41.8346],[-87.85425,41.83479],[-87.85181,41.83485],[-87.84936,41.83492],[-87.84448,41.83505],[-87.84326,41.83508],[-87.84206,41.83511],[-87.83216,41.8353],[-87.83203,41.8279],[-87.83174,41.82474],[-87.8195,41.82751],[-87.81981,41.82845],[-87.81957,41.82932],[-87.81873,41.8301],[-87.81621,41.83017],[-87.81456,41.83028],[-87.81412,41.82872],[-87.80588,41.83057],[-87.80294,41.83123],[-87.80295,41.8314],[-87.80311,41.83508],[-87.80314,41.83581],[-87.7979,41.83588],[-87.79779,41.83588],[-87.79292,41.83595],[-87.79295,41.83688],[-87.79297,41.83778],[-87.79303,41.83957],[-87.78813,41.83966],[-87.78819,41.8415],[-87.78329,41.84157],[-87.78084,41.8416],[-87.78088,41.84298],[-87.77842,41.84301],[-87.77844,41.84347],[-87.77849,41.8453],[-87.77854,41.84713],[-87.77857,41.84895],[-87.77613,41.84899],[-87.77608,41.84716],[-87.77363,41.8472],[-87.77367,41.84903],[-87.77245,41.84905],[-87.7725,41.85092],[-87.76881,41.85099],[-87.76391,41.85105],[-87.76396,41.85282],[-87.76405,41.85647],[-87.7641,41.85836],[-87.76355,41.85843],[-87.75921,41.8585],[-87.75941,41.86568]]]},"properties":{"district":11}},{"type":"Feature","geometry":{"type":"Polygon","coordinates":[[[-88.3098,41.69069],[-88.30942,41.67959],[-88.3092,41.67912],[-88.30894,41.67829],[-88.30879,41.67829],[-88.30861,41.66824],[-88.30801,41.65005],[-88.28862,41.65037],[-88.28101,41.65047],[-88.27873,41.6505],[-88.26919,41.65061],[-88.26444,41.65067],[-88.25963,41.65074],[-88.25876,41.65073],[-88.25479,41.65082],[-88.25365,41.65084],[-88.25212,41.65084],[-88.25189,41.64493],[-88.25184,41.64371],[-88.25154,41.63634],[-88.25912,41.6362],[-88.25855,41.62265],[-88.25835,41.61815],[-88.25834,41.61797],[-88.25786,41.60772],[-88.25727,41.59347],[-88.25901,41.59357],[-88.26685,41.59339],[-88.27657,41.59318],[-88.27917,41.59312],[-88.28202,41.59307],[-88.28631,41.59298],[-88.31503,41.59247],[-88.31426,41.57073],[-88.31406,41.5643],[-88.31404,41.56348],[-88.31391,41.54889],[-88.31348,41.5489],[-88.30928,41.54901],[-88.30549,41.54911],[-88.30379,41.54914],[-88.3003,41.54921],[-88.29731,41.54925],[-88.29408,41.54931],[-88.2937,41.54665],[-88.29353,41.54182],[-88.29307,41.52735],[-88.29281,41.52003],[-88.28327,41.52024],[-88.27369,41.52047],[-88.2543,41.52099],[-88.25429,41.52072],[-88.24602,41.52094],[-88.24538,41.52092],[-88.24445,41.52104],[-88.23584,41.52115],[-88.22886,41.52123],[-88.22277,41.5213],[-88.21794,41.52134],[-88.2144,41.52139],[-88.21242,41.5214],[-88.19866,41.52155],[-88.19896,41.52923],[-88.19921,41.53606],[-88.19438,41.53612],[-88.18955,41.53617],[-88.18125,41.53628],[-88.1801,41.53629],[-88.17987,41.53629],[-88.16939,41.5364],[-88.16681,41.53642],[-88.16623,41.53642],[-88.1606,41.53645],[-88.15253,41.53657],[-88.15109,41.53659],[-88.1503,41.5366],[-88.14544,41.53669],[-88.14131,41.53677],[-88.14112,41.53678],[-88.13501,41.53693],[-88.13294,41.53699],[-88.12523,41.53715],[-88.11754,41.53733],[-88.11576,41.5374],[-88.11553,41.53195],[-88.10716,41.53218],[-88.10119,41.53235],[-88.09398,41.53254],[-88.09408,41.53793],[-88.09637,41.53789],[-88.09642,41.53973],[-88.09415,41.53989],[-88.0942,41.54157],[-88.09426,41.5434],[-88.09439,41.54702],[-88.09445,41.54876],[-88.08699,41.54903],[-88.08808,41.55262],[-88.08939,41.55259],[-88.08981,41.55981],[-88.09429,41.55973],[-88.09418,41.56151],[-88.09609,41.56147],[-88.09628,41.56434],[-88.10245,41.56429],[-88.11128,41.5642],[-88.11163,41.56777],[-88.11231,41.58101],[-88.11268,41.58827],[-88.11279,41.58827],[-88.11305,41.59552],[-88.11757,41.5954],[-88.11767,41.5954],[-88.11793,41.59539],[-88.12271,41.59525],[-88.12296,41.60246],[-88.12298,41.60283],[-88.12322,41.60974],[-88.12354,41.61911],[-88.12359,41.62063],[-88.12362,41.62128],[-88.12377,41.62424],[-88.12396,41.63017],[-88.124,41.6315],[-88.12401,41.63169],[-88.12423,41.63168],[-88.13457,41.63128],[-88.1352,41.63049],[-88.13565,41.63029],[-88.13679,41.63123],[-88.14201,41.63059],[-88.14481,41.63106],[-88.14509,41.63843],[-88.14515,41.64048],[-88.14529,41.64504],[-88.14529,41.64525],[-88.1453,41.64548],[-88.13454,41.65146],[-88.13141,41.65297],[-88.12491,41.65545],[-88.12491,41.65557],[-88.11283,41.66169],[-88.11053,41.66288],[-88.10093,41.66785],[-88.09548,41.6707],[-88.08669,41.67554],[-88.07932,41.67938],[-88.08036,41.68059],[-88.07891,41.68209],[-88.07986,41.68413],[-88.08226,41.68425],[-88.08293,41.69087],[-88.08731,41.69076],[-88.09638,41.69044],[-88.10225,41.69023],[-88.10966,41.69002],[-88.10982,41.69586],[-88.10831,41.69926],[-88.10702,41.70211],[-88.10844,41.70361],[-88.10866,41.70493],[-88.12539,41.70283],[-88.12544,41.70297],[-88.13073,41.70223],[-88.13052,41.69371],[-88.13249,41.69434],[-88.13593,41.69357],[-88.13604,41.69153],[-88.13777,41.69113],[-88.13851,41.69051],[-88.14455,41.69075],[-88.14683,41.69056],[-88.15094,41.69045],[-88.1524,41.69072],[-88.15313,41.69399],[-88.16233,41.69098],[-88.16448,41.68903],[-88.16624,41.68886],[-88.16624,41.68869],[-88.16618,41.68224],[-88.16648,41.68144],[-88.17438,41.6812],[-88.1793,41.68064],[-88.18183,41.68076],[-88.18557,41.68092],[-88.19096,41.68088],[-88.20473,41.68066],[-88.20489,41.68437],[-88.20508,41.68814],[-88.20513,41.68962],[-88.2052,41.69158],[-88.20526,41.69521],[-88.20658,41.6952],[-88.21471,41.69507],[-88.21864,41.69501],[-88.22465,41.69492],[-88.22676,41.69488],[-88.22951,41.69483],[-88.23441,41.69474],[-88.23464,41.70198],[-88.23495,41.70351],[-88.23747,41.70202],[-88.24171,41.70022],[-88.2427,41.69985],[-88.24681,41.69887],[-88.24715,41.69879],[-88.26027,41.69595],[-88.26081,41.69584],[-88.26422,41.69527],[-88.27534,41.69382],[-88.27546,41.69381],[-88.2761,41.69374],[-88.28009,41.69333],[-88.28271,41.69308],[-88.28285,41.69307],[-88.28882,41.69256],[-88.29331,41.69218],[-88.29344,41.69217],[-88.29515,41.69202],[-88.29537,41.692],[-88.30234,41.69141],[-88.30606,41.69105],[-88.30689,41.69098],[-88.30692,41.69202],[-88.30921,41.69197],[-88.30921,41.69075],[-88.3098,41.69069]]]},"properties":{"district":49}},{"type":"Feature","geometry":{"type":"Polygon","coordinates":[[[-87.98499,42.15363],[-87.98517,42.15363],[-88.00447,42.15365],[-88.00938,42.15366],[-88.00946,42.15366],[-88.01127,42.15366],[-88.01474,42.15369],[-88.01698,42.15369],[-88.02272,42.15372],[-88.02375,42.15374],[-88.02862,42.15373],[-88.0322,42.14856],[-88.03336,42.14663],[-88.03384,42.14365],[-88.03386,42.13933],[-88.03386,42.13924],[-88.02255,42.13914],[-88.02179,42.13915],[-88.02101,42.13857],[-88.0217,42.13786],[-88.02172,42.13684],[-88.02425,42.13662],[-88.02408,42.12926],[-88.02408,42.12851],[-88.02409,42.12753],[-88.02304,42.12696],[-88.02306,42.12424],[-88.02306,42.12347],[-88.02308,42.1197],[-88.02413,42.1197],[-88.02414,42.11648],[-88.03069,42.11804],[-88.03411,42.11884],[-88.0339,42.11734],[-88.03395,42.11029],[-88.03388,42.1073],[-88.03335,42.10659],[-88.03071,42.10662],[-88.02744,42.10659],[-88.0275,42.10393],[-88.02421,42.1025],[-88.0242,42.10239],[-88.0242,42.10217],[-88.02018,42.10038],[-88.02485,42.09773],[-88.02813,42.09462],[-88.02991,42.09199],[-88.03114,42.08849],[-88.03136,42.08486],[-88.03087,42.08249],[-88.03269,42.08327],[-88.03354,42.08364],[-88.03391,42.08334],[-88.03494,42.08288],[-88.03495,42.08043],[-88.0405,42.08038],[-88.04389,42.07972],[-88.04388,42.08038],[-88.04388,42.08093],[-88.04386,42.08146],[-88.04385,42.08251],[-88.04385,42.08253],[-88.04384,42.08677],[-88.04383,42.08857],[-88.04626,42.08858],[-88.04746,42.08859],[-88.04991,42.08861],[-88.05108,42.08861],[-88.05227,42.08862],[-88.0559,42.0885],[-88.06269,42.08692],[-88.07067,42.08505],[-88.07792,42.085],[-88.07793,42.08151],[-88.08044,42.08153],[-88.08261,42.08138],[-88.07966,42.07984],[-88.07792,42.07905],[-88.07791,42.07885],[-88.0779,42.07872],[-88.07366,42.07711],[-88.0679,42.07554],[-88.06457,42.07446],[-88.06252,42.06707],[-88.04397,42.06683],[-88.04439,42.06347],[-88.04487,42.05971],[-88.03529,42.05853],[-88.03481,42.05847],[-88.03047,42.05794],[-88.03047,42.05808],[-88.02853,42.05787],[-88.02854,42.0577],[-88.02103,42.05658],[-88.0173,42.05565],[-88.00878,42.0523],[-88.00654,42.05128],[-88.007,42.05127],[-88.00676,42.05117],[-87.99562,42.04624],[-87.9838,42.04077],[-87.97996,42.03901],[-87.97894,42.03824],[-87.97623,42.03688],[-87.97154,42.0338],[-87.97111,42.03348],[-87.96984,42.03253],[-87.96949,42.03227],[-87.96597,42.02964],[-87.95993,42.02516],[-87.95994,42.02575],[-87.96008,42.03363],[-87.96008,42.03401],[-87.96024,42.0356],[-87.9606,42.03702],[-87.95588,42.03711],[-87.95053,42.03722],[-87.94156,42.03739],[-87.9407,42.03739],[-87.93649,42.03738],[-87.93087,42.03735],[-87.92703,42.03733],[-87.921,42.03751],[-87.9211,42.04353],[-87.92112,42.0443],[-87.92118,42.04871],[-87.91733,42.04948],[-87.91265,42.05029],[-87.91144,42.05199],[-87.91134,42.05214],[-87.91027,42.05372],[-87.90996,42.05307],[-87.90935,42.05324],[-87.90913,42.05324],[-87.90913,42.05374],[-87.90026,42.05404],[-87.90067,42.05547],[-87.9007,42.05748],[-87.90072,42.06606],[-87.9009,42.06606],[-87.90773,42.0661],[-87.90772,42.06707],[-87.90771,42.07293],[-87.90771,42.07983],[-87.90772,42.08064],[-87.9077,42.08793],[-87.90783,42.08971],[-87.90883,42.09153],[-87.90762,42.09183],[-87.90864,42.0942],[-87.90804,42.09516],[-87.91305,42.09518],[-87.91577,42.09991],[-87.91739,42.10065],[-87.91739,42.10245],[-87.92225,42.10247],[-87.92224,42.10429],[-87.92708,42.10433],[-87.92709,42.10719],[-87.9271,42.10906],[-87.92888,42.10975],[-87.93012,42.10976],[-87.93012,42.1099],[-87.93678,42.10993],[-87.93678,42.10978],[-87.93678,42.1075],[-87.94161,42.10739],[-87.94229,42.10966],[-87.94646,42.10971],[-87.94646,42.10983],[-87.94652,42.11653],[-87.95128,42.11653],[-87.95127,42.11723],[-87.95135,42.11894],[-87.95138,42.12436],[-87.955,42.12439],[-87.95621,42.1244],[-87.96102,42.12444],[-87.96112,42.12674],[-87.961,42.12815],[-87.96103,42.13062],[-87.96102,42.13239],[-87.96102,42.13355],[-87.96102,42.13367],[-87.96102,42.13392],[-87.96102,42.13396],[-87.96095,42.1359],[-87.96065,42.13637],[-87.95977,42.1369],[-87.95876,42.13766],[-87.95859,42.1389],[-87.95854,42.14132],[-87.95853,42.14162],[-87.9633,42.14132],[-87.96576,42.14266],[-87.96682,42.14581],[-87.96736,42.14684],[-87.96663,42.14713],[-87.96679,42.14758],[-87.96676,42.14917],[-87.96566,42.14916],[-87.9657,42.15071],[-87.96764,42.15306],[-87.96659,42.15358],[-87.96895,42.15359],[-87.97996,42.15362],[-87.98157,42.15362],[-87.98499,42.15363]]]},"properties":{"district":27}},{"type":"Feature","geometry":{"type":"Polygon","coordinates":[[[-87.53021,40.23598],[-87.55552,40.2356],[-87.55567,40.22813],[-87.56992,40.228],[-87.57962,40.22742],[-87.60332,40.22731],[-87.6034,40.235],[-87.60384,40.24961],[-87.6318,40.24901],[-87.63214,40.24995],[-87.63265,40.25609],[-87.64205,40.25603],[-87.64238,40.26682],[-87.64275,40.27047],[-87.6805,40.27002],[-87.69954,40.27098],[-87.73797,40.27046],[-87.75687,40.27021],[-87.75687,40.27094],[-87.7861,40.27073],[-87.80479,40.27055],[-87.83391,40.27046],[-87.8717,40.27018],[-87.87258,40.26982],[-87.92944,40.26969],[-87.98945,40.26902],[-88.0019,40.26903],[-88.02129,40.2692],[-88.04016,40.26877],[-88.05934,40.2688],[-88.07851,40.26895],[-88.07856,40.2834],[-88.07889,40.31252],[-88.07924,40.31252],[-88.11745,40.31217],[-88.11746,40.31584],[-88.11747,40.32572],[-88.11745,40.34164],[-88.1451,40.34135],[-88.16169,40.34125],[-88.16403,40.34097],[-88.1651,40.34117],[-88.16632,40.34142],[-88.16883,40.34117],[-88.23306,40.3408],[-88.23302,40.32959],[-88.23291,40.31157],[-88.23256,40.28261],[-88.23248,40.28232],[-88.23239,40.27895],[-88.23197,40.25318],[-88.23161,40.22398],[-88.24046,40.22392],[-88.26984,40.22374],[-88.29673,40.22359],[-88.2966,40.20726],[-88.29646,40.20043],[-88.29612,40.1713],[-88.29623,40.16054],[-88.29781,40.15853],[-88.29917,40.1573],[-88.29867,40.15525],[-88.30108,40.15361],[-88.29243,40.14937],[-88.2915,40.14865],[-88.28922,40.14444],[-88.28853,40.14377],[-88.2873,40.14291],[-88.28757,40.14269],[-88.28819,40.14217],[-88.29258,40.14216],[-88.29586,40.14213],[-88.31483,40.1421],[-88.35091,40.14224],[-88.35082,40.12771],[-88.35067,40.11323],[-88.35066,40.11311],[-88.35066,40.11283],[-88.35059,40.10638],[-88.35054,40.09875],[-88.35011,40.05527],[-88.34962,40.01107],[-88.31339,40.01089],[-88.26604,40.01033],[-88.26138,40.01031],[-88.25955,40.01027],[-88.25877,40.01028],[-88.25856,40.01028],[-88.25797,40.01028],[-88.25767,40.01027],[-88.25732,40.01241],[-88.25672,40.01028],[-88.25658,40.01028],[-88.23788,40.01044],[-88.16639,40.01102],[-88.16615,40.01145],[-88.15927,40.01203],[-88.15927,40.01105],[-88.15655,40.01106],[-88.15206,40.01111],[-88.15192,40.01111],[-88.14391,40.01117],[-88.1235,40.01127],[-88.12389,40.05499],[-88.12398,40.06227],[-88.12453,40.10605],[-88.12469,40.12064],[-88.08578,40.12078],[-88.06149,40.1206],[-88.05224,40.12088],[-88.05226,40.12052],[-88.04433,40.12046],[-88.01907,40.12026],[-88.01907,40.12059],[-88.01033,40.12058],[-88.01009,40.12019],[-88.00987,40.12018],[-87.99442,40.12006],[-87.96231,40.11999],[-87.94948,40.12012],[-87.94014,40.12021],[-87.93963,40.08362],[-87.92577,40.08375],[-87.9109,40.08388],[-87.90641,40.08392],[-87.90187,40.08397],[-87.8941,40.08398],[-87.88319,40.08415],[-87.88319,40.08467],[-87.86348,40.08483],[-87.84774,40.0852],[-87.82683,40.08564],[-87.8103,40.08585],[-87.80648,40.08591],[-87.80078,40.08582],[-87.79304,40.0862],[-87.79179,40.08627],[-87.78765,40.08636],[-87.78493,40.0865],[-87.78076,40.08663],[-87.76806,40.08669],[-87.76624,40.08725],[-87.76008,40.08731],[-87.75324,40.08741],[-87.75324,40.09325],[-87.75376,40.0949],[-87.75345,40.09834],[-87.75197,40.09717],[-87.7524,40.09459],[-87.74936,40.09325],[-87.74794,40.09316],[-87.74905,40.09327],[-87.74008,40.09417],[-87.73709,40.09659],[-87.73696,40.09788],[-87.74013,40.10198],[-87.74063,40.10256],[-87.7409,40.10356],[-87.73938,40.1064],[-87.73942,40.10859],[-87.73901,40.10923],[-87.73719,40.11033],[-87.73071,40.11157],[-87.72746,40.1107],[-87.72667,40.11032],[-87.7263,40.10886],[-87.72258,40.10477],[-87.72027,40.10393],[-87.71752,40.10353],[-87.71545,40.10212],[-87.71548,40.10163],[-87.70566,40.10155],[-87.66788,40.10173],[-87.66772,40.09497],[-87.66759,40.09346],[-87.66743,40.08708],[-87.66579,40.08704],[-87.66474,40.08772],[-87.66412,40.08703],[-87.65814,40.08696],[-87.65792,40.07272],[-87.65779,40.06502],[-87.6574,40.05768],[-87.65723,40.04273],[-87.65707,40.02805],[-87.6569,40.02439],[-87.65679,40.02071],[-87.6379,40.02054],[-87.63524,40.02058],[-87.62384,40.02074],[-87.61832,40.02079],[-87.60512,40.02084],[-87.60476,40.0211],[-87.60496,40.02819],[-87.60018,40.02824],[-87.60061,40.04303],[-87.60051,40.04458],[-87.60098,40.05014],[-87.60116,40.05814],[-87.53217,40.0588],[-87.53195,40.08886],[-87.53188,40.0975],[-87.53183,40.10339],[-87.53171,40.11782],[-87.53171,40.11806],[-87.53165,40.12552],[-87.5315,40.14277],[-87.53146,40.14799],[-87.53146,40.14813],[-87.53145,40.14829],[-87.53113,40.16999],[-87.53102,40.17719],[-87.53082,40.19036],[-87.53078,40.19396],[-87.53071,40.19941],[-87.53056,40.21168],[-87.53051,40.21478],[-87.53021,40.23598]]]},"properties":{"district":52}},{"type":"Feature","geometry":{"type":"Polygon","coordinates":[[[-87.75941,41.86568],[-87.75921,41.8585],[-87.76355,41.85843],[-87.7641,41.85836],[-87.76405,41.85647],[-87.76396,41.85282],[-87.76391,41.85105],[-87.76881,41.85099],[-87.7725,41.85092],[-87.77245,41.84905],[-87.77367,41.84903],[-87.77363,41.8472],[-87.77608,41.84716],[-87.77613,41.84899],[-87.77857,41.84895],[-87.77854,41.84713],[-87.77849,41.8453],[-87.77844,41.84347],[-87.77842,41.84301],[-87.78088,41.84298],[-87.78084,41.8416],[-87.78329,41.84157],[-87.78819,41.8415],[-87.78813,41.83966],[-87.79303,41.83957],[-87.79297,41.83778],[-87.79295,41.83688],[-87.79292,41.83595],[-87.79779,41.83588],[-87.7979,41.83588],[-87.80314,41.83581],[-87.80311,41.83508],[-87.80295,41.8314],[-87.80294,41.83123],[-87.80588,41.83057],[-87.81412,41.82872],[-87.81456,41.83028],[-87.81621,41.83017],[-87.81873,41.8301],[-87.81957,41.82932],[-87.81981,41.82845],[-87.8195,41.82751],[-87.83174,41.82474],[-87.83203,41.8279],[-87.83216,41.8353],[-87.84206,41.83511],[-87.84326,41.83508],[-87.84448,41.83505],[-87.84936,41.83492],[-87.85181,41.83485],[-87.85425,41.83479],[-87.86158,41.8346],[-87.86144,41.83096],[-87.86136,41.82914],[-87.8612,41.82549],[-87.86105,41.82185],[-87.86098,41.82003],[-87.86005,41.82006],[-87.85999,41.81844],[-87.8599,41.81624],[-87.85983,41.81438],[-87.85976,41.81264],[-87.85953,41.8127],[-87.85241,41.8127],[-87.85016,41.81274],[-87.84997,41.81275],[-87.84632,41.81282],[-87.84508,41.81284],[-87.84019,41.81293],[-87.84002,41.80875],[-87.83993,41.80564],[-87.84011,41.79852],[-87.83416,41.79834],[-87.83345,41.79864],[-87.83165,41.79718],[-87.82971,41.7966],[-87.82979,41.79692],[-87.82977,41.79858],[-87.82674,41.79852],[-87.82637,41.79864],[-87.81726,41.79893],[-87.8169,41.79892],[-87.80767,41.79913],[-87.80666,41.79923],[-87.80539,41.79928],[-87.80374,41.79922],[-87.80179,41.7993],[-87.80174,41.79856],[-87.80209,41.79785],[-87.79686,41.79955],[-87.79544,41.79943],[-87.79421,41.79946],[-87.79186,41.79949],[-87.79038,41.79956],[-87.78813,41.7996],[-87.78569,41.79964],[-87.78203,41.79967],[-87.78192,41.79604],[-87.77948,41.79609],[-87.77934,41.79302],[-87.77818,41.79328],[-87.77576,41.79366],[-87.77454,41.79384],[-87.77212,41.79422],[-87.76725,41.79497],[-87.76715,41.79498],[-87.76241,41.7957],[-87.75264,41.79722],[-87.73803,41.79946],[-87.73786,41.79529],[-87.73549,41.7956],[-87.73549,41.79576],[-87.73427,41.79615],[-87.73306,41.79661],[-87.73184,41.79679],[-87.73062,41.79681],[-87.72817,41.79683],[-87.72821,41.79831],[-87.72337,41.80036],[-87.72337,41.80055],[-87.72315,41.80055],[-87.7221,41.80057],[-87.72204,41.79873],[-87.71658,41.79881],[-87.71652,41.79698],[-87.71469,41.79701],[-87.7135,41.79702],[-87.71347,41.79521],[-87.7134,41.79336],[-87.71331,41.78975],[-87.71312,41.78609],[-87.71305,41.78246],[-87.7129,41.77883],[-87.71273,41.77883],[-87.71264,41.77517],[-87.71255,41.77152],[-87.70781,41.7716],[-87.70538,41.77164],[-87.70547,41.77528],[-87.70551,41.7771],[-87.70309,41.77714],[-87.70312,41.77805],[-87.70553,41.77801],[-87.70556,41.77893],[-87.70314,41.77897],[-87.69827,41.77904],[-87.69461,41.7791],[-87.69339,41.77912],[-87.69344,41.78094],[-87.6935,41.78276],[-87.69106,41.7828],[-87.69111,41.78462],[-87.68745,41.78468],[-87.6875,41.7865],[-87.68755,41.78833],[-87.6876,41.79016],[-87.68638,41.79018],[-87.68517,41.79019],[-87.68394,41.79021],[-87.68399,41.79204],[-87.68404,41.79388],[-87.68348,41.79385],[-87.6836,41.79883],[-87.6796,41.79886],[-87.67964,41.80117],[-87.67451,41.80123],[-87.67329,41.80125],[-87.67334,41.80306],[-87.67338,41.80488],[-87.67347,41.80852],[-87.67225,41.80853],[-87.67231,41.81076],[-87.67235,41.81217],[-87.6724,41.81399],[-87.67245,41.81581],[-87.66515,41.81587],[-87.65533,41.81598],[-87.65587,41.8201],[-87.65598,41.82332],[-87.64593,41.82346],[-87.64106,41.82352],[-87.6411,41.82535],[-87.64114,41.82717],[-87.64119,41.82899],[-87.64123,41.83082],[-87.64367,41.83078],[-87.64611,41.83075],[-87.64854,41.83072],[-87.65339,41.83065],[-87.65733,41.8306],[-87.66557,41.8305],[-87.66674,41.83049],[-87.66599,41.82365],[-87.66779,41.82364],[-87.66778,41.82318],[-87.67021,41.82317],[-87.67509,41.82311],[-87.67518,41.82674],[-87.67524,41.82857],[-87.67528,41.83039],[-87.67531,41.83182],[-87.67544,41.83705],[-87.68011,41.83676],[-87.68457,41.83541],[-87.68481,41.83363],[-87.68446,41.83029],[-87.68424,41.823],[-87.68407,41.8157],[-87.6859,41.81568],[-87.68585,41.81386],[-87.68581,41.81205],[-87.6852,41.81206],[-87.68525,41.81161],[-87.6851,41.80843],[-87.68932,41.80836],[-87.69176,41.80832],[-87.69543,41.80826],[-87.69787,41.80822],[-87.70154,41.80817],[-87.70397,41.80812],[-87.71387,41.80799],[-87.71388,41.80818],[-87.71433,41.82244],[-87.71431,41.82605],[-87.72404,41.82254],[-87.73853,41.81803],[-87.73853,41.81857],[-87.73865,41.82213],[-87.73887,41.83428],[-87.73915,41.83672],[-87.74373,41.83666],[-87.74413,41.84398],[-87.74419,41.84483],[-87.74405,41.84484],[-87.74427,41.85135],[-87.74672,41.8513],[-87.74917,41.85127],[-87.74923,41.85304],[-87.74929,41.85486],[-87.74935,41.85669],[-87.74941,41.85865],[-87.74952,41.86216],[-87.75197,41.86213],[-87.75208,41.86579],[-87.75453,41.86575],[-87.75941,41.86568]]]},"properties":{"district":1}},{"type":"Feature","geometry":{"type":"Polygon","coordinates":[[[-87.88453,41.99822],[-87.88449,41.99797],[-87.88453,41.99513],[-87.88433,41.99321],[-87.87918,41.98811],[-87.87904,41.98104],[-87.87885,41.97796],[-87.87765,41.97306],[-87.87787,41.97304],[-87.88088,41.97308],[-87.88073,41.96048],[-87.8837,41.95813],[-87.8843,41.95753],[-87.89076,41.95803],[-87.89046,41.95463],[-87.89066,41.95343],[-87.88568,41.95328],[-87.88539,41.94556],[-87.8805,41.94555],[-87.87811,41.9464],[-87.87567,41.94613],[-87.87565,41.94566],[-87.86594,41.94584],[-87.86586,41.94403],[-87.86569,41.94041],[-87.86551,41.93684],[-87.86549,41.93622],[-87.85881,41.93429],[-87.85825,41.93275],[-87.85873,41.93273],[-87.8583,41.93152],[-87.85782,41.93153],[-87.85704,41.92919],[-87.85616,41.9268],[-87.85464,41.92254],[-87.85252,41.92261],[-87.84176,41.92289],[-87.84126,41.92309],[-87.84285,41.92467],[-87.84389,41.9259],[-87.8455,41.92845],[-87.84606,41.92955],[-87.84546,41.92968],[-87.84388,41.92995],[-87.84135,41.93208],[-87.83583,41.93085],[-87.83606,41.93756],[-87.83481,41.93758],[-87.83,41.93768],[-87.82632,41.93775],[-87.82625,41.93775],[-87.82385,41.93779],[-87.81895,41.93746],[-87.81883,41.93427],[-87.81876,41.93245],[-87.81633,41.93249],[-87.81205,41.93259],[-87.81198,41.93077],[-87.81138,41.93078],[-87.81132,41.92923],[-87.81375,41.92892],[-87.81369,41.92711],[-87.81363,41.92515],[-87.80625,41.92401],[-87.80636,41.92713],[-87.80639,41.92775],[-87.80644,41.92934],[-87.80649,41.93082],[-87.80656,41.93256],[-87.80662,41.93451],[-87.80675,41.938],[-87.80398,41.93804],[-87.80303,41.93805],[-87.79939,41.93811],[-87.79952,41.9417],[-87.79826,41.94177],[-87.79584,41.94181],[-87.79599,41.94548],[-87.79233,41.94555],[-87.78631,41.94566],[-87.78381,41.9457],[-87.78379,41.94524],[-87.77892,41.94529],[-87.77646,41.94486],[-87.7765,41.94577],[-87.77659,41.94805],[-87.77415,41.94808],[-87.7741,41.94671],[-87.77166,41.94674],[-87.76679,41.94679],[-87.76682,41.9477],[-87.76559,41.94772],[-87.76553,41.94589],[-87.7643,41.94591],[-87.76374,41.94774],[-87.7619,41.94777],[-87.76193,41.94868],[-87.75945,41.94826],[-87.75699,41.94829],[-87.75703,41.94965],[-87.75706,41.95056],[-87.75709,41.95145],[-87.75219,41.95196],[-87.75216,41.95061],[-87.74724,41.95067],[-87.74466,41.9507],[-87.74243,41.94984],[-87.74236,41.94619],[-87.73932,41.94622],[-87.73901,41.94622],[-87.7372,41.94625],[-87.73722,41.9458],[-87.73476,41.94553],[-87.73477,41.94575],[-87.73216,41.94416],[-87.73126,41.94558],[-87.73123,41.94476],[-87.72798,41.94597],[-87.72738,41.94561],[-87.72734,41.94456],[-87.7249,41.94459],[-87.72495,41.94641],[-87.72251,41.94644],[-87.71977,41.94648],[-87.71876,41.94649],[-87.71756,41.9465],[-87.71766,41.94833],[-87.71837,41.95196],[-87.72143,41.95192],[-87.72149,41.95374],[-87.72154,41.95556],[-87.72217,41.95643],[-87.7223,41.96056],[-87.72292,41.96055],[-87.72659,41.96051],[-87.7266,41.96096],[-87.72666,41.96283],[-87.72788,41.96282],[-87.72796,41.96565],[-87.72803,41.96824],[-87.73048,41.96822],[-87.73172,41.96776],[-87.73171,41.96712],[-87.73041,41.96621],[-87.73281,41.9643],[-87.73115,41.96314],[-87.73197,41.96249],[-87.7306,41.96092],[-87.73105,41.96091],[-87.731,41.95909],[-87.73264,41.95907],[-87.73272,41.96089],[-87.73419,41.96088],[-87.73565,41.96086],[-87.73842,41.96083],[-87.74122,41.9608],[-87.74454,41.96076],[-87.74646,41.96074],[-87.74728,41.96238],[-87.74737,41.96243],[-87.74696,41.9629],[-87.74762,41.96437],[-87.74786,41.96436],[-87.74789,41.96803],[-87.74772,41.96803],[-87.74756,41.96854],[-87.74791,41.97288],[-87.74919,41.97367],[-87.74927,41.97531],[-87.7518,41.97528],[-87.75473,41.97709],[-87.75503,41.97785],[-87.74874,41.97793],[-87.74879,41.9795],[-87.75538,41.97941],[-87.75632,41.97989],[-87.75912,41.98518],[-87.75935,41.9849],[-87.76674,41.98875],[-87.76824,41.9872],[-87.7683,41.985],[-87.77278,41.98732],[-87.77789,41.98996],[-87.78288,41.99255],[-87.78372,41.99299],[-87.78758,41.99132],[-87.78753,41.99367],[-87.7875,41.99555],[-87.79198,41.99552],[-87.79231,41.99732],[-87.79394,41.99732],[-87.79394,42.00096],[-87.79555,42.00095],[-87.79712,42.00094],[-87.79713,42.00001],[-87.79948,41.99999],[-87.79981,42.00153],[-87.80675,42.00151],[-87.80672,42.00447],[-87.8067,42.00632],[-87.80664,42.01171],[-87.80659,42.01534],[-87.80656,42.01782],[-87.80655,42.01897],[-87.80757,42.01895],[-87.81388,42.0188],[-87.81633,42.01875],[-87.82121,42.01864],[-87.82183,42.01863],[-87.82185,42.01496],[-87.82187,42.01135],[-87.82125,42.01136],[-87.82112,42.00723],[-87.82132,42.00605],[-87.82132,42.00425],[-87.82135,42.00231],[-87.8214,41.99866],[-87.82141,41.99685],[-87.81669,41.99698],[-87.81672,41.99345],[-87.81674,41.99062],[-87.8168,41.9888],[-87.81683,41.98353],[-87.81683,41.98294],[-87.81949,41.98348],[-87.8234,41.98398],[-87.82333,41.98451],[-87.83662,41.98637],[-87.83657,41.98043],[-87.83658,41.97976],[-87.83661,41.97747],[-87.83663,41.97522],[-87.83663,41.97479],[-87.84155,41.9747],[-87.84155,41.97379],[-87.84337,41.97375],[-87.84398,41.97374],[-87.84649,41.97371],[-87.84648,41.97597],[-87.84648,41.97735],[-87.84643,41.98008],[-87.84645,41.98376],[-87.84653,41.98785],[-87.85461,41.98872],[-87.85585,41.98906],[-87.85902,41.99114],[-87.8597,41.99212],[-87.85844,41.99449],[-87.85944,41.99585],[-87.86177,41.99579],[-87.86585,41.99568],[-87.87316,41.99547],[-87.87426,41.99558],[-87.87469,41.9957],[-87.88453,41.99822]]]},"properties":{"district":10}},{"type":"Feature","geometry":{"type":"Polygon","coordinates":[[[-87.81183,42.05518],[-87.8082,42.05133],[-87.80676,42.04805],[-87.8124,42.04791],[-87.81493,42.04691],[-87.81526,42.04552],[-87.81643,42.04556],[-87.81638,42.04782],[-87.82574,42.0476],[-87.82568,42.05012],[-87.82746,42.05033],[-87.82963,42.04752],[-87.83221,42.04744],[-87.84045,42.04728],[-87.84048,42.04621],[-87.84047,42.04544],[-87.84049,42.04458],[-87.84051,42.04363],[-87.84054,42.03998],[-87.84058,42.03625],[-87.84545,42.03627],[-87.84546,42.03322],[-87.84548,42.03255],[-87.84551,42.03015],[-87.84553,42.02899],[-87.84066,42.02909],[-87.84066,42.02726],[-87.83945,42.02812],[-87.8358,42.02824],[-87.83576,42.03102],[-87.83455,42.03101],[-87.83455,42.03086],[-87.82601,42.03111],[-87.82603,42.02943],[-87.82358,42.02949],[-87.82112,42.02954],[-87.82117,42.0259],[-87.81995,42.02592],[-87.82294,42.02383],[-87.82325,42.02002],[-87.82325,42.01859],[-87.82183,42.01863],[-87.82121,42.01864],[-87.81633,42.01875],[-87.81388,42.0188],[-87.80757,42.01895],[-87.80655,42.01897],[-87.80656,42.01782],[-87.80659,42.01534],[-87.80664,42.01171],[-87.8067,42.00632],[-87.80672,42.00447],[-87.80675,42.00151],[-87.79981,42.00153],[-87.79948,41.99999],[-87.79713,42.00001],[-87.79712,42.00094],[-87.79555,42.00095],[-87.79394,42.00096],[-87.79394,41.99732],[-87.79231,41.99732],[-87.79198,41.99552],[-87.7875,41.99555],[-87.78753,41.99367],[-87.78758,41.99132],[-87.78372,41.99299],[-87.78288,41.99255],[-87.77789,41.98996],[-87.77278,41.98732],[-87.7683,41.985],[-87.76824,41.9872],[-87.76674,41.98875],[-87.75935,41.9849],[-87.75912,41.98518],[-87.75632,41.97989],[-87.75538,41.97941],[-87.74879,41.9795],[-87.74874,41.97793],[-87.75503,41.97785],[-87.75473,41.97709],[-87.7518,41.97528],[-87.74927,41.97531],[-87.74919,41.97367],[-87.74791,41.97288],[-87.74756,41.96854],[-87.74772,41.96803],[-87.74789,41.96803],[-87.74786,41.96436],[-87.74762,41.96437],[-87.74696,41.9629],[-87.74737,41.96243],[-87.74728,41.96238],[-87.74646,41.96074],[-87.74454,41.96076],[-87.74122,41.9608],[-87.73842,41.96083],[-87.73565,41.96086],[-87.73419,41.96088],[-87.73272,41.96089],[-87.73264,41.95907],[-87.731,41.95909],[-87.73105,41.96091],[-87.7306,41.96092],[-87.73197,41.96249],[-87.73115,41.96314],[-87.73281,41.9643],[-87.73041,41.96621],[-87.73171,41.96712],[-87.73172,41.96776],[-87.73048,41.96822],[-87.72803,41.96824],[-87.72808,41.97006],[-87.72813,41.97188],[-87.72324,41.97194],[-87.72202,41.97195],[-87.71835,41.97199],[-87.71652,41.97213],[-87.71582,41.97187],[-87.71346,41.97195],[-87.71346,41.97188],[-87.71299,41.97201],[-87.70858,41.97209],[-87.70865,41.97452],[-87.70868,41.97575],[-87.70475,41.97578],[-87.69892,41.97582],[-87.69895,41.97673],[-87.69901,41.97856],[-87.69904,41.97947],[-87.69907,41.98038],[-87.69337,41.98041],[-87.69345,41.98132],[-87.69424,41.98132],[-87.69427,41.98223],[-87.69673,41.98313],[-87.69795,41.98313],[-87.69798,41.98426],[-87.69922,41.98493],[-87.69982,41.98494],[-87.70293,41.98716],[-87.70539,41.98863],[-87.70737,41.9904],[-87.70425,41.99042],[-87.6994,41.99044],[-87.69934,41.98858],[-87.69691,41.98859],[-87.69569,41.9886],[-87.69563,41.98678],[-87.69442,41.98678],[-87.68955,41.98681],[-87.68945,41.98317],[-87.68922,41.97771],[-87.68845,41.97772],[-87.68422,41.9796],[-87.67954,41.98194],[-87.67952,41.98307],[-87.67484,41.98332],[-87.67461,41.98336],[-87.67464,41.98463],[-87.67305,41.98465],[-87.67302,41.98342],[-87.66876,41.98349],[-87.66896,41.98445],[-87.66498,41.98453],[-87.66504,41.98635],[-87.66504,41.98667],[-87.66509,41.9881],[-87.6698,41.98805],[-87.67003,41.9908],[-87.6747,41.99076],[-87.67489,41.99435],[-87.67521,41.99799],[-87.67523,42.0053],[-87.67528,42.00653],[-87.67571,42.00592],[-87.67965,42.00585],[-87.68038,42.00887],[-87.68104,42.00886],[-87.68148,42.01007],[-87.68229,42.01006],[-87.68232,42.01016],[-87.68604,42.01],[-87.68605,42.01055],[-87.68812,42.01046],[-87.68812,42.00991],[-87.68805,42.0072],[-87.68801,42.00629],[-87.68385,42.00638],[-87.68382,42.00514],[-87.69007,42.00503],[-87.69002,42.00319],[-87.69368,42.00313],[-87.69491,42.0031],[-87.69495,42.00495],[-87.69496,42.00765],[-87.69497,42.00946],[-87.69499,42.01218],[-87.69498,42.01306],[-87.69734,42.01303],[-87.69729,42.01575],[-87.69493,42.01581],[-87.69492,42.01671],[-87.69488,42.01943],[-87.69959,42.01933],[-87.70194,42.01928],[-87.70866,42.01914],[-87.70893,42.02265],[-87.70884,42.0264],[-87.70866,42.03368],[-87.7099,42.03369],[-87.70987,42.03533],[-87.71585,42.03544],[-87.71581,42.03725],[-87.71822,42.03722],[-87.72064,42.0372],[-87.72074,42.03358],[-87.72315,42.03356],[-87.72677,42.03352],[-87.73281,42.03351],[-87.73764,42.03351],[-87.73885,42.03351],[-87.73886,42.03307],[-87.74007,42.03307],[-87.74005,42.03351],[-87.74729,42.03352],[-87.74724,42.03532],[-87.74608,42.03531],[-87.7465,42.04075],[-87.74708,42.04075],[-87.74714,42.03894],[-87.7512,42.03897],[-87.75064,42.04079],[-87.75272,42.04081],[-87.75686,42.04085],[-87.75684,42.04039],[-87.75783,42.03904],[-87.75921,42.03724],[-87.7594,42.03725],[-87.75941,42.03699],[-87.76058,42.03546],[-87.76145,42.03431],[-87.76194,42.03364],[-87.7644,42.03366],[-87.76431,42.03566],[-87.76517,42.03566],[-87.76516,42.03592],[-87.76594,42.03593],[-87.76591,42.0371],[-87.76427,42.03859],[-87.76424,42.03941],[-87.76421,42.04008],[-87.76418,42.04091],[-87.76906,42.04093],[-87.77028,42.04093],[-87.77022,42.04273],[-87.77388,42.04273],[-87.7751,42.04273],[-87.77495,42.0481],[-87.77495,42.04818],[-87.77487,42.05181],[-87.77492,42.05403],[-87.77517,42.0553],[-87.77577,42.05529],[-87.78567,42.05524],[-87.79553,42.05523],[-87.79569,42.05523],[-87.79953,42.05522],[-87.80604,42.0552],[-87.81093,42.05519],[-87.81183,42.05518]]]},"properties":{"district":8}},{"type":"Feature","geometry":{"type":"Polygon","coordinates":[[[-88.49205,39.79188],[-88.49156,39.73939],[-88.49137,39.7174],[-88.49137,39.71713],[-88.49131,39.69535],[-88.49128,39.69535],[-88.49085,39.65132],[-88.48615,39.65137],[-88.48616,39.63329],[-88.4719,39.63325],[-88.47181,39.61514],[-88.47178,39.60784],[-88.47172,39.60165],[-88.47152,39.58575],[-88.47146,39.57837],[-88.47142,39.57521],[-88.47132,39.56396],[-88.47132,39.56337],[-88.47132,39.5623],[-88.47132,39.56159],[-88.47104,39.52041],[-88.47067,39.47471],[-88.47059,39.46338],[-88.47058,39.46133],[-88.47058,39.46071],[-88.4705,39.44704],[-88.47035,39.43263],[-88.47054,39.41078],[-88.47063,39.39617],[-88.47068,39.38775],[-88.47071,39.38545],[-88.47083,39.37452],[-88.45317,39.37364],[-88.43416,39.37439],[-88.37839,39.37413],[-88.37829,39.36119],[-88.37805,39.36081],[-88.37841,39.35971],[-88.37823,39.27274],[-88.43397,39.27287],[-88.43382,39.23985],[-88.43382,39.23636],[-88.43372,39.2222],[-88.43373,39.21486],[-88.43362,39.17137],[-88.41622,39.17131],[-88.41661,39.16162],[-88.41658,39.14979],[-88.41681,39.10407],[-88.41745,39.08953],[-88.46755,39.08938],[-88.46775,39.07309],[-88.46811,39.04536],[-88.46827,39.04422],[-88.46836,39.03076],[-88.46839,39.01565],[-88.46842,39.00105],[-88.36278,39.00123],[-88.36275,38.9978],[-88.36275,38.99761],[-88.36255,38.98239],[-88.36236,38.96451],[-88.36235,38.96416],[-88.36223,38.95215],[-88.36207,38.93968],[-88.36206,38.93888],[-88.36193,38.92619],[-88.36193,38.9246],[-88.36188,38.92128],[-88.36183,38.9182],[-88.36174,38.91085],[-88.36174,38.90741],[-88.36178,38.89854],[-88.3618,38.89589],[-88.36183,38.86708],[-88.36176,38.85212],[-88.35154,38.85154],[-88.2772,38.84815],[-88.27682,38.84814],[-88.27238,38.848],[-88.27189,38.84798],[-88.25858,38.84753],[-88.24906,38.84743],[-88.24427,38.84741],[-88.15026,38.84695],[-88.1184,38.84776],[-88.11805,38.84777],[-88.09461,38.84849],[-88.09411,38.8485],[-88.07588,38.849],[-88.05689,38.84936],[-88.03587,38.84983],[-88.03241,38.8498],[-88.02361,38.84972],[-88.02334,38.84973],[-88.02334,38.84987],[-87.99279,38.84973],[-87.94992,38.85025],[-87.94592,38.85015],[-87.90811,38.85011],[-87.90854,38.77634],[-87.9087,38.76351],[-87.90871,38.76238],[-87.90872,38.76169],[-87.90889,38.74682],[-87.90896,38.7323],[-87.90896,38.73204],[-87.90901,38.72466],[-87.90915,38.71367],[-87.90939,38.67304],[-87.90949,38.65832],[-87.91028,38.57493],[-87.91032,38.57479],[-87.91229,38.5701],[-87.91208,38.57018],[-87.85532,38.57001],[-87.82736,38.5697],[-87.81774,38.5696],[-87.8132,38.5693],[-87.76935,38.56894],[-87.76009,38.56878],[-87.74132,38.56847],[-87.69465,38.5683],[-87.65431,38.56806],[-87.65153,38.56817],[-87.65018,38.57006],[-87.64725,38.57147],[-87.64294,38.57228],[-87.63957,38.57416],[-87.63807,38.57783],[-87.63977,38.582],[-87.63995,38.58516],[-87.64021,38.5898],[-87.63778,38.59248],[-87.63763,38.59265],[-87.63482,38.59269],[-87.62816,38.5881],[-87.6229,38.5862],[-87.61451,38.58751],[-87.61196,38.58925],[-87.61091,38.59141],[-87.61135,38.59361],[-87.61346,38.59504],[-87.61944,38.59482],[-87.62414,38.59696],[-87.62729,38.6053],[-87.62735,38.60544],[-87.6266,38.60832],[-87.62053,38.61216],[-87.62035,38.61279],[-87.62276,38.61708],[-87.62179,38.6196],[-87.61615,38.62322],[-87.61574,38.62729],[-87.61892,38.63138],[-87.6209,38.63613],[-87.62012,38.63949],[-87.61731,38.64216],[-87.61148,38.64391],[-87.6079,38.64498],[-87.60582,38.64652],[-87.60295,38.65124],[-87.60286,38.65636],[-87.60018,38.66246],[-87.59725,38.66531],[-87.58768,38.66998],[-87.5794,38.67248],[-87.56439,38.67475],[-87.54554,38.67761],[-87.54005,38.67914],[-87.53541,38.68172],[-87.53534,38.68176],[-87.53123,38.68404],[-87.52877,38.68653],[-87.52204,38.69335],[-87.52113,38.69522],[-87.51904,38.69953],[-87.51919,38.70293],[-87.51952,38.71046],[-87.51671,38.71633],[-87.50851,38.72577],[-87.50583,38.73354],[-87.50534,38.73497],[-87.49652,38.73934],[-87.49624,38.74108],[-87.49608,38.74211],[-87.50332,38.74708],[-87.50401,38.74971],[-87.49895,38.75777],[-87.4977,38.76259],[-87.497,38.76531],[-87.49788,38.76748],[-87.49822,38.76831],[-87.50252,38.76917],[-87.50818,38.76731],[-87.51197,38.76754],[-87.51437,38.76917],[-87.51455,38.77182],[-87.5118,38.77356],[-87.5043,38.77385],[-87.49743,38.77744],[-87.4952,38.78198],[-87.4959,38.78543],[-87.50313,38.79287],[-87.50821,38.79572],[-87.52159,38.81301],[-87.52734,38.81812],[-87.52646,38.82054],[-87.52391,38.82228],[-87.52168,38.82658],[-87.52221,38.83048],[-87.52403,38.83291],[-87.52669,38.83858],[-87.52589,38.8488],[-87.52819,38.85169],[-87.53206,38.8525],[-87.53725,38.85359],[-87.55203,38.86032],[-87.55339,38.86241],[-87.55207,38.86451],[-87.54572,38.86303],[-87.54319,38.86421],[-87.54261,38.86664],[-87.54761,38.87252],[-87.54737,38.87561],[-87.5452,38.87673],[-87.53682,38.87741],[-87.53492,38.87887],[-87.53554,38.88156],[-87.53828,38.8858],[-87.54429,38.88895],[-87.54513,38.89147],[-87.54492,38.89345],[-87.54409,38.89509],[-87.54163,38.89638],[-87.53912,38.89612],[-87.53859,38.89553],[-87.53841,38.89258],[-87.53772,38.89093],[-87.5376,38.88955],[-87.53626,38.88743],[-87.5357,38.88721],[-87.53517,38.88793],[-87.53436,38.89038],[-87.53447,38.89234],[-87.5364,38.89456],[-87.53659,38.89557],[-87.53369,38.90096],[-87.53134,38.90179],[-87.52251,38.90239],[-87.51801,38.9027],[-87.51673,38.90412],[-87.51773,38.90567],[-87.52431,38.90519],[-87.52729,38.90722],[-87.52789,38.9092],[-87.52603,38.91361],[-87.5277,38.91845],[-87.52606,38.92136],[-87.52063,38.92166],[-87.51883,38.92321],[-87.51879,38.92784],[-87.51798,38.92978],[-87.51663,38.933],[-87.51735,38.93494],[-87.52185,38.94007],[-87.52128,38.94184],[-87.51958,38.94312],[-87.51634,38.94556],[-87.51293,38.95013],[-87.51219,38.95442],[-87.51335,38.956],[-87.51742,38.95816],[-87.52061,38.95984],[-87.52496,38.96385],[-87.527,38.96883],[-87.5295,38.97193],[-87.54244,38.97559],[-87.54803,38.9785],[-87.56028,38.98137],[-87.57653,38.98671],[-87.57849,38.98975],[-87.57698,38.99127],[-87.5734,38.99143],[-87.56519,38.9888],[-87.56204,38.98947],[-87.56043,38.99242],[-87.56289,38.99443],[-87.56708,38.99354],[-87.57542,38.99648],[-87.57865,38.9995],[-87.57889,39.00241],[-87.57376,39.00868],[-87.5697,39.01941],[-87.56987,39.02311],[-87.57503,39.03406],[-87.58025,39.03938],[-87.58021,39.04194],[-87.57255,39.05006],[-87.57259,39.05729],[-87.5787,39.0617],[-87.58355,39.06795],[-87.59013,39.07227],[-87.59151,39.07318],[-87.59556,39.07898],[-87.6011,39.0814],[-87.6107,39.08123],[-87.61596,39.08257],[-87.61819,39.08502],[-87.62098,39.0881],[-87.62039,39.09152],[-87.61546,39.09577],[-87.61395,39.09954],[-87.61488,39.10266],[-87.61838,39.10428],[-87.63265,39.10491],[-87.63858,39.10589],[-87.64461,39.10443],[-87.64917,39.1048],[-87.6528,39.10684],[-87.65484,39.11055],[-87.65504,39.11092],[-87.65418,39.11338],[-87.65102,39.11644],[-87.64159,39.11454],[-87.6359,39.11833],[-87.63497,39.12009],[-87.6351,39.1223],[-87.63799,39.12343],[-87.64089,39.12277],[-87.64217,39.12321],[-87.64205,39.12504],[-87.64314,39.12856],[-87.64617,39.12989],[-87.6515,39.13082],[-87.65524,39.13228],[-87.65874,39.136],[-87.6582,39.1384],[-87.6532,39.14399],[-87.65326,39.14771],[-87.65172,39.1506],[-87.64497,39.1543],[-87.64217,39.1571],[-87.63744,39.15677],[-87.63438,39.15342],[-87.63157,39.15299],[-87.62874,39.15392],[-87.62774,39.15623],[-87.62937,39.15753],[-87.63037,39.15834],[-87.63743,39.15903],[-87.64141,39.16035],[-87.64206,39.16248],[-87.64043,39.16673],[-87.63649,39.16883],[-87.62502,39.1693],[-87.62052,39.17033],[-87.6194,39.17207],[-87.61941,39.17209],[-87.6208,39.17479],[-87.6214,39.17887],[-87.62043,39.18502],[-87.6204,39.1852],[-87.61855,39.1864],[-87.61104,39.18409],[-87.60517,39.1859],[-87.60304,39.1913],[-87.6001,39.19344],[-87.59415,39.19493],[-87.58659,39.19963],[-87.58498,39.20528],[-87.57703,39.21112],[-87.57456,39.2184],[-87.57761,39.23918],[-87.57932,39.24355],[-87.57822,39.24479],[-87.57307,39.24669],[-87.57133,39.25138],[-87.57344,39.25458],[-87.58065,39.25524],[-87.58518,39.25314],[-87.58716,39.24962],[-87.59111,39.24726],[-87.59349,39.24745],[-87.59813,39.25409],[-87.60411,39.25946],[-87.60413,39.25947],[-87.60495,39.26021],[-87.60557,39.2624],[-87.6015,39.27224],[-87.60195,39.27517],[-87.60734,39.27621],[-87.60944,39.27854],[-87.60991,39.28142],[-87.60875,39.28669],[-87.59991,39.29358],[-87.59732,39.29696],[-87.59842,39.30009],[-87.60535,39.30322],[-87.615,39.3009],[-87.61896,39.30169],[-87.62118,39.30416],[-87.62048,39.30713],[-87.61261,39.30857],[-87.60592,39.31108],[-87.60066,39.31853],[-87.59673,39.32203],[-87.59023,39.33207],[-87.58908,39.33383],[-87.58485,39.33733],[-87.57408,39.34142],[-87.56069,39.33885],[-87.5544,39.34049],[-87.55026,39.34335],[-87.54969,39.34657],[-87.54948,39.34774],[-87.54588,39.35215],[-87.54401,39.35291],[-87.54038,39.35295],[-87.53727,39.35209],[-87.53242,39.34793],[-87.53168,39.34806],[-87.53165,39.34806],[-87.53167,39.35971],[-87.53169,39.37104],[-87.53142,39.37504],[-87.53137,39.41058],[-87.53141,39.43666],[-87.53141,39.4375],[-87.53141,39.43856],[-87.53166,39.47711],[-87.53168,39.48014],[-87.53172,39.48644],[-87.53193,39.52036],[-87.53194,39.52335],[-87.53197,39.53506],[-87.53198,39.5454],[-87.53202,39.56835],[-87.53207,39.57843],[-87.53213,39.59298],[-87.53219,39.60731],[-87.5323,39.63611],[-87.53267,39.66491],[-87.53267,39.66512],[-87.53278,39.69447],[-87.53284,39.70882],[-87.53292,39.73076],[-87.53315,39.78066],[-87.53314,39.79626],[-87.53313,39.81098],[-87.53313,39.82333],[-87.53312,39.8326],[-87.53319,39.85338],[-87.53326,39.87198],[-87.53319,39.883],[-87.53301,39.91036],[-87.533,39.91252],[-87.53274,39.94501],[-87.53274,39.947],[-87.53273,39.94877],[-87.53269,39.95613],[-87.53262,39.97124],[-87.53243,39.98605],[-87.53236,39.99161],[-87.53236,39.99998],[-87.53235,40.01183],[-87.53235,40.02656],[-87.53219,40.05615],[-87.53217,40.0588],[-87.60116,40.05814],[-87.60098,40.05014],[-87.60051,40.04458],[-87.60061,40.04303],[-87.60018,40.02824],[-87.60496,40.02819],[-87.60476,40.0211],[-87.60512,40.02084],[-87.61832,40.02079],[-87.62384,40.02074],[-87.63524,40.02058],[-87.6379,40.02054],[-87.65679,40.02071],[-87.6569,40.02439],[-87.65707,40.02805],[-87.65723,40.04273],[-87.6574,40.05768],[-87.65779,40.06502],[-87.65792,40.07272],[-87.65814,40.08696],[-87.66412,40.08703],[-87.66474,40.08772],[-87.66579,40.08704],[-87.66743,40.08708],[-87.66759,40.09346],[-87.66772,40.09497],[-87.66788,40.10173],[-87.70566,40.10155],[-87.71548,40.10163],[-87.71545,40.10212],[-87.71752,40.10353],[-87.72027,40.10393],[-87.72258,40.10477],[-87.7263,40.10886],[-87.72667,40.11032],[-87.72746,40.1107],[-87.73071,40.11157],[-87.73719,40.11033],[-87.73901,40.10923],[-87.73942,40.10859],[-87.73938,40.1064],[-87.7409,40.10356],[-87.74063,40.10256],[-87.74013,40.10198],[-87.73696,40.09788],[-87.73709,40.09659],[-87.74008,40.09417],[-87.74905,40.09327],[-87.74794,40.09316],[-87.74936,40.09325],[-87.7524,40.09459],[-87.75197,40.09717],[-87.75345,40.09834],[-87.75376,40.0949],[-87.75324,40.09325],[-87.75324,40.08741],[-87.76008,40.08731],[-87.76624,40.08725],[-87.76806,40.08669],[-87.78076,40.08663],[-87.78493,40.0865],[-87.78765,40.08636],[-87.79179,40.08627],[-87.79304,40.0862],[-87.80078,40.08582],[-87.80648,40.08591],[-87.8103,40.08585],[-87.82683,40.08564],[-87.84774,40.0852],[-87.86348,40.08483],[-87.88319,40.08467],[-87.88319,40.08415],[-87.8941,40.08398],[-87.90187,40.08397],[-87.90641,40.08392],[-87.9109,40.08388],[-87.92577,40.08375],[-87.93963,40.08362],[-87.94014,40.12021],[-87.94948,40.12012],[-87.96231,40.11999],[-87.99442,40.12006],[-88.00987,40.12018],[-88.01009,40.12019],[-88.01033,40.12058],[-88.01907,40.12059],[-88.01907,40.12026],[-88.04433,40.12046],[-88.05226,40.12052],[-88.05224,40.12088],[-88.06149,40.1206],[-88.08578,40.12078],[-88.12469,40.12064],[-88.12453,40.10605],[-88.12398,40.06227],[-88.12389,40.05499],[-88.1235,40.01127],[-88.14391,40.01117],[-88.15192,40.01111],[-88.15206,40.01111],[-88.15655,40.01106],[-88.15927,40.01105],[-88.15927,40.01203],[-88.16615,40.01145],[-88.16639,40.01102],[-88.23788,40.01044],[-88.25658,40.01028],[-88.25672,40.01028],[-88.25732,40.01241],[-88.25767,40.01027],[-88.25797,40.01028],[-88.25856,40.01028],[-88.25877,40.01028],[-88.25955,40.01027],[-88.26138,40.01031],[-88.26604,40.01033],[-88.31339,40.01089],[-88.34962,40.01107],[-88.35011,40.05527],[-88.35054,40.09875],[-88.35059,40.10638],[-88.35066,40.11283],[-88.35066,40.11311],[-88.35067,40.11323],[-88.35082,40.12771],[-88.35091,40.14224],[-88.31483,40.1421],[-88.29586,40.14213],[-88.29258,40.14216],[-88.28819,40.14217],[-88.28757,40.14269],[-88.2873,40.14291],[-88.28853,40.14377],[-88.28922,40.14444],[-88.2915,40.14865],[-88.29243,40.14937],[-88.30108,40.15361],[-88.29867,40.15525],[-88.29917,40.1573],[-88.29781,40.15853],[-88.29623,40.16054],[-88.29612,40.1713],[-88.29646,40.20043],[-88.2966,40.20726],[-88.29673,40.22359],[-88.26984,40.22374],[-88.24046,40.22392],[-88.23161,40.22398],[-88.23197,40.25318],[-88.23239,40.27895],[-88.23248,40.28232],[-88.23256,40.28261],[-88.23291,40.31157],[-88.23302,40.32959],[-88.23306,40.3408],[-88.16883,40.34117],[-88.16632,40.34142],[-88.1651,40.34117],[-88.16403,40.34097],[-88.16169,40.34125],[-88.1451,40.34135],[-88.11745,40.34164],[-88.11747,40.32572],[-88.11746,40.31584],[-88.11745,40.31217],[-88.07924,40.31252],[-88.07889,40.31252],[-88.07856,40.2834],[-88.07851,40.26895],[-88.05934,40.2688],[-88.04016,40.26877],[-88.02129,40.2692],[-88.0019,40.26903],[-87.98945,40.26902],[-87.92944,40.26969],[-87.87258,40.26982],[-87.8717,40.27018],[-87.83391,40.27046],[-87.80479,40.27055],[-87.7861,40.27073],[-87.75687,40.27094],[-87.75687,40.27021],[-87.73797,40.27046],[-87.69954,40.27098],[-87.6805,40.27002],[-87.64275,40.27047],[-87.64238,40.26682],[-87.64205,40.25603],[-87.63265,40.25609],[-87.63214,40.24995],[-87.6318,40.24901],[-87.60384,40.24961],[-87.6034,40.235],[-87.60332,40.22731],[-87.57962,40.22742],[-87.56992,40.228],[-87.55567,40.22813],[-87.55552,40.2356],[-87.53021,40.23598],[-87.53021,40.23599],[-87.52998,40.252],[-87.52971,40.27229],[-87.52953,40.2866],[-87.52943,40.29377],[-87.52928,40.3036],[-87.52885,40.33057],[-87.52816,40.37418],[-87.52795,40.38851],[-87.52794,40.38896],[-87.52729,40.4327],[-87.52712,40.44436],[-87.5266,40.47688],[-87.52637,40.49124],[-87.63332,40.48863],[-87.65277,40.48821],[-87.68933,40.48796],[-87.76352,40.4882],[-87.84728,40.48695],[-87.85772,40.4868],[-87.87356,40.4865],[-87.87845,40.48642],[-87.89755,40.48624],[-87.93531,40.48592],[-87.94379,40.48588],[-87.94462,40.48587],[-87.97245,40.48566],[-87.99306,40.4856],[-88.00286,40.48865],[-88.00408,40.48867],[-88.04097,40.48832],[-88.07894,40.4881],[-88.07905,40.47371],[-88.07882,40.46147],[-88.07878,40.45902],[-88.07879,40.45681],[-88.07883,40.44946],[-88.07884,40.44433],[-88.07881,40.42967],[-88.10846,40.42972],[-88.1145,40.42927],[-88.11585,40.42954],[-88.11751,40.42989],[-88.11978,40.42967],[-88.22349,40.42877],[-88.23384,40.42864],[-88.25283,40.42847],[-88.34695,40.42788],[-88.34697,40.44225],[-88.37543,40.44226],[-88.40498,40.44234],[-88.45954,40.44272],[-88.4598,40.41693],[-88.45996,40.39885],[-88.46038,40.34025],[-88.46027,40.31099],[-88.46042,40.28193],[-88.46049,40.26735],[-88.46072,40.22332],[-88.46355,40.22327],[-88.46334,40.17107],[-88.46327,40.14831],[-88.46317,40.1422],[-88.46323,40.14145],[-88.46327,40.13503],[-88.46336,40.1285],[-88.46329,40.11995],[-88.46327,40.11679],[-88.46302,40.05503],[-88.46265,39.96709],[-88.46253,39.95241],[-88.46257,39.9443],[-88.46256,39.94422],[-88.46251,39.94308],[-88.46248,39.93764],[-88.46227,39.89377],[-88.46225,39.8894],[-88.46221,39.87909],[-88.46224,39.81361],[-88.46225,39.80895],[-88.46226,39.80703],[-88.46232,39.79376],[-88.46233,39.79182],[-88.46258,39.79182],[-88.47318,39.79184],[-88.49205,39.79188]]]},"properties":{"district":51}},{"type":"Feature","geometry":{"type":"Polygon","coordinates":[[[-87.76553,41.94589],[-87.76614,41.94588],[-87.76672,41.94496],[-87.76663,41.94223],[-87.7666,41.94131],[-87.7665,41.93858],[-87.77014,41.93853],[-87.77001,41.93488],[-87.77123,41.93486],[-87.7711,41.93121],[-87.76625,41.93128],[-87.76502,41.93129],[-87.7638,41.93176],[-87.76385,41.93313],[-87.7614,41.93316],[-87.76133,41.93134],[-87.76122,41.92816],[-87.76113,41.92588],[-87.76107,41.92405],[-87.75615,41.92411],[-87.75123,41.92418],[-87.74876,41.92421],[-87.7463,41.92424],[-87.74163,41.9243],[-87.73657,41.92437],[-87.73289,41.92441],[-87.73167,41.92443],[-87.73178,41.92805],[-87.72957,41.92808],[-87.72443,41.92818],[-87.72199,41.9282],[-87.71953,41.92822],[-87.71709,41.92826],[-87.71464,41.92829],[-87.7122,41.92832],[-87.71216,41.92648],[-87.7121,41.92466],[-87.71199,41.921],[-87.7119,41.91734],[-87.7103,41.91736],[-87.70698,41.9174],[-87.70209,41.91745],[-87.69999,41.91746],[-87.6972,41.91749],[-87.69231,41.91753],[-87.6886,41.91756],[-87.68741,41.91757],[-87.68692,41.91757],[-87.68683,41.91745],[-87.68491,41.91622],[-87.68472,41.91609],[-87.68005,41.91619],[-87.67759,41.91624],[-87.67758,41.91594],[-87.67271,41.91603],[-87.66872,41.9161],[-87.6702,41.91789],[-87.66796,41.91793],[-87.67039,41.92231],[-87.67167,41.92511],[-87.66815,41.92515],[-87.66577,41.92518],[-87.6658,41.927],[-87.66586,41.92881],[-87.66598,41.93244],[-87.66605,41.93426],[-87.66608,41.93517],[-87.66612,41.93608],[-87.66853,41.93605],[-87.67335,41.93599],[-87.67354,41.93599],[-87.67824,41.93593],[-87.67835,41.93957],[-87.6832,41.93951],[-87.68322,41.94042],[-87.68506,41.9404],[-87.68573,41.94313],[-87.68815,41.9431],[-87.68826,41.94673],[-87.68836,41.95038],[-87.69068,41.95036],[-87.69088,41.95401],[-87.69207,41.95401],[-87.69445,41.95399],[-87.69479,41.96127],[-87.69848,41.96125],[-87.69969,41.96124],[-87.70091,41.96123],[-87.70213,41.96123],[-87.70336,41.96122],[-87.70347,41.96474],[-87.70353,41.96667],[-87.7036,41.96848],[-87.7036,41.96849],[-87.70109,41.96851],[-87.70311,41.97089],[-87.70411,41.97365],[-87.70475,41.97578],[-87.70868,41.97575],[-87.70865,41.97452],[-87.70858,41.97209],[-87.71299,41.97201],[-87.71346,41.97188],[-87.71346,41.97195],[-87.71582,41.97187],[-87.71652,41.97213],[-87.71835,41.97199],[-87.72202,41.97195],[-87.72324,41.97194],[-87.72813,41.97188],[-87.72808,41.97006],[-87.72803,41.96824],[-87.72796,41.96565],[-87.72788,41.96282],[-87.72666,41.96283],[-87.7266,41.96096],[-87.72659,41.96051],[-87.72292,41.96055],[-87.7223,41.96056],[-87.72217,41.95643],[-87.72154,41.95556],[-87.72149,41.95374],[-87.72143,41.95192],[-87.71837,41.95196],[-87.71766,41.94833],[-87.71756,41.9465],[-87.71876,41.94649],[-87.71977,41.94648],[-87.72251,41.94644],[-87.72495,41.94641],[-87.7249,41.94459],[-87.72734,41.94456],[-87.72738,41.94561],[-87.72798,41.94597],[-87.73123,41.94476],[-87.73126,41.94558],[-87.73216,41.94416],[-87.73477,41.94575],[-87.73476,41.94553],[-87.73722,41.9458],[-87.7372,41.94625],[-87.73901,41.94622],[-87.73932,41.94622],[-87.74236,41.94619],[-87.74243,41.94984],[-87.74466,41.9507],[-87.74724,41.95067],[-87.75216,41.95061],[-87.75219,41.95196],[-87.75709,41.95145],[-87.75706,41.95056],[-87.75703,41.94965],[-87.75699,41.94829],[-87.75945,41.94826],[-87.76193,41.94868],[-87.7619,41.94777],[-87.76374,41.94774],[-87.7643,41.94591],[-87.76553,41.94589]]]},"properties":{"district":20}},{"type":"Feature","geometry":{"type":"Polygon","coordinates":[[[-90.19736,38.68936],[-90.19595,38.68817],[-90.19523,38.68757],[-90.19521,38.68755],[-90.18705,38.67569],[-90.18641,38.67475],[-90.18546,38.67239],[-90.18261,38.66535],[-90.18124,38.66006],[-90.18111,38.65955],[-90.18105,38.65928],[-90.17839,38.64613],[-90.17771,38.64275],[-90.17771,38.64265],[-90.17777,38.64091],[-90.17801,38.63375],[-90.17801,38.63373],[-90.17881,38.62915],[-90.18241,38.61802],[-90.18451,38.61155],[-90.18499,38.61072],[-90.18665,38.60786],[-90.19181,38.59895],[-90.19601,38.59445],[-90.20165,38.58942],[-90.20251,38.58865],[-90.2046,38.58736],[-90.21011,38.58395],[-90.21671,38.57875],[-90.21792,38.57824],[-90.22125,38.57682],[-90.22211,38.57645],[-90.22312,38.57578],[-90.22421,38.57505],[-90.22471,38.57444],[-90.22917,38.56897],[-90.23806,38.55806],[-90.24046,38.55512],[-90.24891,38.54475],[-90.25027,38.5428],[-90.25777,38.53201],[-90.26031,38.52835],[-90.26381,38.52055],[-90.26383,38.52051],[-90.25567,38.5139],[-90.24064,38.50239],[-90.23884,38.50083],[-90.23755,38.49983],[-90.23672,38.49984],[-90.23673,38.49882],[-90.23549,38.49775],[-90.23525,38.49756],[-90.2277,38.49172],[-90.22726,38.49137],[-90.22508,38.48969],[-90.22483,38.4895],[-90.22071,38.48632],[-90.22033,38.48602],[-90.21903,38.48499],[-90.20074,38.47068],[-90.2007,38.47065],[-90.19664,38.46749],[-90.19469,38.46598],[-90.19467,38.46597],[-90.17731,38.4524],[-90.17318,38.4491],[-90.17276,38.44876],[-90.17258,38.44863],[-90.16323,38.44116],[-90.1454,38.42667],[-90.1454,38.42636],[-90.14553,38.42626],[-90.14556,38.41205],[-90.12906,38.39757],[-90.12877,38.39733],[-90.12668,38.39694],[-90.11806,38.38966],[-90.09963,38.37459],[-90.09238,38.36885],[-90.0816,38.36019],[-90.05461,38.33833],[-90.04041,38.32694],[-90.0361,38.32354],[-90.03611,38.32338],[-90.03611,38.30894],[-90.02352,38.30878],[-90.01801,38.30872],[-89.99894,38.30847],[-89.99467,38.30843],[-89.9897,38.30843],[-89.98458,38.30842],[-89.9624,38.30832],[-89.92585,38.30824],[-89.91306,38.3081],[-89.90016,38.30804],[-89.89012,38.30786],[-89.88085,38.30766],[-89.87578,38.30787],[-89.8749,38.30763],[-89.8691,38.30778],[-89.86323,38.30768],[-89.86224,38.30777],[-89.862,38.3078],[-89.85955,38.30775],[-89.85371,38.30773],[-89.85307,38.30765],[-89.84827,38.30767],[-89.8158,38.30696],[-89.79373,38.30678],[-89.78994,38.30671],[-89.78959,38.30672],[-89.76542,38.30618],[-89.76078,38.3062],[-89.76032,38.32113],[-89.76044,38.32201],[-89.76028,38.33422],[-89.76083,38.33615],[-89.76018,38.33882],[-89.76017,38.34362],[-89.74866,38.34345],[-89.74098,38.3433],[-89.72249,38.34295],[-89.72261,38.3617],[-89.72264,38.36597],[-89.72267,38.36912],[-89.72376,38.3729],[-89.72259,38.37415],[-89.72242,38.39204],[-89.72213,38.3925],[-89.721,38.39291],[-89.70413,38.39278],[-89.70414,38.39756],[-89.70414,38.39944],[-89.70422,38.40756],[-89.70424,38.41578],[-89.70459,38.48028],[-89.70497,38.50948],[-89.705,38.51492],[-89.70503,38.51886],[-89.70506,38.5238],[-89.70506,38.5241],[-89.70511,38.53041],[-89.70515,38.53506],[-89.70526,38.54363],[-89.70529,38.54602],[-89.70545,38.55819],[-89.7056,38.56791],[-89.74677,38.56818],[-89.7501,38.56835],[-89.75217,38.56815],[-89.76148,38.56822],[-89.76141,38.58279],[-89.77978,38.58299],[-89.77983,38.5938],[-89.77981,38.59907],[-89.77985,38.60376],[-89.77977,38.61195],[-89.76084,38.61194],[-89.76085,38.65529],[-89.77748,38.65547],[-89.77831,38.65419],[-89.78276,38.65411],[-89.78485,38.65393],[-89.7882,38.65285],[-89.79018,38.65133],[-89.79031,38.65557],[-89.80883,38.65573],[-89.80753,38.62596],[-89.80755,38.62119],[-89.80757,38.61902],[-89.81235,38.61908],[-89.81412,38.61845],[-89.81338,38.61734],[-89.81568,38.61725],[-89.8186,38.61986],[-89.8186,38.6161],[-89.81924,38.61611],[-89.81978,38.61236],[-89.82036,38.61237],[-89.82146,38.61238],[-89.82767,38.61241],[-89.82768,38.61209],[-89.82776,38.61199],[-89.82786,38.60881],[-89.82561,38.60879],[-89.82553,38.60517],[-89.82786,38.6052],[-89.82788,38.60111],[-89.8245,38.59984],[-89.82352,38.59998],[-89.8235,38.59834],[-89.8206,38.5984],[-89.82131,38.59768],[-89.8258,38.5967],[-89.82796,38.59676],[-89.8279,38.5945],[-89.829,38.59434],[-89.83272,38.59437],[-89.83344,38.59435],[-89.83561,38.59413],[-89.84627,38.59166],[-89.84981,38.59081],[-89.85317,38.59028],[-89.85356,38.59087],[-89.86416,38.59135],[-89.8649,38.59142],[-89.86482,38.59303],[-89.8617,38.59494],[-89.86487,38.59506],[-89.86772,38.5924],[-89.86943,38.59246],[-89.86943,38.59885],[-89.86484,38.59866],[-89.86472,38.60473],[-89.86477,38.60516],[-89.86555,38.60519],[-89.86557,38.60454],[-89.86731,38.60459],[-89.86768,38.60487],[-89.86851,38.60496],[-89.86976,38.60579],[-89.87019,38.60584],[-89.87016,38.60615],[-89.86943,38.60611],[-89.86943,38.60642],[-89.86942,38.61022],[-89.87408,38.61043],[-89.87406,38.60857],[-89.87404,38.60634],[-89.87401,38.60268],[-89.87399,38.5994],[-89.88326,38.59931],[-89.88734,38.59924],[-89.89248,38.59931],[-89.89247,38.60323],[-89.89246,38.6039],[-89.89246,38.60432],[-89.89244,38.60661],[-89.89241,38.61245],[-89.8924,38.61321],[-89.89239,38.61413],[-89.8933,38.61413],[-89.90965,38.61423],[-89.91083,38.61423],[-89.91082,38.61518],[-89.9108,38.61794],[-89.9107,38.62718],[-89.91141,38.6274],[-89.91357,38.62912],[-89.92114,38.62903],[-89.92116,38.6273],[-89.92366,38.62519],[-89.9256,38.62427],[-89.9282,38.62278],[-89.92823,38.62263],[-89.9283,38.62263],[-89.9288,38.62137],[-89.93334,38.6182],[-89.93511,38.61517],[-89.93452,38.61444],[-89.93626,38.61405],[-89.93654,38.61344],[-89.93816,38.61428],[-89.93965,38.61428],[-89.9446,38.6143],[-89.94497,38.6143],[-89.94757,38.61431],[-89.94755,38.60707],[-89.94755,38.60699],[-89.94755,38.59668],[-89.94753,38.59655],[-89.93852,38.59462],[-89.93853,38.59396],[-89.93825,38.59238],[-89.93989,38.59069],[-89.94001,38.58775],[-89.93763,38.58459],[-89.93575,38.58408],[-89.93274,38.57985],[-89.92898,38.57954],[-89.929,38.57621],[-89.92908,38.57056],[-89.92906,38.55884],[-89.92901,38.55326],[-89.93472,38.55322],[-89.93472,38.55245],[-89.93577,38.55244],[-89.93576,38.55263],[-89.93577,38.55389],[-89.93629,38.55411],[-89.93629,38.55527],[-89.9363,38.55574],[-89.9375,38.5557],[-89.93763,38.55924],[-89.93815,38.55925],[-89.93834,38.57058],[-89.9398,38.57052],[-89.94277,38.57048],[-89.94298,38.57048],[-89.94728,38.57062],[-89.94976,38.57068],[-89.95264,38.57071],[-89.95257,38.56708],[-89.95342,38.56627],[-89.95685,38.56604],[-89.95741,38.56605],[-89.95953,38.56596],[-89.96448,38.56595],[-89.96459,38.56699],[-89.96483,38.56778],[-89.96606,38.57082],[-89.96858,38.57087],[-89.97234,38.57093],[-89.97563,38.57097],[-89.97713,38.57098],[-89.98479,38.57103],[-89.98482,38.57873],[-89.98484,38.58554],[-89.99413,38.58561],[-89.99713,38.58605],[-90.00221,38.58679],[-90.00349,38.58673],[-90.0035,38.58904],[-90.00393,38.58876],[-90.00448,38.58932],[-90.00455,38.5905],[-90.00618,38.5905],[-90.00616,38.59208],[-90.00689,38.59294],[-90.00911,38.59319],[-90.01271,38.59376],[-90.01331,38.59386],[-90.0366,38.59519],[-90.03659,38.59857],[-90.03688,38.6075],[-90.0369,38.60926],[-90.03698,38.61038],[-90.04343,38.61339],[-90.04582,38.61452],[-90.05332,38.61795],[-90.05658,38.61872],[-90.05796,38.61887],[-90.06027,38.61894],[-90.06039,38.62247],[-90.0672,38.6227],[-90.06685,38.62879],[-90.06586,38.63059],[-90.06364,38.63263],[-90.05719,38.6369],[-90.05965,38.63691],[-90.07451,38.63699],[-90.0798,38.63694],[-90.07991,38.64205],[-90.07991,38.64446],[-90.07991,38.64535],[-90.08011,38.65923],[-90.08048,38.65924],[-90.0826,38.65929],[-90.08536,38.65936],[-90.088,38.65942],[-90.08893,38.65944],[-90.09134,38.65948],[-90.09237,38.65938],[-90.09288,38.65954],[-90.11275,38.65988],[-90.11286,38.65988],[-90.11751,38.65992],[-90.14639,38.66023],[-90.14733,38.66024],[-90.14714,38.66187],[-90.14701,38.66789],[-90.14701,38.67105],[-90.14731,38.67245],[-90.14736,38.67376],[-90.14744,38.67545],[-90.14742,38.67551],[-90.14815,38.67839],[-90.14833,38.6852],[-90.14841,38.68735],[-90.14842,38.68768],[-90.14842,38.68789],[-90.14837,38.68835],[-90.1486,38.69225],[-90.14916,38.69225],[-90.15176,38.69218],[-90.15235,38.69203],[-90.15348,38.69219],[-90.15353,38.69203],[-90.15407,38.69214],[-90.15411,38.69201],[-90.15471,38.69214],[-90.15478,38.6919],[-90.15645,38.6922],[-90.15651,38.692],[-90.15692,38.69208],[-90.15702,38.6921],[-90.15705,38.69198],[-90.16691,38.69188],[-90.16692,38.69261],[-90.16693,38.69359],[-90.17,38.69161],[-90.17158,38.68766],[-90.17403,38.68832],[-90.17834,38.68906],[-90.18576,38.68982],[-90.18571,38.68896],[-90.18947,38.68894],[-90.18926,38.68977],[-90.19216,38.68972],[-90.19736,38.68936]]]},"properties":{"district":57}},{"type":"Feature","geometry":{"type":"Polygon","coordinates":[[[-89.55343,40.74764],[-89.55166,40.74359],[-89.55026,40.73905],[-89.54946,40.73569],[-89.54957,40.72997],[-89.54888,40.72759],[-89.54661,40.72432],[-89.54641,40.72299],[-89.54706,40.72042],[-89.53995,40.71812],[-89.53301,40.71592],[-89.5291,40.71508],[-89.52501,40.71485],[-89.50768,40.71508],[-89.50762,40.70387],[-89.52046,40.70387],[-89.52156,40.70427],[-89.52185,40.70379],[-89.52178,40.6987],[-89.51776,40.69875],[-89.51772,40.69746],[-89.51286,40.69771],[-89.51353,40.6966],[-89.50284,40.69664],[-89.50282,40.68956],[-89.50192,40.69002],[-89.50058,40.69042],[-89.49221,40.69159],[-89.48362,40.69299],[-89.48293,40.69312],[-89.47407,40.69492],[-89.47398,40.69032],[-89.47407,40.68979],[-89.46942,40.68977],[-89.46846,40.68707],[-89.46813,40.68694],[-89.46605,40.68663],[-89.46471,40.6861],[-89.46354,40.68563],[-89.46261,40.68536],[-89.46091,40.68511],[-89.4596,40.68511],[-89.45484,40.68551],[-89.4453,40.68631],[-89.44107,40.68667],[-89.43866,40.68691],[-89.43728,40.68724],[-89.43524,40.68803],[-89.43249,40.68974],[-89.43125,40.68974],[-89.4316,40.69014],[-89.4257,40.69414],[-89.42459,40.69486],[-89.42049,40.69751],[-89.41861,40.69872],[-89.41616,40.7003],[-89.41149,40.70333],[-89.40697,40.70338],[-89.39735,40.70358],[-89.39245,40.70443],[-89.39234,40.70443],[-89.38736,40.70421],[-89.32988,40.7045],[-89.29311,40.70481],[-89.29172,40.70551],[-89.29226,40.70441],[-89.29224,40.70144],[-89.28394,40.70165],[-89.28389,40.69753],[-89.27244,40.69751],[-89.27247,40.69845],[-89.26947,40.6985],[-89.26756,40.69933],[-89.26766,40.70492],[-89.2676,40.70492],[-89.26492,40.70494],[-89.2639,40.70753],[-89.26039,40.70758],[-89.26045,40.7116],[-89.25924,40.71324],[-89.25881,40.71335],[-89.25885,40.71641],[-89.26301,40.71642],[-89.26308,40.72001],[-89.26311,40.72305],[-89.26131,40.72425],[-89.25971,40.72486],[-89.2582,40.72517],[-89.17644,40.73554],[-89.15959,40.73565],[-89.1573,40.73528],[-89.15722,40.73526],[-89.15578,40.73495],[-89.13463,40.73512],[-89.13238,40.73516],[-89.07834,40.736],[-89.06332,40.73623],[-89.06329,40.73623],[-89.04421,40.73664],[-89.04293,40.73669],[-89.04194,40.73668],[-89.03459,40.73686],[-89.03451,40.73313],[-89.0342,40.71731],[-89.03291,40.71383],[-89.03021,40.71043],[-89.02957,40.70805],[-89.02895,40.68197],[-89.02792,40.6787],[-89.02596,40.67659],[-89.02448,40.67565],[-89.01237,40.66999],[-89.00888,40.66773],[-89.00612,40.66452],[-89.00555,40.66336],[-89.00497,40.66137],[-89.00438,40.65031],[-89.00422,40.64346],[-89.00371,40.63568],[-89.00319,40.62036],[-89.00305,40.61923],[-89.00255,40.61763],[-88.99913,40.61008],[-88.99889,40.60642],[-89.00243,40.59455],[-89.00264,40.59224],[-89.00263,40.57634],[-89.00221,40.55464],[-89.0028,40.54659],[-89.00283,40.54491],[-89.0029,40.54004],[-89.00302,40.53922],[-88.9962,40.53915],[-88.9835,40.53874],[-88.98349,40.5385],[-88.98344,40.53729],[-88.9833,40.53304],[-88.98329,40.53278],[-88.98328,40.53273],[-88.98325,40.53167],[-88.98045,40.53174],[-88.97739,40.5318],[-88.97737,40.5318],[-88.96578,40.53196],[-88.9632,40.53199],[-88.96308,40.52683],[-88.96303,40.52507],[-88.95992,40.5251],[-88.95882,40.52531],[-88.95799,40.52568],[-88.9537,40.52846],[-88.95163,40.5298],[-88.95167,40.52946],[-88.95308,40.51518],[-88.9532,40.51044],[-88.9532,40.51034],[-88.95196,40.51038],[-88.94193,40.51039],[-88.92437,40.5104],[-88.92435,40.50986],[-88.91233,40.50995],[-88.9027,40.51004],[-88.9028,40.51732],[-88.90302,40.53182],[-88.90308,40.53907],[-88.90311,40.54642],[-88.88401,40.5462],[-88.88412,40.56077],[-88.86479,40.5605],[-88.86482,40.56947],[-88.86486,40.5755],[-88.85511,40.57533],[-88.85535,40.59304],[-88.85542,40.59315],[-88.80788,40.62619],[-88.80791,40.62706],[-88.80668,40.62702],[-88.80601,40.62698],[-88.79711,40.63321],[-88.78997,40.63931],[-88.78947,40.63975],[-88.78564,40.63975],[-88.78387,40.63972],[-88.77824,40.63976],[-88.77526,40.63974],[-88.77498,40.63974],[-88.77408,40.63973],[-88.77409,40.6451],[-88.77103,40.64511],[-88.77103,40.64689],[-88.77418,40.64689],[-88.77421,40.65842],[-88.77093,40.66375],[-88.76824,40.66812],[-88.76389,40.67517],[-88.76385,40.67524],[-88.75014,40.69747],[-88.69851,40.69802],[-88.67917,40.69817],[-88.67939,40.71273],[-88.58343,40.71415],[-88.58234,40.67073],[-88.57539,40.67074],[-88.46701,40.67237],[-88.45955,40.67246],[-88.45947,40.61735],[-88.45939,40.60289],[-88.45935,40.57357],[-88.45932,40.56589],[-88.45927,40.53694],[-88.45926,40.53004],[-88.45923,40.48624],[-88.45944,40.45347],[-88.45954,40.44272],[-88.40498,40.44234],[-88.37543,40.44226],[-88.34697,40.44225],[-88.34695,40.42788],[-88.25283,40.42847],[-88.23384,40.42864],[-88.22349,40.42877],[-88.11978,40.42967],[-88.11751,40.42989],[-88.11585,40.42954],[-88.1145,40.42927],[-88.10846,40.42972],[-88.07881,40.42967],[-88.07884,40.44433],[-88.07883,40.44946],[-88.07879,40.45681],[-88.07878,40.45902],[-88.07882,40.46147],[-88.07905,40.47371],[-88.07894,40.4881],[-88.04097,40.48832],[-88.00408,40.48867],[-88.00286,40.48865],[-87.99306,40.4856],[-87.97245,40.48566],[-87.94462,40.48587],[-87.94379,40.48588],[-87.93531,40.48592],[-87.89755,40.48624],[-87.87845,40.48642],[-87.87356,40.4865],[-87.85772,40.4868],[-87.84728,40.48695],[-87.76352,40.4882],[-87.68933,40.48796],[-87.65277,40.48821],[-87.63332,40.48863],[-87.52637,40.49124],[-87.52632,40.49399],[-87.52637,40.52025],[-87.52625,40.56422],[-87.52624,40.56727],[-87.52621,40.57824],[-87.5262,40.57866],[-87.52621,40.60791],[-87.52622,40.64978],[-87.52622,40.66051],[-87.52616,40.69008],[-87.52605,40.73628],[-87.52605,40.73689],[-87.52601,40.74974],[-87.52593,40.77766],[-87.52588,40.79292],[-87.52584,40.8069],[-87.52584,40.81725],[-87.52584,40.81731],[-87.52583,40.85179],[-87.52583,40.85361],[-87.526,40.86502],[-87.52644,40.89415],[-87.52597,40.89437],[-87.52605,40.90644],[-87.52608,40.91184],[-87.52608,40.91191],[-87.52606,40.93759],[-87.52605,40.94492],[-87.52628,40.99976],[-87.52629,41.00155],[-87.5263,41.00268],[-87.52634,41.01034],[-87.56579,41.00961],[-87.61655,41.00853],[-87.62594,41.00848],[-87.64122,41.0082],[-87.65086,41.00824],[-87.65546,41.00824],[-87.67477,41.00755],[-87.70328,41.00689],[-87.75147,41.0059],[-87.77144,41.00568],[-87.77143,41.00539],[-87.8123,41.00506],[-87.81317,41.00486],[-87.81404,41.0047],[-87.90366,41.00294],[-87.90509,41.00292],[-87.90814,41.00292],[-87.91096,41.00276],[-87.91098,41.00321],[-87.91258,41.00317],[-87.91268,41.00271],[-87.92083,41.00251],[-87.92192,41.00247],[-87.92476,41.0024],[-88.002,41.00013],[-88.01685,40.99999],[-88.13112,40.99787],[-88.13193,40.99778],[-88.13265,40.99765],[-88.15993,40.99691],[-88.19782,40.99587],[-88.19905,40.99586],[-88.20872,40.9956],[-88.21063,40.99561],[-88.22824,40.99564],[-88.2473,40.99456],[-88.24826,41.02355],[-88.2493,41.05266],[-88.25076,41.09337],[-88.25077,41.09379],[-88.25088,41.09646],[-88.25093,41.09712],[-88.25096,41.09853],[-88.25096,41.09866],[-88.25115,41.10343],[-88.25115,41.10353],[-88.2515,41.11422],[-88.26004,41.11406],[-88.26053,41.12862],[-88.27012,41.12838],[-88.27061,41.14285],[-88.26581,41.14298],[-88.26638,41.15765],[-88.26837,41.1569],[-88.27178,41.1575],[-88.29042,41.15713],[-88.30005,41.15695],[-88.3003,41.16355],[-88.30058,41.17154],[-88.30101,41.18285],[-88.30112,41.18613],[-88.3014,41.19337],[-88.3015,41.19634],[-88.3016,41.19958],[-88.30176,41.20037],[-88.30243,41.21451],[-88.30252,41.2166],[-88.30207,41.21846],[-88.29794,41.21858],[-88.29779,41.21847],[-88.29785,41.21525],[-88.29291,41.21453],[-88.291,41.21548],[-88.28146,41.22261],[-88.27998,41.22378],[-88.2801,41.22989],[-88.25823,41.23038],[-88.25508,41.23035],[-88.25463,41.23071],[-88.25412,41.23043],[-88.24508,41.23063],[-88.2354,41.2308],[-88.23573,41.245],[-88.24049,41.24528],[-88.24056,41.24893],[-88.24566,41.24883],[-88.24588,41.25591],[-88.24523,41.25726],[-88.24427,41.25808],[-88.24359,41.25956],[-88.24282,41.2596],[-88.2399,41.25983],[-88.23887,41.25986],[-88.23869,41.25986],[-88.23877,41.2641],[-88.2364,41.26414],[-88.23657,41.26715],[-88.23684,41.27444],[-88.24121,41.27425],[-88.24392,41.26697],[-88.24631,41.26752],[-88.24649,41.27259],[-88.24652,41.27412],[-88.24653,41.27424],[-88.24662,41.27686],[-88.24664,41.27779],[-88.24676,41.28083],[-88.24699,41.28858],[-88.24709,41.29144],[-88.2471,41.29196],[-88.24711,41.29234],[-88.24721,41.29584],[-88.24722,41.29652],[-88.24738,41.30318],[-88.24802,41.3322],[-88.24846,41.34674],[-88.24919,41.37569],[-88.24923,41.37674],[-88.24951,41.38535],[-88.24958,41.38757],[-88.24961,41.3885],[-88.24966,41.39045],[-88.2501,41.40455],[-88.2501,41.40468],[-88.25014,41.40558],[-88.25044,41.41345],[-88.25071,41.4191],[-88.25075,41.42088],[-88.2509,41.4246],[-88.25092,41.42551],[-88.25536,41.42562],[-88.26007,41.42577],[-88.26009,41.42621],[-88.2703,41.42588],[-88.27052,41.43127],[-88.28058,41.43053],[-88.28994,41.43083],[-88.29015,41.43303],[-88.29816,41.43294],[-88.29782,41.41796],[-88.29804,41.41795],[-88.30092,41.41787],[-88.30416,41.4178],[-88.30759,41.41771],[-88.30905,41.41766],[-88.31167,41.41762],[-88.31792,41.41753],[-88.32678,41.4174],[-88.34689,41.41705],[-88.36303,41.41683],[-88.36486,41.41659],[-88.36669,41.41624],[-88.37303,41.4139],[-88.37458,41.41326],[-88.37627,41.41201],[-88.381,41.4081],[-88.38406,41.40624],[-88.38845,41.40382],[-88.39643,41.40124],[-88.39982,41.39915],[-88.40152,41.39756],[-88.40245,41.39676],[-88.40275,41.39653],[-88.40295,41.3964],[-88.40309,41.39631],[-88.40309,41.39591],[-88.40305,41.39431],[-88.40294,41.38951],[-88.4029,41.38703],[-88.40274,41.37857],[-88.4027,41.37599],[-88.40835,41.37237],[-88.41869,41.36598],[-88.42041,41.36519],[-88.42175,41.36471],[-88.42156,41.35833],[-88.42152,41.3574],[-88.42158,41.35371],[-88.42825,41.35349],[-88.43296,41.35225],[-88.43889,41.34952],[-88.44061,41.34925],[-88.44472,41.34907],[-88.45232,41.34839],[-88.45647,41.34751],[-88.46336,41.34574],[-88.46707,41.34409],[-88.46965,41.34334],[-88.47865,41.34253],[-88.47859,41.34183],[-88.48489,41.34004],[-88.48767,41.33887],[-88.49388,41.33709],[-88.49586,41.33575],[-88.49792,41.33312],[-88.49934,41.33212],[-88.50302,41.3308],[-88.50443,41.33061],[-88.50591,41.33163],[-88.50931,41.33089],[-88.51473,41.33044],[-88.51697,41.32983],[-88.52006,41.32909],[-88.52831,41.32782],[-88.5344,41.32634],[-88.54465,41.32478],[-88.55192,41.32304],[-88.55462,41.32202],[-88.55768,41.32128],[-88.5601,41.32002],[-88.56521,41.31655],[-88.57549,41.31173],[-88.58154,41.30773],[-88.58638,41.30387],[-88.58998,41.30226],[-88.59004,41.30346],[-88.59029,41.30916],[-88.59448,41.3114],[-88.60974,41.31115],[-88.61469,41.3111],[-88.61866,41.31078],[-88.61957,41.31219],[-88.62608,41.31014],[-88.62675,41.31013],[-88.62842,41.31029],[-88.63338,41.31082],[-88.63337,41.31091],[-88.63599,41.31137],[-88.64049,41.31329],[-88.63922,41.31367],[-88.64382,41.31549],[-88.6495,41.31765],[-88.65117,41.31829],[-88.65297,41.31902],[-88.6535,41.31922],[-88.65766,41.32028],[-88.65976,41.32063],[-88.66386,41.32107],[-88.6653,41.32121],[-88.66703,41.3214],[-88.66878,41.32187],[-88.67243,41.32292],[-88.67379,41.32347],[-88.68012,41.32574],[-88.68558,41.32711],[-88.68595,41.32711],[-88.6872,41.32667],[-88.69325,41.32775],[-88.69651,41.32834],[-88.70541,41.32986],[-88.70516,41.32392],[-88.70516,41.32211],[-88.70513,41.3209],[-88.70505,41.31608],[-88.70477,41.29962],[-88.70459,41.28865],[-88.70455,41.28647],[-88.70445,41.28151],[-88.7428,41.28145],[-88.74284,41.28145],[-88.81701,41.28117],[-88.81687,41.25196],[-88.81688,41.23733],[-88.81675,41.20831],[-88.8166,41.19374],[-88.82758,41.19366],[-88.83615,41.19357],[-88.85509,41.19344],[-88.86471,41.19335],[-88.86944,41.19331],[-88.89638,41.19302],[-88.90342,41.19295],[-88.90589,41.19293],[-88.92566,41.19274],[-88.9322,41.19268],[-88.94216,41.19265],[-88.96109,41.19266],[-88.96138,41.19266],[-88.97109,41.19267],[-88.99811,41.19259],[-89.02817,41.19235],[-89.02904,41.19248],[-89.04826,41.19238],[-89.04852,41.21431],[-89.04874,41.22666],[-89.04887,41.23635],[-89.04934,41.23636],[-89.05582,41.23616],[-89.15303,41.23594],[-89.16286,41.23594],[-89.16302,41.25761],[-89.16302,41.25858],[-89.16322,41.28005],[-89.1637,41.31019],[-89.1664,41.30912],[-89.18071,41.30917],[-89.18542,41.31016],[-89.1933,41.3106],[-89.19958,41.31192],[-89.20314,41.31226],[-89.21396,41.31222],[-89.22485,41.3131],[-89.228,41.31383],[-89.22866,41.31412],[-89.23357,41.31609],[-89.23983,41.31772],[-89.24943,41.31931],[-89.25537,41.32192],[-89.25912,41.32253],[-89.26354,41.32246],[-89.26885,41.32182],[-89.27119,41.32082],[-89.27172,41.32059],[-89.2774,41.31671],[-89.27733,41.32083],[-89.27742,41.32552],[-89.27742,41.32567],[-89.29225,41.32596],[-89.29653,41.32569],[-89.29654,41.32603],[-89.3112,41.32455],[-89.31119,41.32438],[-89.31592,41.32396],[-89.32068,41.32309],[-89.32839,41.3205],[-89.33514,41.32049],[-89.34902,41.32047],[-89.35425,41.32047],[-89.37352,41.32043],[-89.37479,41.32043],[-89.3927,41.32043],[-89.39272,41.31728],[-89.3934,41.31605],[-89.39344,41.31598],[-89.39276,41.31573],[-89.39317,41.28483],[-89.39329,41.27681],[-89.39475,41.27674],[-89.40031,41.27678],[-89.45574,41.27718],[-89.49435,41.27753],[-89.49614,41.27754],[-89.5013,41.27756],[-89.50509,41.27697],[-89.50536,41.27028],[-89.51002,41.27035],[-89.50972,41.23386],[-89.52455,41.23395],[-89.52453,41.20711],[-89.52451,41.18544],[-89.5246,41.14866],[-89.52474,41.08252],[-89.52471,41.07513],[-89.52467,41.06047],[-89.52439,40.97312],[-89.52452,40.93244],[-89.52452,40.93228],[-89.52453,40.92641],[-89.52453,40.92231],[-89.52345,40.92221],[-89.50541,40.92215],[-89.50468,40.92216],[-89.50371,40.92217],[-89.49826,40.92225],[-89.49694,40.92226],[-89.49734,40.92417],[-89.49334,40.92464],[-89.48937,40.92514],[-89.48771,40.92531],[-89.48772,40.92237],[-89.48618,40.92233],[-89.48615,40.92663],[-89.48242,40.92663],[-89.48008,40.92679],[-89.47853,40.92742],[-89.4779,40.9273],[-89.47784,40.92723],[-89.4787,40.92679],[-89.47652,40.92683],[-89.4712,40.92695],[-89.46401,40.92661],[-89.46505,40.92553],[-89.47252,40.92121],[-89.47362,40.91961],[-89.47395,40.91565],[-89.47559,40.91206],[-89.47908,40.90931],[-89.48052,40.90773],[-89.48396,40.90219],[-89.48633,40.89943],[-89.48864,40.89878],[-89.49114,40.89433],[-89.49175,40.88975],[-89.49235,40.88636],[-89.49567,40.87873],[-89.49604,40.87805],[-89.49692,40.87671],[-89.49811,40.87493],[-89.49876,40.87406],[-89.50285,40.86999],[-89.50329,40.86941],[-89.50608,40.86734],[-89.51045,40.86525],[-89.51483,40.86202],[-89.52398,40.85672],[-89.52483,40.85406],[-89.52659,40.85319],[-89.52768,40.8492],[-89.52811,40.84762],[-89.52241,40.8491],[-89.50351,40.8492],[-89.50326,40.83485],[-89.48382,40.83488],[-89.46671,40.83493],[-89.46652,40.82994],[-89.46677,40.82036],[-89.46681,40.81442],[-89.4665,40.81368],[-89.46492,40.81298],[-89.46165,40.81277],[-89.45639,40.81114],[-89.45437,40.80815],[-89.45243,40.80613],[-89.45167,40.80203],[-89.4494,40.79884],[-89.44714,40.79676],[-89.4469,40.79126],[-89.44724,40.79126],[-89.44647,40.79114],[-89.44708,40.775],[-89.44712,40.77501],[-89.44716,40.77303],[-89.44685,40.77094],[-89.44412,40.77155],[-89.44223,40.77198],[-89.44221,40.77171],[-89.44241,40.76695],[-89.44711,40.76691],[-89.4471,40.76597],[-89.44709,40.76568],[-89.44684,40.7573],[-89.45317,40.7571],[-89.45308,40.75295],[-89.46219,40.75312],[-89.4621,40.75076],[-89.46703,40.75055],[-89.46708,40.74759],[-89.4693,40.74762],[-89.50312,40.74762],[-89.50915,40.74759],[-89.51266,40.74758],[-89.51739,40.74759],[-89.54103,40.74763],[-89.55343,40.74764]]]},"properties":{"district":53}},{"type":"Feature","geometry":{"type":"Polygon","coordinates":[[[-87.67225,41.80853],[-87.67347,41.80852],[-87.67338,41.80488],[-87.67334,41.80306],[-87.67329,41.80125],[-87.67451,41.80123],[-87.67964,41.80117],[-87.6796,41.79886],[-87.6836,41.79883],[-87.68348,41.79385],[-87.68404,41.79388],[-87.68399,41.79204],[-87.68394,41.79021],[-87.68517,41.79019],[-87.68638,41.79018],[-87.6876,41.79016],[-87.68755,41.78833],[-87.6875,41.7865],[-87.68745,41.78468],[-87.69111,41.78462],[-87.69106,41.7828],[-87.6935,41.78276],[-87.69344,41.78094],[-87.69339,41.77912],[-87.6933,41.77547],[-87.6933,41.77543],[-87.69321,41.77182],[-87.69077,41.77186],[-87.68833,41.7719],[-87.68824,41.76826],[-87.68334,41.76833],[-87.67862,41.76839],[-87.67871,41.77202],[-87.67615,41.77205],[-87.67371,41.77208],[-87.6713,41.77211],[-87.66889,41.77213],[-87.66402,41.77219],[-87.66159,41.77223],[-87.65917,41.77226],[-87.65431,41.77233],[-87.6544,41.77597],[-87.65198,41.77601],[-87.64834,41.77606],[-87.64712,41.77608],[-87.64702,41.77244],[-87.64581,41.77246],[-87.6446,41.77247],[-87.6403,41.77255],[-87.6395,41.77256],[-87.63104,41.77269],[-87.62998,41.77271],[-87.62986,41.76908],[-87.62511,41.76915],[-87.62494,41.76916],[-87.62021,41.76925],[-87.61535,41.76934],[-87.61347,41.76958],[-87.61218,41.77058],[-87.61052,41.76941],[-87.60769,41.76947],[-87.60566,41.7685],[-87.60559,41.76588],[-87.60553,41.76398],[-87.60313,41.76226],[-87.59822,41.75865],[-87.59571,41.75686],[-87.5912,41.7537],[-87.59001,41.75469],[-87.59121,41.75555],[-87.59075,41.7569],[-87.58832,41.75693],[-87.58837,41.75874],[-87.5908,41.75872],[-87.59085,41.76055],[-87.5909,41.76237],[-87.59094,41.7642],[-87.59099,41.76602],[-87.59108,41.76964],[-87.59117,41.77329],[-87.59222,41.77328],[-87.59291,41.77327],[-87.59295,41.77508],[-87.59608,41.77506],[-87.59612,41.77688],[-87.5962,41.78052],[-87.59782,41.7805],[-87.59787,41.78232],[-87.59948,41.78231],[-87.59953,41.78413],[-87.60115,41.78411],[-87.60119,41.78593],[-87.60122,41.78718],[-87.60606,41.78713],[-87.60604,41.78587],[-87.61092,41.78579],[-87.61576,41.7857],[-87.6158,41.78752],[-87.61589,41.79117],[-87.61598,41.7948],[-87.61607,41.79847],[-87.61611,41.8021],[-87.61653,41.8021],[-87.61645,41.80392],[-87.61671,41.80392],[-87.61676,41.80574],[-87.6168,41.80756],[-87.61685,41.80938],[-87.61815,41.80936],[-87.61959,41.80934],[-87.61964,41.81115],[-87.61969,41.81297],[-87.61669,41.81301],[-87.61648,41.81483],[-87.61653,41.81664],[-87.61656,41.81754],[-87.61394,41.81758],[-87.61376,41.81848],[-87.6129,41.82268],[-87.6167,41.82265],[-87.61726,41.82383],[-87.61739,41.8304],[-87.61731,41.83113],[-87.61747,41.83842],[-87.61767,41.84572],[-87.61886,41.84571],[-87.61804,41.84788],[-87.61774,41.84818],[-87.61901,41.85021],[-87.61894,41.85086],[-87.61904,41.853],[-87.6191,41.85556],[-87.61916,41.85691],[-87.61968,41.85789],[-87.61888,41.85792],[-87.61792,41.85796],[-87.61967,41.86459],[-87.62097,41.86759],[-87.62117,41.86758],[-87.62256,41.87103],[-87.62273,41.87318],[-87.62327,41.87559],[-87.62301,41.88084],[-87.6229,41.88085],[-87.62285,41.88428],[-87.62445,41.88447],[-87.62451,41.88575],[-87.62794,41.88575],[-87.628,41.88751],[-87.62807,41.89167],[-87.62809,41.89247],[-87.62813,41.89407],[-87.62815,41.89488],[-87.62972,41.89485],[-87.63415,41.89479],[-87.63713,41.89475],[-87.6371,41.89395],[-87.63709,41.89356],[-87.64144,41.89346],[-87.64074,41.89258],[-87.6381,41.88912],[-87.63936,41.88908],[-87.63997,41.88905],[-87.63985,41.88572],[-87.63974,41.88318],[-87.63816,41.88319],[-87.63702,41.88191],[-87.63531,41.88193],[-87.63528,41.88064],[-87.63508,41.87446],[-87.63603,41.87445],[-87.63549,41.87202],[-87.63479,41.86736],[-87.6345,41.85993],[-87.63026,41.86012],[-87.63023,41.85778],[-87.63016,41.85512],[-87.6306,41.85406],[-87.63027,41.85294],[-87.63004,41.84718],[-87.62995,41.84554],[-87.62978,41.83828],[-87.6341,41.83821],[-87.63614,41.83818],[-87.63589,41.83454],[-87.63614,41.83453],[-87.63613,41.83088],[-87.63625,41.83088],[-87.63635,41.82358],[-87.63615,41.82183],[-87.64098,41.82035],[-87.64584,41.82029],[-87.64573,41.81618],[-87.64554,41.80886],[-87.6504,41.8088],[-87.65524,41.80873],[-87.65767,41.8087],[-87.66011,41.80867],[-87.66253,41.80864],[-87.66497,41.8086],[-87.66739,41.80858],[-87.66983,41.80856],[-87.67225,41.80853]]]},"properties":{"district":3}},{"type":"Feature","geometry":{"type":"Polygon","coordinates":[[[-87.83608,41.13325],[-87.83631,41.13326],[-87.83629,41.13203],[-87.83545,41.11241],[-87.83599,41.11275],[-87.83544,41.11218],[-87.83533,41.10969],[-87.83526,41.10817],[-87.835,41.10603],[-87.83475,41.09982],[-87.83447,41.0923],[-87.83453,41.09156],[-87.83475,41.09155],[-87.83532,41.08889],[-87.83711,41.08545],[-87.84046,41.08191],[-87.84362,41.07985],[-87.84319,41.0799],[-87.84619,41.07851],[-87.84934,41.07761],[-87.84797,41.07709],[-87.83983,41.07709],[-87.83938,41.0771],[-87.83013,41.07726],[-87.83001,41.06808],[-87.82997,41.06537],[-87.82996,41.06434],[-87.8299,41.06281],[-87.83024,41.06263],[-87.83074,41.06186],[-87.83165,41.05985],[-87.83222,41.05946],[-87.83582,41.05799],[-87.83643,41.05769],[-87.83912,41.0552],[-87.84109,41.05292],[-87.8422,41.04968],[-87.84348,41.04869],[-87.84934,41.04803],[-87.84964,41.04793],[-87.84914,41.04773],[-87.85002,41.04607],[-87.84958,41.04374],[-87.84796,41.04067],[-87.84457,41.03574],[-87.84428,41.03372],[-87.84491,41.0303],[-87.84458,41.02809],[-87.84352,41.02618],[-87.84046,41.02335],[-87.83375,41.01614],[-87.83007,41.01388],[-87.82775,41.01087],[-87.82674,41.01015],[-87.82147,41.00743],[-87.81466,41.00549],[-87.81317,41.00486],[-87.8123,41.00506],[-87.77143,41.00539],[-87.77144,41.00568],[-87.75147,41.0059],[-87.70328,41.00689],[-87.67477,41.00755],[-87.65546,41.00824],[-87.65086,41.00824],[-87.64122,41.0082],[-87.62594,41.00848],[-87.61655,41.00853],[-87.56579,41.00961],[-87.52634,41.01034],[-87.52643,41.02437],[-87.52643,41.05515],[-87.52651,41.06679],[-87.52656,41.08717],[-87.52657,41.09446],[-87.52663,41.12145],[-87.5267,41.14922],[-87.52659,41.16609],[-87.52659,41.16621],[-87.52662,41.19448],[-87.52663,41.20914],[-87.52671,41.28297],[-87.52673,41.29805],[-87.52673,41.29818],[-87.52652,41.34159],[-87.52649,41.34837],[-87.52648,41.35089],[-87.52623,41.38529],[-87.52613,41.39933],[-87.52608,41.40552],[-87.52593,41.42618],[-87.52592,41.427],[-87.52586,41.43559],[-87.52578,41.44577],[-87.52576,41.4537],[-87.52573,41.46227],[-87.52572,41.4646],[-87.5257,41.47028],[-87.52568,41.47182],[-87.52564,41.47549],[-87.52558,41.47935],[-87.52554,41.48281],[-87.52556,41.49104],[-87.52556,41.49463],[-87.52557,41.49888],[-87.52559,41.50854],[-87.52561,41.51744],[-87.52558,41.52265],[-87.52556,41.52474],[-87.52554,41.52834],[-87.52541,41.54748],[-87.52541,41.54782],[-87.5254,41.54867],[-87.5254,41.549],[-87.52539,41.55029],[-87.52535,41.55678],[-87.52534,41.55754],[-87.52533,41.55885],[-87.52534,41.56347],[-87.52535,41.57009],[-87.52535,41.57028],[-87.52537,41.57711],[-87.52537,41.57713],[-87.52537,41.57816],[-87.52538,41.58136],[-87.52538,41.58138],[-87.52539,41.58564],[-87.52537,41.58744],[-87.52533,41.59198],[-87.52531,41.59435],[-87.52526,41.60075],[-87.52526,41.60106],[-87.5252,41.6077],[-87.52518,41.60946],[-87.52517,41.6112],[-87.52516,41.61383],[-87.52515,41.61552],[-87.52514,41.61916],[-87.52512,41.62261],[-87.52512,41.62305],[-87.52511,41.62594],[-87.52509,41.63021],[-87.52508,41.63299],[-87.52507,41.63547],[-87.52505,41.63928],[-87.52501,41.64464],[-87.52498,41.65012],[-87.52498,41.65023],[-87.52485,41.66988],[-87.52463,41.6918],[-87.53035,41.69183],[-87.53041,41.68465],[-87.53062,41.68326],[-87.53188,41.68093],[-87.53765,41.68095],[-87.53766,41.68277],[-87.54012,41.6828],[-87.54129,41.6828],[-87.54132,41.69186],[-87.54011,41.69186],[-87.5401,41.69549],[-87.54008,41.69731],[-87.54009,41.70095],[-87.54011,41.70458],[-87.53952,41.70458],[-87.53954,41.7064],[-87.53529,41.70639],[-87.53529,41.70822],[-87.53528,41.71197],[-87.53529,41.71955],[-87.53529,41.7214],[-87.53654,41.72294],[-87.53892,41.72291],[-87.54292,41.72286],[-87.54568,41.72282],[-87.5566,41.7227],[-87.56472,41.7226],[-87.56536,41.72259],[-87.56995,41.72254],[-87.57047,41.72253],[-87.57535,41.72247],[-87.57538,41.72347],[-87.57545,41.72612],[-87.57549,41.72794],[-87.57553,41.72976],[-87.5725,41.7298],[-87.57254,41.73163],[-87.57259,41.73345],[-87.57199,41.73346],[-87.56591,41.73354],[-87.566,41.73719],[-87.5657,41.7372],[-87.56603,41.73743],[-87.56605,41.73901],[-87.56118,41.73908],[-87.55753,41.73912],[-87.55756,41.74094],[-87.55635,41.74096],[-87.55638,41.74277],[-87.55641,41.74459],[-87.56126,41.74453],[-87.56612,41.74446],[-87.56734,41.74445],[-87.56739,41.74808],[-87.56742,41.7499],[-87.57108,41.74985],[-87.57111,41.75167],[-87.57118,41.7553],[-87.57125,41.75893],[-87.57614,41.75888],[-87.58104,41.75882],[-87.58103,41.75836],[-87.58358,41.7584],[-87.58573,41.75838],[-87.58574,41.75877],[-87.58614,41.75876],[-87.58837,41.75874],[-87.58832,41.75693],[-87.59075,41.7569],[-87.59121,41.75555],[-87.59001,41.75469],[-87.5912,41.7537],[-87.58813,41.75147],[-87.59062,41.75144],[-87.59549,41.75139],[-87.59723,41.75137],[-87.59791,41.75136],[-87.59792,41.74954],[-87.6015,41.7495],[-87.60519,41.74946],[-87.60521,41.75129],[-87.60887,41.75122],[-87.61008,41.7512],[-87.61017,41.75485],[-87.61026,41.75849],[-87.61267,41.75845],[-87.61512,41.75841],[-87.6167,41.75838],[-87.61679,41.76203],[-87.61683,41.76385],[-87.62004,41.76379],[-87.62,41.76197],[-87.61993,41.75832],[-87.62476,41.75824],[-87.62464,41.75459],[-87.62455,41.75096],[-87.62539,41.75094],[-87.62529,41.74722],[-87.62572,41.74728],[-87.63421,41.74714],[-87.63416,41.74553],[-87.63411,41.7435],[-87.63376,41.73741],[-87.63405,41.73594],[-87.63272,41.73597],[-87.62858,41.73623],[-87.62416,41.7363],[-87.62394,41.72904],[-87.62373,41.7217],[-87.62356,41.71915],[-87.62276,41.71692],[-87.62288,41.71574],[-87.62355,41.71433],[-87.62365,41.71354],[-87.62359,41.71081],[-87.62352,41.70717],[-87.61864,41.70724],[-87.61859,41.70542],[-87.61854,41.70356],[-87.62327,41.70348],[-87.62342,41.70352],[-87.62331,41.69987],[-87.62323,41.69714],[-87.62321,41.69623],[-87.61834,41.69629],[-87.61347,41.69638],[-87.61338,41.69274],[-87.61327,41.6891],[-87.61692,41.68904],[-87.6168,41.68538],[-87.61805,41.68538],[-87.62289,41.68532],[-87.62285,41.68417],[-87.62067,41.68304],[-87.62066,41.68256],[-87.61897,41.68257],[-87.61894,41.6824],[-87.61794,41.68191],[-87.61794,41.68212],[-87.6173,41.68213],[-87.61729,41.68164],[-87.61724,41.68154],[-87.61668,41.68138],[-87.61666,41.68096],[-87.61553,41.68042],[-87.61378,41.67893],[-87.61257,41.67862],[-87.61241,41.67495],[-87.61149,41.67368],[-87.60916,41.67246],[-87.60642,41.67171],[-87.60375,41.6701],[-87.60071,41.66689],[-87.59537,41.6607],[-87.5977,41.65945],[-87.5946,41.65992],[-87.59084,41.65559],[-87.58352,41.64731],[-87.57995,41.64473],[-87.57859,41.64473],[-87.57848,41.64473],[-87.56407,41.64464],[-87.56052,41.64472],[-87.55932,41.64455],[-87.5593,41.6427],[-87.55926,41.63732],[-87.55921,41.63],[-87.55417,41.62996],[-87.55412,41.62269],[-87.55411,41.62088],[-87.55536,41.62088],[-87.55914,41.62087],[-87.55912,41.61916],[-87.5591,41.61542],[-87.55907,41.61196],[-87.55905,41.60813],[-87.55902,41.60321],[-87.55901,41.60101],[-87.56222,41.60101],[-87.56868,41.60099],[-87.56863,41.59663],[-87.56868,41.59663],[-87.56858,41.58652],[-87.56855,41.57925],[-87.57199,41.57925],[-87.57344,41.57926],[-87.57343,41.5782],[-87.57343,41.57787],[-87.57825,41.57778],[-87.58195,41.57782],[-87.58368,41.5722],[-87.5837,41.56473],[-87.58369,41.55747],[-87.58356,41.55181],[-87.58266,41.54643],[-87.58259,41.53886],[-87.58251,41.53331],[-87.58248,41.53099],[-87.58245,41.52852],[-87.58218,41.52564],[-87.58132,41.52302],[-87.58011,41.52081],[-87.57903,41.51887],[-87.57839,41.51722],[-87.57793,41.51516],[-87.57783,41.51354],[-87.57778,41.50625],[-87.57776,41.5027],[-87.57771,41.49864],[-87.57756,41.48709],[-87.57734,41.46999],[-87.5771,41.46999],[-87.5769,41.45751],[-87.5768,41.45024],[-87.57661,41.43567],[-87.57446,41.4357],[-87.57409,41.40667],[-87.57378,41.38484],[-87.57368,41.38423],[-87.57324,41.34117],[-87.57294,41.2976],[-87.6238,41.29716],[-87.66481,41.29682],[-87.66404,41.25176],[-87.66369,41.22257],[-87.66353,41.20798],[-87.66339,41.2007],[-87.66304,41.17886],[-87.66298,41.17577],[-87.66293,41.17286],[-87.66292,41.17266],[-87.6629,41.17158],[-87.6644,41.17157],[-87.66432,41.16995],[-87.67251,41.168],[-87.68201,41.16538],[-87.68644,41.16409],[-87.68887,41.16357],[-87.69899,41.16234],[-87.69811,41.16101],[-87.69602,41.1602],[-87.69464,41.15908],[-87.69376,41.15686],[-87.69747,41.15654],[-87.69709,41.15561],[-87.6993,41.15503],[-87.70103,41.15376],[-87.70489,41.15257],[-87.70725,41.15025],[-87.70986,41.14861],[-87.71355,41.14775],[-87.71789,41.14831],[-87.7226,41.14651],[-87.72392,41.14545],[-87.72362,41.14299],[-87.72414,41.14046],[-87.72683,41.13756],[-87.7302,41.13507],[-87.73285,41.13336],[-87.73928,41.1311],[-87.74416,41.12647],[-87.75006,41.12287],[-87.75205,41.12065],[-87.75614,41.12021],[-87.76187,41.11968],[-87.76845,41.11954],[-87.77824,41.11946],[-87.7783,41.13065],[-87.77834,41.13413],[-87.77933,41.13413],[-87.78316,41.13408],[-87.8267,41.13362],[-87.82965,41.1336],[-87.83337,41.13325],[-87.8356,41.13323],[-87.83576,41.13323],[-87.83608,41.13325]]]},"properties":{"district":17}},{"type":"Feature","geometry":{"type":"Polygon","coordinates":[[[-87.74589,41.89869],[-87.74581,41.895],[-87.74555,41.88778],[-87.74528,41.8805],[-87.74521,41.8786],[-87.74515,41.87681],[-87.74026,41.87691],[-87.74012,41.87325],[-87.74008,41.8719],[-87.73998,41.86894],[-87.73996,41.86833],[-87.73993,41.86596],[-87.73984,41.86207],[-87.73977,41.85865],[-87.73942,41.85135],[-87.73922,41.84598],[-87.73439,41.8477],[-87.73436,41.84657],[-87.73111,41.84731],[-87.72468,41.84877],[-87.72226,41.84931],[-87.72228,41.85155],[-87.71987,41.85161],[-87.715,41.85166],[-87.71378,41.85168],[-87.71363,41.85168],[-87.71242,41.85171],[-87.71114,41.85199],[-87.7111,41.85354],[-87.71018,41.85355],[-87.70531,41.85359],[-87.70422,41.8536],[-87.70289,41.85418],[-87.70006,41.85427],[-87.69918,41.85446],[-87.69921,41.85551],[-87.69557,41.85555],[-87.69491,41.85558],[-87.69313,41.85578],[-87.68817,41.85692],[-87.68585,41.85771],[-87.68583,41.85937],[-87.67605,41.85959],[-87.67116,41.85989],[-87.67114,41.85954],[-87.6662,41.85961],[-87.66381,41.85965],[-87.65648,41.85977],[-87.65343,41.85981],[-87.65094,41.85985],[-87.65082,41.85985],[-87.64671,41.85991],[-87.64447,41.85995],[-87.64422,41.85996],[-87.64194,41.85998],[-87.63901,41.86002],[-87.63565,41.86003],[-87.6345,41.85993],[-87.63479,41.86736],[-87.63549,41.87202],[-87.63603,41.87445],[-87.63508,41.87446],[-87.63528,41.88064],[-87.63531,41.88193],[-87.63702,41.88191],[-87.63816,41.88319],[-87.63974,41.88318],[-87.63985,41.88572],[-87.63997,41.88905],[-87.63936,41.88908],[-87.6381,41.88912],[-87.64074,41.89258],[-87.64144,41.89346],[-87.63709,41.89356],[-87.6371,41.89395],[-87.63713,41.89475],[-87.63715,41.89555],[-87.63726,41.89894],[-87.63744,41.9038],[-87.63702,41.90381],[-87.63712,41.90569],[-87.63715,41.90666],[-87.63718,41.90762],[-87.63752,41.90762],[-87.6376,41.91034],[-87.63859,41.91104],[-87.64101,41.91101],[-87.64306,41.91104],[-87.64343,41.91102],[-87.64349,41.91281],[-87.64352,41.9139],[-87.64716,41.91385],[-87.64836,41.91383],[-87.64958,41.91381],[-87.64906,41.91601],[-87.64913,41.91817],[-87.64972,41.91816],[-87.64979,41.91998],[-87.651,41.91996],[-87.65112,41.9236],[-87.65118,41.92542],[-87.65286,41.92539],[-87.65361,41.92538],[-87.65845,41.92529],[-87.66333,41.92522],[-87.66577,41.92518],[-87.66815,41.92515],[-87.67167,41.92511],[-87.67039,41.92231],[-87.66796,41.91793],[-87.6702,41.91789],[-87.66872,41.9161],[-87.67271,41.91603],[-87.67758,41.91594],[-87.67759,41.91624],[-87.68005,41.91619],[-87.68472,41.91609],[-87.68491,41.91622],[-87.68683,41.91745],[-87.68692,41.91757],[-87.68741,41.91757],[-87.68736,41.9157],[-87.68468,41.91404],[-87.68239,41.91265],[-87.68235,41.91039],[-87.67991,41.91044],[-87.67746,41.91047],[-87.67744,41.90976],[-87.67407,41.90762],[-87.67368,41.90796],[-87.67136,41.90648],[-87.66751,41.90402],[-87.66749,41.90335],[-87.66744,41.90152],[-87.66739,41.89971],[-87.66737,41.8988],[-87.66729,41.89607],[-87.66973,41.89603],[-87.66964,41.8933],[-87.66955,41.88985],[-87.67199,41.88981],[-87.67201,41.89053],[-87.67443,41.88977],[-87.67687,41.88973],[-87.68177,41.88964],[-87.6818,41.89074],[-87.68669,41.89065],[-87.68739,41.89063],[-87.69167,41.89233],[-87.69667,41.89433],[-87.69991,41.89563],[-87.7022,41.8956],[-87.70656,41.89555],[-87.71144,41.89551],[-87.71265,41.89549],[-87.71272,41.89732],[-87.71339,41.89913],[-87.714,41.89913],[-87.71643,41.89911],[-87.71826,41.89909],[-87.71816,41.89592],[-87.71875,41.89544],[-87.7187,41.8936],[-87.72236,41.89357],[-87.72241,41.8954],[-87.72253,41.89905],[-87.72376,41.89904],[-87.72497,41.89904],[-87.72614,41.8972],[-87.72608,41.89537],[-87.72978,41.8953],[-87.73348,41.89523],[-87.73841,41.89514],[-87.73851,41.89882],[-87.74148,41.89877],[-87.74589,41.89869]]]},"properties":{"district":5}},{"type":"Feature","geometry":{"type":"Polygon","coordinates":[[[-88.25779,42.13958],[-88.2671,42.13953],[-88.26757,42.13953],[-88.26841,42.13937],[-88.26905,42.13884],[-88.26968,42.13867],[-88.27329,42.13871],[-88.27477,42.13932],[-88.27442,42.13822],[-88.27621,42.13762],[-88.27563,42.13563],[-88.27571,42.13384],[-88.27569,42.13331],[-88.27606,42.13131],[-88.27613,42.12958],[-88.27654,42.12796],[-88.27592,42.12727],[-88.27269,42.12832],[-88.2735,42.12719],[-88.27299,42.12344],[-88.26847,42.12286],[-88.26761,42.12276],[-88.26756,42.12201],[-88.2676,42.12129],[-88.26759,42.11683],[-88.26744,42.11392],[-88.26053,42.11382],[-88.25797,42.11395],[-88.25793,42.10849],[-88.25793,42.108],[-88.25792,42.10458],[-88.25792,42.10448],[-88.25786,42.09353],[-88.25785,42.0887],[-88.25784,42.08813],[-88.25785,42.08695],[-88.25874,42.07895],[-88.25986,42.07845],[-88.25886,42.07834],[-88.26025,42.07151],[-88.26129,42.06932],[-88.26165,42.06861],[-88.26306,42.06688],[-88.26364,42.06687],[-88.26939,42.06682],[-88.27061,42.06681],[-88.27074,42.06681],[-88.27114,42.06611],[-88.27204,42.06615],[-88.27836,42.06548],[-88.28098,42.06461],[-88.28308,42.06166],[-88.28292,42.05854],[-88.283,42.05852],[-88.28661,42.0583],[-88.29437,42.05838],[-88.30229,42.05869],[-88.30408,42.05862],[-88.30454,42.0567],[-88.3041,42.0546],[-88.30554,42.05247],[-88.30778,42.0515],[-88.31164,42.05103],[-88.31191,42.04915],[-88.3119,42.04389],[-88.31428,42.04385],[-88.31564,42.0438],[-88.31675,42.04377],[-88.31696,42.04326],[-88.31687,42.04116],[-88.31683,42.04045],[-88.31188,42.03976],[-88.31188,42.03808],[-88.3145,42.03816],[-88.32289,42.03731],[-88.32041,42.03498],[-88.32029,42.0322],[-88.3203,42.02911],[-88.32251,42.02907],[-88.32239,42.02678],[-88.32523,42.02776],[-88.33201,42.03007],[-88.33609,42.0314],[-88.33619,42.03187],[-88.33813,42.0322],[-88.33805,42.03083],[-88.33806,42.03023],[-88.339,42.02516],[-88.33937,42.02314],[-88.33929,42.02186],[-88.33658,42.01749],[-88.33633,42.01638],[-88.33628,42.01483],[-88.33628,42.01436],[-88.33619,42.00703],[-88.33254,42.00709],[-88.3263,42.00718],[-88.32216,42.00678],[-88.32059,42.00677],[-88.31747,42.00685],[-88.31511,42.00694],[-88.31496,42.00948],[-88.31492,42.01003],[-88.31488,42.01052],[-88.3146,42.01377],[-88.31394,42.01857],[-88.31304,42.02087],[-88.31225,42.02275],[-88.31207,42.02348],[-88.30718,42.02267],[-88.30131,42.02251],[-88.28999,42.02235],[-88.29,42.02314],[-88.28709,42.02411],[-88.28292,42.02401],[-88.28263,42.02493],[-88.28269,42.0275],[-88.28275,42.02909],[-88.27922,42.02968],[-88.27638,42.02493],[-88.2757,42.0228],[-88.27354,42.02276],[-88.26865,42.02278],[-88.26323,42.02279],[-88.26332,42.02664],[-88.26334,42.02909],[-88.25988,42.02793],[-88.25199,42.02386],[-88.24454,42.01998],[-88.23666,42.01838],[-88.23618,42.01827],[-88.23114,42.0171],[-88.22582,42.01514],[-88.22542,42.01509],[-88.22489,42.01504],[-88.22073,42.01495],[-88.2197,42.01456],[-88.21818,42.01335],[-88.21729,42.01286],[-88.21327,42.01178],[-88.21187,42.01123],[-88.20971,42.01042],[-88.20731,42.01228],[-88.2032,42.01178],[-88.20319,42.01299],[-88.20313,42.01426],[-88.20294,42.01917],[-88.20295,42.02225],[-88.19996,42.02223],[-88.19829,42.02315],[-88.19831,42.02056],[-88.19703,42.02029],[-88.19472,42.02022],[-88.19398,42.0197],[-88.19477,42.0175],[-88.1927,42.01671],[-88.18882,42.01684],[-88.18882,42.01522],[-88.18801,42.0149],[-88.18517,42.01383],[-88.1834,42.01347],[-88.18412,42.01065],[-88.18463,42.00973],[-88.18548,42.00763],[-88.18665,42.00583],[-88.1839,42.00594],[-88.18391,42.00356],[-88.18383,42.00354],[-88.17861,42.00236],[-88.17549,42.00165],[-88.17425,42.00133],[-88.17418,41.99504],[-88.17419,41.99402],[-88.17409,41.99109],[-88.17401,41.99108],[-88.1599,41.98934],[-88.15948,41.98929],[-88.15958,41.98792],[-88.15957,41.98792],[-88.14935,41.98817],[-88.14711,41.9882],[-88.1451,41.98824],[-88.1449,41.99209],[-88.13852,41.99212],[-88.13851,41.99569],[-88.13541,41.9959],[-88.12936,41.99611],[-88.12901,42.00344],[-88.128,42.00347],[-88.12798,42.00563],[-88.1301,42.00748],[-88.12906,42.00917],[-88.12893,42.01078],[-88.12893,42.01143],[-88.12893,42.01449],[-88.12891,42.01793],[-88.12891,42.01811],[-88.12891,42.01818],[-88.12178,42.01888],[-88.11917,42.01844],[-88.11916,42.02584],[-88.10994,42.0262],[-88.10484,42.02639],[-88.09969,42.02656],[-88.09957,42.02656],[-88.09771,42.02663],[-88.09278,42.0268],[-88.09156,42.02684],[-88.09179,42.03102],[-88.08595,42.03121],[-88.08595,42.03165],[-88.08594,42.03345],[-88.08698,42.0334],[-88.08769,42.03355],[-88.08858,42.03413],[-88.0879,42.0349],[-88.08672,42.03443],[-88.08473,42.03443],[-88.07998,42.03465],[-88.07981,42.03842],[-88.07981,42.03879],[-88.0798,42.04],[-88.07973,42.04511],[-88.07969,42.04919],[-88.07969,42.04944],[-88.07961,42.05565],[-88.07958,42.05808],[-88.07955,42.06113],[-88.07934,42.06393],[-88.07905,42.06571],[-88.07853,42.06701],[-88.08258,42.06701],[-88.08947,42.06703],[-88.09053,42.06704],[-88.09427,42.06705],[-88.09463,42.06705],[-88.09707,42.06705],[-88.10387,42.06708],[-88.10607,42.06708],[-88.11144,42.06709],[-88.12168,42.06711],[-88.14025,42.06712],[-88.14402,42.06713],[-88.14466,42.06724],[-88.14689,42.06733],[-88.15047,42.06733],[-88.16063,42.06697],[-88.16341,42.06722],[-88.1798,42.06733],[-88.18358,42.06723],[-88.18438,42.06703],[-88.19263,42.06742],[-88.19389,42.06736],[-88.20292,42.06743],[-88.20295,42.06728],[-88.20367,42.06726],[-88.20738,42.06708],[-88.21054,42.06729],[-88.21366,42.06711],[-88.22236,42.06705],[-88.22337,42.06693],[-88.23819,42.06699],[-88.23821,42.07153],[-88.23823,42.07408],[-88.23828,42.08512],[-88.23826,42.09235],[-88.23825,42.09287],[-88.23833,42.10662],[-88.23833,42.10886],[-88.23832,42.11401],[-88.23835,42.12875],[-88.23835,42.13229],[-88.24363,42.13233],[-88.24363,42.13242],[-88.24316,42.13603],[-88.24805,42.13599],[-88.24806,42.13964],[-88.25676,42.13959],[-88.25675,42.13949],[-88.25711,42.13948],[-88.2578,42.13948],[-88.25779,42.13958]]]},"properties":{"district":22}},{"type":"Feature","geometry":{"type":"Polygon","coordinates":[[[-87.84379,41.74731],[-87.84065,41.74872],[-87.84016,41.74838],[-87.8386,41.74732],[-87.83851,41.74569],[-87.83847,41.74454],[-87.8382,41.7365],[-87.83815,41.73463],[-87.83815,41.73273],[-87.83799,41.73277],[-87.83752,41.72546],[-87.83751,41.72508],[-87.83725,41.7182],[-87.84684,41.71796],[-87.84699,41.71796],[-87.8468,41.71202],[-87.84661,41.71163],[-87.84648,41.70818],[-87.83685,41.70818],[-87.83696,41.71091],[-87.83453,41.71096],[-87.83214,41.71098],[-87.82729,41.71106],[-87.8272,41.70836],[-87.82703,41.70383],[-87.82459,41.70387],[-87.82217,41.70392],[-87.81732,41.70401],[-87.81146,41.70413],[-87.81094,41.70414],[-87.79805,41.70441],[-87.79659,41.70468],[-87.78986,41.70489],[-87.78849,41.70511],[-87.78467,41.70717],[-87.78309,41.70736],[-87.78189,41.70815],[-87.77955,41.70972],[-87.77901,41.71017],[-87.77905,41.71039],[-87.77908,41.71142],[-87.77968,41.7123],[-87.77975,41.71413],[-87.77729,41.71415],[-87.77736,41.71598],[-87.77492,41.71646],[-87.77246,41.71648],[-87.77247,41.71602],[-87.76845,41.71967],[-87.77014,41.71967],[-87.77025,41.7233],[-87.76699,41.7234],[-87.76574,41.72263],[-87.76429,41.72323],[-87.76043,41.72338],[-87.74945,41.72357],[-87.74579,41.72364],[-87.74591,41.72728],[-87.74348,41.72732],[-87.74104,41.72736],[-87.73862,41.72742],[-87.73168,41.72759],[-87.73063,41.72762],[-87.72195,41.72781],[-87.72165,41.72779],[-87.7155,41.72786],[-87.7118,41.7279],[-87.71198,41.73503],[-87.71171,41.73503],[-87.70212,41.7352],[-87.69711,41.73528],[-87.69717,41.73755],[-87.69233,41.73855],[-87.69237,41.7401],[-87.68978,41.74015],[-87.68983,41.74225],[-87.68984,41.7427],[-87.68771,41.74274],[-87.68268,41.74282],[-87.68251,41.73553],[-87.68229,41.72824],[-87.67139,41.72839],[-87.67134,41.72717],[-87.66918,41.72823],[-87.66744,41.72845],[-87.66822,41.73018],[-87.67309,41.73565],[-87.67278,41.73565],[-87.67036,41.73569],[-87.66671,41.73574],[-87.66306,41.73579],[-87.66316,41.73943],[-87.66154,41.73946],[-87.66159,41.74143],[-87.65835,41.74133],[-87.6583,41.7395],[-87.65825,41.73768],[-87.65704,41.7377],[-87.65339,41.73775],[-87.64975,41.73781],[-87.6498,41.73963],[-87.64985,41.74145],[-87.64864,41.74146],[-87.64742,41.74148],[-87.64737,41.73965],[-87.64621,41.7415],[-87.64378,41.74153],[-87.64361,41.73607],[-87.64352,41.73255],[-87.63865,41.73258],[-87.63501,41.7326],[-87.6351,41.73606],[-87.63405,41.73594],[-87.63376,41.73741],[-87.63411,41.7435],[-87.63416,41.74553],[-87.63421,41.74714],[-87.62572,41.74728],[-87.62529,41.74722],[-87.62539,41.75094],[-87.62455,41.75096],[-87.62464,41.75459],[-87.62476,41.75824],[-87.61993,41.75832],[-87.62,41.76197],[-87.62004,41.76379],[-87.61683,41.76385],[-87.61679,41.76203],[-87.6167,41.75838],[-87.61512,41.75841],[-87.61267,41.75845],[-87.61026,41.75849],[-87.61017,41.75485],[-87.61008,41.7512],[-87.60887,41.75122],[-87.60521,41.75129],[-87.60519,41.74946],[-87.6015,41.7495],[-87.59792,41.74954],[-87.59791,41.75136],[-87.59723,41.75137],[-87.59549,41.75139],[-87.59062,41.75144],[-87.58813,41.75147],[-87.5912,41.7537],[-87.59571,41.75686],[-87.59822,41.75865],[-87.60313,41.76226],[-87.60553,41.76398],[-87.60559,41.76588],[-87.60566,41.7685],[-87.60769,41.76947],[-87.61052,41.76941],[-87.61218,41.77058],[-87.61347,41.76958],[-87.61535,41.76934],[-87.62021,41.76925],[-87.62494,41.76916],[-87.62511,41.76915],[-87.62986,41.76908],[-87.62998,41.77271],[-87.63104,41.77269],[-87.6395,41.77256],[-87.6403,41.77255],[-87.6446,41.77247],[-87.64581,41.77246],[-87.64702,41.77244],[-87.64712,41.77608],[-87.64834,41.77606],[-87.65198,41.77601],[-87.6544,41.77597],[-87.65431,41.77233],[-87.65917,41.77226],[-87.66159,41.77223],[-87.66402,41.77219],[-87.66889,41.77213],[-87.6713,41.77211],[-87.67371,41.77208],[-87.67615,41.77205],[-87.67871,41.77202],[-87.67862,41.76839],[-87.68334,41.76833],[-87.68824,41.76826],[-87.68833,41.7719],[-87.69077,41.77186],[-87.69321,41.77182],[-87.6933,41.77543],[-87.6933,41.77547],[-87.69339,41.77912],[-87.69461,41.7791],[-87.69827,41.77904],[-87.70314,41.77897],[-87.70556,41.77893],[-87.70553,41.77801],[-87.70312,41.77805],[-87.70309,41.77714],[-87.70551,41.7771],[-87.70547,41.77528],[-87.70538,41.77164],[-87.70781,41.7716],[-87.71255,41.77152],[-87.71272,41.77152],[-87.71265,41.76785],[-87.71254,41.76424],[-87.71233,41.75719],[-87.71232,41.75691],[-87.72219,41.75684],[-87.72218,41.75509],[-87.73237,41.75497],[-87.73233,41.7533],[-87.73221,41.75317],[-87.7415,41.75329],[-87.74142,41.75099],[-87.74136,41.74915],[-87.75108,41.74898],[-87.75095,41.74532],[-87.75216,41.7453],[-87.75338,41.74528],[-87.76067,41.74515],[-87.76053,41.74149],[-87.76876,41.74135],[-87.76945,41.74134],[-87.77997,41.74115],[-87.78726,41.74102],[-87.78969,41.74097],[-87.78961,41.73915],[-87.79326,41.73908],[-87.79318,41.73726],[-87.79433,41.73541],[-87.79845,41.73533],[-87.7992,41.73532],[-87.80405,41.73521],[-87.80413,41.73704],[-87.80656,41.73699],[-87.80671,41.74064],[-87.80909,41.74046],[-87.81399,41.74049],[-87.81403,41.7414],[-87.81406,41.74232],[-87.81892,41.74222],[-87.81898,41.74396],[-87.81909,41.7468],[-87.81912,41.74763],[-87.8192,41.74951],[-87.81951,41.75681],[-87.81974,41.7623],[-87.82532,41.76217],[-87.83669,41.7619],[-87.83804,41.76189],[-87.83916,41.76207],[-87.83902,41.7599],[-87.83892,41.75736],[-87.84091,41.75701],[-87.8409,41.75463],[-87.84406,41.75451],[-87.84379,41.74731]]]},"properties":{"district":16}},{"type":"Feature","geometry":{"type":"Polygon","coordinates":[[[-87.84699,41.71796],[-87.85185,41.71787],[-87.85248,41.73247],[-87.85695,41.73237],[-87.85749,41.73236],[-87.85999,41.73231],[-87.87648,41.73186],[-87.87716,41.73199],[-87.88085,41.73173],[-87.88387,41.73163],[-87.88652,41.73163],[-87.88836,41.73077],[-87.89119,41.72835],[-87.89374,41.72688],[-87.90923,41.71928],[-87.91426,41.7166],[-87.91429,41.71405],[-87.91436,41.71161],[-87.91346,41.6875],[-87.91307,41.67738],[-87.91295,41.67304],[-87.91259,41.66575],[-87.90854,41.66581],[-87.90296,41.66592],[-87.89333,41.66611],[-87.8929,41.65363],[-87.89278,41.64909],[-87.89275,41.64777],[-87.89262,41.64427],[-87.89266,41.64126],[-87.89268,41.64078],[-87.89262,41.63703],[-87.89803,41.63692],[-87.8982,41.63273],[-87.90011,41.63181],[-87.90144,41.6296],[-87.89236,41.62977],[-87.88701,41.62985],[-87.88613,41.62987],[-87.87296,41.63007],[-87.86943,41.63014],[-87.86908,41.62658],[-87.86983,41.62284],[-87.8632,41.623],[-87.85605,41.62307],[-87.85372,41.62323],[-87.84863,41.62221],[-87.84863,41.62334],[-87.83799,41.62353],[-87.83752,41.62354],[-87.83639,41.62266],[-87.83476,41.62241],[-87.83413,41.62479],[-87.82422,41.62478],[-87.82432,41.62648],[-87.8195,41.62652],[-87.81947,41.62568],[-87.8147,41.62581],[-87.81473,41.62661],[-87.81465,41.62846],[-87.81468,41.62938],[-87.81475,41.62977],[-87.8148,41.63121],[-87.81358,41.63124],[-87.81229,41.63126],[-87.81173,41.63126],[-87.80985,41.63132],[-87.79518,41.63159],[-87.79571,41.64623],[-87.78189,41.64645],[-87.77702,41.64652],[-87.77216,41.6466],[-87.75766,41.64683],[-87.75795,41.65386],[-87.76301,41.6541],[-87.76283,41.65985],[-87.76289,41.66131],[-87.761,41.66134],[-87.76092,41.66134],[-87.76068,41.66135],[-87.7606,41.66135],[-87.75874,41.66138],[-87.75811,41.66139],[-87.75285,41.66149],[-87.74973,41.66154],[-87.7385,41.66174],[-87.72887,41.66192],[-87.71917,41.6621],[-87.70953,41.66224],[-87.70956,41.66569],[-87.70976,41.66951],[-87.71018,41.67506],[-87.7099,41.67684],[-87.70594,41.67689],[-87.70028,41.67697],[-87.69535,41.67705],[-87.69563,41.68434],[-87.69082,41.6844],[-87.68586,41.68448],[-87.68461,41.68449],[-87.68155,41.68453],[-87.6815,41.68272],[-87.68087,41.68273],[-87.68083,41.68151],[-87.67905,41.68191],[-87.67913,41.68444],[-87.67709,41.68386],[-87.67702,41.68432],[-87.67574,41.68427],[-87.67382,41.68362],[-87.67343,41.68463],[-87.67183,41.68463],[-87.67143,41.68792],[-87.66659,41.6867],[-87.66394,41.69125],[-87.66331,41.69216],[-87.6628,41.69288],[-87.6618,41.6943],[-87.65932,41.69784],[-87.65874,41.69944],[-87.65724,41.70354],[-87.65864,41.70675],[-87.66051,41.71132],[-87.65897,41.71134],[-87.66029,41.714],[-87.65976,41.714],[-87.6575,41.71403],[-87.65761,41.71807],[-87.6577,41.72133],[-87.65781,41.72133],[-87.65722,41.72176],[-87.65734,41.72676],[-87.65678,41.7286],[-87.65688,41.73235],[-87.65699,41.73588],[-87.6582,41.73586],[-87.65825,41.73768],[-87.6583,41.7395],[-87.65835,41.74133],[-87.66159,41.74143],[-87.66154,41.73946],[-87.66316,41.73943],[-87.66306,41.73579],[-87.66671,41.73574],[-87.67036,41.73569],[-87.67278,41.73565],[-87.67309,41.73565],[-87.66822,41.73018],[-87.66744,41.72845],[-87.66918,41.72823],[-87.67134,41.72717],[-87.67139,41.72839],[-87.68229,41.72824],[-87.68251,41.73553],[-87.68268,41.74282],[-87.68771,41.74274],[-87.68984,41.7427],[-87.68983,41.74225],[-87.68978,41.74015],[-87.69237,41.7401],[-87.69233,41.73855],[-87.69717,41.73755],[-87.69711,41.73528],[-87.70212,41.7352],[-87.71171,41.73503],[-87.71198,41.73503],[-87.7118,41.7279],[-87.7155,41.72786],[-87.72165,41.72779],[-87.72195,41.72781],[-87.73063,41.72762],[-87.73168,41.72759],[-87.73862,41.72742],[-87.74104,41.72736],[-87.74348,41.72732],[-87.74591,41.72728],[-87.74579,41.72364],[-87.74945,41.72357],[-87.76043,41.72338],[-87.76429,41.72323],[-87.76574,41.72263],[-87.76699,41.7234],[-87.77025,41.7233],[-87.77014,41.71967],[-87.76845,41.71967],[-87.77247,41.71602],[-87.77246,41.71648],[-87.77492,41.71646],[-87.77736,41.71598],[-87.77729,41.71415],[-87.77975,41.71413],[-87.77968,41.7123],[-87.77908,41.71142],[-87.77905,41.71039],[-87.77901,41.71017],[-87.77955,41.70972],[-87.78189,41.70815],[-87.78309,41.70736],[-87.78467,41.70717],[-87.78849,41.70511],[-87.78986,41.70489],[-87.79659,41.70468],[-87.79805,41.70441],[-87.81094,41.70414],[-87.81146,41.70413],[-87.81732,41.70401],[-87.82217,41.70392],[-87.82459,41.70387],[-87.82703,41.70383],[-87.8272,41.70836],[-87.82729,41.71106],[-87.83214,41.71098],[-87.83453,41.71096],[-87.83696,41.71091],[-87.83685,41.70818],[-87.84648,41.70818],[-87.84661,41.71163],[-87.8468,41.71202],[-87.84699,41.71796]]]},"properties":{"district":18}},{"type":"Feature","geometry":{"type":"Polygon","coordinates":[[[-87.76553,41.94589],[-87.76559,41.94772],[-87.76682,41.9477],[-87.76679,41.94679],[-87.77166,41.94674],[-87.7741,41.94671],[-87.77415,41.94808],[-87.77659,41.94805],[-87.7765,41.94577],[-87.77646,41.94486],[-87.77892,41.94529],[-87.78379,41.94524],[-87.78381,41.9457],[-87.78631,41.94566],[-87.79233,41.94555],[-87.79599,41.94548],[-87.79584,41.94181],[-87.79826,41.94177],[-87.79952,41.9417],[-87.79939,41.93811],[-87.80303,41.93805],[-87.80398,41.93804],[-87.80675,41.938],[-87.80662,41.93451],[-87.80656,41.93256],[-87.80649,41.93082],[-87.80644,41.92934],[-87.80639,41.92775],[-87.80636,41.92713],[-87.80625,41.92401],[-87.80321,41.92354],[-87.80074,41.92355],[-87.79768,41.92358],[-87.79279,41.92362],[-87.79041,41.92364],[-87.79013,41.91846],[-87.78935,41.91749],[-87.78742,41.9168],[-87.78523,41.91645],[-87.77547,41.91655],[-87.76574,41.91662],[-87.76361,41.91655],[-87.76079,41.91626],[-87.75589,41.91571],[-87.75286,41.91533],[-87.74936,41.91491],[-87.74857,41.9148],[-87.7482,41.91444],[-87.74599,41.91392],[-87.74594,41.91237],[-87.74591,41.91071],[-87.74611,41.90963],[-87.74604,41.90599],[-87.74598,41.90235],[-87.74589,41.89869],[-87.74148,41.89877],[-87.73851,41.89882],[-87.73841,41.89514],[-87.73348,41.89523],[-87.72978,41.8953],[-87.72608,41.89537],[-87.72614,41.8972],[-87.72497,41.89904],[-87.72376,41.89904],[-87.72253,41.89905],[-87.72241,41.8954],[-87.72236,41.89357],[-87.7187,41.8936],[-87.71875,41.89544],[-87.71816,41.89592],[-87.71826,41.89909],[-87.71643,41.89911],[-87.714,41.89913],[-87.71339,41.89913],[-87.71272,41.89732],[-87.71265,41.89549],[-87.71144,41.89551],[-87.70656,41.89555],[-87.7022,41.8956],[-87.69991,41.89563],[-87.69667,41.89433],[-87.69167,41.89233],[-87.68739,41.89063],[-87.68669,41.89065],[-87.6818,41.89074],[-87.68177,41.88964],[-87.67687,41.88973],[-87.67443,41.88977],[-87.67201,41.89053],[-87.67199,41.88981],[-87.66955,41.88985],[-87.66964,41.8933],[-87.66973,41.89603],[-87.66729,41.89607],[-87.66737,41.8988],[-87.66739,41.89971],[-87.66744,41.90152],[-87.66749,41.90335],[-87.66751,41.90402],[-87.67136,41.90648],[-87.67368,41.90796],[-87.67407,41.90762],[-87.67744,41.90976],[-87.67746,41.91047],[-87.67991,41.91044],[-87.68235,41.91039],[-87.68239,41.91265],[-87.68468,41.91404],[-87.68736,41.9157],[-87.68741,41.91757],[-87.6886,41.91756],[-87.69231,41.91753],[-87.6972,41.91749],[-87.69999,41.91746],[-87.70209,41.91745],[-87.70698,41.9174],[-87.7103,41.91736],[-87.7119,41.91734],[-87.71199,41.921],[-87.7121,41.92466],[-87.71216,41.92648],[-87.7122,41.92832],[-87.71464,41.92829],[-87.71709,41.92826],[-87.71953,41.92822],[-87.72199,41.9282],[-87.72443,41.92818],[-87.72957,41.92808],[-87.73178,41.92805],[-87.73167,41.92443],[-87.73289,41.92441],[-87.73657,41.92437],[-87.74163,41.9243],[-87.7463,41.92424],[-87.74876,41.92421],[-87.75123,41.92418],[-87.75615,41.92411],[-87.76107,41.92405],[-87.76113,41.92588],[-87.76122,41.92816],[-87.76133,41.93134],[-87.7614,41.93316],[-87.76385,41.93313],[-87.7638,41.93176],[-87.76502,41.93129],[-87.76625,41.93128],[-87.7711,41.93121],[-87.77123,41.93486],[-87.77001,41.93488],[-87.77014,41.93853],[-87.7665,41.93858],[-87.7666,41.94131],[-87.76663,41.94223],[-87.76672,41.94496],[-87.76614,41.94588],[-87.76553,41.94589]]]},"properties":{"district":2}},{"type":"Feature","geometry":{"type":"Polygon","coordinates":[[[-87.75208,41.86579],[-87.75197,41.86213],[-87.74952,41.86216],[-87.74941,41.85865],[-87.74935,41.85669],[-87.74929,41.85486],[-87.74923,41.85304],[-87.74917,41.85127],[-87.74672,41.8513],[-87.74427,41.85135],[-87.74405,41.84484],[-87.74419,41.84483],[-87.74413,41.84398],[-87.74373,41.83666],[-87.73915,41.83672],[-87.73887,41.83428],[-87.73865,41.82213],[-87.73853,41.81857],[-87.73853,41.81803],[-87.72404,41.82254],[-87.71431,41.82605],[-87.71433,41.82244],[-87.71388,41.80818],[-87.71387,41.80799],[-87.70397,41.80812],[-87.70154,41.80817],[-87.69787,41.80822],[-87.69543,41.80826],[-87.69176,41.80832],[-87.68932,41.80836],[-87.6851,41.80843],[-87.68525,41.81161],[-87.6852,41.81206],[-87.68581,41.81205],[-87.68585,41.81386],[-87.6859,41.81568],[-87.68407,41.8157],[-87.68424,41.823],[-87.68446,41.83029],[-87.68481,41.83363],[-87.68457,41.83541],[-87.68011,41.83676],[-87.67544,41.83705],[-87.67531,41.83182],[-87.67528,41.83039],[-87.67524,41.82857],[-87.67518,41.82674],[-87.67509,41.82311],[-87.67021,41.82317],[-87.66778,41.82318],[-87.66779,41.82364],[-87.66599,41.82365],[-87.66674,41.83049],[-87.66557,41.8305],[-87.65733,41.8306],[-87.65339,41.83065],[-87.64854,41.83072],[-87.64611,41.83075],[-87.64367,41.83078],[-87.64123,41.83082],[-87.64119,41.82899],[-87.64114,41.82717],[-87.6411,41.82535],[-87.64106,41.82352],[-87.64593,41.82346],[-87.65598,41.82332],[-87.65587,41.8201],[-87.65533,41.81598],[-87.66515,41.81587],[-87.67245,41.81581],[-87.6724,41.81399],[-87.67235,41.81217],[-87.67231,41.81076],[-87.67225,41.80853],[-87.66983,41.80856],[-87.66739,41.80858],[-87.66497,41.8086],[-87.66253,41.80864],[-87.66011,41.80867],[-87.65767,41.8087],[-87.65524,41.80873],[-87.6504,41.8088],[-87.64554,41.80886],[-87.64573,41.81618],[-87.64584,41.82029],[-87.64098,41.82035],[-87.63615,41.82183],[-87.63635,41.82358],[-87.63625,41.83088],[-87.63613,41.83088],[-87.63614,41.83453],[-87.63589,41.83454],[-87.63614,41.83818],[-87.6341,41.83821],[-87.62978,41.83828],[-87.62995,41.84554],[-87.63004,41.84718],[-87.63027,41.85294],[-87.6306,41.85406],[-87.63016,41.85512],[-87.63023,41.85778],[-87.63026,41.86012],[-87.6345,41.85993],[-87.63565,41.86003],[-87.63901,41.86002],[-87.64194,41.85998],[-87.64422,41.85996],[-87.64447,41.85995],[-87.64671,41.85991],[-87.65082,41.85985],[-87.65094,41.85985],[-87.65343,41.85981],[-87.65648,41.85977],[-87.66381,41.85965],[-87.6662,41.85961],[-87.67114,41.85954],[-87.67116,41.85989],[-87.67605,41.85959],[-87.68583,41.85937],[-87.68585,41.85771],[-87.68817,41.85692],[-87.69313,41.85578],[-87.69491,41.85558],[-87.69557,41.85555],[-87.69921,41.85551],[-87.69918,41.85446],[-87.70006,41.85427],[-87.70289,41.85418],[-87.70422,41.8536],[-87.70531,41.85359],[-87.71018,41.85355],[-87.7111,41.85354],[-87.71114,41.85199],[-87.71242,41.85171],[-87.71363,41.85168],[-87.71378,41.85168],[-87.715,41.85166],[-87.71987,41.85161],[-87.72228,41.85155],[-87.72226,41.84931],[-87.72468,41.84877],[-87.73111,41.84731],[-87.73436,41.84657],[-87.73439,41.8477],[-87.73922,41.84598],[-87.73942,41.85135],[-87.73977,41.85865],[-87.73984,41.86207],[-87.73993,41.86596],[-87.74964,41.86583],[-87.75208,41.86579]]]},"properties":{"district":12}},{"type":"Feature","geometry":{"type":"Polygon","coordinates":[[[-87.92042,41.90684],[-87.92056,41.8997],[-87.92057,41.89732],[-87.92062,41.88975],[-87.92062,41.88969],[-87.93028,41.89001],[-87.93025,41.88383],[-87.93128,41.88301],[-87.93508,41.88318],[-87.93533,41.88142],[-87.9395,41.88229],[-87.93932,41.88188],[-87.937,41.87633],[-87.93403,41.86976],[-87.93092,41.86165],[-87.92996,41.85865],[-87.92989,41.85829],[-87.92973,41.85695],[-87.93306,41.85329],[-87.93889,41.8496],[-87.94291,41.84707],[-87.94371,41.84705],[-87.95747,41.84667],[-87.95782,41.84665],[-87.95782,41.84656],[-87.9578,41.84472],[-87.95774,41.83865],[-87.9573,41.83612],[-87.95536,41.83233],[-87.95377,41.82822],[-87.95354,41.82505],[-87.95324,41.81915],[-87.95278,41.81774],[-87.95257,41.81776],[-87.94715,41.81771],[-87.94653,41.81773],[-87.94651,41.81794],[-87.94245,41.818],[-87.9376,41.81808],[-87.93039,41.81824],[-87.92557,41.81837],[-87.91988,41.81849],[-87.91828,41.81872],[-87.91651,41.81854],[-87.91442,41.81851],[-87.91363,41.81864],[-87.91347,41.81864],[-87.90996,41.81888],[-87.90735,41.81861],[-87.90444,41.81876],[-87.89905,41.819],[-87.89889,41.81535],[-87.89877,41.81242],[-87.89867,41.80988],[-87.89845,41.80443],[-87.89827,41.80033],[-87.89792,41.79348],[-87.89775,41.78981],[-87.89761,41.78981],[-87.89752,41.78837],[-87.89571,41.78685],[-87.89076,41.78617],[-87.89061,41.78279],[-87.88786,41.78367],[-87.88774,41.78082],[-87.8877,41.77977],[-87.88738,41.77244],[-87.88737,41.77194],[-87.88729,41.76998],[-87.88707,41.76465],[-87.88527,41.76372],[-87.88203,41.76378],[-87.88193,41.76085],[-87.87733,41.76095],[-87.87294,41.76118],[-87.86754,41.76188],[-87.86754,41.76165],[-87.85656,41.76339],[-87.85261,41.76397],[-87.84981,41.76745],[-87.85217,41.76856],[-87.85286,41.7689],[-87.85802,41.76884],[-87.85857,41.78286],[-87.86816,41.77855],[-87.86847,41.785],[-87.86868,41.79047],[-87.86876,41.79231],[-87.86753,41.79234],[-87.86638,41.79372],[-87.86639,41.79427],[-87.8664,41.7947],[-87.86652,41.79783],[-87.8666,41.79965],[-87.86668,41.80148],[-87.86683,41.80513],[-87.86527,41.80516],[-87.86542,41.80905],[-87.86554,41.81244],[-87.86492,41.81246],[-87.86656,41.81665],[-87.86452,41.81705],[-87.86443,41.81736],[-87.86464,41.81785],[-87.8644,41.81993],[-87.86466,41.82543],[-87.86785,41.82531],[-87.8679,41.82896],[-87.86805,41.83259],[-87.86814,41.83443],[-87.86843,41.8417],[-87.86855,41.84437],[-87.86628,41.84441],[-87.86626,41.84383],[-87.86548,41.84383],[-87.86538,41.84383],[-87.86525,41.84383],[-87.86527,41.84407],[-87.86485,41.84451],[-87.86198,41.84418],[-87.85781,41.84301],[-87.85695,41.84375],[-87.85417,41.84464],[-87.8529,41.84606],[-87.85246,41.84591],[-87.84992,41.84494],[-87.84483,41.84494],[-87.84234,41.84253],[-87.83263,41.8426],[-87.83283,41.84984],[-87.83287,41.85091],[-87.82945,41.84991],[-87.82732,41.84996],[-87.82305,41.85002],[-87.81709,41.85015],[-87.80808,41.85029],[-87.80379,41.85037],[-87.80375,41.85159],[-87.80384,41.85388],[-87.80394,41.85774],[-87.80414,41.86315],[-87.80153,41.8632],[-87.79631,41.86329],[-87.79125,41.86337],[-87.7888,41.86342],[-87.78391,41.8635],[-87.77899,41.86357],[-87.77531,41.86362],[-87.77408,41.86364],[-87.77414,41.86546],[-87.7729,41.86548],[-87.76799,41.86555],[-87.75941,41.86568],[-87.75453,41.86575],[-87.75208,41.86579],[-87.74964,41.86583],[-87.73993,41.86596],[-87.73996,41.86833],[-87.73998,41.86894],[-87.74008,41.8719],[-87.74012,41.87325],[-87.74026,41.87691],[-87.74515,41.87681],[-87.74521,41.8786],[-87.74528,41.8805],[-87.74555,41.88778],[-87.74581,41.895],[-87.74589,41.89869],[-87.74598,41.90235],[-87.74604,41.90599],[-87.74611,41.90963],[-87.74591,41.91071],[-87.74594,41.91237],[-87.74599,41.91392],[-87.7482,41.91444],[-87.74857,41.9148],[-87.74936,41.91491],[-87.75286,41.91533],[-87.75589,41.91571],[-87.76079,41.91626],[-87.76361,41.91655],[-87.76574,41.91662],[-87.76574,41.91452],[-87.76565,41.91303],[-87.76563,41.91267],[-87.76555,41.90994],[-87.76572,41.90938],[-87.76585,41.90757],[-87.76336,41.9076],[-87.76212,41.90761],[-87.76106,41.90581],[-87.76102,41.904],[-87.76093,41.90219],[-87.76077,41.89854],[-87.76064,41.89489],[-87.76057,41.89296],[-87.7605,41.89115],[-87.76435,41.8911],[-87.76518,41.88929],[-87.76511,41.8872],[-87.77,41.88714],[-87.77001,41.88748],[-87.77489,41.88741],[-87.77488,41.88707],[-87.77478,41.88413],[-87.77466,41.88015],[-87.77453,41.87642],[-87.77441,41.87277],[-87.7743,41.87092],[-87.77426,41.86911],[-87.77917,41.86905],[-87.78408,41.86897],[-87.78899,41.86889],[-87.79387,41.86881],[-87.7991,41.86871],[-87.80346,41.86864],[-87.8044,41.87048],[-87.80451,41.8738],[-87.80472,41.87964],[-87.80476,41.88139],[-87.80616,41.8832],[-87.80962,41.88315],[-87.80971,41.88315],[-87.81458,41.88307],[-87.81462,41.88416],[-87.81472,41.88687],[-87.81472,41.88702],[-87.81774,41.88698],[-87.81779,41.88828],[-87.81963,41.88824],[-87.81959,41.88695],[-87.81944,41.88303],[-87.81932,41.87935],[-87.82732,41.87917],[-87.82701,41.87971],[-87.83036,41.88278],[-87.83318,41.88497],[-87.8336,41.88672],[-87.8331,41.8877],[-87.83263,41.88833],[-87.82983,41.88989],[-87.83016,41.89155],[-87.83361,41.89373],[-87.83466,41.89542],[-87.83465,41.89726],[-87.8342,41.89862],[-87.83237,41.90359],[-87.83185,41.90409],[-87.83493,41.90629],[-87.83485,41.90463],[-87.83988,41.90464],[-87.83964,41.89833],[-87.84086,41.89841],[-87.84459,41.89839],[-87.84455,41.8971],[-87.84451,41.89618],[-87.84432,41.89077],[-87.84812,41.89159],[-87.85045,41.89209],[-87.85662,41.89341],[-87.86156,41.8944],[-87.86409,41.89481],[-87.86689,41.89529],[-87.87136,41.89635],[-87.87731,41.89742],[-87.87993,41.89711],[-87.88136,41.89695],[-87.88363,41.89717],[-87.88506,41.8974],[-87.8984,41.90081],[-87.90575,41.90233],[-87.90799,41.90304],[-87.90815,41.90706],[-87.92042,41.90684]]]},"properties":{"district":4}},{"type":"Feature","geometry":{"type":"Polygon","coordinates":[[[-88.73683,41.97995],[-88.73645,41.97732],[-88.73626,41.97231],[-88.7364,41.97159],[-88.75837,41.97176],[-88.76334,41.97267],[-88.77313,41.97271],[-88.77312,41.96525],[-88.79061,41.96527],[-88.79303,41.96482],[-88.79523,41.96368],[-88.7962,41.96275],[-88.79723,41.96031],[-88.79726,41.94357],[-88.79737,41.93329],[-88.79738,41.9332],[-88.79256,41.93309],[-88.79257,41.93],[-88.79254,41.92987],[-88.79256,41.92271],[-88.79198,41.92178],[-88.77673,41.92186],[-88.77304,41.92187],[-88.77401,41.9183],[-88.77401,41.91459],[-88.77373,41.90744],[-88.77416,41.90288],[-88.77331,41.903],[-88.76657,41.90372],[-88.7642,41.90381],[-88.76194,41.90373],[-88.7535,41.90287],[-88.7535,41.89952],[-88.75503,41.89698],[-88.75755,41.89279],[-88.77505,41.86363],[-88.77333,41.86365],[-88.77332,41.84905],[-88.77327,41.82725],[-88.77347,41.80544],[-88.77383,41.79052],[-88.77385,41.77825],[-88.77384,41.77599],[-88.77378,41.76146],[-88.77352,41.72518],[-88.77233,41.7249],[-88.77234,41.71795],[-88.7766,41.71794],[-88.77623,41.70374],[-88.78116,41.70495],[-88.78099,41.69669],[-88.78094,41.6947],[-88.7801,41.63105],[-88.77039,41.63098],[-88.76986,41.60916],[-88.76262,41.60912],[-88.79266,41.59109],[-88.79845,41.58864],[-88.80084,41.5881],[-88.80577,41.58767],[-88.81759,41.5877],[-88.81736,41.57326],[-88.81687,41.54416],[-88.8168,41.53537],[-88.81653,41.52842],[-88.81573,41.51431],[-88.81595,41.50006],[-88.81618,41.47062],[-88.81607,41.45607],[-88.82138,41.4563],[-88.83562,41.45603],[-88.84531,41.45583],[-88.84533,41.43751],[-88.84545,41.38979],[-88.84546,41.38648],[-88.84552,41.37509],[-88.84561,41.37414],[-88.84552,41.37087],[-88.84546,41.36829],[-88.8462,41.36837],[-88.84835,41.36839],[-88.84883,41.36839],[-88.84955,41.36832],[-88.85541,41.36823],[-88.8574,41.36822],[-88.86535,41.36819],[-88.87315,41.36807],[-88.87463,41.36797],[-88.8765,41.36814],[-88.92289,41.36744],[-88.93337,41.36734],[-88.97174,41.36776],[-88.99089,41.36767],[-88.99586,41.36761],[-89.01016,41.36754],[-89.02727,41.36788],[-89.04839,41.36782],[-89.05132,41.36779],[-89.06128,41.36774],[-89.06764,41.36816],[-89.06897,41.36815],[-89.08189,41.36806],[-89.08872,41.36793],[-89.09658,41.36783],[-89.10616,41.36776],[-89.10851,41.36773],[-89.10915,41.36738],[-89.10966,41.36775],[-89.11067,41.36766],[-89.11261,41.36763],[-89.11437,41.36761],[-89.11523,41.3676],[-89.15426,41.36705],[-89.1551,41.36704],[-89.15668,41.36702],[-89.16468,41.36691],[-89.16478,41.37404],[-89.16484,41.37929],[-89.16492,41.38388],[-89.1653,41.40843],[-89.1806,41.40851],[-89.19594,41.40834],[-89.20056,41.40827],[-89.21942,41.40796],[-89.22199,41.40794],[-89.23872,41.40788],[-89.23887,41.40787],[-89.24675,41.40784],[-89.25814,41.40778],[-89.25818,41.40778],[-89.27751,41.40781],[-89.3257,41.40783],[-89.32571,41.39303],[-89.32572,41.38865],[-89.32571,41.38731],[-89.32569,41.38268],[-89.32568,41.37845],[-89.32567,41.36929],[-89.32576,41.3635],[-89.32561,41.34936],[-89.32186,41.34938],[-89.32088,41.34936],[-89.3208,41.34452],[-89.32065,41.34356],[-89.31986,41.34057],[-89.31974,41.33554],[-89.3193,41.33491],[-89.3184,41.33492],[-89.3184,41.33446],[-89.31603,41.33389],[-89.31603,41.33334],[-89.31534,41.32959],[-89.31683,41.32659],[-89.31759,41.32422],[-89.31592,41.32396],[-89.31119,41.32438],[-89.3112,41.32455],[-89.29654,41.32603],[-89.29653,41.32569],[-89.29225,41.32596],[-89.27742,41.32567],[-89.27742,41.32552],[-89.27733,41.32083],[-89.2774,41.31671],[-89.27172,41.32059],[-89.27119,41.32082],[-89.26885,41.32182],[-89.26354,41.32246],[-89.25912,41.32253],[-89.25537,41.32192],[-89.24943,41.31931],[-89.23983,41.31772],[-89.23357,41.31609],[-89.22866,41.31412],[-89.228,41.31383],[-89.22485,41.3131],[-89.21396,41.31222],[-89.20314,41.31226],[-89.19958,41.31192],[-89.1933,41.3106],[-89.18542,41.31016],[-89.18071,41.30917],[-89.1664,41.30912],[-89.1637,41.31019],[-89.16322,41.28005],[-89.16302,41.25858],[-89.16302,41.25761],[-89.16286,41.23594],[-89.15303,41.23594],[-89.05582,41.23616],[-89.04934,41.23636],[-89.04887,41.23635],[-89.04874,41.22666],[-89.04852,41.21431],[-89.04826,41.19238],[-89.02904,41.19248],[-89.02817,41.19235],[-88.99811,41.19259],[-88.97109,41.19267],[-88.96138,41.19266],[-88.96109,41.19266],[-88.94216,41.19265],[-88.9322,41.19268],[-88.92566,41.19274],[-88.90589,41.19293],[-88.90342,41.19295],[-88.89638,41.19302],[-88.86944,41.19331],[-88.86471,41.19335],[-88.85509,41.19344],[-88.83615,41.19357],[-88.82758,41.19366],[-88.8166,41.19374],[-88.81675,41.20831],[-88.81688,41.23733],[-88.81687,41.25196],[-88.81701,41.28117],[-88.74284,41.28145],[-88.7428,41.28145],[-88.70445,41.28151],[-88.70455,41.28647],[-88.70459,41.28865],[-88.70477,41.29962],[-88.70505,41.31608],[-88.70513,41.3209],[-88.70516,41.32211],[-88.70516,41.32392],[-88.70541,41.32986],[-88.69651,41.32834],[-88.69325,41.32775],[-88.6872,41.32667],[-88.68595,41.32711],[-88.68558,41.32711],[-88.68012,41.32574],[-88.67379,41.32347],[-88.67243,41.32292],[-88.66878,41.32187],[-88.66703,41.3214],[-88.6653,41.32121],[-88.66386,41.32107],[-88.65976,41.32063],[-88.65766,41.32028],[-88.6535,41.31922],[-88.65297,41.31902],[-88.65117,41.31829],[-88.6495,41.31765],[-88.64382,41.31549],[-88.63922,41.31367],[-88.64049,41.31329],[-88.63599,41.31137],[-88.63337,41.31091],[-88.63338,41.31082],[-88.62842,41.31029],[-88.62675,41.31013],[-88.62608,41.31014],[-88.61957,41.31219],[-88.61866,41.31078],[-88.61469,41.3111],[-88.60974,41.31115],[-88.59448,41.3114],[-88.59029,41.30916],[-88.59004,41.30346],[-88.58998,41.30226],[-88.58638,41.30387],[-88.58154,41.30773],[-88.57549,41.31173],[-88.56521,41.31655],[-88.5601,41.32002],[-88.55768,41.32128],[-88.55462,41.32202],[-88.55192,41.32304],[-88.54465,41.32478],[-88.5344,41.32634],[-88.52831,41.32782],[-88.52006,41.32909],[-88.51697,41.32983],[-88.51473,41.33044],[-88.50931,41.33089],[-88.50591,41.33163],[-88.50443,41.33061],[-88.50302,41.3308],[-88.49934,41.33212],[-88.49792,41.33312],[-88.49586,41.33575],[-88.49388,41.33709],[-88.48767,41.33887],[-88.48489,41.34004],[-88.47859,41.34183],[-88.47865,41.34253],[-88.46965,41.34334],[-88.46707,41.34409],[-88.46336,41.34574],[-88.45647,41.34751],[-88.45232,41.34839],[-88.44472,41.34907],[-88.44061,41.34925],[-88.43889,41.34952],[-88.43296,41.35225],[-88.42825,41.35349],[-88.42158,41.35371],[-88.42152,41.3574],[-88.42156,41.35833],[-88.42175,41.36471],[-88.42041,41.36519],[-88.41869,41.36598],[-88.40835,41.37237],[-88.4027,41.37599],[-88.40274,41.37857],[-88.4029,41.38703],[-88.40294,41.38951],[-88.40305,41.39431],[-88.40309,41.39591],[-88.40309,41.39631],[-88.40295,41.3964],[-88.40275,41.39653],[-88.40245,41.39676],[-88.40152,41.39756],[-88.39982,41.39915],[-88.39643,41.40124],[-88.38845,41.40382],[-88.38406,41.40624],[-88.381,41.4081],[-88.37627,41.41201],[-88.37458,41.41326],[-88.37303,41.4139],[-88.36669,41.41624],[-88.36486,41.41659],[-88.36303,41.41683],[-88.34689,41.41705],[-88.32678,41.4174],[-88.31792,41.41753],[-88.31167,41.41762],[-88.30905,41.41766],[-88.30759,41.41771],[-88.30416,41.4178],[-88.30092,41.41787],[-88.29804,41.41795],[-88.29782,41.41796],[-88.29816,41.43294],[-88.29015,41.43303],[-88.28994,41.43083],[-88.28058,41.43053],[-88.27052,41.43127],[-88.2703,41.42588],[-88.26009,41.42621],[-88.26007,41.42577],[-88.25536,41.42562],[-88.25092,41.42551],[-88.25095,41.42632],[-88.25099,41.42839],[-88.25112,41.43122],[-88.25119,41.43384],[-88.25124,41.43498],[-88.25131,41.43773],[-88.25164,41.44736],[-88.25167,41.4481],[-88.25197,41.45566],[-88.25222,41.46275],[-88.25223,41.46307],[-88.25258,41.47365],[-88.25269,41.47609],[-88.25278,41.47886],[-88.25296,41.48458],[-88.25377,41.50625],[-88.25406,41.51404],[-88.25429,41.52072],[-88.2543,41.52099],[-88.27369,41.52047],[-88.28327,41.52024],[-88.29281,41.52003],[-88.29307,41.52735],[-88.29353,41.54182],[-88.2937,41.54665],[-88.29408,41.54931],[-88.29731,41.54925],[-88.3003,41.54921],[-88.30379,41.54914],[-88.30549,41.54911],[-88.30928,41.54901],[-88.31348,41.5489],[-88.31391,41.54889],[-88.31404,41.56348],[-88.31406,41.5643],[-88.31426,41.57073],[-88.31503,41.59247],[-88.28631,41.59298],[-88.28202,41.59307],[-88.27917,41.59312],[-88.27657,41.59318],[-88.26685,41.59339],[-88.25901,41.59357],[-88.25727,41.59347],[-88.25786,41.60772],[-88.25834,41.61797],[-88.25835,41.61815],[-88.25855,41.62265],[-88.25912,41.6362],[-88.25154,41.63634],[-88.25184,41.64371],[-88.25189,41.64493],[-88.25212,41.65084],[-88.25365,41.65084],[-88.25479,41.65082],[-88.25876,41.65073],[-88.25963,41.65074],[-88.26444,41.65067],[-88.26919,41.65061],[-88.27873,41.6505],[-88.28101,41.65047],[-88.28862,41.65037],[-88.30801,41.65005],[-88.30861,41.66824],[-88.30879,41.67829],[-88.30894,41.67829],[-88.3092,41.67912],[-88.30942,41.67959],[-88.3098,41.69069],[-88.31187,41.69053],[-88.3139,41.69037],[-88.31404,41.69036],[-88.31422,41.69755],[-88.31459,41.69836],[-88.31588,41.69967],[-88.32523,41.69453],[-88.32695,41.69387],[-88.33249,41.69242],[-88.33291,41.69336],[-88.34314,41.69327],[-88.34324,41.69795],[-88.34507,41.69813],[-88.3457,41.70046],[-88.34638,41.70045],[-88.34657,41.70046],[-88.34953,41.70059],[-88.34839,41.69928],[-88.34829,41.69621],[-88.35061,41.68876],[-88.35222,41.68671],[-88.35361,41.68613],[-88.3541,41.6866],[-88.3548,41.68687],[-88.35652,41.68719],[-88.35737,41.68527],[-88.35809,41.68443],[-88.35932,41.68365],[-88.36062,41.68324],[-88.3614,41.68314],[-88.36924,41.68266],[-88.37021,41.6826],[-88.37012,41.67657],[-88.37243,41.67583],[-88.37779,41.67539],[-88.37954,41.67585],[-88.38016,41.67571],[-88.38433,41.67556],[-88.38488,41.67644],[-88.38822,41.67655],[-88.3937,41.67523],[-88.40047,41.67156],[-88.40374,41.66861],[-88.40627,41.66821],[-88.4071,41.66938],[-88.4128,41.66643],[-88.41361,41.6674],[-88.41128,41.66987],[-88.41679,41.67452],[-88.41963,41.67541],[-88.41082,41.67973],[-88.41294,41.68169],[-88.41404,41.68241],[-88.41662,41.68398],[-88.41807,41.68452],[-88.41849,41.68461],[-88.42092,41.68492],[-88.42143,41.68497],[-88.42546,41.6855],[-88.42564,41.68464],[-88.42791,41.68462],[-88.42794,41.68651],[-88.42785,41.68698],[-88.44314,41.68353],[-88.44586,41.68293],[-88.44742,41.68769],[-88.44778,41.68915],[-88.44784,41.68942],[-88.44812,41.69139],[-88.4484,41.70169],[-88.44828,41.70233],[-88.44807,41.70295],[-88.44784,41.70346],[-88.44763,41.7038],[-88.44733,41.70423],[-88.44635,41.70532],[-88.44524,41.70715],[-88.44505,41.7164],[-88.44498,41.71698],[-88.44381,41.72179],[-88.44916,41.72173],[-88.45161,41.72169],[-88.47253,41.72138],[-88.48919,41.72113],[-88.48967,41.72112],[-88.52758,41.72059],[-88.53608,41.72025],[-88.53746,41.72038],[-88.54782,41.72018],[-88.55732,41.72003],[-88.56119,41.71996],[-88.59243,41.71968],[-88.60193,41.71956],[-88.60362,41.71955],[-88.61249,41.71946],[-88.65217,41.71907],[-88.65173,41.71228],[-88.65182,41.71148],[-88.65208,41.70932],[-88.65174,41.67788],[-88.65171,41.67643],[-88.65154,41.66774],[-88.65149,41.6654],[-88.65109,41.65949],[-88.65107,41.6548],[-88.65106,41.65295],[-88.65105,41.65228],[-88.65103,41.64904],[-88.65101,41.64557],[-88.65093,41.64557],[-88.65088,41.64176],[-88.65086,41.6402],[-88.65276,41.63985],[-88.66105,41.63832],[-88.67009,41.63666],[-88.67013,41.63685],[-88.67016,41.63817],[-88.67447,41.63814],[-88.67522,41.63813],[-88.68075,41.63809],[-88.68969,41.63799],[-88.68959,41.63315],[-88.70279,41.63079],[-88.70637,41.63038],[-88.71244,41.63049],[-88.71253,41.63776],[-88.71349,41.69592],[-88.71364,41.71044],[-88.71372,41.71842],[-88.71539,41.7184],[-88.71534,41.74244],[-88.71533,41.75154],[-88.71529,41.76204],[-88.71523,41.77674],[-88.7152,41.79118],[-88.71516,41.80134],[-88.71512,41.80574],[-88.71503,41.82046],[-88.71491,41.83495],[-88.71487,41.84938],[-88.71482,41.86268],[-88.71466,41.8928],[-88.71471,41.90008],[-88.71472,41.90736],[-88.7147,41.91463],[-88.71471,41.91938],[-88.71469,41.925],[-88.71467,41.93227],[-88.71467,41.93672],[-88.71467,41.93755],[-88.71472,41.94516],[-88.71472,41.95229],[-88.7147,41.95516],[-88.71468,41.95704],[-88.71471,41.96594],[-88.71471,41.96963],[-88.71468,41.9769],[-88.71469,41.97813],[-88.71471,41.97972],[-88.71473,41.98005],[-88.73683,41.97995]]]},"properties":{"district":38}},{"type":"Feature","geometry":{"type":"Polygon","coordinates":[[[-89.51664,37.69271],[-89.51425,37.68992],[-89.51201,37.68553],[-89.51204,37.68099],[-89.51393,37.67658],[-89.51615,37.66798],[-89.51683,37.65609],[-89.5159,37.6508],[-89.51586,37.64556],[-89.51714,37.64379],[-89.51772,37.64122],[-89.51565,37.63645],[-89.51053,37.63176],[-89.50656,37.62505],[-89.50244,37.6215],[-89.50187,37.62101],[-89.48579,37.60716],[-89.4784,37.59887],[-89.47651,37.59555],[-89.47593,37.593],[-89.47603,37.59023],[-89.47755,37.58588],[-89.48112,37.58297],[-89.48606,37.58085],[-89.49405,37.58012],[-89.50954,37.58415],[-89.51394,37.58482],[-89.51654,37.5845],[-89.51981,37.58275],[-89.5208,37.58116],[-89.52127,37.57897],[-89.52152,37.57215],[-89.52173,37.56621],[-89.52192,37.56074],[-89.52109,37.5538],[-89.51705,37.53728],[-89.51645,37.53556],[-89.5124,37.52981],[-89.50746,37.52432],[-89.50292,37.51787],[-89.50023,37.51295],[-89.49769,37.50495],[-89.49205,37.49401],[-89.48212,37.48041],[-89.47552,37.47139],[-89.4712,37.46647],[-89.45457,37.45299],[-89.45097,37.45007],[-89.44565,37.44442],[-89.44349,37.44213],[-89.43977,37.4372],[-89.43413,37.42685],[-89.42594,37.40747],[-89.42459,37.40346],[-89.42246,37.39713],[-89.42132,37.39208],[-89.42105,37.38767],[-89.42204,37.38053],[-89.42818,37.35616],[-89.42944,37.35277],[-89.42974,37.35196],[-89.43284,37.34706],[-89.43604,37.34444],[-89.44756,37.34048],[-89.45472,37.33928],[-89.47457,37.33816],[-89.48421,37.33565],[-89.48652,37.33455],[-89.489,37.33337],[-89.48914,37.33325],[-89.48932,37.33308],[-89.49119,37.33136],[-89.49516,37.3248],[-89.49909,37.32149],[-89.50817,37.31566],[-89.5097,37.31426],[-89.51056,37.31289],[-89.51184,37.31083],[-89.51211,37.30997],[-89.51404,37.30378],[-89.5146,37.29932],[-89.51529,37.29693],[-89.51574,37.29536],[-89.51769,37.29204],[-89.5179,37.29124],[-89.51839,37.28935],[-89.51839,37.28907],[-89.51834,37.2855],[-89.51703,37.28192],[-89.5139,37.27716],[-89.50677,37.26854],[-89.5023,37.26374],[-89.49639,37.25847],[-89.48991,37.25132],[-89.48873,37.25151],[-89.4792,37.25305],[-89.47052,37.25336],[-89.46266,37.25152],[-89.46069,37.25058],[-89.45883,37.24866],[-89.4587,37.24831],[-89.45825,37.24707],[-89.45783,37.24259],[-89.45798,37.24188],[-89.4583,37.24037],[-89.46515,37.22658],[-89.46597,37.22492],[-89.4675,37.22184],[-89.46763,37.2182],[-89.46268,37.20335],[-89.46186,37.19952],[-89.45747,37.19083],[-89.4561,37.18812],[-89.45528,37.18688],[-89.45434,37.18546],[-89.45409,37.18509],[-89.43835,37.1614],[-89.43827,37.16129],[-89.4352,37.15209],[-89.42558,37.13824],[-89.41966,37.13121],[-89.41447,37.12505],[-89.41173,37.12251],[-89.40745,37.11931],[-89.39343,37.1112],[-89.3903,37.10904],[-89.38805,37.10748],[-89.38417,37.10327],[-89.37871,37.09459],[-89.37561,37.08594],[-89.37571,37.08051],[-89.37661,37.07767],[-89.37889,37.0705],[-89.38506,37.05801],[-89.38519,37.05775],[-89.38543,37.05513],[-89.38468,37.04825],[-89.38394,37.04644],[-89.38164,37.04301],[-89.37828,37.03961],[-89.3624,37.03016],[-89.346,37.02552],[-89.33116,37.01994],[-89.32298,37.01609],[-89.31717,37.01277],[-89.31327,37.00956],[-89.29213,36.99219],[-89.27863,36.98867],[-89.2742,36.9905],[-89.26956,36.9934],[-89.26624,36.9963],[-89.26353,37.00005],[-89.25761,37.0155],[-89.26,37.02329],[-89.26629,37.02868],[-89.27771,37.03614],[-89.29118,37.04041],[-89.30137,37.04498],[-89.30475,37.04757],[-89.3074,37.05043],[-89.3094,37.05377],[-89.31082,37.0579],[-89.30829,37.06837],[-89.30773,37.06965],[-89.29404,37.06735],[-89.28368,37.06674],[-89.28349,37.06581],[-89.28037,37.06522],[-89.26448,37.06481],[-89.25994,37.06407],[-89.25533,37.07137],[-89.25493,37.07201],[-89.24565,37.05778],[-89.23825,37.04285],[-89.23405,37.03728],[-89.22548,37.03108],[-89.21666,37.02632],[-89.20504,37.02005],[-89.20079,37.01616],[-89.19849,37.01172],[-89.19649,37.00498],[-89.19503,37.00005],[-89.19504,36.98977],[-89.1921,36.98],[-89.18549,36.97352],[-89.17723,36.97089],[-89.17001,36.9703],[-89.16177,36.97277],[-89.14988,36.97764],[-89.14411,36.97913],[-89.14081,36.97942],[-89.13268,36.9822],[-89.13844,36.98509],[-89.14814,36.99162],[-89.16067,37.00005],[-89.16645,37.00334],[-89.17112,37.00807],[-89.17285,37.01041],[-89.17359,37.01141],[-89.17897,37.02093],[-89.17945,37.02243],[-89.18064,37.02618],[-89.18085,37.02684],[-89.18251,37.03728],[-89.18137,37.0463],[-89.17938,37.05301],[-89.17572,37.06207],[-89.17188,37.06818],[-89.16809,37.07422],[-89.16703,37.07537],[-89.15565,37.08773],[-89.15417,37.08879],[-89.15244,37.09004],[-89.14967,37.09001],[-89.14711,37.09163],[-89.15055,37.09376],[-89.14746,37.09891],[-89.14285,37.09902],[-89.12507,37.10881],[-89.12115,37.11279],[-89.12046,37.11349],[-89.11069,37.12205],[-89.10359,37.13212],[-89.09905,37.14097],[-89.09733,37.14475],[-89.09667,37.1462],[-89.09575,37.15039],[-89.09293,37.15644],[-89.08722,37.16461],[-89.08653,37.1656],[-89.08524,37.16679],[-89.07622,37.17513],[-89.06434,37.18404],[-89.06275,37.18523],[-89.05804,37.18877],[-89.04372,37.20081],[-89.04126,37.20288],[-89.03757,37.20393],[-89.02998,37.21114],[-89.014,37.21609],[-89.00593,37.22188],[-89.00097,37.2244],[-88.99236,37.22648],[-88.98326,37.22869],[-88.97471,37.22971],[-88.96946,37.22828],[-88.96602,37.22634],[-88.95315,37.22481],[-88.9344,37.22479],[-88.93437,37.22509],[-88.93406,37.22772],[-88.92794,37.22616],[-88.92299,37.22491],[-88.91618,37.22399],[-88.90391,37.22007],[-88.86953,37.20971],[-88.85002,37.20223],[-88.84012,37.19843],[-88.83505,37.19649],[-88.83035,37.19506],[-88.82164,37.19242],[-88.82093,37.1922],[-88.80572,37.1886],[-88.79737,37.18485],[-88.78966,37.18022],[-88.78695,37.17858],[-88.7837,37.17594],[-88.77947,37.1725],[-88.77595,37.16878],[-88.76536,37.16266],[-88.75307,37.1547],[-88.74789,37.15238],[-88.74606,37.15156],[-88.74245,37.14932],[-88.74007,37.14784],[-88.73794,37.14651],[-88.7379,37.1465],[-88.73377,37.14469],[-88.7321,37.14396],[-88.72679,37.14226],[-88.72344,37.14119],[-88.72055,37.1407],[-88.72022,37.14064],[-88.71367,37.14138],[-88.70255,37.14265],[-88.69398,37.14116],[-88.68777,37.13938],[-88.68539,37.13846],[-88.6763,37.13496],[-88.64487,37.12284],[-88.63798,37.12131],[-88.63089,37.12101],[-88.63081,37.12101],[-88.63078,37.12101],[-88.6306,37.121],[-88.62735,37.11994],[-88.62589,37.11946],[-88.6214,37.11737],[-88.61144,37.11274],[-88.60559,37.10953],[-88.60114,37.10708],[-88.60056,37.10665],[-88.59392,37.10176],[-88.58945,37.099],[-88.58457,37.09296],[-88.58401,37.09227],[-88.58379,37.092],[-88.57424,37.08416],[-88.57395,37.08291],[-88.57325,37.08],[-88.56684,37.0755],[-88.56647,37.07578],[-88.56462,37.07719],[-88.54587,37.07057],[-88.53158,37.06719],[-88.52144,37.06558],[-88.51436,37.06523],[-88.50429,37.06558],[-88.49047,37.06825],[-88.49014,37.06831],[-88.48218,37.06737],[-88.46059,37.0743],[-88.45411,37.08199],[-88.44938,37.08761],[-88.44477,37.09526],[-88.44466,37.10051],[-88.44091,37.10764],[-88.44354,37.10919],[-88.43583,37.12506],[-88.4347,37.12642],[-88.42478,37.1499],[-88.42462,37.15097],[-88.4244,37.15243],[-88.4281,37.15776],[-88.42991,37.15867],[-88.43149,37.1603],[-88.43378,37.16407],[-88.43345,37.16587],[-88.43778,37.18001],[-88.43953,37.18174],[-88.44196,37.18904],[-88.44776,37.20353],[-88.45065,37.20705],[-88.45876,37.21354],[-88.46698,37.21703],[-88.47175,37.22016],[-88.47818,37.22725],[-88.47973,37.22961],[-88.48498,37.24077],[-88.48728,37.24408],[-88.49238,37.24844],[-88.50078,37.25358],[-88.50803,37.26026],[-88.50933,37.26213],[-88.50694,37.26666],[-88.50959,37.2734],[-88.51594,37.28404],[-88.51466,37.29095],[-88.5115,37.29853],[-88.50866,37.30335],[-88.50509,37.30786],[-88.50057,37.31782],[-88.49414,37.32769],[-88.49031,37.33504],[-88.48695,37.3396],[-88.48446,37.34561],[-88.4829,37.35345],[-88.48261,37.35492],[-88.48211,37.36462],[-88.48098,37.3679],[-88.48006,37.37057],[-88.47852,37.37505],[-88.47659,37.38688],[-88.47022,37.39625],[-88.46586,37.40055],[-88.456,37.40848],[-88.45013,37.41172],[-88.43933,37.41642],[-88.43318,37.41817],[-88.42598,37.41944],[-88.41859,37.42199],[-88.41526,37.42349],[-88.41311,37.42447],[-88.40881,37.42522],[-88.40413,37.42415],[-88.39734,37.42164],[-88.39637,37.42113],[-88.38767,37.41648],[-88.37751,37.40983],[-88.37344,37.40434],[-88.37121,37.40273],[-88.36547,37.40166],[-88.36156,37.40293],[-88.36063,37.4035],[-88.3585,37.40482],[-88.35844,37.40486],[-88.3484,37.41073],[-88.34215,37.41749],[-88.33488,37.42537],[-88.33318,37.42721],[-88.33062,37.42932],[-88.32131,37.43464],[-88.3212,37.43471],[-88.31752,37.43618],[-88.31339,37.43987],[-88.31258,37.44059],[-88.29782,37.44682],[-88.28167,37.4526],[-88.25519,37.45675],[-88.23778,37.45681],[-88.22501,37.45739],[-88.22289,37.45772],[-88.20692,37.46019],[-88.18861,37.4619],[-88.17528,37.46379],[-88.17212,37.46543],[-88.17176,37.46561],[-88.15999,37.46667],[-88.15706,37.46694],[-88.15394,37.46761],[-88.13514,37.47163],[-88.13263,37.47156],[-88.12801,37.47051],[-88.10942,37.47237],[-88.0998,37.47357],[-88.09262,37.47366],[-88.09,37.47204],[-88.08907,37.47163],[-88.08523,37.47154],[-88.08176,37.47302],[-88.0796,37.47588],[-88.0766,37.47984],[-88.07452,37.48127],[-88.07343,37.48361],[-88.07346,37.48529],[-88.07146,37.48595],[-88.06931,37.48519],[-88.06784,37.48587],[-88.06647,37.48782],[-88.06522,37.48942],[-88.06411,37.49201],[-88.06256,37.49595],[-88.06129,37.50523],[-88.06133,37.50531],[-88.06283,37.50812],[-88.06257,37.51356],[-88.06331,37.51576],[-88.06902,37.5253],[-88.07224,37.52883],[-88.07805,37.53203],[-88.08619,37.53419],[-88.08805,37.53512],[-88.09281,37.53964],[-88.09647,37.54489],[-88.10314,37.55394],[-88.10605,37.5562],[-88.12294,37.56935],[-88.12591,37.57073],[-88.13428,37.57464],[-88.13649,37.57731],[-88.14078,37.58522],[-88.14238,37.59243],[-88.14162,37.59765],[-88.14167,37.59969],[-88.14175,37.60285],[-88.15269,37.62283],[-88.15683,37.6328],[-88.15837,37.63995],[-88.15864,37.6491],[-88.16006,37.65433],[-88.16019,37.65759],[-88.15937,37.66185],[-88.15821,37.66454],[-88.15165,37.6751],[-88.14543,37.68259],[-88.13744,37.68897],[-88.13428,37.6915],[-88.13294,37.69539],[-88.13234,37.69714],[-88.13009,37.70021],[-88.12503,37.70709],[-88.12241,37.70969],[-88.12062,37.71081],[-88.1178,37.71258],[-88.11488,37.71349],[-88.10709,37.71592],[-88.10184,37.71804],[-88.09576,37.72321],[-88.0859,37.72859],[-88.08192,37.73039],[-88.07254,37.73329],[-88.07158,37.73387],[-88.0638,37.73865],[-88.05959,37.74261],[-88.04994,37.75408],[-88.04339,37.76572],[-88.0426,37.76712],[-88.04087,37.77208],[-88.04021,37.77596],[-88.03877,37.78431],[-88.03583,37.79192],[-88.03244,37.79636],[-88.02803,37.79922],[-88.02837,37.80373],[-88.03004,37.80651],[-88.03302,37.80865],[-88.03762,37.80986],[-88.04575,37.80813],[-88.05966,37.8012],[-88.06772,37.80057],[-88.0764,37.80463],[-88.07723,37.80537],[-88.09004,37.81677],[-88.09185,37.82211],[-88.09009,37.82564],[-88.08573,37.82939],[-88.08085,37.8309],[-88.07643,37.83024],[-88.06604,37.82484],[-88.05805,37.82245],[-88.04383,37.82153],[-88.03301,37.82438],[-88.02869,37.82711],[-88.02592,37.83269],[-88.02822,37.83859],[-88.03331,37.84192],[-88.04821,37.84484],[-88.05942,37.84873],[-88.06504,37.85317],[-88.06853,37.85801],[-88.07853,37.87912],[-88.08438,37.88558],[-88.09185,37.89072],[-88.09292,37.89174],[-88.09496,37.89369],[-88.09789,37.90152],[-88.09776,37.90403],[-88.09448,37.90596],[-88.08624,37.90571],[-88.07145,37.89581],[-88.05816,37.89275],[-88.05537,37.89124],[-88.04493,37.89122],[-88.03599,37.89278],[-88.02914,37.89264],[-88.02482,37.88886],[-88.02028,37.88805],[-88.01515,37.89079],[-88.01448,37.89232],[-88.01335,37.89485],[-88.01782,37.9027],[-88.01998,37.90977],[-88.02006,37.9129],[-88.02251,37.91476],[-88.03185,37.91375],[-88.03638,37.9149],[-88.05192,37.91589],[-88.06302,37.9182],[-88.06822,37.92271],[-88.06961,37.92685],[-88.06756,37.93021],[-88.05977,37.93386],[-88.05476,37.93349],[-88.05279,37.93049],[-88.04866,37.92676],[-88.0413,37.92429],[-88.03534,37.92553],[-88.03041,37.9301],[-88.03612,37.94275],[-88.03679,37.95679],[-88.03199,37.95859],[-88.02087,37.95935],[-88.01631,37.96157],[-88.01293,37.96654],[-88.01257,37.97706],[-88.02286,37.99798],[-88.02583,38.00724],[-88.02522,38.01063],[-88.02513,38.01115],[-88.02243,38.01715],[-88.02091,38.01905],[-88.01693,38.02405],[-88.00863,38.02755],[-88.00763,38.02915],[-88.00893,38.03195],[-88.01213,38.03385],[-88.01763,38.03475],[-88.02773,38.03175],[-88.03413,38.03204],[-88.04023,38.03565],[-88.04158,38.03802],[-88.0417,38.03824],[-88.04214,38.03901],[-88.04213,38.04635],[-88.03783,38.05024],[-88.03263,38.05174],[-88.02063,38.05185],[-88.00133,38.05154],[-87.97873,38.05982],[-87.96723,38.06711],[-87.95797,38.08384],[-87.95666,38.0862],[-87.95746,38.08891],[-87.95751,38.08908],[-87.95982,38.0969],[-87.96046,38.09909],[-87.96221,38.10005],[-87.96803,38.09628],[-88.0047,38.08397],[-88.01139,38.08469],[-88.01463,38.0904],[-88.01673,38.09726],[-88.01312,38.10353],[-87.99831,38.10849],[-87.98307,38.10714],[-87.9753,38.11005],[-87.97377,38.11445],[-87.97427,38.12198],[-87.97098,38.12799],[-87.97131,38.12817],[-87.99475,38.12852],[-87.99928,38.12836],[-88.03114,38.12852],[-88.03127,38.12499],[-88.07842,38.12607],[-88.08751,38.12636],[-88.10424,38.12646],[-88.11286,38.11847],[-88.12281,38.10953],[-88.12555,38.10799],[-88.1306,38.106],[-88.12978,38.10449],[-88.12978,38.09706],[-88.14349,38.09736],[-88.14627,38.09744],[-88.14704,38.09614],[-88.14973,38.09542],[-88.1492,38.09456],[-88.15236,38.09242],[-88.1537,38.09111],[-88.15412,38.09088],[-88.15326,38.09019],[-88.15241,38.08964],[-88.1524,38.09015],[-88.15155,38.08948],[-88.15033,38.08822],[-88.14759,38.08607],[-88.14651,38.08403],[-88.14615,38.08169],[-88.14304,38.07828],[-88.14235,38.07545],[-88.14507,38.0726],[-88.14675,38.06673],[-88.1484,38.06276],[-88.15251,38.05982],[-88.15258,38.05932],[-88.15532,38.05843],[-88.15718,38.05896],[-88.15991,38.06094],[-88.16208,38.06152],[-88.16547,38.06124],[-88.16775,38.05916],[-88.16996,38.05883],[-88.17414,38.06045],[-88.18041,38.06133],[-88.18371,38.06237],[-88.18848,38.06275],[-88.19142,38.0621],[-88.19698,38.05971],[-88.19713,38.05798],[-88.19357,38.05457],[-88.19192,38.04956],[-88.19091,38.04802],[-88.18798,38.03959],[-88.18822,38.03958],[-88.19425,38.03964],[-88.20813,38.03948],[-88.22656,38.03952],[-88.26443,38.03933],[-88.28286,38.03932],[-88.31984,38.03942],[-88.33819,38.03926],[-88.37395,38.03866],[-88.37399,38.03866],[-88.39988,38.0389],[-88.44436,38.03899],[-88.47052,38.03871],[-88.48445,38.03834],[-88.48445,38.03828],[-88.5766,38.03834],[-88.59478,38.03816],[-88.59636,38.03817],[-88.59666,38.03814],[-88.70585,38.038],[-88.70585,38.03786],[-88.7104,38.03789],[-88.72272,38.03804],[-88.73344,38.03824],[-88.76039,38.03847],[-88.76725,38.03825],[-88.79839,38.03748],[-88.80782,38.03752],[-88.81642,38.03747],[-88.81651,38.02536],[-88.81745,38.02529],[-88.81895,38.02615],[-88.81925,38.02338],[-88.82117,38.02141],[-88.82297,38.02105],[-88.82576,38.01849],[-88.82642,38.01594],[-88.82953,38.01411],[-88.8287,38.01286],[-88.83168,38.01028],[-88.83505,38.01105],[-88.83728,38.00964],[-88.83861,38.00917],[-88.83872,38.00907],[-88.83941,38.00929],[-88.83978,38.00931],[-88.84094,38.00877],[-88.84187,38.00719],[-88.84352,38.00542],[-88.84555,38.00477],[-88.84506,38.00292],[-88.84322,38.0028],[-88.84277,38.00254],[-88.84278,38.00139],[-88.84372,37.99964],[-88.84501,37.99868],[-88.84448,37.99794],[-88.84451,37.99749],[-88.84677,37.99613],[-88.84508,37.99535],[-88.84502,37.99491],[-88.84566,37.99446],[-88.84684,37.99425],[-88.84567,37.99339],[-88.8456,37.99306],[-88.84633,37.99258],[-88.84739,37.99239],[-88.84805,37.99249],[-88.84825,37.99267],[-88.84944,37.99352],[-88.84949,37.99229],[-88.84993,37.99109],[-88.85045,37.9906],[-88.85171,37.99015],[-88.85114,37.98877],[-88.85113,37.98814],[-88.85177,37.98774],[-88.85382,37.98738],[-88.85384,37.98673],[-88.85385,37.9861],[-88.85582,37.9858],[-88.85615,37.98505],[-88.85798,37.98687],[-88.85901,37.9859],[-88.85817,37.98818],[-88.85994,37.98839],[-88.86322,37.98584],[-88.86531,37.98577],[-88.8663,37.98397],[-88.86731,37.98283],[-88.86762,37.98244],[-88.86813,37.98212],[-88.86892,37.98188],[-88.87035,37.98201],[-88.87063,37.98112],[-88.86944,37.97942],[-88.86921,37.97875],[-88.86953,37.97811],[-88.86949,37.97757],[-88.8688,37.97691],[-88.86884,37.97643],[-88.86907,37.9761],[-88.86958,37.97583],[-88.87105,37.9755],[-88.87127,37.97525],[-88.87137,37.97484],[-88.87158,37.97466],[-88.87192,37.97454],[-88.87254,37.97447],[-88.87283,37.97435],[-88.87283,37.9742],[-88.87238,37.97388],[-88.87105,37.97237],[-88.87006,37.9723],[-88.86985,37.97215],[-88.86985,37.97205],[-88.87,37.9718],[-88.87033,37.97156],[-88.87087,37.97128],[-88.87161,37.97097],[-88.87216,37.97066],[-88.8717,37.96941],[-88.87238,37.96873],[-88.87282,37.96873],[-88.87533,37.96856],[-88.87796,37.96732],[-88.87891,37.96434],[-88.87881,37.96238],[-88.88233,37.96209],[-88.88047,37.96102],[-88.88036,37.96101],[-88.88079,37.9607],[-88.88196,37.96085],[-88.88256,37.96062],[-88.88308,37.96063],[-88.88364,37.96091],[-88.88266,37.95934],[-88.88258,37.95915],[-88.88279,37.95891],[-88.88321,37.95881],[-88.88348,37.95887],[-88.88389,37.95917],[-88.88416,37.95926],[-88.88478,37.95917],[-88.88495,37.95917],[-88.88534,37.96002],[-88.88614,37.95957],[-88.88653,37.96],[-88.88607,37.95861],[-88.88613,37.95831],[-88.88716,37.95743],[-88.88618,37.95678],[-88.88619,37.95645],[-88.8864,37.95628],[-88.88659,37.95621],[-88.88705,37.95615],[-88.88744,37.9562],[-88.88803,37.95634],[-88.88832,37.95621],[-88.88706,37.95483],[-88.88719,37.95385],[-88.88757,37.95334],[-88.88798,37.95335],[-88.88831,37.9526],[-88.88879,37.95225],[-88.88983,37.95212],[-88.89003,37.95141],[-88.89032,37.95105],[-88.89236,37.95057],[-88.89251,37.95057],[-88.89463,37.95056],[-88.89479,37.95058],[-88.90047,37.95054],[-88.92419,37.95039],[-88.92873,37.95027],[-88.98415,37.95014],[-88.99434,37.95011],[-88.99959,37.95022],[-88.99982,37.95021],[-89.00199,37.95006],[-89.00202,37.95006],[-89.00276,37.95017],[-89.02811,37.95005],[-89.03969,37.95006],[-89.05359,37.95005],[-89.07671,37.95007],[-89.12083,37.95003],[-89.13819,37.95003],[-89.13858,37.95047],[-89.14622,37.95031],[-89.15083,37.9502],[-89.1776,37.95031],[-89.18052,37.95036],[-89.20119,37.95021],[-89.20618,37.9502],[-89.23762,37.95037],[-89.26231,37.95049],[-89.2631,37.92141],[-89.26307,37.92121],[-89.26301,37.91762],[-89.26411,37.86477],[-89.26419,37.86426],[-89.26423,37.86307],[-89.26447,37.84831],[-89.26527,37.82015],[-89.26576,37.79147],[-89.26626,37.77494],[-89.26622,37.77472],[-89.26657,37.76298],[-89.26657,37.76283],[-89.26755,37.76288],[-89.26954,37.76508],[-89.2725,37.76679],[-89.27743,37.77044],[-89.27919,37.77111],[-89.28426,37.77177],[-89.28432,37.77167],[-89.28407,37.77141],[-89.28393,37.7711],[-89.28394,37.77088],[-89.28409,37.77045],[-89.28416,37.77016],[-89.28435,37.77003],[-89.28456,37.76999],[-89.28472,37.77015],[-89.28499,37.77063],[-89.28514,37.77076],[-89.28522,37.7707],[-89.28527,37.77035],[-89.28544,37.77014],[-89.28577,37.77015],[-89.28619,37.76982],[-89.28654,37.76973],[-89.28688,37.76954],[-89.28728,37.76949],[-89.28778,37.76951],[-89.2881,37.76943],[-89.28845,37.76916],[-89.2886,37.76881],[-89.28854,37.76859],[-89.2882,37.76855],[-89.28787,37.76873],[-89.2877,37.76865],[-89.28795,37.76809],[-89.28797,37.76782],[-89.28774,37.76763],[-89.28741,37.76747],[-89.28752,37.76733],[-89.28833,37.76715],[-89.28868,37.76691],[-89.2888,37.76662],[-89.28875,37.76647],[-89.28852,37.76628],[-89.28733,37.76633],[-89.28702,37.76615],[-89.2869,37.76558],[-89.28697,37.76558],[-89.28726,37.76495],[-89.28921,37.76427],[-89.28967,37.76306],[-89.28992,37.76196],[-89.2909,37.76193],[-89.29315,37.76194],[-89.29199,37.75964],[-89.29241,37.75805],[-89.2905,37.75762],[-89.29051,37.7565],[-89.28861,37.75563],[-89.28856,37.75442],[-89.28867,37.75291],[-89.29215,37.75293],[-89.29299,37.75185],[-89.29211,37.75107],[-89.29295,37.74873],[-89.29179,37.7469],[-89.30421,37.74636],[-89.30538,37.74482],[-89.30539,37.74218],[-89.30718,37.74287],[-89.31071,37.74716],[-89.31304,37.74869],[-89.32149,37.75192],[-89.32394,37.74722],[-89.3242,37.74459],[-89.32416,37.72955],[-89.32376,37.7273],[-89.32099,37.71861],[-89.31969,37.71066],[-89.31953,37.70896],[-89.31989,37.68747],[-89.32194,37.68722],[-89.36096,37.68751],[-89.36956,37.68788],[-89.37507,37.68775],[-89.38051,37.688],[-89.38789,37.68829],[-89.40838,37.68907],[-89.4351,37.68986],[-89.45433,37.6923],[-89.49129,37.69252],[-89.50335,37.69261],[-89.50515,37.69262],[-89.5065,37.69255],[-89.51166,37.69269],[-89.51664,37.69271]]]},"properties":{"district":59}},{"type":"Feature","geometry":{"type":"Polygon","coordinates":[[[-88.02198,41.94637],[-88.02251,41.9393],[-88.01675,41.93944],[-88.01452,41.93949],[-88.01452,41.93942],[-88.01386,41.9395],[-88.01318,41.93952],[-88.01319,41.93779],[-88.0132,41.9377],[-88.01318,41.93625],[-88.01312,41.93619],[-88.00901,41.93629],[-88.00339,41.93624],[-88.00338,41.93114],[-88.00337,41.92928],[-87.99947,41.92895],[-87.99907,41.92662],[-87.99794,41.92665],[-87.99739,41.92666],[-87.99358,41.92715],[-87.98866,41.92721],[-87.98865,41.92913],[-87.98865,41.93183],[-87.98744,41.9315],[-87.97935,41.92933],[-87.9778,41.92894],[-87.97795,41.92954],[-87.9771,41.93088],[-87.97342,41.92898],[-87.96925,41.92785],[-87.96669,41.92753],[-87.96012,41.92681],[-87.95733,41.9305],[-87.95458,41.93064],[-87.95375,41.93073],[-87.95362,41.93074],[-87.93964,41.93141],[-87.93652,41.93156],[-87.93379,41.93166],[-87.93194,41.9316],[-87.92995,41.93154],[-87.92539,41.93145],[-87.92029,41.9313],[-87.92033,41.92496],[-87.92033,41.9241],[-87.92034,41.92157],[-87.92036,41.91742],[-87.92039,41.91404],[-87.92042,41.90684],[-87.90815,41.90706],[-87.90799,41.90304],[-87.90575,41.90233],[-87.8984,41.90081],[-87.88506,41.8974],[-87.88363,41.89717],[-87.88136,41.89695],[-87.87993,41.89711],[-87.87731,41.89742],[-87.87136,41.89635],[-87.86689,41.89529],[-87.86409,41.89481],[-87.86156,41.8944],[-87.85662,41.89341],[-87.85045,41.89209],[-87.84812,41.89159],[-87.84432,41.89077],[-87.84451,41.89618],[-87.84455,41.8971],[-87.84459,41.89839],[-87.84086,41.89841],[-87.83964,41.89833],[-87.83988,41.90464],[-87.83485,41.90463],[-87.83493,41.90629],[-87.83185,41.90409],[-87.83237,41.90359],[-87.8342,41.89862],[-87.83465,41.89726],[-87.83466,41.89542],[-87.83361,41.89373],[-87.83016,41.89155],[-87.82983,41.88989],[-87.83263,41.88833],[-87.8331,41.8877],[-87.8336,41.88672],[-87.83318,41.88497],[-87.83036,41.88278],[-87.82701,41.87971],[-87.82732,41.87917],[-87.81932,41.87935],[-87.81944,41.88303],[-87.81959,41.88695],[-87.81963,41.88824],[-87.81779,41.88828],[-87.81774,41.88698],[-87.81472,41.88702],[-87.81472,41.88687],[-87.81462,41.88416],[-87.81458,41.88307],[-87.80971,41.88315],[-87.80962,41.88315],[-87.80616,41.8832],[-87.80476,41.88139],[-87.80472,41.87964],[-87.80451,41.8738],[-87.8044,41.87048],[-87.80346,41.86864],[-87.7991,41.86871],[-87.79387,41.86881],[-87.78899,41.86889],[-87.78408,41.86897],[-87.77917,41.86905],[-87.77426,41.86911],[-87.7743,41.87092],[-87.77441,41.87277],[-87.77453,41.87642],[-87.77466,41.88015],[-87.77478,41.88413],[-87.77488,41.88707],[-87.77489,41.88741],[-87.77001,41.88748],[-87.77,41.88714],[-87.76511,41.8872],[-87.76518,41.88929],[-87.76435,41.8911],[-87.7605,41.89115],[-87.76057,41.89296],[-87.76064,41.89489],[-87.76077,41.89854],[-87.76093,41.90219],[-87.76102,41.904],[-87.76106,41.90581],[-87.76212,41.90761],[-87.76336,41.9076],[-87.76585,41.90757],[-87.76572,41.90938],[-87.76555,41.90994],[-87.76563,41.91267],[-87.76565,41.91303],[-87.76574,41.91452],[-87.76574,41.91662],[-87.77547,41.91655],[-87.78523,41.91645],[-87.78742,41.9168],[-87.78935,41.91749],[-87.79013,41.91846],[-87.79041,41.92364],[-87.79279,41.92362],[-87.79768,41.92358],[-87.80074,41.92355],[-87.80321,41.92354],[-87.80625,41.92401],[-87.81363,41.92515],[-87.81369,41.92711],[-87.81375,41.92892],[-87.81132,41.92923],[-87.81138,41.93078],[-87.81198,41.93077],[-87.81205,41.93259],[-87.81633,41.93249],[-87.81876,41.93245],[-87.81883,41.93427],[-87.81895,41.93746],[-87.82385,41.93779],[-87.82625,41.93775],[-87.82632,41.93775],[-87.83,41.93768],[-87.83481,41.93758],[-87.83606,41.93756],[-87.83583,41.93085],[-87.84135,41.93208],[-87.84388,41.92995],[-87.84546,41.92968],[-87.84606,41.92955],[-87.8455,41.92845],[-87.84389,41.9259],[-87.84285,41.92467],[-87.84126,41.92309],[-87.84176,41.92289],[-87.85252,41.92261],[-87.85464,41.92254],[-87.85616,41.9268],[-87.85704,41.92919],[-87.85782,41.93153],[-87.8583,41.93152],[-87.85873,41.93273],[-87.85825,41.93275],[-87.85881,41.93429],[-87.86549,41.93622],[-87.86551,41.93684],[-87.86569,41.94041],[-87.86586,41.94403],[-87.86594,41.94584],[-87.87565,41.94566],[-87.87567,41.94613],[-87.87811,41.9464],[-87.8805,41.94555],[-87.88539,41.94556],[-87.88568,41.95328],[-87.89066,41.95343],[-87.89046,41.95463],[-87.89076,41.95803],[-87.8843,41.95753],[-87.8837,41.95813],[-87.88073,41.96048],[-87.88088,41.97308],[-87.87787,41.97304],[-87.87765,41.97306],[-87.87885,41.97796],[-87.87904,41.98104],[-87.87918,41.98811],[-87.88433,41.99321],[-87.88453,41.99513],[-87.88449,41.99797],[-87.88453,41.99822],[-87.88454,41.99896],[-87.88453,42.00241],[-87.88474,42.00601],[-87.8906,42.00582],[-87.8906,42.00948],[-87.89182,42.00944],[-87.89279,42.00941],[-87.8942,42.00936],[-87.89997,42.00918],[-87.90333,42.00906],[-87.90608,42.00898],[-87.90771,42.00892],[-87.90889,42.00889],[-87.91291,42.00873],[-87.91377,42.0087],[-87.91872,42.00854],[-87.92056,42.00847],[-87.93049,42.00823],[-87.93132,42.00822],[-87.93356,42.00818],[-87.93467,42.00817],[-87.93555,42.00815],[-87.94025,42.00831],[-87.94025,42.00717],[-87.9401,42.00079],[-87.94007,41.99973],[-87.94003,41.99813],[-87.93995,41.99348],[-87.94717,41.99338],[-87.95289,41.99328],[-87.95923,41.99317],[-87.95947,41.99317],[-87.95943,41.98215],[-87.95934,41.97307],[-87.95933,41.9718],[-87.95943,41.96086],[-87.95924,41.95967],[-87.95924,41.95945],[-87.95945,41.95948],[-87.95945,41.9571],[-87.95948,41.95399],[-87.95929,41.95186],[-87.95929,41.95155],[-87.9593,41.95026],[-87.9593,41.94981],[-87.95951,41.94829],[-87.95951,41.94827],[-87.95951,41.94799],[-87.9596,41.9467],[-87.95984,41.94555],[-87.95966,41.94555],[-87.9603,41.94397],[-87.96137,41.94239],[-87.96513,41.93844],[-87.96621,41.93666],[-87.96753,41.93688],[-87.969,41.93684],[-87.96909,41.93684],[-87.9691,41.93653],[-87.9738,41.93618],[-87.97572,41.93626],[-87.97649,41.93663],[-87.97778,41.93661],[-87.98126,41.93654],[-87.98136,41.93833],[-87.98314,41.93823],[-87.98489,41.93997],[-87.98557,41.94057],[-87.98867,41.94253],[-87.99604,41.94582],[-87.99828,41.94696],[-87.99828,41.9468],[-88.00332,41.949],[-88.00333,41.94877],[-88.00363,41.9489],[-88.01392,41.94865],[-88.01461,41.94832],[-88.01557,41.94863],[-88.01825,41.94833],[-88.02204,41.94838],[-88.02198,41.94637]]]},"properties":{"district":39}},{"type":"Feature","geometry":{"type":"Polygon","coordinates":[[[-87.74169,42.12827],[-87.74173,42.12419],[-87.74154,42.11963],[-87.74445,42.11934],[-87.74498,42.11943],[-87.74515,42.11934],[-87.74565,42.11911],[-87.74592,42.11944],[-87.7513,42.11952],[-87.75274,42.11965],[-87.75274,42.11953],[-87.75301,42.11953],[-87.75301,42.1196],[-87.75301,42.11965],[-87.75616,42.11947],[-87.75859,42.11969],[-87.76072,42.11976],[-87.769,42.11974],[-87.77036,42.12004],[-87.77038,42.11974],[-87.77204,42.11973],[-87.77167,42.11864],[-87.77042,42.11827],[-87.77071,42.10863],[-87.76596,42.10873],[-87.76169,42.10851],[-87.76104,42.10863],[-87.76115,42.10518],[-87.75636,42.10483],[-87.75642,42.10129],[-87.75636,42.09753],[-87.75646,42.094],[-87.75155,42.09395],[-87.7517,42.0936],[-87.75163,42.08669],[-87.75166,42.08488],[-87.75179,42.07944],[-87.75663,42.0795],[-87.76467,42.07958],[-87.77125,42.0797],[-87.77775,42.0798],[-87.78097,42.07983],[-87.79078,42.07994],[-87.79845,42.08001],[-87.80017,42.08003],[-87.79997,42.08573],[-87.79822,42.08577],[-87.79812,42.08726],[-87.79805,42.08835],[-87.80035,42.089],[-87.80038,42.08729],[-87.8024,42.0873],[-87.80532,42.09012],[-87.80648,42.09288],[-87.80571,42.09445],[-87.8051,42.09591],[-87.80467,42.09649],[-87.80392,42.0972],[-87.79831,42.09702],[-87.79837,42.09776],[-87.79899,42.10538],[-87.79916,42.10691],[-87.80156,42.11016],[-87.80428,42.11353],[-87.80566,42.11511],[-87.80708,42.11642],[-87.81129,42.12008],[-87.81214,42.12135],[-87.81679,42.11642],[-87.81689,42.11642],[-87.81949,42.11644],[-87.81971,42.11644],[-87.82074,42.11644],[-87.82347,42.11645],[-87.82392,42.11645],[-87.82934,42.11647],[-87.83179,42.11648],[-87.8324,42.1165],[-87.83359,42.1165],[-87.83356,42.11943],[-87.83463,42.1193],[-87.83905,42.11929],[-87.83908,42.11654],[-87.84032,42.11654],[-87.84886,42.1166],[-87.85371,42.11661],[-87.85378,42.10755],[-87.85483,42.10755],[-87.85582,42.10755],[-87.85679,42.10755],[-87.85877,42.10756],[-87.85879,42.10574],[-87.86177,42.10575],[-87.86392,42.10576],[-87.86523,42.10586],[-87.86706,42.10627],[-87.86814,42.10666],[-87.86816,42.09128],[-87.86711,42.08734],[-87.86637,42.08462],[-87.86621,42.08288],[-87.86597,42.0818],[-87.86728,42.0659],[-87.86524,42.0659],[-87.86381,42.06726],[-87.86352,42.06757],[-87.86164,42.06952],[-87.86148,42.0695],[-87.8595,42.0696],[-87.85866,42.06961],[-87.85728,42.06953],[-87.85568,42.06959],[-87.85583,42.07021],[-87.85581,42.07154],[-87.85452,42.07153],[-87.85255,42.06957],[-87.85239,42.0694],[-87.85066,42.06767],[-87.84983,42.06679],[-87.8489,42.06583],[-87.84681,42.06582],[-87.83994,42.06579],[-87.83815,42.06578],[-87.83552,42.06577],[-87.8294,42.06574],[-87.8295,42.06377],[-87.82936,42.06208],[-87.82942,42.06163],[-87.82965,42.05595],[-87.82865,42.05481],[-87.82558,42.05488],[-87.81965,42.055],[-87.81566,42.05509],[-87.81527,42.0551],[-87.81183,42.05518],[-87.81093,42.05519],[-87.80604,42.0552],[-87.79953,42.05522],[-87.79569,42.05523],[-87.79553,42.05523],[-87.78567,42.05524],[-87.77577,42.05529],[-87.77517,42.0553],[-87.77492,42.05403],[-87.77487,42.05181],[-87.77495,42.04818],[-87.77495,42.0481],[-87.7751,42.04273],[-87.77388,42.04273],[-87.77022,42.04273],[-87.77028,42.04093],[-87.76906,42.04093],[-87.76418,42.04091],[-87.76421,42.04008],[-87.76424,42.03941],[-87.76427,42.03859],[-87.76591,42.0371],[-87.76594,42.03593],[-87.76516,42.03592],[-87.76517,42.03566],[-87.76431,42.03566],[-87.7644,42.03366],[-87.76194,42.03364],[-87.76145,42.03431],[-87.76058,42.03546],[-87.75941,42.03699],[-87.7594,42.03725],[-87.75921,42.03724],[-87.75783,42.03904],[-87.75684,42.04039],[-87.75686,42.04085],[-87.75272,42.04081],[-87.75064,42.04079],[-87.7512,42.03897],[-87.74714,42.03894],[-87.74708,42.04075],[-87.7465,42.04075],[-87.74608,42.03531],[-87.74724,42.03532],[-87.74729,42.03352],[-87.74005,42.03351],[-87.74007,42.03307],[-87.73886,42.03307],[-87.73885,42.03351],[-87.73764,42.03351],[-87.73281,42.03351],[-87.72677,42.03352],[-87.72315,42.03356],[-87.72074,42.03358],[-87.72064,42.0372],[-87.71822,42.03722],[-87.71581,42.03725],[-87.71585,42.03544],[-87.70987,42.03533],[-87.7099,42.03369],[-87.70866,42.03368],[-87.70884,42.0264],[-87.70893,42.02265],[-87.70866,42.01914],[-87.70194,42.01928],[-87.69959,42.01933],[-87.69488,42.01943],[-87.69492,42.01671],[-87.69493,42.01581],[-87.69729,42.01575],[-87.69734,42.01303],[-87.69498,42.01306],[-87.69499,42.01218],[-87.69497,42.00946],[-87.69496,42.00765],[-87.69495,42.00495],[-87.69491,42.0031],[-87.69368,42.00313],[-87.69002,42.00319],[-87.69007,42.00503],[-87.68382,42.00514],[-87.68385,42.00638],[-87.68801,42.00629],[-87.68805,42.0072],[-87.68812,42.00991],[-87.69019,42.00982],[-87.69025,42.01228],[-87.6902,42.01682],[-87.6902,42.01744],[-87.69017,42.01953],[-87.68465,42.01949],[-87.68045,42.01945],[-87.67685,42.01941],[-87.67339,42.01938],[-87.67331,42.01939],[-87.67311,42.01939],[-87.67308,42.02118],[-87.67424,42.02254],[-87.67188,42.02252],[-87.67188,42.02299],[-87.67115,42.02304],[-87.66615,42.02313],[-87.66898,42.02914],[-87.6697,42.03382],[-87.67083,42.04108],[-87.67108,42.04274],[-87.67112,42.04282],[-87.67212,42.04535],[-87.67316,42.04798],[-87.67164,42.05084],[-87.67106,42.05194],[-87.67086,42.05232],[-87.67051,42.05298],[-87.67087,42.05503],[-87.67146,42.05833],[-87.67347,42.06155],[-87.67984,42.07171],[-87.68236,42.07573],[-87.68146,42.07844],[-87.68557,42.08031],[-87.69097,42.08277],[-87.69452,42.08438],[-87.69971,42.08783],[-87.70143,42.08898],[-87.70222,42.0895],[-87.70267,42.08981],[-87.70659,42.09241],[-87.71094,42.09532],[-87.71096,42.09533],[-87.71221,42.09646],[-87.71702,42.10081],[-87.71717,42.10095],[-87.7246,42.10767],[-87.72466,42.10773],[-87.7306,42.11467],[-87.73194,42.11711],[-87.73616,42.12081],[-87.74112,42.12749],[-87.74166,42.12823],[-87.74169,42.12827]]]},"properties":{"district":9}},{"type":"Feature","geometry":{"type":"Polygon","coordinates":[[[-90.26383,38.52051],[-90.26395,38.52017],[-90.26881,38.50615],[-90.26999,38.5014],[-90.27131,38.49605],[-90.27478,38.48663],[-90.27491,38.48625],[-90.27591,38.47955],[-90.27771,38.4757],[-90.27921,38.47245],[-90.28268,38.45754],[-90.284,38.45185],[-90.28584,38.44573],[-90.28749,38.4402],[-90.28778,38.43923],[-90.29278,38.42865],[-90.29729,38.4254],[-90.31233,38.41455],[-90.3144,38.41248],[-90.32618,38.40068],[-90.32684,38.4002],[-90.33024,38.39772],[-90.33409,38.3949],[-90.3345,38.3946],[-90.3409,38.38881],[-90.34205,38.38722],[-90.34359,38.3851],[-90.34751,38.37969],[-90.34913,38.37746],[-90.35483,38.36389],[-90.35632,38.36035],[-90.36822,38.34025],[-90.37082,38.33355],[-90.37252,38.32335],[-90.37251,38.32303],[-90.37172,38.30435],[-90.37266,38.28623],[-90.37147,38.27938],[-90.36838,38.26164],[-90.36813,38.26018],[-90.36786,38.258],[-90.36669,38.24838],[-90.36639,38.24587],[-90.3634,38.23652],[-90.35956,38.22453],[-90.35618,38.2175],[-90.35579,38.21689],[-90.35543,38.21631],[-90.3539,38.21386],[-90.33426,38.18993],[-90.33155,38.18758],[-90.32235,38.18159],[-90.31684,38.17946],[-90.31063,38.17857],[-90.30049,38.17525],[-90.29076,38.17045],[-90.28309,38.16445],[-90.27493,38.15762],[-90.25576,38.13196],[-90.25266,38.12781],[-90.25248,38.12757],[-90.25012,38.12505],[-90.24312,38.11267],[-90.21871,38.09437],[-90.20535,38.08666],[-90.20207,38.08476],[-90.17716,38.07115],[-90.17222,38.06964],[-90.16341,38.07435],[-90.16156,38.07489],[-90.15785,38.0748],[-90.14455,38.06902],[-90.13079,38.06234],[-90.12816,38.05964],[-90.1264,38.0549],[-90.12601,38.05057],[-90.12661,38.04398],[-90.12619,38.0407],[-90.11742,38.03171],[-90.11397,38.02913],[-90.11052,38.02655],[-90.09447,38.01819],[-90.09377,38.01783],[-90.08826,38.01577],[-90.08096,38.01543],[-90.07228,38.017],[-90.06504,38.01688],[-90.05937,38.01554],[-90.05917,38.01543],[-90.05727,38.01436],[-90.0554,38.01195],[-90.05243,38.00615],[-90.04916,38.00418],[-90.04053,38.00005],[-90.03561,37.9977],[-90.03169,37.99503],[-90.02159,37.9854],[-90.01624,37.97968],[-90.00533,37.96801],[-90.00011,37.96456],[-89.9971,37.96323],[-89.98866,37.96181],[-89.98454,37.96222],[-89.97892,37.96279],[-89.9642,37.96457],[-89.94075,37.97104],[-89.93931,37.96647],[-89.93676,37.96287],[-89.937,37.96139],[-89.93586,37.95957],[-89.93373,37.95915],[-89.92508,37.96002],[-89.92507,37.95982],[-89.92481,37.95582],[-89.92539,37.95413],[-89.93247,37.9475],[-89.93793,37.94619],[-89.94743,37.94034],[-89.95965,37.9402],[-89.96227,37.93436],[-89.96836,37.93146],[-89.97492,37.92672],[-89.97422,37.91922],[-89.97364,37.91766],[-89.97165,37.91526],[-89.96429,37.90295],[-89.95361,37.88508],[-89.9525,37.88322],[-89.95059,37.88153],[-89.9394,37.87574],[-89.93819,37.87511],[-89.93738,37.87469],[-89.92318,37.87067],[-89.91332,37.86964],[-89.90183,37.86982],[-89.8973,37.87161],[-89.88147,37.87959],[-89.87659,37.88329],[-89.87238,37.88778],[-89.86699,37.89352],[-89.86295,37.89691],[-89.85105,37.90398],[-89.84479,37.90557],[-89.84384,37.90541],[-89.84265,37.9052],[-89.83718,37.90229],[-89.83625,37.9018],[-89.81365,37.88771],[-89.80391,37.88299],[-89.79933,37.88152],[-89.79804,37.87966],[-89.79768,37.8742],[-89.79983,37.87137],[-89.80036,37.86863],[-89.79609,37.85951],[-89.79372,37.85705],[-89.78637,37.85173],[-89.78203,37.85509],[-89.77983,37.8539],[-89.77431,37.85212],[-89.76522,37.85178],[-89.76199,37.85066],[-89.75736,37.84761],[-89.7541,37.84636],[-89.74996,37.84698],[-89.74986,37.84698],[-89.73987,37.84693],[-89.73644,37.84349],[-89.73274,37.83851],[-89.72943,37.83508],[-89.71748,37.82572],[-89.70345,37.81718],[-89.70284,37.81681],[-89.69656,37.81434],[-89.68285,37.80779],[-89.6776,37.80507],[-89.67442,37.80301],[-89.66964,37.79992],[-89.66398,37.7908],[-89.66132,37.7882],[-89.66038,37.7863],[-89.66023,37.78103],[-89.66119,37.77573],[-89.662,37.77375],[-89.66413,37.76851],[-89.66647,37.7642],[-89.66799,37.75948],[-89.66555,37.75209],[-89.66335,37.75005],[-89.65845,37.74771],[-89.64953,37.7455],[-89.64543,37.74611],[-89.63337,37.74578],[-89.62801,37.74814],[-89.62402,37.74912],[-89.61728,37.74972],[-89.61639,37.74917],[-89.61593,37.74818],[-89.61619,37.74428],[-89.61559,37.74235],[-89.61316,37.74054],[-89.61248,37.74004],[-89.60876,37.73968],[-89.60241,37.73649],[-89.60097,37.73561],[-89.59657,37.73289],[-89.59129,37.7236],[-89.58721,37.71751],[-89.58408,37.71409],[-89.58332,37.71326],[-89.57352,37.70907],[-89.5667,37.70719],[-89.53865,37.70105],[-89.53143,37.70033],[-89.52573,37.69844],[-89.52195,37.69648],[-89.51668,37.69276],[-89.51664,37.69271],[-89.51166,37.69269],[-89.5065,37.69255],[-89.50515,37.69262],[-89.50335,37.69261],[-89.49129,37.69252],[-89.45433,37.6923],[-89.4351,37.68986],[-89.40838,37.68907],[-89.38789,37.68829],[-89.38051,37.688],[-89.37507,37.68775],[-89.36956,37.68788],[-89.36096,37.68751],[-89.32194,37.68722],[-89.31989,37.68747],[-89.31953,37.70896],[-89.31969,37.71066],[-89.32099,37.71861],[-89.32376,37.7273],[-89.32416,37.72955],[-89.3242,37.74459],[-89.32394,37.74722],[-89.32149,37.75192],[-89.31304,37.74869],[-89.31071,37.74716],[-89.30718,37.74287],[-89.30539,37.74218],[-89.30538,37.74482],[-89.30421,37.74636],[-89.29179,37.7469],[-89.29295,37.74873],[-89.29211,37.75107],[-89.29299,37.75185],[-89.29215,37.75293],[-89.28867,37.75291],[-89.28856,37.75442],[-89.28861,37.75563],[-89.29051,37.7565],[-89.2905,37.75762],[-89.29241,37.75805],[-89.29199,37.75964],[-89.29315,37.76194],[-89.2909,37.76193],[-89.28992,37.76196],[-89.28967,37.76306],[-89.28921,37.76427],[-89.28726,37.76495],[-89.28697,37.76558],[-89.2869,37.76558],[-89.28702,37.76615],[-89.28733,37.76633],[-89.28852,37.76628],[-89.28875,37.76647],[-89.2888,37.76662],[-89.28868,37.76691],[-89.28833,37.76715],[-89.28752,37.76733],[-89.28741,37.76747],[-89.28774,37.76763],[-89.28797,37.76782],[-89.28795,37.76809],[-89.2877,37.76865],[-89.28787,37.76873],[-89.2882,37.76855],[-89.28854,37.76859],[-89.2886,37.76881],[-89.28845,37.76916],[-89.2881,37.76943],[-89.28778,37.76951],[-89.28728,37.76949],[-89.28688,37.76954],[-89.28654,37.76973],[-89.28619,37.76982],[-89.28577,37.77015],[-89.28544,37.77014],[-89.28527,37.77035],[-89.28522,37.7707],[-89.28514,37.77076],[-89.28499,37.77063],[-89.28472,37.77015],[-89.28456,37.76999],[-89.28435,37.77003],[-89.28416,37.77016],[-89.28409,37.77045],[-89.28394,37.77088],[-89.28393,37.7711],[-89.28407,37.77141],[-89.28432,37.77167],[-89.28426,37.77177],[-89.27919,37.77111],[-89.27743,37.77044],[-89.2725,37.76679],[-89.26954,37.76508],[-89.26755,37.76288],[-89.26657,37.76283],[-89.26657,37.76298],[-89.26622,37.77472],[-89.26626,37.77494],[-89.26576,37.79147],[-89.26527,37.82015],[-89.26447,37.84831],[-89.26423,37.86307],[-89.26419,37.86426],[-89.26411,37.86477],[-89.26301,37.91762],[-89.26307,37.92121],[-89.2631,37.92141],[-89.26231,37.95049],[-89.23762,37.95037],[-89.20618,37.9502],[-89.20119,37.95021],[-89.18052,37.95036],[-89.1776,37.95031],[-89.15083,37.9502],[-89.14622,37.95031],[-89.13858,37.95047],[-89.13819,37.95003],[-89.12083,37.95003],[-89.07671,37.95007],[-89.05359,37.95005],[-89.03969,37.95006],[-89.02811,37.95005],[-89.00276,37.95017],[-89.00202,37.95006],[-89.00199,37.95006],[-88.99982,37.95021],[-88.99959,37.95022],[-88.99434,37.95011],[-88.98415,37.95014],[-88.92873,37.95027],[-88.92419,37.95039],[-88.90047,37.95054],[-88.89479,37.95058],[-88.89463,37.95056],[-88.89251,37.95057],[-88.89236,37.95057],[-88.89032,37.95105],[-88.89003,37.95141],[-88.88983,37.95212],[-88.88879,37.95225],[-88.88831,37.9526],[-88.88798,37.95335],[-88.88757,37.95334],[-88.88719,37.95385],[-88.88706,37.95483],[-88.88832,37.95621],[-88.88803,37.95634],[-88.88744,37.9562],[-88.88705,37.95615],[-88.88659,37.95621],[-88.8864,37.95628],[-88.88619,37.95645],[-88.88618,37.95678],[-88.88716,37.95743],[-88.88613,37.95831],[-88.88607,37.95861],[-88.88653,37.96],[-88.88614,37.95957],[-88.88534,37.96002],[-88.88495,37.95917],[-88.88478,37.95917],[-88.88416,37.95926],[-88.88389,37.95917],[-88.88348,37.95887],[-88.88321,37.95881],[-88.88279,37.95891],[-88.88258,37.95915],[-88.88266,37.95934],[-88.88364,37.96091],[-88.88308,37.96063],[-88.88256,37.96062],[-88.88196,37.96085],[-88.88079,37.9607],[-88.88036,37.96101],[-88.88047,37.96102],[-88.88233,37.96209],[-88.87881,37.96238],[-88.87891,37.96434],[-88.87796,37.96732],[-88.87533,37.96856],[-88.87282,37.96873],[-88.87238,37.96873],[-88.8717,37.96941],[-88.87216,37.97066],[-88.87161,37.97097],[-88.87087,37.97128],[-88.87033,37.97156],[-88.87,37.9718],[-88.86985,37.97205],[-88.86985,37.97215],[-88.87006,37.9723],[-88.87105,37.97237],[-88.87238,37.97388],[-88.87283,37.9742],[-88.87283,37.97435],[-88.87254,37.97447],[-88.87192,37.97454],[-88.87158,37.97466],[-88.87137,37.97484],[-88.87127,37.97525],[-88.87105,37.9755],[-88.86958,37.97583],[-88.86907,37.9761],[-88.86884,37.97643],[-88.8688,37.97691],[-88.86949,37.97757],[-88.86953,37.97811],[-88.86921,37.97875],[-88.86944,37.97942],[-88.87063,37.98112],[-88.87035,37.98201],[-88.86892,37.98188],[-88.86813,37.98212],[-88.86762,37.98244],[-88.86731,37.98283],[-88.8663,37.98397],[-88.86531,37.98577],[-88.86322,37.98584],[-88.85994,37.98839],[-88.85817,37.98818],[-88.85901,37.9859],[-88.85798,37.98687],[-88.85615,37.98505],[-88.85582,37.9858],[-88.85385,37.9861],[-88.85384,37.98673],[-88.85382,37.98738],[-88.85177,37.98774],[-88.85113,37.98814],[-88.85114,37.98877],[-88.85171,37.99015],[-88.85045,37.9906],[-88.84993,37.99109],[-88.84949,37.99229],[-88.84944,37.99352],[-88.84825,37.99267],[-88.84805,37.99249],[-88.84739,37.99239],[-88.84633,37.99258],[-88.8456,37.99306],[-88.84567,37.99339],[-88.84684,37.99425],[-88.84566,37.99446],[-88.84502,37.99491],[-88.84508,37.99535],[-88.84677,37.99613],[-88.84451,37.99749],[-88.84448,37.99794],[-88.84501,37.99868],[-88.84372,37.99964],[-88.84278,38.00139],[-88.84277,38.00254],[-88.84322,38.0028],[-88.84506,38.00292],[-88.84555,38.00477],[-88.84352,38.00542],[-88.84187,38.00719],[-88.84094,38.00877],[-88.83978,38.00931],[-88.83941,38.00929],[-88.83872,38.00907],[-88.83861,38.00917],[-88.83728,38.00964],[-88.83505,38.01105],[-88.83168,38.01028],[-88.8287,38.01286],[-88.82953,38.01411],[-88.82642,38.01594],[-88.82576,38.01849],[-88.82297,38.02105],[-88.82117,38.02141],[-88.81925,38.02338],[-88.81895,38.02615],[-88.81745,38.02529],[-88.81651,38.02536],[-88.81642,38.03747],[-88.80782,38.03752],[-88.79839,38.03748],[-88.76725,38.03825],[-88.76039,38.03847],[-88.73344,38.03824],[-88.72272,38.03804],[-88.7104,38.03789],[-88.70585,38.03786],[-88.70585,38.038],[-88.59666,38.03814],[-88.59636,38.03817],[-88.59478,38.03816],[-88.5766,38.03834],[-88.48445,38.03828],[-88.48445,38.03834],[-88.47052,38.03871],[-88.44436,38.03899],[-88.39988,38.0389],[-88.37399,38.03866],[-88.37395,38.03866],[-88.33819,38.03926],[-88.31984,38.03942],[-88.28286,38.03932],[-88.26443,38.03933],[-88.22656,38.03952],[-88.20813,38.03948],[-88.19425,38.03964],[-88.18822,38.03958],[-88.18798,38.03959],[-88.19091,38.04802],[-88.19192,38.04956],[-88.19357,38.05457],[-88.19713,38.05798],[-88.19698,38.05971],[-88.19142,38.0621],[-88.18848,38.06275],[-88.18371,38.06237],[-88.18041,38.06133],[-88.17414,38.06045],[-88.16996,38.05883],[-88.16775,38.05916],[-88.16547,38.06124],[-88.16208,38.06152],[-88.15991,38.06094],[-88.15718,38.05896],[-88.15532,38.05843],[-88.15258,38.05932],[-88.15251,38.05982],[-88.1484,38.06276],[-88.14675,38.06673],[-88.14507,38.0726],[-88.14235,38.07545],[-88.14304,38.07828],[-88.14615,38.08169],[-88.14651,38.08403],[-88.14759,38.08607],[-88.15033,38.08822],[-88.15155,38.08948],[-88.1524,38.09015],[-88.15241,38.08964],[-88.15326,38.09019],[-88.15412,38.09088],[-88.1537,38.09111],[-88.15236,38.09242],[-88.1492,38.09456],[-88.14973,38.09542],[-88.14704,38.09614],[-88.14627,38.09744],[-88.14349,38.09736],[-88.12978,38.09706],[-88.12978,38.10449],[-88.1306,38.106],[-88.12555,38.10799],[-88.12281,38.10953],[-88.11286,38.11847],[-88.10424,38.12646],[-88.08751,38.12636],[-88.07842,38.12607],[-88.03127,38.12499],[-88.03114,38.12852],[-87.99928,38.12836],[-87.99475,38.12852],[-87.97131,38.12817],[-87.97098,38.12799],[-87.96946,38.13074],[-87.96575,38.13262],[-87.96048,38.1321],[-87.95587,38.1329],[-87.95069,38.13024],[-87.94747,38.12722],[-87.94547,38.12662],[-87.94044,38.13371],[-87.93513,38.13943],[-87.92942,38.14073],[-87.92663,38.14255],[-87.9255,38.14625],[-87.92689,38.14918],[-87.92827,38.15089],[-87.92589,38.15291],[-87.92365,38.15312],[-87.91684,38.15687],[-87.91518,38.15779],[-87.91143,38.16174],[-87.91062,38.1666],[-87.91255,38.17076],[-87.91567,38.17332],[-87.91906,38.17399],[-87.92065,38.1737],[-87.9229,38.17329],[-87.92529,38.17032],[-87.9259,38.16647],[-87.92451,38.16203],[-87.92639,38.15884],[-87.93121,38.15635],[-87.9343,38.15646],[-87.93525,38.15874],[-87.93376,38.16435],[-87.93644,38.17136],[-87.94049,38.1749],[-87.95892,38.18405],[-87.96986,38.19179],[-87.97582,38.19783],[-87.9782,38.20112],[-87.98397,38.20911],[-87.98516,38.21551],[-87.98563,38.21799],[-87.98487,38.22852],[-87.9837,38.23035],[-87.98047,38.23541],[-87.97963,38.24055],[-87.9824,38.2487],[-87.98352,38.25005],[-87.98804,38.25549],[-87.98772,38.25691],[-87.98762,38.25738],[-87.9847,38.25795],[-87.98187,38.25644],[-87.97226,38.24704],[-87.96995,38.24335],[-87.97064,38.24065],[-87.96897,38.23739],[-87.96428,38.2363],[-87.96022,38.23712],[-87.95799,38.2401],[-87.95888,38.24667],[-87.95761,38.25005],[-87.95403,38.25303],[-87.94606,38.25532],[-87.94303,38.25779],[-87.94207,38.2603],[-87.94661,38.26275],[-87.95065,38.26682],[-87.9522,38.2731],[-87.9503,38.27679],[-87.94233,38.2794],[-87.93921,38.28292],[-87.93752,38.29205],[-87.93356,38.2959],[-87.92283,38.2992],[-87.91649,38.29937],[-87.90954,38.29606],[-87.90799,38.29233],[-87.91709,38.28008],[-87.91947,38.27455],[-87.91761,38.27008],[-87.91111,38.26803],[-87.90684,38.26963],[-87.8978,38.27948],[-87.89233,38.28268],[-87.88785,38.2853],[-87.88359,38.29522],[-87.88008,38.30535],[-87.87566,38.30993],[-87.87054,38.31222],[-87.86427,38.3107],[-87.86112,38.30783],[-87.86045,38.30311],[-87.86481,38.29539],[-87.86625,38.28998],[-87.86303,38.28017],[-87.85965,38.27671],[-87.85113,38.27512],[-87.84345,38.27817],[-87.83898,38.28233],[-87.83393,38.29061],[-87.83095,38.29937],[-87.83085,38.30561],[-87.8334,38.31665],[-87.83198,38.32697],[-87.82768,38.33403],[-87.82341,38.34597],[-87.81379,38.35379],[-87.80889,38.35973],[-87.8067,38.36238],[-87.80607,38.36314],[-87.79025,38.3667],[-87.78308,38.36886],[-87.76972,38.3807],[-87.76259,38.38894],[-87.75937,38.39266],[-87.75679,38.39565],[-87.75281,38.40026],[-87.7528,38.40026],[-87.74525,38.409],[-87.74377,38.41312],[-87.74369,38.41439],[-87.74349,38.41732],[-87.74283,38.42734],[-87.73977,38.43798],[-87.7307,38.44291],[-87.73037,38.44788],[-87.73197,38.45078],[-87.74052,38.45472],[-87.7508,38.4542],[-87.75593,38.45588],[-87.75671,38.4603],[-87.75535,38.46396],[-87.75384,38.46584],[-87.74464,38.47727],[-87.74322,38.47767],[-87.73485,38.48002],[-87.73465,38.48008],[-87.71405,38.47988],[-87.68592,38.49184],[-87.67837,38.49844],[-87.67238,38.5074],[-87.66981,38.50718],[-87.6637,38.50293],[-87.65674,38.50176],[-87.65009,38.50461],[-87.64534,38.51016],[-87.64623,38.51509],[-87.65012,38.51755],[-87.65528,38.5208],[-87.65948,38.52671],[-87.66098,38.53215],[-87.66923,38.54174],[-87.67007,38.54524],[-87.66845,38.54774],[-87.66543,38.54995],[-87.65727,38.55328],[-87.65639,38.55363],[-87.6507,38.55624],[-87.65021,38.55842],[-87.65274,38.56446],[-87.65153,38.56817],[-87.65431,38.56806],[-87.69465,38.5683],[-87.74132,38.56847],[-87.76009,38.56878],[-87.76935,38.56894],[-87.8132,38.5693],[-87.81774,38.5696],[-87.82736,38.5697],[-87.85532,38.57001],[-87.91208,38.57018],[-87.91229,38.5701],[-87.95301,38.57014],[-87.95467,38.57023],[-87.97592,38.57017],[-87.97593,38.57],[-87.98018,38.57001],[-88.0038,38.57043],[-88.01027,38.57047],[-88.02397,38.57055],[-88.03323,38.57047],[-88.03849,38.57046],[-88.05386,38.56996],[-88.05695,38.56989],[-88.09511,38.56948],[-88.1477,38.56903],[-88.1478,38.56904],[-88.14819,38.59799],[-88.22243,38.59862],[-88.24088,38.59952],[-88.25398,38.5995],[-88.25746,38.59949],[-88.25746,38.59914],[-88.36418,38.60224],[-88.36418,38.60249],[-88.38285,38.6024],[-88.41968,38.60288],[-88.41981,38.60288],[-88.47018,38.60431],[-88.48906,38.60492],[-88.56411,38.60697],[-88.58453,38.60714],[-88.58453,38.60731],[-88.69846,38.60606],[-88.69875,38.56225],[-88.69875,38.56219],[-88.69887,38.53329],[-88.69904,38.51983],[-88.70383,38.52059],[-88.71167,38.52112],[-88.71793,38.5208],[-88.73313,38.51896],[-88.80475,38.51939],[-88.80637,38.51948],[-88.80981,38.52023],[-88.81,38.50508],[-88.81033,38.47577],[-88.81057,38.47577],[-88.84753,38.47611],[-88.89426,38.47661],[-88.90391,38.47673],[-88.90716,38.47677],[-88.92243,38.47697],[-88.94847,38.47629],[-88.95993,38.47598],[-88.9653,38.47586],[-88.96915,38.47577],[-88.9793,38.47551],[-89.02148,38.47435],[-89.03315,38.47396],[-89.03772,38.47401],[-89.04249,38.47405],[-89.05177,38.47414],[-89.05773,38.47417],[-89.06513,38.47421],[-89.07013,38.47424],[-89.13988,38.47391],[-89.14439,38.47388],[-89.14445,38.4705],[-89.14456,38.4637],[-89.14476,38.45235],[-89.1449,38.44496],[-89.14527,38.4232],[-89.14547,38.38744],[-89.14547,38.38713],[-89.1455,38.35844],[-89.1455,38.3582],[-89.14565,38.33674],[-89.14613,38.30775],[-89.14626,38.30059],[-89.14626,38.30053],[-89.17745,38.30144],[-89.18266,38.30158],[-89.20416,38.30191],[-89.25776,38.30212],[-89.37156,38.3025],[-89.38068,38.30263],[-89.4389,38.30287],[-89.4776,38.30361],[-89.53337,38.30527],[-89.54207,38.30549],[-89.5517,38.30567],[-89.59315,38.30657],[-89.61166,38.30648],[-89.61737,38.30645],[-89.68713,38.30571],[-89.68754,38.3054],[-89.68913,38.30569],[-89.70372,38.3055],[-89.70372,38.30562],[-89.70752,38.3055],[-89.76078,38.3062],[-89.76542,38.30618],[-89.78959,38.30672],[-89.78994,38.30671],[-89.79373,38.30678],[-89.8158,38.30696],[-89.84827,38.30767],[-89.85307,38.30765],[-89.85371,38.30773],[-89.85955,38.30775],[-89.862,38.3078],[-89.86224,38.30777],[-89.86323,38.30768],[-89.8691,38.30778],[-89.8749,38.30763],[-89.87578,38.30787],[-89.88085,38.30766],[-89.89012,38.30786],[-89.90016,38.30804],[-89.91306,38.3081],[-89.92585,38.30824],[-89.9624,38.30832],[-89.98458,38.30842],[-89.9897,38.30843],[-89.99467,38.30843],[-89.99894,38.30847],[-90.01801,38.30872],[-90.02352,38.30878],[-90.03611,38.30894],[-90.03611,38.32338],[-90.0361,38.32354],[-90.04041,38.32694],[-90.05461,38.33833],[-90.0816,38.36019],[-90.09238,38.36885],[-90.09963,38.37459],[-90.11806,38.38966],[-90.12668,38.39694],[-90.12877,38.39733],[-90.12906,38.39757],[-90.14556,38.41205],[-90.14553,38.42626],[-90.1454,38.42636],[-90.1454,38.42667],[-90.16323,38.44116],[-90.17258,38.44863],[-90.17276,38.44876],[-90.17318,38.4491],[-90.17731,38.4524],[-90.19467,38.46597],[-90.19469,38.46598],[-90.19664,38.46749],[-90.2007,38.47065],[-90.20074,38.47068],[-90.21903,38.48499],[-90.22033,38.48602],[-90.22071,38.48632],[-90.22483,38.4895],[-90.22508,38.48969],[-90.22726,38.49137],[-90.2277,38.49172],[-90.23525,38.49756],[-90.23549,38.49775],[-90.23673,38.49882],[-90.23672,38.49984],[-90.23755,38.49983],[-90.23884,38.50083],[-90.24064,38.50239],[-90.25567,38.5139],[-90.26383,38.52051]]]},"properties":{"district":58}},{"type":"Feature","geometry":{"type":"Polygon","coordinates":[[[-88.02505,42.49515],[-88.02388,42.4923],[-88.01896,42.48487],[-88.01814,42.48295],[-88.01789,42.47892],[-88.0179,42.47801],[-88.0179,42.47708],[-88.01791,42.4762],[-88.01791,42.47529],[-88.01792,42.47341],[-88.01787,42.46852],[-88.01717,42.46616],[-88.01526,42.45749],[-88.01839,42.4591],[-88.02038,42.45778],[-88.02734,42.45863],[-88.02741,42.45805],[-88.02711,42.4569],[-88.03012,42.45692],[-88.03019,42.44933],[-88.03261,42.44921],[-88.03264,42.4473],[-88.03791,42.44725],[-88.04282,42.44724],[-88.04279,42.4504],[-88.04772,42.45039],[-88.04772,42.45174],[-88.05284,42.45161],[-88.05259,42.45899],[-88.06247,42.45904],[-88.06254,42.4475],[-88.06255,42.44462],[-88.06258,42.43632],[-88.06244,42.43632],[-88.06253,42.42997],[-88.0612,42.42818],[-88.06009,42.42684],[-88.05894,42.42502],[-88.05341,42.42498],[-88.05283,42.42498],[-88.05172,42.42497],[-88.05173,42.42263],[-88.05284,42.42266],[-88.05287,42.41902],[-88.0525,42.41902],[-88.05128,42.41671],[-88.05105,42.41541],[-88.04569,42.41539],[-88.04571,42.41523],[-88.04046,42.41484],[-88.04081,42.41416],[-88.0362,42.41109],[-88.03567,42.40945],[-88.03608,42.40855],[-88.03668,42.40818],[-88.04088,42.40783],[-88.0432,42.40802],[-88.04201,42.40736],[-88.04324,42.40506],[-88.04327,42.40066],[-88.04426,42.40067],[-88.04575,42.40061],[-88.0462,42.40054],[-88.04683,42.40033],[-88.047,42.40029],[-88.04703,42.39834],[-88.047,42.39823],[-88.04695,42.39339],[-88.05097,42.39339],[-88.05144,42.39339],[-88.05314,42.39343],[-88.05365,42.39345],[-88.05428,42.39347],[-88.05437,42.39346],[-88.05529,42.39347],[-88.05776,42.39349],[-88.05789,42.39225],[-88.06416,42.39229],[-88.0649,42.39545],[-88.06507,42.39545],[-88.06521,42.39607],[-88.06983,42.39606],[-88.07199,42.39617],[-88.07691,42.39784],[-88.07831,42.39806],[-88.08083,42.39805],[-88.0821,42.39805],[-88.08382,42.39804],[-88.08714,42.39791],[-88.08726,42.38987],[-88.09213,42.38995],[-88.09213,42.38888],[-88.09213,42.38632],[-88.09708,42.38639],[-88.09708,42.39365],[-88.10198,42.3937],[-88.10195,42.39603],[-88.10425,42.39661],[-88.11518,42.39183],[-88.11569,42.38973],[-88.11524,42.38769],[-88.1162,42.38668],[-88.11667,42.38644],[-88.1201,42.38647],[-88.12008,42.38466],[-88.12008,42.38305],[-88.12049,42.38299],[-88.12046,42.37948],[-88.12214,42.3792],[-88.12463,42.38105],[-88.12542,42.3801],[-88.13009,42.3782],[-88.13233,42.37621],[-88.13487,42.37746],[-88.13747,42.37681],[-88.13906,42.37563],[-88.13912,42.37798],[-88.13986,42.37838],[-88.13988,42.37391],[-88.13988,42.3723],[-88.13989,42.36871],[-88.13989,42.36502],[-88.13989,42.36295],[-88.14457,42.36297],[-88.14494,42.36181],[-88.14692,42.36236],[-88.1472,42.36231],[-88.14746,42.36232],[-88.14777,42.36244],[-88.14804,42.36267],[-88.1482,42.36274],[-88.14847,42.36274],[-88.14848,42.36142],[-88.14725,42.36142],[-88.14724,42.35776],[-88.13989,42.35774],[-88.1399,42.35169],[-88.1399,42.35046],[-88.14476,42.35043],[-88.14481,42.34521],[-88.14487,42.33936],[-88.14489,42.33776],[-88.1449,42.33611],[-88.14495,42.33145],[-88.14496,42.33049],[-88.14498,42.32852],[-88.14216,42.32849],[-88.14011,42.32847],[-88.14,42.32847],[-88.13583,42.32848],[-88.13525,42.32848],[-88.13012,42.32852],[-88.12071,42.32845],[-88.12071,42.31706],[-88.12063,42.31022],[-88.11825,42.30809],[-88.11306,42.30967],[-88.1106,42.30932],[-88.1073,42.30586],[-88.10467,42.30534],[-88.0983,42.30514],[-88.09177,42.30355],[-88.09058,42.30325],[-88.08231,42.30541],[-88.07838,42.30462],[-88.07636,42.303],[-88.07591,42.30334],[-88.0722,42.30592],[-88.0688,42.30627],[-88.06542,42.30621],[-88.06428,42.30613],[-88.06285,42.30613],[-88.05288,42.30613],[-88.05103,42.30612],[-88.0432,42.30612],[-88.04322,42.29881],[-88.03817,42.29894],[-88.03252,42.29983],[-88.03229,42.30024],[-88.02647,42.2998],[-88.02379,42.29961],[-88.01897,42.29925],[-88.00916,42.29817],[-88.0071,42.29706],[-88.00501,42.29618],[-88.00465,42.29617],[-88.00422,42.29617],[-88.00424,42.2977],[-88.00425,42.29982],[-88.00429,42.30246],[-88.00433,42.30604],[-88.00436,42.31045],[-88.00434,42.31195],[-88.00445,42.31195],[-88.00447,42.3128],[-88.00448,42.3133],[-88.00449,42.31399],[-88.00453,42.31645],[-88.00452,42.3186],[-88.00456,42.32057],[-87.97855,42.32061],[-87.96365,42.32053],[-87.96347,42.32053],[-87.96073,42.32047],[-87.96362,42.31275],[-87.96372,42.31168],[-87.96334,42.31019],[-87.96237,42.30867],[-87.96009,42.30594],[-87.97249,42.3061],[-87.97372,42.30582],[-87.97373,42.30254],[-87.97375,42.30152],[-87.97391,42.30107],[-87.9739,42.30082],[-87.97256,42.30086],[-87.9719,42.30085],[-87.97194,42.29874],[-87.96945,42.29873],[-87.96889,42.29757],[-87.96625,42.29451],[-87.96618,42.29451],[-87.96653,42.29217],[-87.96544,42.29036],[-87.96221,42.2886],[-87.96331,42.28743],[-87.97014,42.28663],[-87.97259,42.284],[-87.97262,42.28224],[-87.97,42.28324],[-87.96943,42.28248],[-87.96947,42.27623],[-87.96923,42.27243],[-87.96909,42.27154],[-87.96932,42.26965],[-87.96908,42.26932],[-87.96842,42.26932],[-87.96589,42.26965],[-87.96587,42.26709],[-87.96243,42.26695],[-87.96102,42.26596],[-87.96131,42.26436],[-87.95719,42.26385],[-87.95475,42.26469],[-87.9492,42.26366],[-87.95043,42.26924],[-87.9505,42.26953],[-87.94331,42.26901],[-87.94088,42.26914],[-87.93883,42.26918],[-87.939,42.26953],[-87.93911,42.27018],[-87.93974,42.27173],[-87.93927,42.27632],[-87.93867,42.27721],[-87.93842,42.27725],[-87.93768,42.27748],[-87.93714,42.27767],[-87.93678,42.27785],[-87.9369,42.27792],[-87.93666,42.27806],[-87.93649,42.27818],[-87.93631,42.27828],[-87.93632,42.27835],[-87.93625,42.27842],[-87.93589,42.27878],[-87.93415,42.28107],[-87.93354,42.2823],[-87.93378,42.28286],[-87.93391,42.28299],[-87.93439,42.28329],[-87.93505,42.28342],[-87.9354,42.28358],[-87.93565,42.28383],[-87.93575,42.2843],[-87.93617,42.28442],[-87.93574,42.28436],[-87.93551,42.28468],[-87.93545,42.28506],[-87.93572,42.28523],[-87.93595,42.28524],[-87.93629,42.28513],[-87.9367,42.28515],[-87.93721,42.28526],[-87.93744,42.28545],[-87.93743,42.28564],[-87.93739,42.28579],[-87.93707,42.28606],[-87.93682,42.28645],[-87.93674,42.28703],[-87.93765,42.28884],[-87.93352,42.28873],[-87.93478,42.29111],[-87.92771,42.29093],[-87.92492,42.29093],[-87.92472,42.29476],[-87.92193,42.30181],[-87.92106,42.30408],[-87.92086,42.30601],[-87.91991,42.30643],[-87.91477,42.30941],[-87.90944,42.31146],[-87.9059,42.31167],[-87.90489,42.31158],[-87.90627,42.32003],[-87.90718,42.32533],[-87.90784,42.32732],[-87.90406,42.32733],[-87.9055,42.33829],[-87.90626,42.34681],[-87.90923,42.34652],[-87.91014,42.34654],[-87.91328,42.34625],[-87.91454,42.34617],[-87.91452,42.346],[-87.92125,42.34545],[-87.92306,42.3453],[-87.92336,42.34527],[-87.92924,42.34477],[-87.93877,42.34395],[-87.94362,42.34353],[-87.94521,42.34338],[-87.94308,42.34641],[-87.93903,42.35194],[-87.93576,42.35646],[-87.93787,42.35657],[-87.93786,42.36075],[-87.93716,42.36074],[-87.9389,42.36383],[-87.93844,42.36383],[-87.94039,42.36765],[-87.94078,42.36766],[-87.94715,42.38063],[-87.94732,42.38096],[-87.94847,42.38352],[-87.94904,42.38569],[-87.9415,42.38607],[-87.94151,42.38613],[-87.92897,42.3859],[-87.92898,42.3856],[-87.92408,42.38558],[-87.92408,42.38588],[-87.9212,42.38586],[-87.92097,42.38556],[-87.92074,42.38555],[-87.92098,42.38586],[-87.91711,42.38584],[-87.9139,42.3858],[-87.91875,42.39522],[-87.91945,42.39645],[-87.92129,42.39967],[-87.9237,42.4039],[-87.927,42.40967],[-87.92775,42.4111],[-87.92873,42.41434],[-87.92887,42.41541],[-87.92864,42.42884],[-87.92853,42.43245],[-87.92824,42.43245],[-87.92804,42.44338],[-87.92342,42.44335],[-87.91361,42.44328],[-87.90876,42.44326],[-87.9038,42.44324],[-87.90097,42.44316],[-87.89849,42.4432],[-87.89857,42.42859],[-87.89867,42.41406],[-87.89871,42.40476],[-87.89875,42.39621],[-87.89877,42.39257],[-87.89454,42.39248],[-87.88459,42.39212],[-87.87485,42.39206],[-87.87479,42.39568],[-87.87234,42.39564],[-87.87232,42.39656],[-87.86987,42.39655],[-87.86887,42.39611],[-87.86501,42.39609],[-87.86509,42.392],[-87.85525,42.39197],[-87.85039,42.39195],[-87.85036,42.39384],[-87.85036,42.39566],[-87.8491,42.39566],[-87.84486,42.39565],[-87.84272,42.39565],[-87.84266,42.39915],[-87.8306,42.39917],[-87.82845,42.39916],[-87.82207,42.39912],[-87.82084,42.4138],[-87.82069,42.41382],[-87.80368,42.41379],[-87.80378,42.41973],[-87.8038,42.42054],[-87.80401,42.42338],[-87.80458,42.43122],[-87.8038,42.43547],[-87.80322,42.43863],[-87.80195,42.44206],[-87.80084,42.44506],[-87.80035,42.4497],[-87.80001,42.45303],[-87.79982,42.45482],[-87.79886,42.46414],[-87.7986,42.46666],[-87.7981,42.47148],[-87.79807,42.47172],[-87.80047,42.4782],[-87.79937,42.48402],[-87.80209,42.49258],[-87.80381,42.49258],[-87.8166,42.49276],[-87.82191,42.49283],[-87.82524,42.49287],[-87.84462,42.49314],[-87.84658,42.49317],[-87.84785,42.49319],[-87.85287,42.49326],[-87.86257,42.49339],[-87.87369,42.49354],[-87.88299,42.49367],[-87.8868,42.49372],[-87.89799,42.49388],[-87.9001,42.49391],[-87.90035,42.49391],[-87.91746,42.49415],[-87.95103,42.49461],[-87.95849,42.49471],[-87.97158,42.4948],[-87.9904,42.49492],[-88.00314,42.49501],[-88.02505,42.49515]]]},"properties":{"district":31}},{"type":"Feature","geometry":{"type":"Polygon","coordinates":[[[-88.02198,41.94637],[-88.03064,41.94992],[-88.03187,41.95039],[-88.03326,41.95097],[-88.03453,41.95148],[-88.03723,41.95253],[-88.03762,41.95263],[-88.038,41.9527],[-88.03856,41.95278],[-88.04058,41.95306],[-88.04171,41.95322],[-88.04481,41.95365],[-88.04977,41.95438],[-88.05084,41.9546],[-88.05105,41.95465],[-88.06169,41.95687],[-88.06174,41.9528],[-88.06182,41.94796],[-88.06182,41.94747],[-88.06471,41.94773],[-88.0696,41.94719],[-88.07024,41.94721],[-88.07035,41.94707],[-88.07159,41.94704],[-88.07655,41.94696],[-88.08065,41.94686],[-88.08062,41.94583],[-88.08058,41.94483],[-88.08058,41.94479],[-88.08052,41.94315],[-88.08617,41.94297],[-88.08616,41.93767],[-88.08734,41.93778],[-88.08821,41.93787],[-88.09009,41.93803],[-88.09133,41.93812],[-88.09371,41.93833],[-88.09533,41.93849],[-88.0963,41.93858],[-88.09642,41.93859],[-88.10109,41.93901],[-88.1205,41.93939],[-88.12564,41.9395],[-88.13019,41.93957],[-88.14014,41.93992],[-88.14026,41.93993],[-88.14028,41.93814],[-88.14021,41.93675],[-88.14557,41.93557],[-88.14545,41.93367],[-88.14325,41.93268],[-88.14012,41.93299],[-88.13255,41.93308],[-88.13196,41.93176],[-88.13194,41.9307],[-88.13032,41.93076],[-88.13071,41.92948],[-88.13058,41.92876],[-88.12924,41.92877],[-88.12817,41.92531],[-88.12625,41.92416],[-88.12763,41.92183],[-88.13036,41.92174],[-88.1303,41.92069],[-88.13044,41.91974],[-88.12056,41.92006],[-88.12056,41.91887],[-88.12056,41.9164],[-88.10103,41.91697],[-88.10118,41.90762],[-88.10159,41.90598],[-88.10162,41.90538],[-88.1018,41.90226],[-88.1018,41.90205],[-88.10195,41.8987],[-88.10195,41.89857],[-88.10195,41.89843],[-88.10114,41.89841],[-88.09644,41.89806],[-88.09202,41.89747],[-88.0877,41.89711],[-88.08221,41.89653],[-88.07577,41.896],[-88.07577,41.89615],[-88.07418,41.89605],[-88.07062,41.8958],[-88.06843,41.89574],[-88.06341,41.89533],[-88.06341,41.89557],[-88.05692,41.89567],[-88.05692,41.89446],[-88.0529,41.89399],[-88.05114,41.89384],[-88.05157,41.89028],[-88.05066,41.89015],[-88.05085,41.8885],[-88.05095,41.88811],[-88.04493,41.88511],[-88.04205,41.88485],[-88.04176,41.88479],[-88.04022,41.88506],[-88.03655,41.88393],[-88.03651,41.8838],[-88.03624,41.88384],[-88.03309,41.88421],[-88.03345,41.88669],[-88.03296,41.8876],[-88.03236,41.88979],[-88.03265,41.89459],[-88.03263,41.89633],[-88.03262,41.89691],[-88.02778,41.89767],[-88.02768,41.90088],[-88.02489,41.9005],[-88.01788,41.90048],[-88.01797,41.89657],[-88.01805,41.89419],[-88.00834,41.89402],[-88.00831,41.89495],[-88.00338,41.89511],[-87.99856,41.89504],[-87.99852,41.89247],[-87.99858,41.88991],[-87.99372,41.88979],[-87.98963,41.88978],[-87.98884,41.88977],[-87.98883,41.88899],[-87.98872,41.88251],[-87.98871,41.88228],[-87.98854,41.87509],[-87.98852,41.8734],[-87.98843,41.87144],[-87.98719,41.87143],[-87.98706,41.86779],[-87.98701,41.86687],[-87.98961,41.8669],[-87.98974,41.8669],[-87.99307,41.86694],[-87.99276,41.86059],[-87.99265,41.85975],[-87.99244,41.85521],[-87.99235,41.85326],[-87.99214,41.84903],[-87.99199,41.84593],[-87.99191,41.84576],[-87.99103,41.84386],[-87.99078,41.84311],[-87.99074,41.84299],[-87.99668,41.84051],[-87.99913,41.83953],[-88.00177,41.83839],[-88.00548,41.8369],[-88.01097,41.8354],[-88.01095,41.83477],[-88.01095,41.83456],[-88.01092,41.8341],[-88.01092,41.83405],[-88.01091,41.83384],[-88.01081,41.83103],[-88.01047,41.82371],[-88.01864,41.82352],[-88.01943,41.82112],[-88.01862,41.81618],[-88.01827,41.80813],[-88.01108,41.80881],[-88.00224,41.80927],[-87.99045,41.80968],[-87.99019,41.80973],[-87.9872,41.80981],[-87.98719,41.8097],[-87.98718,41.80883],[-87.98707,41.80591],[-87.98701,41.80442],[-87.98684,41.79985],[-87.98682,41.79935],[-87.98668,41.79584],[-87.98501,41.79564],[-87.98479,41.78802],[-87.98716,41.78796],[-87.98705,41.78434],[-87.99428,41.78418],[-87.99418,41.78056],[-87.99395,41.77332],[-87.99395,41.77329],[-87.98906,41.77338],[-87.98425,41.77347],[-87.97453,41.77366],[-87.97444,41.77002],[-87.97433,41.76649],[-87.97433,41.76639],[-87.96916,41.7665],[-87.96767,41.76643],[-87.96641,41.76655],[-87.95491,41.76677],[-87.95491,41.7668],[-87.95508,41.76811],[-87.95494,41.76861],[-87.95516,41.77408],[-87.95169,41.77415],[-87.94893,41.77421],[-87.94665,41.77417],[-87.94399,41.77426],[-87.94101,41.77434],[-87.93668,41.77452],[-87.93578,41.77444],[-87.93586,41.77645],[-87.9359,41.77764],[-87.93603,41.7808],[-87.93607,41.78174],[-87.9363,41.78775],[-87.93635,41.78902],[-87.93182,41.78912],[-87.93189,41.79093],[-87.93003,41.7907],[-87.92675,41.79103],[-87.92723,41.80307],[-87.92571,41.80371],[-87.91768,41.80557],[-87.91767,41.8054],[-87.91202,41.80667],[-87.91178,41.80672],[-87.90636,41.80793],[-87.90434,41.80838],[-87.90371,41.81084],[-87.90372,41.81231],[-87.90424,41.81505],[-87.90444,41.81876],[-87.90735,41.81861],[-87.90996,41.81888],[-87.91347,41.81864],[-87.91363,41.81864],[-87.91442,41.81851],[-87.91651,41.81854],[-87.91828,41.81872],[-87.91988,41.81849],[-87.92557,41.81837],[-87.93039,41.81824],[-87.9376,41.81808],[-87.94245,41.818],[-87.94651,41.81794],[-87.94653,41.81773],[-87.94715,41.81771],[-87.95257,41.81776],[-87.95278,41.81774],[-87.95324,41.81915],[-87.95354,41.82505],[-87.95377,41.82822],[-87.95536,41.83233],[-87.9573,41.83612],[-87.95774,41.83865],[-87.9578,41.84472],[-87.95782,41.84656],[-87.95782,41.84665],[-87.95747,41.84667],[-87.94371,41.84705],[-87.94291,41.84707],[-87.93889,41.8496],[-87.93306,41.85329],[-87.92973,41.85695],[-87.92989,41.85829],[-87.92996,41.85865],[-87.93092,41.86165],[-87.93403,41.86976],[-87.937,41.87633],[-87.93932,41.88188],[-87.9395,41.88229],[-87.93533,41.88142],[-87.93508,41.88318],[-87.93128,41.88301],[-87.93025,41.88383],[-87.93028,41.89001],[-87.92062,41.88969],[-87.92062,41.88975],[-87.92057,41.89732],[-87.92056,41.8997],[-87.92042,41.90684],[-87.92039,41.91404],[-87.92036,41.91742],[-87.92034,41.92157],[-87.92033,41.9241],[-87.92033,41.92496],[-87.92029,41.9313],[-87.92539,41.93145],[-87.92995,41.93154],[-87.93194,41.9316],[-87.93379,41.93166],[-87.93652,41.93156],[-87.93964,41.93141],[-87.95362,41.93074],[-87.95375,41.93073],[-87.95458,41.93064],[-87.95733,41.9305],[-87.96012,41.92681],[-87.96669,41.92753],[-87.96925,41.92785],[-87.97342,41.92898],[-87.9771,41.93088],[-87.97795,41.92954],[-87.9778,41.92894],[-87.97935,41.92933],[-87.98744,41.9315],[-87.98865,41.93183],[-87.98865,41.92913],[-87.98866,41.92721],[-87.99358,41.92715],[-87.99739,41.92666],[-87.99794,41.92665],[-87.99907,41.92662],[-87.99947,41.92895],[-88.00337,41.92928],[-88.00338,41.93114],[-88.00339,41.93624],[-88.00901,41.93629],[-88.01312,41.93619],[-88.01318,41.93625],[-88.0132,41.9377],[-88.01319,41.93779],[-88.01318,41.93952],[-88.01386,41.9395],[-88.01452,41.93942],[-88.01452,41.93949],[-88.01675,41.93944],[-88.02251,41.9393],[-88.02198,41.94637]]]},"properties":{"district":23}}]}